fold,test_document,requirement_uid,gold,tfidf_e5_weight,soft_vote_pred,review_union_pred,all_agree,all_wrong,at_least_one_correct,char_logistic_pred,char_logistic_p_통상수용,char_logistic_p_견적반영,char_logistic_p_계약·질의검토,word_char_logistic_pred,word_char_logistic_p_통상수용,word_char_logistic_p_견적반영,word_char_logistic_p_계약·질의검토,tfidf_e5_hybrid_pred,tfidf_e5_hybrid_p_통상수용,tfidf_e5_hybrid_p_견적반영,tfidf_e5_hybrid_p_계약·질의검토,soft_vote_p_통상수용,soft_vote_p_견적반영,soft_vote_p_계약·질의검토
0,ccrs_ai_platform,ccrs_ai_platform:CNR-001,통상수용,0.0,견적반영,견적반영,True,True,False,견적반영,0.29503352493660967,0.39455308893972285,0.3104133861236674,견적반영,0.2685030194424905,0.40189585996978655,0.329601120587723,견적반영,0.2950335249366098,0.3945530889397225,0.31041338612366765,0.2861900231052366,0.3970006792830773,0.316809297611686
0,ccrs_ai_platform,ccrs_ai_platform:CNR-002,통상수용,0.0,견적반영,견적반영,False,False,True,통상수용,0.40721354928715425,0.39624304503266333,0.19654340568018228,견적반영,0.383582670179075,0.4431268115216675,0.17329051829925765,통상수용,0.4072135492871544,0.3962430450326632,0.1965434056801824,0.3993365895844612,0.4118709671956647,0.1887924432198741
0,ccrs_ai_platform,ccrs_ai_platform:COR-001,통상수용,0.0,통상수용,통상수용,True,False,True,통상수용,0.4215533356684431,0.1893523738623416,0.38909429046921534,통상수용,0.42284223235071533,0.17163921377480543,0.40551855387447927,통상수용,0.42155333566844316,0.18935237386234122,0.38909429046921556,0.42198296789586714,0.1834479871664961,0.3945690449376367
0,ccrs_ai_platform,ccrs_ai_platform:COR-002,통상수용,0.0,통상수용,통상수용,True,False,True,통상수용,0.5907157807451313,0.1749386884582989,0.23434553079656975,통상수용,0.6896634565287446,0.13979768781678575,0.17053885565446966,통상수용,0.5907157807451316,0.1749386884582986,0.23434553079656975,0.6236983393396692,0.16322502157779442,0.21307663908253638
0,ccrs_ai_platform,ccrs_ai_platform:COR-003,통상수용,0.0,계약·질의검토,계약·질의검토,False,False,True,계약·질의검토,0.39291074558049444,0.15603054238750108,0.4510587120320045,통상수용,0.4894199528088394,0.12866937619715788,0.3819106709940029,계약·질의검토,0.3929107455804945,0.1560305423875009,0.45105871203200465,0.4250804813232761,0.1469101536573866,0.42800936501933734
0,ccrs_ai_platform,ccrs_ai_platform:COR-004,계약·질의검토,0.0,계약·질의검토,계약·질의검토,True,False,True,계약·질의검토,0.28791927714094695,0.13207030749518914,0.580010415363864,계약·질의검토,0.2926732387551903,0.09676874458244304,0.6105580166623666,계약·질의검토,0.28791927714094656,0.13207030749518878,0.5800104153638646,0.28950393101236127,0.12030311985760699,0.5901929491300317
0,ccrs_ai_platform,ccrs_ai_platform:COR-005,계약·질의검토,0.0,계약·질의검토,계약·질의검토,False,False,True,계약·질의검토,0.3657436018562768,0.25772122751037896,0.3765351706333443,통상수용,0.3831448659939006,0.25117757166956034,0.3656775623365392,계약·질의검토,0.36574360185627675,0.2577212275103786,0.37653517063334463,0.37154402323548474,0.25554000889677264,0.3729159678677427
0,ccrs_ai_platform,ccrs_ai_platform:COR-006,견적반영,0.0,통상수용,계약·질의검토,False,True,False,계약·질의검토,0.37374641220604793,0.2450759118373668,0.38117767595658536,통상수용,0.40175947045278276,0.21803404871517718,0.38020648083204006,계약·질의검토,0.373746412206048,0.24507591183736654,0.38117767595658547,0.3830840982882929,0.2360619574633035,0.38085394424840363
0,ccrs_ai_platform,ccrs_ai_platform:COR-007,계약·질의검토,0.0,계약·질의검토,계약·질의검토,True,False,True,계약·질의검토,0.23433950277044444,0.17656469929111457,0.5890957979384409,계약·질의검토,0.2011409714294932,0.139744370018557,0.6591146585519497,계약·질의검토,0.2343395027704443,0.17656469929111432,0.5890957979384415,0.22327332565679395,0.16429125620026197,0.612435418142944
0,ccrs_ai_platform,ccrs_ai_platform:COR-008,통상수용,0.0,통상수용,통상수용,True,False,True,통상수용,0.5594568485107513,0.12682263378217895,0.3137205177070697,통상수용,0.6127937124301039,0.1021696738220053,0.2850366137478907,통상수용,0.5594568485107515,0.12682263378217876,0.31372051770706977,0.5772358031505355,0.11860498046212102,0.3041592163873434
0,ccrs_ai_platform,ccrs_ai_platform:DAR-002,통상수용,0.0,통상수용,통상수용,True,False,True,통상수용,0.4009209523651506,0.37235033784032234,0.2267287097945272,통상수용,0.44434349047709515,0.35243674260170116,0.2032197669212038,통상수용,0.4009209523651507,0.37235033784032195,0.22672870979452742,0.41539513173579884,0.36571247276078184,0.21889239550341946
0,ccrs_ai_platform,ccrs_ai_platform:DAR-003,통상수용,0.0,통상수용,통상수용,True,False,True,통상수용,0.5393847959543464,0.24156296518718423,0.21905223885846933,통상수용,0.593456246076687,0.22787114441498824,0.1786726095083247,통상수용,0.5393847959543467,0.24156296518718387,0.21905223885846942,0.5574086126617933,0.23699902492978545,0.20559236240842113
0,ccrs_ai_platform,ccrs_ai_platform:DAR-004,통상수용,0.0,통상수용,통상수용,True,False,True,통상수용,0.610244656576175,0.22896693173500743,0.16078841168881755,통상수용,0.6935971479512133,0.18885030575024475,0.11755254629854199,통상수용,0.6102446565761754,0.22896693173500704,0.16078841168881758,0.6380288203678546,0.21559472307341973,0.1463764565587257
0,ccrs_ai_platform,ccrs_ai_platform:ECR-001,계약·질의검토,0.0,계약·질의검토,계약·질의검토,True,False,True,계약·질의검토,0.23484014461882832,0.21872955927524704,0.5464302961059246,계약·질의검토,0.2301536794858759,0.2034173134712891,0.5664290070428349,계약·질의검토,0.23484014461882827,0.21872955927524684,0.5464302961059249,0.23327798957451085,0.21362547734059434,0.5530965330848948
0,ccrs_ai_platform,ccrs_ai_platform:ECR-002,계약·질의검토,0.0,견적반영,견적반영,True,True,False,견적반영,0.199705562907322,0.5506090452039651,0.24968539188871286,견적반영,0.1911826887068572,0.5948139244644006,0.21400338682874206,견적반영,0.199705562907322,0.550609045203965,0.24968539188871297,0.1968646048405004,0.5653440049574435,0.23779139020205597
0,ccrs_ai_platform,ccrs_ai_platform:ECR-003,견적반영,0.0,견적반영,견적반영,True,False,True,견적반영,0.08065001492814723,0.6188047858470449,0.300545199224808,견적반영,0.04400591335075786,0.6943145726996289,0.2616795139496132,견적반영,0.08065001492814707,0.6188047858470445,0.3005451992248084,0.06843531440235072,0.6439747147979061,0.2875899707997432
0,ccrs_ai_platform,ccrs_ai_platform:ECR-004,견적반영,0.0,견적반영,견적반영,True,False,True,견적반영,0.152660734850643,0.5871732819086863,0.26016598324067064,견적반영,0.10834037720480055,0.6831082991428185,0.2085513236523811,견적반영,0.1526607348506428,0.5871732819086862,0.26016598324067086,0.13788728230202876,0.6191516209867304,0.24296109671124086
0,ccrs_ai_platform,ccrs_ai_platform:ECR-006,계약·질의검토,0.0,견적반영,견적반영,True,True,False,견적반영,0.08755199624740455,0.5245331653159448,0.3879148384366506,견적반영,0.04704878096312731,0.5516134136945822,0.4013378053422905,견적반영,0.08755199624740453,0.5245331653159446,0.38791483843665087,0.0740509244859788,0.5335599147754906,0.39238916073853064
0,ccrs_ai_platform,ccrs_ai_platform:ECR-007,계약·질의검토,0.0,견적반영,계약·질의검토,False,False,True,견적반영,0.1847207842372486,0.42869526693086635,0.3865839488318852,계약·질의검토,0.1510935502939403,0.40467280489835006,0.44423364480770977,견적반영,0.1847207842372485,0.4286952669308658,0.3865839488318857,0.1735117062561458,0.42068777958669407,0.4058005141571602
0,ccrs_ai_platform,ccrs_ai_platform:ECR-008,계약·질의검토,0.0,견적반영,계약·질의검토,False,False,True,견적반영,0.13935984781898803,0.4452170153892377,0.41542313679177423,계약·질의검토,0.1039480983948019,0.4299311401181205,0.4661207614870776,견적반영,0.1393598478189879,0.44521701538923736,0.4154231367917747,0.12755593134425927,0.44012172363219854,0.4323223450235422
0,ccrs_ai_platform,ccrs_ai_platform:ECR-009,견적반영,0.0,견적반영,견적반영,True,False,True,견적반영,0.2988722051802015,0.4562108082703875,0.24491698654941085,견적반영,0.2895240334923308,0.4334215846133214,0.2770543818943479,견적반영,0.29887220518020163,0.45621080827038746,0.24491698654941105,0.2957561479509113,0.4486144003846988,0.25562945166438994
0,ccrs_ai_platform,ccrs_ai_platform:INR-001,통상수용,0.0,계약·질의검토,계약·질의검토,False,True,False,견적반영,0.25564050228606683,0.37796668270945455,0.3663928150044787,계약·질의검토,0.21004204208902114,0.3629614491780091,0.4269965087329696,견적반영,0.2556405022860668,0.3779666827094541,0.3663928150044791,0.24044101555371822,0.3729649381989726,0.38659404624730914
0,ccrs_ai_platform,ccrs_ai_platform:INR-002,견적반영,0.0,계약·질의검토,계약·질의검토,True,True,False,계약·질의검토,0.2859900547238364,0.342850429495983,0.37115951578018064,계약·질의검토,0.2733917258210086,0.31841746159692047,0.40819081258207085,계약·질의검토,0.2859900547238363,0.34285042949598266,0.37115951578018114,0.2817906117562271,0.33470610686296204,0.38350328138081086
0,ccrs_ai_platform,ccrs_ai_platform:INR-003,견적반영,0.0,견적반영,견적반영,True,False,True,견적반영,0.2679214597865001,0.46398307350904683,0.26809546670445306,견적반영,0.21971260475686255,0.5279841299276566,0.25230326531548075,견적반영,0.26792145978650017,0.46398307350904644,0.26809546670445344,0.2518518414432876,0.4853167589819167,0.26283139957479573
0,ccrs_ai_platform,ccrs_ai_platform:INR-004,통상수용,0.0,통상수용,통상수용,True,False,True,통상수용,0.3925178755806491,0.3439825252850603,0.2634995991342906,통상수용,0.3932262578994556,0.38703782611611715,0.21973591598442735,통상수용,0.3925178755806493,0.34398252528505985,0.2634995991342908,0.3927540030202514,0.3583342922287458,0.2489117047510029
0,ccrs_ai_platform,ccrs_ai_platform:INR-005,통상수용,0.0,견적반영,견적반영,True,True,False,견적반영,0.346186983996246,0.35744354890898894,0.29636946709476497,견적반영,0.30657178251927647,0.37037460646459525,0.3230536110161283,견적반영,0.3461869839962462,0.3574435489089886,0.2963694670947652,0.33298191683725625,0.3617539014275242,0.30526418173521946
0,ccrs_ai_platform,ccrs_ai_platform:INR-006,통상수용,0.0,통상수용,통상수용,True,False,True,통상수용,0.41617198043068343,0.1874371454357859,0.3963908741335308,통상수용,0.4814134641036166,0.1577726804565017,0.3608138554398818,통상수용,0.4161719804306835,0.18743714543578546,0.396390874133531,0.4379191416549945,0.177548990442691,0.3845318679023146
0,ccrs_ai_platform,ccrs_ai_platform:INR-007,계약·질의검토,0.0,견적반영,견적반영,True,True,False,견적반영,0.2908383488086153,0.426401078730446,0.28276057246093855,견적반영,0.25285906918769957,0.4291153896863927,0.31802554112590775,견적반영,0.2908383488086154,0.4264010787304457,0.28276057246093883,0.27817858893497677,0.4273058490490948,0.2945155620159284
0,ccrs_ai_platform,ccrs_ai_platform:PER-001,계약·질의검토,0.0,계약·질의검토,계약·질의검토,True,False,True,계약·질의검토,0.212723870353569,0.29030423618681883,0.49697189345961207,계약·질의검토,0.1921115494155753,0.27687326181769456,0.5310151887667303,계약·질의검토,0.21272387035356882,0.2903042361868185,0.4969718934596125,0.20585309670757104,0.28582724473044396,0.508319658561985
0,ccrs_ai_platform,ccrs_ai_platform:PER-002,계약·질의검토,0.0,계약·질의검토,계약·질의검토,True,False,True,계약·질의검토,0.17938923650659086,0.2521048350037571,0.5685059284896521,계약·질의검토,0.14557032010258236,0.22666702531347013,0.6277626545839474,계약·질의검토,0.17938923650659092,0.25210483500375674,0.5685059284896523,0.16811626437192137,0.24362556510699465,0.588258170521084
0,ccrs_ai_platform,ccrs_ai_platform:PER-003,계약·질의검토,0.0,계약·질의검토,계약·질의검토,True,False,True,계약·질의검토,0.09311399647423124,0.264341267503648,0.6425447360221208,계약·질의검토,0.06185233801223575,0.22997215588042008,0.7081755061073441,계약·질의검토,0.09311399647423108,0.26434126750364756,0.6425447360221214,0.08269344365356603,0.2528848969625719,0.6644216593838621
0,ccrs_ai_platform,ccrs_ai_platform:PER-004,계약·질의검토,0.0,계약·질의검토,계약·질의검토,True,False,True,계약·질의검토,0.24807892380776406,0.3518885473273402,0.4000325288648958,계약·질의검토,0.19107525471135553,0.3555747953159479,0.45334994997269656,계약·질의검토,0.24807892380776406,0.35188854732733976,0.40003252886489615,0.22907770077562786,0.3531172966568759,0.41780500256749614
0,ccrs_ai_platform,ccrs_ai_platform:PER-005,계약·질의검토,0.0,견적반영,견적반영,True,True,False,견적반영,0.2699151950493043,0.42989898525951215,0.3001858196911836,견적반영,0.26355224772191216,0.42222143529981376,0.31422631697827413,견적반영,0.26991519504930434,0.42989898525951187,0.3001858196911838,0.2677942126068403,0.4273398019396126,0.30486598545354715
0,ccrs_ai_platform,ccrs_ai_platform:PMR-001,계약·질의검토,0.0,통상수용,통상수용,True,True,False,통상수용,0.3637176389360364,0.3263931969010113,0.30988916416295226,통상수용,0.34277806224295326,0.33741551740592923,0.31980642035111745,통상수용,0.36371763893603654,0.32639319690101115,0.30988916416295237,0.35673778003834206,0.33006730373598386,0.313194916225674
0,ccrs_ai_platform,ccrs_ai_platform:PMR-002,통상수용,0.0,통상수용,통상수용,True,False,True,통상수용,0.6312195898006283,0.11834675059619075,0.2504336596031808,통상수용,0.7379113660969703,0.08393449875952248,0.17815413514350714,통상수용,0.6312195898006288,0.11834675059619047,0.25043365960318076,0.6667835152327424,0.1068759999839679,0.22634048478328958
0,ccrs_ai_platform,ccrs_ai_platform:PMR-003,견적반영,0.0,통상수용,통상수용,True,True,False,통상수용,0.595196513579997,0.22008534610879768,0.18471814031120531,통상수용,0.6706870866851276,0.1872593320793531,0.14205358123551934,통상수용,0.5951965135799974,0.22008534610879735,0.18471814031120531,0.620360037948374,0.20914334143231605,0.17049662061931
0,ccrs_ai_platform,ccrs_ai_platform:PMR-004,견적반영,0.0,통상수용,통상수용,True,True,False,통상수용,0.38946803430313615,0.2842191541741544,0.3263128115227096,통상수용,0.4171649220841338,0.27852793356069944,0.30430714435516665,통상수용,0.3894680343031362,0.28421915417415405,0.32631281152270974,0.39870033023013535,0.28232208063633596,0.31897758913352864
0,ccrs_ai_platform,ccrs_ai_platform:PMR-005,통상수용,0.0,통상수용,통상수용,True,False,True,통상수용,0.6456393142509373,0.1436117356288282,0.21074895012023445,통상수용,0.7142204474859851,0.11918255896781701,0.1665969935461979,통상수용,0.6456393142509376,0.14361173562882792,0.21074895012023445,0.6684996919959533,0.1354686767418244,0.19603163126222226
0,ccrs_ai_platform,ccrs_ai_platform:PSR-001,계약·질의검토,0.0,계약·질의검토,계약·질의검토,True,False,True,계약·질의검토,0.18424374896618126,0.3663112094861652,0.44944504154765363,계약·질의검토,0.14695664823810647,0.37813258386974685,0.4749107678921466,계약·질의검토,0.18424374896618118,0.3663112094861645,0.44944504154765436,0.17181471539015628,0.3702516676140255,0.4579336169958182
0,ccrs_ai_platform,ccrs_ai_platform:PSR-002,계약·질의검토,0.0,계약·질의검토,계약·질의검토,True,False,True,계약·질의검토,0.06725657515838475,0.3079431901166503,0.624800234724965,계약·질의검토,0.04121507517426081,0.3337016573072776,0.6250832675184617,계약·질의검토,0.06725657515838468,0.30794319011664983,0.6248002347249655,0.058576075163676744,0.3165293458468592,0.6248945789894641
0,ccrs_ai_platform,ccrs_ai_platform:PSR-003,계약·질의검토,0.0,계약·질의검토,계약·질의검토,True,False,True,계약·질의검토,0.1852806688533397,0.40174933642186034,0.4129699947248,계약·질의검토,0.1488068197127884,0.42356760497536555,0.4276255753118459,계약·질의검토,0.1852806688533396,0.40174933642185995,0.41296999472480045,0.17312271913982258,0.4090220926063619,0.41785518825381546
0,ccrs_ai_platform,ccrs_ai_platform:PSR-004,견적반영,0.0,견적반영,견적반영,True,False,True,견적반영,0.13720208922344507,0.5680060322366847,0.2947918785398703,견적반영,0.11171964738993848,0.6349242649649949,0.25335608764506673,견적반영,0.13720208922344496,0.5680060322366844,0.2947918785398706,0.1287079419456095,0.590312109812788,0.2809799482416026
0,ccrs_ai_platform,ccrs_ai_platform:QUR-001,통상수용,0.0,통상수용,통상수용,True,False,True,통상수용,0.40546495703971475,0.3271676638578971,0.2673673791023881,통상수용,0.4483471435397192,0.31325038695895385,0.23840246950132687,통상수용,0.40546495703971486,0.3271676638578968,0.26736737910238834,0.4197590192063829,0.32252857155824927,0.25771240923536776
0,ccrs_ai_platform,ccrs_ai_platform:QUR-002,견적반영,0.0,견적반영,견적반영,True,False,True,견적반영,0.20720612573178077,0.49209579706272427,0.30069807720549485,견적반영,0.19153375995147226,0.49691799257479924,0.31154824747372856,견적반영,0.20720612573178082,0.4920957970627239,0.30069807720549524,0.2019820038050113,0.4937031955667492,0.3043148006282395
0,ccrs_ai_platform,ccrs_ai_platform:QUR-003,통상수용,0.0,통상수용,통상수용,True,False,True,통상수용,0.44651270764789375,0.39012742422437374,0.1633598681277326,통상수용,0.4619553089896864,0.4145320269731229,0.12351266403719054,통상수용,0.4465127076478939,0.39012742422437335,0.16335986812773265,0.45166024142849137,0.39826229180729,0.1500774667642186
0,ccrs_ai_platform,ccrs_ai_platform:QUR-004,통상수용,0.0,통상수용,통상수용,True,False,True,통상수용,0.4174894472652215,0.34311936913962066,0.23939118359515776,통상수용,0.44536456606287644,0.3346927231167074,0.21994271082041625,통상수용,0.4174894472652217,0.3431193691396203,0.2393911835951579,0.42678115353110657,0.3403104871319828,0.23290835933691065
0,ccrs_ai_platform,ccrs_ai_platform:QUR-005,통상수용,0.0,통상수용,통상수용,True,False,True,통상수용,0.6033567858914118,0.21313117810664706,0.18351203600194113,통상수용,0.609526265246835,0.22940465465186244,0.16106908010130264,통상수용,0.6033567858914121,0.2131311781066468,0.18351203600194116,0.6054132790098863,0.21855567028838543,0.1760310507017283
0,ccrs_ai_platform,ccrs_ai_platform:SER-001,견적반영,0.0,견적반영,견적반영,True,False,True,견적반영,0.22515849230916773,0.5194278142209066,0.25541369346992576,견적반영,0.19929633218959297,0.5468889644843205,0.2538147033260865,견적반영,0.22515849230916768,0.5194278142209064,0.25541369346992593,0.21653777226930945,0.5285815309753779,0.2548806967553127
0,ccrs_ai_platform,ccrs_ai_platform:SER-002,계약·질의검토,0.0,견적반영,견적반영,True,True,False,견적반영,0.19475800366470386,0.4223995480962798,0.3828424482390165,견적반영,0.1693779071267342,0.4569564183739877,0.3736656744992782,견적반영,0.19475800366470383,0.4223995480962794,0.38284244823901686,0.18629797148538063,0.43391850485551564,0.37978352365910384
0,ccrs_ai_platform,ccrs_ai_platform:SER-003,견적반영,0.0,견적반영,견적반영,True,False,True,견적반영,0.23860805085225772,0.4816162695795025,0.2797756795682398,견적반영,0.1983934227568553,0.5167485875312084,0.2848579897119362,견적반영,0.23860805085225778,0.4816162695795021,0.27977567956824007,0.22520317482045693,0.493327042230071,0.28146978294947206
0,ccrs_ai_platform,ccrs_ai_platform:SER-004,계약·질의검토,0.0,견적반영,견적반영,True,True,False,견적반영,0.2655927099447675,0.4959680823786721,0.2384392076765603,견적반영,0.2511438248007787,0.5258537044381675,0.22300247076105373,견적반영,0.2655927099447676,0.4959680823786721,0.23843920767656046,0.2607764148967712,0.5059299563985039,0.23329362870472484
0,ccrs_ai_platform,ccrs_ai_platform:SER-005,견적반영,0.0,견적반영,견적반영,True,False,True,견적반영,0.24622049124251724,0.48227338029775935,0.27150612845972344,견적반영,0.2320197137538608,0.50145549365357,0.2665247925925692,견적반영,0.2462204912425173,0.4822733802977591,0.27150612845972355,0.24148689874629845,0.4886674180830295,0.2698456831706721
0,ccrs_ai_platform,ccrs_ai_platform:SER-006,계약·질의검토,0.0,견적반영,견적반영,True,True,False,견적반영,0.1941627599138084,0.48021466474302277,0.32562257534316874,견적반영,0.15007416507507113,0.5107728077107515,0.3391530272141774,견적반영,0.1941627599138082,0.4802146647430225,0.32562257534316913,0.17946656163422925,0.49040071239893224,0.33013272596683846
0,ccrs_ai_platform,ccrs_ai_platform:SER-007,계약·질의검토,0.0,견적반영,견적반영,True,True,False,견적반영,0.31574900515562737,0.37543657549558923,0.30881441934878345,견적반영,0.265717722477329,0.4270139052663172,0.3072683722563539,견적반영,0.31574900515562737,0.37543657549558895,0.30881441934878373,0.2990719109295279,0.3926290187524984,0.3082990703179737
0,ccrs_ai_platform,ccrs_ai_platform:SER-008,통상수용,0.0,통상수용,통상수용,True,False,True,통상수용,0.3481851230816173,0.33223288000801865,0.3195819969103641,통상수용,0.4239844059203142,0.2739092090481187,0.3021063850315671,통상수용,0.3481851230816173,0.33223288000801826,0.31958199691036443,0.37345155069451624,0.31279165635471856,0.3137567929507652
0,ccrs_ai_platform,ccrs_ai_platform:SER-009,계약·질의검토,0.0,견적반영,견적반영,True,True,False,견적반영,0.2529385676759343,0.4821682138514801,0.2648932184725856,견적반영,0.21946355785536698,0.5323101737219589,0.24822626842267412,견적반영,0.25293856767593437,0.4821682138514798,0.2648932184725859,0.24178023106907856,0.49888220047497295,0.2593375684559485
0,ccrs_ai_platform,ccrs_ai_platform:SER-010,통상수용,0.0,통상수용,통상수용,True,False,True,통상수용,0.44063629077263083,0.2079831653758933,0.35138054385147577,통상수용,0.4558560801515658,0.16863834741436642,0.3755055724340677,통상수용,0.440636290772631,0.20798316537589298,0.35138054385147593,0.44570955389894257,0.19486822605538423,0.35942222004567315
0,ccrs_ai_platform,ccrs_ai_platform:SER-011,통상수용,0.0,통상수용,통상수용,True,False,True,통상수용,0.47966154571556174,0.20433724617426635,0.3160012081101719,통상수용,0.4691874822967954,0.20329644544004302,0.3275160722631615,통상수용,0.47966154571556185,0.2043372461742661,0.31600120811017196,0.4761701912426397,0.20399031259619183,0.3198394961611684
0,ccrs_ai_platform,ccrs_ai_platform:SFR-002,견적반영,0.0,견적반영,견적반영,True,False,True,견적반영,0.17862517733993746,0.4383519761810797,0.38302284647898294,견적반영,0.14425626603371802,0.44902300062875966,0.40672073333752223,견적반영,0.1786251773399374,0.4383519761810792,0.38302284647898344,0.1671688735711976,0.4419089843303062,0.39092214209849613
0,ccrs_ai_platform,ccrs_ai_platform:SFR-003,계약·질의검토,0.0,견적반영,견적반영,True,True,False,견적반영,0.11601745968588782,0.6052229439738209,0.27875959634029124,견적반영,0.0727834110056485,0.6818610416401478,0.24535554735420367,견적반영,0.11601745968588781,0.6052229439738204,0.2787595963402918,0.10160611012580804,0.630768976529263,0.2676249133449289
0,ccrs_ai_platform,ccrs_ai_platform:SFR-004,견적반영,0.0,견적반영,견적반영,True,False,True,견적반영,0.30556978645567723,0.4423267215128402,0.2521034920314826,견적반영,0.28957129992914304,0.4491569502538277,0.2612717498170293,견적반영,0.3055697864556774,0.44232672151283975,0.25210349203148275,0.3002369576134993,0.4446034644265025,0.25515957795999816
0,ccrs_ai_platform,ccrs_ai_platform:SFR-005,통상수용,0.0,견적반영,견적반영,True,True,False,견적반영,0.19585903531562232,0.44067571673924755,0.36346524794512997,견적반영,0.19019862110156108,0.44204965472085134,0.3677517241775875,견적반영,0.19585903531562227,0.4406757167392472,0.36346524794513047,0.19397223057760185,0.4411336960664487,0.36489407335594937
0,ccrs_ai_platform,ccrs_ai_platform:SFR-006,계약·질의검토,0.0,견적반영,견적반영,True,True,False,견적반영,0.3417347624002586,0.3931482108043582,0.26511702679538335,견적반영,0.35192066561475693,0.4071314710181799,0.24094786336706314,견적반영,0.3417347624002588,0.39314821080435763,0.2651170267953836,0.34513006347175806,0.3978092975422986,0.2570606389859434
0,ccrs_ai_platform,ccrs_ai_platform:SFR-007,견적반영,0.0,견적반영,견적반영,False,False,True,견적반영,0.3135785899681238,0.3607284814528404,0.3256929285790357,통상수용,0.3466214727301027,0.3249951012112913,0.32838342605860604,견적반영,0.313578589968124,0.3607284814528399,0.3256929285790361,0.32459288422211685,0.3488173547056572,0.326589761072226
0,ccrs_ai_platform,ccrs_ai_platform:SFR-008,견적반영,0.0,계약·질의검토,계약·질의검토,True,True,False,계약·질의검토,0.20917334950702954,0.39091678762168885,0.3999098628712815,계약·질의검토,0.19576775625445456,0.37998969840887664,0.4242425453366687,계약·질의검토,0.20917334950702957,0.39091678762168824,0.39990986287128216,0.20470481842283791,0.3872744245507513,0.4080207570264108
0,ccrs_ai_platform,ccrs_ai_platform:SFR-009,견적반영,0.0,계약·질의검토,계약·질의검토,False,False,True,견적반영,0.20465257931819708,0.4088337534919096,0.38651366718989344,계약·질의검토,0.18297430661771102,0.36889078563136846,0.4481349077509206,견적반영,0.20465257931819703,0.4088337534919091,0.3865136671898939,0.19742648841803503,0.3955194308717291,0.407054080710236
0,ccrs_ai_platform,ccrs_ai_platform:SFR-010,견적반영,0.0,견적반영,견적반영,True,False,True,견적반영,0.28667779438732033,0.4002191967845015,0.3131030088281783,견적반영,0.2665024527895602,0.39788834472838985,0.33560920248204995,견적반영,0.2866777943873202,0.4002191967845011,0.31310300882817865,0.27995268052140027,0.39944224609913076,0.320605073379469
0,ccrs_ai_platform,ccrs_ai_platform:SFR-012,계약·질의검토,0.0,견적반영,견적반영,True,True,False,견적반영,0.09236175290947816,0.5835700003607179,0.32406824672980383,견적반영,0.059218354223718024,0.6402368461898987,0.3005447995863833,견적반영,0.09236175290947823,0.5835700003607177,0.32406824672980417,0.08131395334755814,0.6024589489704448,0.31622709768199714
0,ccrs_ai_platform,ccrs_ai_platform:SFR-013,견적반영,0.0,견적반영,견적반영,True,False,True,견적반영,0.20180626921177586,0.41771276827471004,0.38048096251351415,견적반영,0.18550572494400847,0.4236945978768299,0.39079967717916164,견적반영,0.20180626921177586,0.4177127682747096,0.38048096251351465,0.19637275445585342,0.4197067114754165,0.38392053406873017
0,ccrs_ai_platform,ccrs_ai_platform:SFR-014,견적반영,0.0,계약·질의검토,계약·질의검토,True,True,False,계약·질의검토,0.1922633111698445,0.39786843933813304,0.4098682494920224,계약·질의검토,0.16426631545844378,0.40672063251114865,0.42901305203040757,계약·질의검토,0.19226331116984452,0.39786843933813254,0.40986824949202294,0.18293097926604426,0.40081917039580467,0.41624985033815093
0,ccrs_ai_platform,ccrs_ai_platform:SFR-016,견적반영,0.0,견적반영,견적반영,True,False,True,견적반영,0.274733384744374,0.373893631854413,0.351372983401213,견적반영,0.2515920785169699,0.37916368444306914,0.36924423703996095,견적반영,0.27473338474437414,0.3738936318544127,0.3513729834012132,0.267019616001906,0.37565031605063154,0.3573300679474624
0,ccrs_ai_platform,ccrs_ai_platform:SFR-017,견적반영,0.0,견적반영,견적반영,True,False,True,견적반영,0.295919975048491,0.4529244770029183,0.2511555479485908,견적반영,0.2804528731974578,0.4761843723260715,0.24336275447647057,견적반영,0.29591997504849116,0.452924477002918,0.2511555479485909,0.29076427443148,0.46067777544396926,0.24855795012455073
0,ccrs_ai_platform,ccrs_ai_platform:SFR-018,통상수용,0.0,계약·질의검토,계약·질의검토,True,True,False,계약·질의검토,0.2378398729919856,0.2702020930558807,0.49195803395213356,계약·질의검토,0.2127655907142262,0.2524311726888637,0.53480323659691,계약·질의검토,0.2378398729919855,0.2702020930558802,0.49195803395213444,0.2294817788993991,0.2642784529335416,0.5062397681670593
0,ccrs_ai_platform,ccrs_ai_platform:SFR-019,견적반영,0.0,견적반영,계약·질의검토,False,False,True,견적반영,0.20806885930252791,0.4241224425804485,0.3678086981170236,계약·질의검토,0.16281030256311027,0.40698506925602124,0.4302046281808685,견적반영,0.20806885930252791,0.4241224425804481,0.3678086981170239,0.19298267372272204,0.4184099848056393,0.38860734147163867
0,ccrs_ai_platform,ccrs_ai_platform:SFR-020,계약·질의검토,0.0,계약·질의검토,계약·질의검토,True,False,True,계약·질의검토,0.3131211055038944,0.2968095709445132,0.3900693235515923,계약·질의검토,0.2869132621547368,0.25522391486751694,0.4578628229777463,계약·질의검토,0.3131211055038945,0.29680957094451277,0.3900693235515927,0.3043851577208419,0.2829476855855143,0.41266715669364373
0,ccrs_ai_platform,ccrs_ai_platform:SFR-021,견적반영,0.0,계약·질의검토,계약·질의검토,True,True,False,계약·질의검토,0.2498720949375227,0.3642683271228061,0.38585957793967124,계약·질의검토,0.21958242230619585,0.3062814068477044,0.4741361708460998,계약·질의검토,0.24987209493752272,0.3642683271228057,0.38585957793967157,0.2397755373937471,0.34493935369777207,0.41528510890848086
0,ccrs_ai_platform,ccrs_ai_platform:SFR-023,견적반영,0.0,계약·질의검토,계약·질의검토,True,True,False,계약·질의검토,0.22376070672134266,0.31394415614833704,0.4622951371303204,계약·질의검토,0.21198969007206697,0.28987900679909545,0.49813130312883763,계약·질의검토,0.2237607067213427,0.31394415614833665,0.4622951371303207,0.21983703450491746,0.30592243969858973,0.47424052579649295
0,ccrs_ai_platform,ccrs_ai_platform:SFR-024,견적반영,0.0,견적반영,견적반영,True,False,True,견적반영,0.2779673841651425,0.4278539812709905,0.29417863456386706,견적반영,0.25547762262937235,0.46729357556072537,0.27722880180990234,견적반영,0.2779673841651424,0.42785398127099017,0.29417863456386745,0.27047079698655246,0.441000512700902,0.28852869031254563
0,ccrs_ai_platform,ccrs_ai_platform:SFR-025,견적반영,0.0,견적반영,견적반영,True,False,True,견적반영,0.2638401823031885,0.4514432949983889,0.28471652269842274,견적반영,0.24983157558533212,0.478479440797885,0.2716889836167829,견적반영,0.26384018230318873,0.45144329499838853,0.2847165226984229,0.2591706467305698,0.4604553435982208,0.2803740096712095
0,ccrs_ai_platform,ccrs_ai_platform:SFR-026,견적반영,0.0,견적반영,견적반영,True,False,True,견적반영,0.25151719072820966,0.44370938559620615,0.3047734236755842,견적반영,0.22860405678040752,0.4779469621818253,0.2934489810377672,견적반영,0.2515171907282097,0.4437093855962058,0.30477342367558447,0.2438794794122756,0.45512191112474576,0.3009986094629786
0,ccrs_ai_platform,ccrs_ai_platform:SFR-027,견적반영,0.0,견적반영,견적반영,True,False,True,견적반영,0.19531560296207648,0.4403678837508701,0.3643165132870535,견적반영,0.17570627699681968,0.43059488956937547,0.39369883343380485,견적반영,0.19531560296207645,0.4403678837508694,0.3643165132870542,0.18877916097365754,0.437110219023705,0.37411062000263756
0,ccrs_ai_platform,ccrs_ai_platform:SFR-028,계약·질의검토,0.0,계약·질의검토,계약·질의검토,True,False,True,계약·질의검토,0.25226331074177016,0.31966108402512144,0.42807560523310834,계약·질의검토,0.22587983779844314,0.298836926178226,0.4752832360233308,계약·질의검토,0.25226331074177005,0.31966108402512106,0.42807560523310884,0.24346881976066115,0.3127196980761562,0.4438114821631826
0,ccrs_ai_platform,ccrs_ai_platform:SFR-029,견적반영,0.0,견적반영,견적반영,True,False,True,견적반영,0.20070482646780596,0.4638755446827583,0.3354196288494357,견적반영,0.17270912930543425,0.44169337235467254,0.38559749833989315,견적반영,0.20070482646780607,0.46387554468275793,0.33541962884943605,0.1913729274136821,0.45648148724006293,0.35214558534625495
0,ccrs_ai_platform,ccrs_ai_platform:SFR-030,견적반영,0.0,견적반영,견적반영,True,False,True,견적반영,0.2552025202099644,0.41325091275358616,0.33154656703644936,견적반영,0.22643637048107787,0.4046177951751842,0.3689458343437379,견적반영,0.2552025202099644,0.41325091275358583,0.3315465670364497,0.2456138036336689,0.41037320689411877,0.3440129894722123
0,ccrs_ai_platform,ccrs_ai_platform:TER-001,통상수용,0.0,통상수용,통상수용,True,False,True,통상수용,0.4285966923303413,0.23086924995851033,0.34053405771114836,통상수용,0.4897438563639129,0.23362997554131426,0.27662616809477286,통상수용,0.42859669233034153,0.23086924995851002,0.3405340577111485,0.4489790803415319,0.23178949181944486,0.3192314278390232
0,ccrs_ai_platform,ccrs_ai_platform:TER-002,계약·질의검토,0.0,통상수용,통상수용,True,True,False,통상수용,0.452356066920373,0.2131497934591508,0.33449413962047625,통상수용,0.479443183465643,0.194174623882294,0.32638219265206303,통상수용,0.45235606692037306,0.21314979345915047,0.3344941396204764,0.4613851057687963,0.20682473693353176,0.33179015729767186
0,ccrs_ai_platform,ccrs_ai_platform:TER-003,계약·질의검토,0.0,견적반영,견적반영,True,True,False,견적반영,0.3314843815105302,0.36659621161058015,0.3019194068788896,견적반영,0.3255370504444295,0.404434888663675,0.27002806089189546,견적반영,0.33148438151053033,0.36659621161057976,0.30191940687888996,0.32950193782183,0.37920910396161167,0.2912889582165583
0,ccrs_ai_platform,ccrs_ai_platform:TER-004,통상수용,0.0,통상수용,통상수용,True,False,True,통상수용,0.40760557169116174,0.21540929448338553,0.3769851338254528,통상수용,0.4739339378979775,0.20522044188058872,0.32084562022143376,통상수용,0.40760557169116174,0.21540929448338533,0.37698513382545296,0.4297150270934336,0.2120130102824532,0.35827196262411315
1,defense_intelligent_platform,defense_intelligent_platform:COR-001,통상수용,0.25,통상수용,통상수용,True,False,True,통상수용,0.698065604157779,0.09473224116916962,0.20720215467305142,통상수용,0.7669704859199217,0.06509869967942042,0.1679308144006578,통상수용,0.6963587031043726,0.09545897892948413,0.20818231796614323,0.7204649310606911,0.08509663992602472,0.19443842901328412
1,defense_intelligent_platform,defense_intelligent_platform:COR-002,통상수용,0.25,통상수용,통상수용,True,False,True,통상수용,0.6221750090051167,0.19576464267790789,0.18206034831697546,통상수용,0.7164025216496487,0.12901278018670823,0.15458469816364306,통상수용,0.6261134985254321,0.19139122628431227,0.1824952751902557,0.6548970097267325,0.1720562163829761,0.17304677389029144
1,defense_intelligent_platform,defense_intelligent_platform:COR-003,통상수용,0.25,통상수용,통상수용,True,False,True,통상수용,0.7937735135188888,0.06701764076249626,0.1392088457186148,통상수용,0.8334865501535887,0.05178521293393526,0.11472823691247595,통상수용,0.7973005488317347,0.06476840400464896,0.13793104716361634,0.8081868708347374,0.0611904192336935,0.13062270993156902
1,defense_intelligent_platform,defense_intelligent_platform:COR-004,계약·질의검토,0.25,계약·질의검토,계약·질의검토,True,False,True,계약·질의검토,0.3364808357126997,0.09882483883340247,0.5646943254538979,계약·질의검토,0.27871644470941853,0.07968317847478837,0.6416003768157932,계약·질의검토,0.32916853220654646,0.09872829585227456,0.5721031719411791,0.3147886042095549,0.09241210438682179,0.5927992914036234
1,defense_intelligent_platform,defense_intelligent_platform:COR-005,계약·질의검토,0.25,계약·질의검토,계약·질의검토,True,False,True,계약·질의검토,0.22358616521162433,0.09005222308045895,0.6863616117079167,계약·질의검토,0.19394701933393685,0.07102819244856112,0.7350247882175021,계약·질의검토,0.22226101026270523,0.08827624733907558,0.6894627423982193,0.21326473160275547,0.08311888762269855,0.7036163807745459
1,defense_intelligent_platform,defense_intelligent_platform:COR-006,통상수용,0.25,통상수용,통상수용,True,False,True,통상수용,0.6151162828230899,0.2641449903722413,0.1207387268046688,통상수용,0.6289801033017192,0.25269238903644753,0.11832750766183336,통상수용,0.6281960723467283,0.2559253288971557,0.11587859875611603,0.6240974861571792,0.25758756943528155,0.11831494440753938
1,defense_intelligent_platform,defense_intelligent_platform:COR-007,통상수용,0.25,통상수용,통상수용,True,False,True,통상수용,0.7273503585703831,0.19434658766350646,0.07830305376611053,통상수용,0.81682603253271,0.13283036017938943,0.05034360728790058,통상수용,0.7367718947192711,0.1879516324015725,0.07527647287915636,0.7603160952741215,0.17170952674815612,0.06797437797772249
1,defense_intelligent_platform,defense_intelligent_platform:DAR-001,견적반영,0.25,통상수용,통상수용,True,True,False,통상수용,0.40995046009992875,0.3026840844580199,0.2873654554420514,통상수용,0.42710198191526816,0.27494248671212035,0.2979555313726115,통상수용,0.41128293138516797,0.30062203116876773,0.28809503744606435,0.4161117911334549,0.29274953411296933,0.29113867475357574
1,defense_intelligent_platform,defense_intelligent_platform:DAR-002,견적반영,0.25,통상수용,통상수용,True,True,False,통상수용,0.5474945711815039,0.2544809762541899,0.19802445256430626,통상수용,0.5756055306759463,0.23763004069929736,0.18676442862475634,통상수용,0.5557900126532389,0.250414204772027,0.1937957825747341,0.5596300381702297,0.2475084072418381,0.19286155458793222
1,defense_intelligent_platform,defense_intelligent_platform:DAR-003,통상수용,0.25,견적반영,견적반영,True,True,False,견적반영,0.3983402557277923,0.44111851300424126,0.16054123126796646,견적반영,0.3813371532490564,0.47316025435524306,0.1455025923957005,견적반영,0.41563639507586997,0.4289579682423419,0.15540563668178825,0.39843793468423955,0.4477455785339421,0.1538164867818184
1,defense_intelligent_platform,defense_intelligent_platform:ECR-002,계약·질의검토,0.25,계약·질의검토,계약·질의검토,True,False,True,계약·질의검토,0.10568069189445603,0.1551313760295099,0.739187932076034,계약·질의검토,0.06362901408475016,0.10316831973686469,0.8332026661783851,계약·질의검토,0.10197529840108649,0.1547848910597892,0.7432398105391242,0.09042833479343089,0.13769486227538794,0.7718768029311812
1,defense_intelligent_platform,defense_intelligent_platform:ECR-003,통상수용,0.25,통상수용,통상수용,True,False,True,통상수용,0.43959179302394646,0.3215815664363928,0.2388266405396607,통상수용,0.4554994877197361,0.30737954054798516,0.23712097173227875,통상수용,0.44864819569509135,0.318868719394032,0.23248308491087666,0.44791315881292465,0.31594327545947,0.2361435657276054
1,defense_intelligent_platform,defense_intelligent_platform:ECR-004,견적반영,0.25,견적반영,견적반영,True,False,True,견적반영,0.31723961862377864,0.4227656869510687,0.2599946944251526,견적반영,0.3132488983010015,0.44501564573198715,0.2417354559670114,견적반영,0.3170388055934077,0.4244792825579036,0.25848191184868863,0.31584244083939594,0.43075353841365316,0.2534040207469509
1,defense_intelligent_platform,defense_intelligent_platform:ECR-005,견적반영,0.25,견적반영,견적반영,True,False,True,견적반영,0.37781718806213316,0.4488481807193753,0.17333463121849146,견적반영,0.4083642800634864,0.43299022469271137,0.1586454952438022,견적반영,0.3765917430044922,0.4540646316149579,0.16934362538054984,0.387591070376704,0.4453010123423482,0.16710791728094784
1,defense_intelligent_platform,defense_intelligent_platform:ECR-007,견적반영,0.25,계약·질의검토,계약·질의검토,True,True,False,계약·질의검토,0.22262061051222026,0.2905515129664702,0.4868278765213096,계약·질의검토,0.19751636284038035,0.25566014922408276,0.5468234879355368,계약·질의검토,0.2066551110563618,0.30182911328456496,0.49151577565907323,0.20893069480298745,0.28268025849170597,0.5083890467053065
1,defense_intelligent_platform,defense_intelligent_platform:ECR-008,견적반영,0.25,계약·질의검토,계약·질의검토,True,True,False,계약·질의검토,0.24518670261676279,0.3271365533189715,0.4276767440642656,계약·질의검토,0.2207710364411069,0.3006235144896225,0.4786054490692705,계약·질의검토,0.22922193377560515,0.3371027226935144,0.43367534353088055,0.23172655761115826,0.3216209301673694,0.4466525122214722
1,defense_intelligent_platform,defense_intelligent_platform:ECR-009,견적반영,0.25,계약·질의검토,계약·질의검토,True,True,False,계약·질의검토,0.24052155996070235,0.3214651966604424,0.4380132433788554,계약·질의검토,0.21634675276896406,0.29498723921616743,0.4886660080148686,계약·질의검토,0.2267601969037812,0.3314380471023547,0.441801755993864,0.2278761698778159,0.3159634943263215,0.4561603357958626
1,defense_intelligent_platform,defense_intelligent_platform:ECR-010,계약·질의검토,0.25,계약·질의검토,계약·질의검토,True,False,True,계약·질의검토,0.19409566542330028,0.3204836694159917,0.4854206651607081,계약·질의검토,0.16025115604735632,0.30989516661716004,0.5298536773354836,계약·질의검토,0.18168075046317234,0.33091038656926347,0.48740886296756414,0.17867585731127633,0.3204297408674717,0.5008944018212519
1,defense_intelligent_platform,defense_intelligent_platform:ECR-011,계약·질의검토,0.25,계약·질의검토,계약·질의검토,True,False,True,계약·질의검토,0.09948024610431813,0.39947526637894876,0.501044487516733,계약·질의검토,0.07006804367692857,0.3919382888934293,0.5379936674296423,계약·질의검토,0.09451389535581298,0.4072907836901953,0.4981953209539919,0.0880207283790199,0.3995681129875244,0.5124111586334558
1,defense_intelligent_platform,defense_intelligent_platform:ECR-012,계약·질의검토,0.25,계약·질의검토,계약·질의검토,True,False,True,계약·질의검토,0.18919307198544985,0.3673527175749539,0.4434542104395964,계약·질의검토,0.15691815936438763,0.3690426769821288,0.4740391636534835,계약·질의검토,0.17758379911657116,0.37524091574081353,0.4471752851426154,0.17456501015546955,0.37054543676596535,0.4548895530785651
1,defense_intelligent_platform,defense_intelligent_platform:ECR-013,계약·질의검토,0.25,계약·질의검토,계약·질의검토,True,False,True,계약·질의검토,0.3382168317982871,0.2323449076017735,0.42943826059993934,계약·질의검토,0.2713277154454437,0.17355596270488233,0.5551163218496739,계약·질의검토,0.33634922688482105,0.23599365820579518,0.42765711490938385,0.3152979247095173,0.21396484283748365,0.470737232452999
1,defense_intelligent_platform,defense_intelligent_platform:ECR-014,계약·질의검토,0.25,계약·질의검토,계약·질의검토,True,False,True,계약·질의검토,0.3286059980930276,0.2729028732528681,0.3984911286541043,계약·질의검토,0.2688424108344228,0.2479618646125413,0.4831957245530359,계약·질의검토,0.32756825213355223,0.2784358564595273,0.3939958914069205,0.3083388870203342,0.26643353144164555,0.42522758153802026
1,defense_intelligent_platform,defense_intelligent_platform:ECR-015,계약·질의검토,0.25,계약·질의검토,계약·질의검토,True,False,True,계약·질의검토,0.2800409941997189,0.1993271046612798,0.5206319011390013,계약·질의검토,0.21310402283676108,0.13113225606532108,0.6557637210979178,계약·질의검토,0.2764333036250122,0.20463175573095055,0.5189349406440372,0.25652610688716404,0.17836370548585045,0.5651101876269854
1,defense_intelligent_platform,defense_intelligent_platform:ECR-016,견적반영,0.25,견적반영,견적반영,True,False,True,견적반영,0.2353754848209414,0.4185577347158873,0.3460667804631713,견적반영,0.21576300848875796,0.4025327008254877,0.38170429068575434,견적반영,0.23047250869983485,0.4234892423889075,0.3460382489112576,0.2272036673365114,0.4148598926434275,0.3579364400200611
1,defense_intelligent_platform,defense_intelligent_platform:ECR-017,계약·질의검토,0.25,견적반영,견적반영,True,True,False,견적반영,0.29653249541851684,0.4188359934800318,0.2846315111014513,견적반영,0.2458674541732937,0.46620833568880743,0.28792421013789893,견적반영,0.29898648941785777,0.4184659946658624,0.28254751591627986,0.28046214633655614,0.43450344127823387,0.28503441238521
1,defense_intelligent_platform,defense_intelligent_platform:ECR-018,계약·질의검토,0.25,계약·질의검토,계약·질의검토,True,False,True,계약·질의검토,0.232484892497101,0.3687355103339265,0.3987795971689725,계약·질의검토,0.2279371797702823,0.356663270323905,0.4153995499058128,계약·질의검토,0.22698066935518946,0.3741683987292176,0.398850931915593,0.22913424720752426,0.3665223931290164,0.4043433596634594
1,defense_intelligent_platform,defense_intelligent_platform:ECR-020,계약·질의검토,0.25,통상수용,통상수용,True,True,False,통상수용,0.40821602245788696,0.3098333014181199,0.2819506761239931,통상수용,0.4532039052139781,0.2747768356626053,0.2720192591234167,통상수용,0.41347772899794144,0.3072765971992271,0.2792456738028315,0.42496588555660214,0.29729557809331747,0.27773853635008044
1,defense_intelligent_platform,defense_intelligent_platform:ECR-021,계약·질의검토,0.25,견적반영,견적반영,True,True,False,견적반영,0.3343984328588536,0.4111158942576334,0.25448567288351287,견적반영,0.3185375741440435,0.3967524157576713,0.2847100100982853,견적반영,0.33083539017048996,0.41875424582901727,0.2504103640004928,0.3279237990577957,0.40887418528144065,0.2632020156607637
1,defense_intelligent_platform,defense_intelligent_platform:ECR-022,견적반영,0.25,견적반영,견적반영,True,False,True,견적반영,0.21085245565910293,0.44543341904308464,0.3437141252978125,견적반영,0.19751585190512072,0.410460298607084,0.3920238494877952,견적반영,0.2040897126667045,0.4516972758907404,0.34421301144255506,0.2041526734103094,0.4358636645136363,0.3599836620760542
1,defense_intelligent_platform,defense_intelligent_platform:ECR-023,계약·질의검토,0.25,견적반영,견적반영,True,True,False,견적반영,0.19166310401499895,0.5470330213610288,0.26130387462397214,견적반영,0.15941591075847944,0.5847245822140894,0.25585950702743115,견적반영,0.19228110991241026,0.5489436673646755,0.25877522272291426,0.18112004156196285,0.5602337569799313,0.25864620145810585
1,defense_intelligent_platform,defense_intelligent_platform:ECR-024,계약·질의검토,0.25,견적반영,계약·질의검토,False,False,True,견적반영,0.28337400476773783,0.3871203141539817,0.3295056810782805,계약·질의검토,0.28661651650223874,0.34929865231875723,0.36408483117900414,견적반영,0.27226590150044166,0.39083450058605845,0.33689959791349994,0.2807521409234727,0.3757511556862658,0.34349670339026156
1,defense_intelligent_platform,defense_intelligent_platform:ECR-025,계약·질의검토,0.25,견적반영,견적반영,True,True,False,견적반영,0.22246264679393038,0.4900156578115886,0.28752169539448086,견적반영,0.2405893944564852,0.47732746016848776,0.28208314537502716,견적반영,0.21372167141671197,0.5013216249741204,0.28495670360916764,0.22559123755570917,0.4895549143180656,0.2848538481262252
1,defense_intelligent_platform,defense_intelligent_platform:ECR-026,견적반영,0.25,견적반영,견적반영,True,False,True,견적반영,0.15405023051532726,0.5366910509817103,0.3092587185029623,견적반영,0.11714906110852583,0.552654791592341,0.33019614729913327,견적반영,0.14756355446518019,0.5442904689823633,0.3081459765524566,0.1395876153630111,0.5445454371854715,0.3158669474515174
1,defense_intelligent_platform,defense_intelligent_platform:ECR-027,견적반영,0.25,견적반영,견적반영,True,False,True,견적반영,0.2986194113425214,0.3832119800823349,0.3181686085751437,견적반영,0.302265651045755,0.36675134089068423,0.33098300806356085,견적반영,0.29586834293514824,0.3867501330742569,0.3173815239905947,0.2989178017744749,0.3789044846824254,0.32217771354309976
1,defense_intelligent_platform,defense_intelligent_platform:ECR-028,견적반영,0.25,계약·질의검토,계약·질의검토,True,True,False,계약·질의검토,0.2483956602325831,0.33132010619272334,0.4202842335746936,계약·질의검토,0.23138509628527226,0.3303539103608616,0.4382609933538662,계약·질의검토,0.24305420896993143,0.3358535997212217,0.42109219130884684,0.24094498849592894,0.3325092054249355,0.42654580607913556
1,defense_intelligent_platform,defense_intelligent_platform:INR-001,통상수용,0.25,통상수용,통상수용,True,False,True,통상수용,0.7021571686334217,0.103901786638817,0.19394104472776125,통상수용,0.7864063652843685,0.0688957712858234,0.144697863429808,통상수용,0.6945981345280304,0.10566698006383317,0.19973488540813641,0.7277205561486069,0.09282151266282453,0.17945793118856856
1,defense_intelligent_platform,defense_intelligent_platform:INR-002,통상수용,0.25,통상수용,통상수용,True,False,True,통상수용,0.6663075050393649,0.11446571148170259,0.21922678347893249,통상수용,0.7435794016112928,0.07723682330597353,0.17918377508273367,통상수용,0.6770733042346561,0.10879747556913111,0.21412922019621275,0.6956534036284379,0.10016667011893575,0.2041799262526263
1,defense_intelligent_platform,defense_intelligent_platform:INR-004,계약·질의검토,0.25,통상수용,통상수용,True,True,False,통상수용,0.4310783126143881,0.22751929252955344,0.34140239485605856,통상수용,0.4008134718027661,0.24537755231353298,0.3538089758837008,통상수용,0.43048500975733334,0.22682140265436868,0.342693587588298,0.4207922647248292,0.233239415832485,0.34596831944268575
1,defense_intelligent_platform,defense_intelligent_platform:PER-001,통상수용,0.25,통상수용,통상수용,True,False,True,통상수용,0.47852790296213255,0.2929596353959336,0.22851246164193384,통상수용,0.5797770669669889,0.2589987342035824,0.16122419882942857,통상수용,0.48678251394623173,0.2851291743873608,0.2280883116664076,0.5150291612917844,0.27902918132895893,0.20594165737925665
1,defense_intelligent_platform,defense_intelligent_platform:PER-002,계약·질의검토,0.25,계약·질의검토,계약·질의검토,True,False,True,계약·질의검토,0.12893922246254333,0.06059660520414731,0.8104641723333095,계약·질의검토,0.08445123132622824,0.03779051987694436,0.8777582487968274,계약·질의검토,0.12652450888495606,0.05952723104541874,0.8139482600696253,0.11330498755790923,0.0526381187088368,0.834056893733254
1,defense_intelligent_platform,defense_intelligent_platform:PER-003,계약·질의검토,0.25,계약·질의검토,계약·질의검토,True,False,True,계약·질의검토,0.22881177830897986,0.13179052360640459,0.6393976980846156,계약·질의검토,0.17386600073669992,0.08754944852789993,0.7385845507354001,계약·질의검토,0.22934545606423654,0.12787363164136462,0.6427809122943988,0.21067441170330545,0.11573786792522305,0.6735877203714714
1,defense_intelligent_platform,defense_intelligent_platform:PER-004,계약·질의검토,0.25,계약·질의검토,계약·질의검토,True,False,True,계약·질의검토,0.26675405304252764,0.14784622538079298,0.5853997215766795,계약·질의검토,0.24522314213444016,0.11003890963005707,0.6447379482355029,계약·질의검토,0.26527836148853384,0.1451638354777806,0.5895578030336855,0.25908518555516724,0.13434965682954356,0.6065651576152894
1,defense_intelligent_platform,defense_intelligent_platform:PER-005,계약·질의검토,0.25,계약·질의검토,계약·질의검토,True,False,True,계약·질의검토,0.2715390810509076,0.25886146006306493,0.4695994588860275,계약·질의검토,0.2418060132340511,0.2582452465949787,0.4999487401709703,계약·질의검토,0.2675711193785672,0.2572825300610027,0.4751463505604302,0.2603054045545086,0.25812974557301543,0.48156484987247605
1,defense_intelligent_platform,defense_intelligent_platform:PER-006,계약·질의검토,0.25,계약·질의검토,계약·질의검토,True,False,True,계약·질의검토,0.26439978206351467,0.2754727897178515,0.4601274282186338,계약·질의검토,0.2722374699723693,0.22905175430393845,0.49871077572369227,계약·질의검토,0.25838773993426634,0.27817435187624806,0.46343790818948555,0.26500833065671675,0.2608996319660127,0.4740920373772705
1,defense_intelligent_platform,defense_intelligent_platform:PMR-001,계약·질의검토,0.25,통상수용,통상수용,True,True,False,통상수용,0.6850458177839409,0.10144784153154161,0.21350634068451751,통상수용,0.7719508126144656,0.07259372685953401,0.15545546052600026,통상수용,0.6852998865680239,0.1006166258530615,0.2140834875789147,0.7140988389888102,0.09155273141471237,0.1943484295964775
1,defense_intelligent_platform,defense_intelligent_platform:PMR-002,통상수용,0.25,통상수용,통상수용,True,False,True,통상수용,0.627162888282297,0.10868467435601352,0.2641524373616895,통상수용,0.6769059888340406,0.12106490626472506,0.2020291049012344,통상수용,0.6270079894186176,0.10628162489432852,0.26671038568705396,0.6436922888449851,0.1120104018383557,0.24429730931665927
1,defense_intelligent_platform,defense_intelligent_platform:PMR-003,견적반영,0.25,계약·질의검토,계약·질의검토,True,True,False,계약·질의검토,0.33389253192075485,0.21171555954374166,0.45439190853550354,계약·질의검토,0.32425817983271094,0.2050368191377989,0.4707050010294901,계약·질의검토,0.3271680236822332,0.21022174469459043,0.4626102316231763,0.3284395784785663,0.20899137445871033,0.46256904706272334
1,defense_intelligent_platform,defense_intelligent_platform:PMR-004,통상수용,0.25,통상수용,통상수용,True,False,True,통상수용,0.6231062893929908,0.22830764949905782,0.1485860611079514,통상수용,0.6395029350928972,0.23731256417118266,0.12318450073592019,통상수용,0.6247884001016203,0.22823597397567108,0.14697562592270857,0.6291325415291694,0.2312853958819705,0.13958206258886005
1,defense_intelligent_platform,defense_intelligent_platform:PMR-005,통상수용,0.25,통상수용,통상수용,True,False,True,통상수용,0.5648117699478656,0.10655086587845643,0.3286373641736779,통상수용,0.6488348511254003,0.08059192550401258,0.27057322337058715,통상수용,0.5476155297652727,0.10958607756062648,0.3427983926741009,0.5870873836128462,0.09890962298103183,0.314002993406122
1,defense_intelligent_platform,defense_intelligent_platform:PMR-006,통상수용,0.25,통상수용,통상수용,True,False,True,통상수용,0.7176151128571164,0.15136067397677413,0.13102421316610954,통상수용,0.8026334136734472,0.11258907017348717,0.08477751615306567,통상수용,0.7207060232077904,0.14952236614957456,0.12977161064263495,0.7469848499127846,0.13782403676661195,0.11519111332060339
1,defense_intelligent_platform,defense_intelligent_platform:PMR-007,계약·질의검토,0.25,통상수용,통상수용,True,True,False,통상수용,0.5534376465243611,0.12511960256754662,0.3214427509080922,통상수용,0.596932820253718,0.0939317213526483,0.3091354583936337,통상수용,0.5478969040199914,0.12569240301353088,0.3264106929664778,0.5660891235993568,0.11491457564457526,0.3189963007560679
1,defense_intelligent_platform,defense_intelligent_platform:PMR-008,계약·질의검토,0.25,통상수용,통상수용,True,True,False,통상수용,0.5186879041524689,0.22413096468082253,0.2571811311667086,통상수용,0.5438784191126378,0.2105304687499314,0.24559111213743082,통상수용,0.5143705199127849,0.2239444888417892,0.2616849912454258,0.5256456143926305,0.21953530742418104,0.25481907818318844
1,defense_intelligent_platform,defense_intelligent_platform:PMR-009,계약·질의검토,0.25,통상수용,통상수용,True,True,False,통상수용,0.4809501245759703,0.22704272772902215,0.2920071476950075,통상수용,0.5032759618329928,0.20998432283110177,0.28673971533590537,통상수용,0.4820071085477683,0.22418720193601568,0.2938056895162159,0.48874439831891053,0.22040475083204655,0.29085085084904294
1,defense_intelligent_platform,defense_intelligent_platform:PMR-010,통상수용,0.25,통상수용,통상수용,True,False,True,통상수용,0.5953946069089465,0.1702625432993609,0.2343428497916925,통상수용,0.5953424938988122,0.13737606956548076,0.2672814365357071,통상수용,0.6031009049737774,0.16513247349424653,0.23176662153197597,0.5979460019271787,0.15759036211969607,0.24446363595312523
1,defense_intelligent_platform,defense_intelligent_platform:PMR-011,통상수용,0.25,통상수용,통상수용,True,False,True,통상수용,0.6392637565833935,0.12189273049298166,0.23884351292362477,통상수용,0.7126530471147638,0.10540186801848114,0.18194508486675504,통상수용,0.64689211369241,0.11712857383672393,0.2359793124708661,0.6662696391301891,0.11480772411606226,0.21892263675374865
1,defense_intelligent_platform,defense_intelligent_platform:PMR-012,통상수용,0.25,통상수용,통상수용,True,False,True,통상수용,0.7143498465005427,0.113848795544578,0.1718013579548794,통상수용,0.8024375585515627,0.0952560840668524,0.10230635738158472,통상수용,0.722453023769929,0.10830690701444921,0.16924006921562174,0.7464134762740114,0.1058039288752932,0.1477825948506953
1,defense_intelligent_platform,defense_intelligent_platform:PMR-013,계약·질의검토,0.25,통상수용,통상수용,True,True,False,통상수용,0.4757500865228375,0.13579749244847203,0.3884524210286905,통상수용,0.5246046641585591,0.10240793073857608,0.3729874051028648,통상수용,0.4790733537868595,0.13297012326155386,0.38795652295158656,0.4931427014894187,0.12372518214953399,0.38313211636104727
1,defense_intelligent_platform,defense_intelligent_platform:PMR-014,통상수용,0.25,통상수용,통상수용,True,False,True,통상수용,0.6201906067277373,0.2097601060023105,0.17004928726995217,통상수용,0.6628311984297885,0.20024545673050675,0.1369233448397046,통상수용,0.6366387583836028,0.19781696325093745,0.16554427836545965,0.6398868545137095,0.20260750866125155,0.1575056368250388
1,defense_intelligent_platform,defense_intelligent_platform:PMR-015,통상수용,0.25,통상수용,통상수용,True,False,True,통상수용,0.7115758992279866,0.1209345794624148,0.16748952130959863,통상수용,0.7811721997136944,0.09972631691779359,0.11910148336851203,통상수용,0.7225962572361188,0.11308962668950215,0.16431411607437899,0.7384481187259332,0.11125017435657018,0.15030170691749656
1,defense_intelligent_platform,defense_intelligent_platform:PMR-016,계약·질의검토,0.25,계약·질의검토,계약·질의검토,True,False,True,계약·질의검토,0.33361384230504093,0.1088399285180403,0.5575462291769189,계약·질의검토,0.319348023269626,0.08756918199993909,0.5930827947304349,계약·질의검토,0.3350654319449469,0.10680353745899528,0.5581310305960578,0.32934243250653794,0.10107088265899156,0.5695866848344705
1,defense_intelligent_platform,defense_intelligent_platform:PMR-017,통상수용,0.25,통상수용,통상수용,True,False,True,통상수용,0.7099294224241383,0.1069215497722326,0.18314902780362918,통상수용,0.781752334998267,0.08702482447446105,0.13122284052727196,통상수용,0.70077740193411,0.10834793184806614,0.1908746662178238,0.730819719785505,0.10076476869825325,0.16841551151624165
1,defense_intelligent_platform,defense_intelligent_platform:PMR-018,계약·질의검토,0.25,계약·질의검토,계약·질의검토,True,False,True,계약·질의검토,0.3601247371890653,0.2487201972750015,0.3911550655359333,계약·질의검토,0.32448023585228636,0.22095336080151542,0.45456640334619824,계약·질의검토,0.3588721339775017,0.24963708346794167,0.3914907825545566,0.3478257023396178,0.23977021384815286,0.41240408381222937
1,defense_intelligent_platform,defense_intelligent_platform:PMR-019,견적반영,0.25,통상수용,통상수용,True,True,False,통상수용,0.4670477838974911,0.2991483914901093,0.23380382461239954,통상수용,0.4453978595931721,0.29852278336469246,0.25607935704213536,통상수용,0.47236712703958406,0.2935054344267856,0.23412743853363022,0.46160425684341577,0.29705886976052914,0.24133687339605503
1,defense_intelligent_platform,defense_intelligent_platform:PSR-002,견적반영,0.25,견적반영,견적반영,True,False,True,견적반영,0.2251574351511924,0.5480985838069422,0.22674398104186538,견적반영,0.19822363186767614,0.5860549313099441,0.2157214368223798,견적반영,0.22224165537439353,0.5510805238790714,0.22667782074653503,0.21520757413108738,0.5617446796653193,0.22304774620359344
1,defense_intelligent_platform,defense_intelligent_platform:PSR-003,계약·질의검토,0.25,계약·질의검토,계약·질의검토,True,False,True,계약·질의검토,0.25477576170047683,0.13258668151047862,0.6126375567890446,계약·질의검토,0.21545658995987835,0.08918164574511676,0.695361764295005,계약·질의검토,0.24396216882772523,0.13159220285789133,0.6244456283143833,0.23806484016269347,0.11778684337116223,0.6441483164661443
1,defense_intelligent_platform,defense_intelligent_platform:PSR-004,견적반영,0.25,통상수용,통상수용,True,True,False,통상수용,0.4689520105146332,0.2778928139065019,0.25315517557886486,통상수용,0.45758274114657854,0.3220410253687626,0.22037623348465896,통상수용,0.4699286764552946,0.2751478934080933,0.25492343013661195,0.46548780937216877,0.29169391089445257,0.24281827973337858
1,defense_intelligent_platform,defense_intelligent_platform:PSR-005,통상수용,0.25,통상수용,통상수용,True,False,True,통상수용,0.4817304544610933,0.3148588934362739,0.20341065210263276,통상수용,0.5283676376985111,0.2980313509321533,0.17360101136933562,통상수용,0.47612671048998495,0.31681444091799865,0.20705884859201654,0.49540826754986317,0.30990156176214195,0.19469017068799496
1,defense_intelligent_platform,defense_intelligent_platform:PSR-006,계약·질의검토,0.25,통상수용,통상수용,True,True,False,통상수용,0.41615470223689704,0.23045837235292504,0.35338692541017785,통상수용,0.4347512499411633,0.2139772601028544,0.35127148995598234,통상수용,0.4014556230488634,0.2322093585762171,0.3663350183749195,0.41745385840897464,0.22554833034399882,0.3569978112470265
1,defense_intelligent_platform,defense_intelligent_platform:PSR-007,통상수용,0.25,통상수용,통상수용,True,False,True,통상수용,0.5754312071077535,0.17348109514833415,0.2510876977439123,통상수용,0.6188421205812296,0.15197304410533077,0.22918483531343967,통상수용,0.5875462176733228,0.16641038357624693,0.2460433987504303,0.593939848454102,0.16395484094330395,0.2421053106025941
1,defense_intelligent_platform,defense_intelligent_platform:PSR-008,통상수용,0.25,통상수용,통상수용,True,False,True,통상수용,0.4714471035844422,0.4225450640445576,0.10600783237100023,통상수용,0.48750931098146427,0.42404874559701305,0.08844194342152265,통상수용,0.47658454058635275,0.4198479134294426,0.10356754598420469,0.4785136517174197,0.42214724102367107,0.0993391072589092
1,defense_intelligent_platform,defense_intelligent_platform:PSR-009,통상수용,0.25,통상수용,통상수용,True,False,True,통상수용,0.4653723812810994,0.21991175005707128,0.3147158686618293,통상수용,0.5326991288529429,0.18040208207819594,0.28689878906886124,통상수용,0.4795459435598896,0.21115364966001976,0.3093004067800906,0.49253915123131065,0.20382249393176233,0.303638354836927
1,defense_intelligent_platform,defense_intelligent_platform:PSR-010,통상수용,0.25,통상수용,통상수용,True,False,True,통상수용,0.506606669802232,0.21036061817388374,0.28303271202388425,통상수용,0.5381107887223981,0.16839592016515847,0.2934932911124434,통상수용,0.5153546671796899,0.20817178086705812,0.27647355195325196,0.52002404190144,0.19564277306870012,0.2843331850298599
1,defense_intelligent_platform,defense_intelligent_platform:QUR-002,통상수용,0.25,통상수용,통상수용,True,False,True,통상수용,0.5881865421180893,0.08528539693515061,0.3265280609467601,통상수용,0.6514821669061727,0.06486991627269018,0.28364791682113716,통상수용,0.5919226591690059,0.08281986916129178,0.3252574716697024,0.6105304560644226,0.07765839412304419,0.3118111498125332
1,defense_intelligent_platform,defense_intelligent_platform:QUR-003,계약·질의검토,0.25,통상수용,통상수용,True,True,False,통상수용,0.5498823926591665,0.1329773141931753,0.3171402931476582,통상수용,0.577708660300134,0.12307992029128877,0.2992114194085773,통상수용,0.5562795922828958,0.1303009429691537,0.31341946474795046,0.5612902150807321,0.12878605915120592,0.309923725768062
1,defense_intelligent_platform,defense_intelligent_platform:QUR-004,통상수용,0.25,통상수용,통상수용,True,False,True,통상수용,0.6441424149803902,0.2075842247294723,0.14827336029013752,통상수용,0.7120494428655563,0.17396653116815922,0.11398402596628446,통상수용,0.6409746263379618,0.20860239023593385,0.15042298342610447,0.665722161394636,0.19671771537785512,0.1375601232275088
1,defense_intelligent_platform,defense_intelligent_platform:QUR-005,계약·질의검토,0.25,통상수용,통상수용,True,True,False,통상수용,0.6010212367250416,0.16459474475146246,0.23438401852349594,통상수용,0.61006237924734,0.15848861388489616,0.23144900686776387,통상수용,0.6098581103547802,0.1566452538337575,0.2334966358114623,0.6069805754423873,0.1599095374900387,0.23310988706757405
1,defense_intelligent_platform,defense_intelligent_platform:QUR-006,통상수용,0.25,통상수용,통상수용,True,False,True,통상수용,0.6708072245261992,0.10436285733525426,0.22482991813854653,통상수용,0.7525399405842165,0.0747379104813655,0.1727221489344181,통상수용,0.6793833628516162,0.09939176868245131,0.22122486846593242,0.7009101759873438,0.09283084549969035,0.20625897851296568
1,defense_intelligent_platform,defense_intelligent_platform:SER-001,계약·질의검토,0.25,통상수용,통상수용,True,True,False,통상수용,0.5543039661932976,0.10762828926931436,0.338067744537388,통상수용,0.5814712199747768,0.09192325801696925,0.326605522008254,통상수용,0.5630903947658203,0.10306555463169849,0.3338440506024811,0.566288526977965,0.10087236730599403,0.3328391057160411
1,defense_intelligent_platform,defense_intelligent_platform:SER-002,견적반영,0.25,통상수용,통상수용,True,True,False,통상수용,0.5586494903191236,0.11434623275149501,0.32700427692938133,통상수용,0.5403808138534592,0.09681629399975021,0.3628028921467906,통상수용,0.556602264342429,0.11127013994839512,0.3321275957091759,0.5518775228383372,0.10747755556654677,0.34064492159511595
1,defense_intelligent_platform,defense_intelligent_platform:SER-003,계약·질의검토,0.25,통상수용,통상수용,True,True,False,통상수용,0.47773878645283824,0.1578208566411539,0.3644403569060078,통상수용,0.487689450397376,0.1363228503464042,0.3759876992562198,통상수용,0.47377046601772604,0.1561674733876412,0.3700620605946328,0.4797329009559801,0.1501037267917331,0.3701633722522868
1,defense_intelligent_platform,defense_intelligent_platform:SER-004,견적반영,0.25,통상수용,통상수용,True,True,False,통상수용,0.44975383644315087,0.19791428942827816,0.3523318741285711,통상수용,0.42571275689216387,0.18825574999382114,0.38603149311401486,통상수용,0.4539307439467787,0.19232662879390597,0.3537426272593154,0.4431324457606978,0.1928322227386684,0.3640353315006338
1,defense_intelligent_platform,defense_intelligent_platform:SER-007,견적반영,0.25,계약·질의검토,계약·질의검토,True,True,False,계약·질의검토,0.36184543154171656,0.14742260310228397,0.4907319653559995,계약·질의검토,0.3723579530738262,0.14532835017773324,0.48231369674844055,계약·질의검토,0.3647024859268342,0.14331324078158847,0.49198427329157735,0.366301956847459,0.14535473135386856,0.48834331179867246
1,defense_intelligent_platform,defense_intelligent_platform:SER-008,통상수용,0.25,통상수용,통상수용,True,False,True,통상수용,0.5733882875230231,0.21756072144654076,0.20905099103043626,통상수용,0.5531024929787723,0.2594056455255086,0.1874918614957191,통상수용,0.5780095219380994,0.21410921900440383,0.20788125905749671,0.568166767479965,0.23035852865881776,0.20147470386121735
1,defense_intelligent_platform,defense_intelligent_platform:SER-009,통상수용,0.25,통상수용,통상수용,True,False,True,통상수용,0.5288960025839523,0.2589297980316257,0.212174199384422,통상수용,0.5602814522316987,0.2280199328119325,0.21169861495636882,통상수용,0.5320997651903642,0.2566089779736001,0.21129125683603572,0.540425740002005,0.24785290293905274,0.21172135705894216
1,defense_intelligent_platform,defense_intelligent_platform:SFR-001,통상수용,0.25,통상수용,통상수용,True,False,True,통상수용,0.4682510290053548,0.3354540417416533,0.1962949292529919,통상수용,0.469564966376709,0.33078495919214906,0.19965007443114205,통상수용,0.4772960650664047,0.33270234613353683,0.19000158880005846,0.47170402014948953,0.3329804490224464,0.19531553082806416
1,defense_intelligent_platform,defense_intelligent_platform:SFR-003,계약·질의검토,0.25,통상수용,통상수용,True,True,False,통상수용,0.5421456264673471,0.2879869490006974,0.16986742453195552,통상수용,0.6180748745044817,0.2308423785383318,0.1510827469571865,통상수용,0.5452819004324284,0.28824641839093756,0.166471681176634,0.5685008004680857,0.2690252486433223,0.16247395088859198
1,defense_intelligent_platform,defense_intelligent_platform:SFR-004,통상수용,0.25,통상수용,통상수용,True,False,True,통상수용,0.6593936782488642,0.2124101145610862,0.1281962071900496,통상수용,0.7547900823409646,0.16130363879128376,0.08390627886775162,통상수용,0.6669290454383572,0.20802920486520382,0.12504174969643894,0.693704268676062,0.1939143194058579,0.11238141191808004
1,defense_intelligent_platform,defense_intelligent_platform:SFR-005,통상수용,0.25,통상수용,통상수용,True,False,True,통상수용,0.45904424908623487,0.29761187894374413,0.24334387197002094,통상수용,0.4921639950921649,0.28890769397919724,0.21892831092863774,통상수용,0.4578894358718094,0.30090297223993817,0.24120759188825233,0.469699226683403,0.29580751505429315,0.2344932582623037
1,defense_intelligent_platform,defense_intelligent_platform:SFR-006,통상수용,0.25,통상수용,통상수용,True,False,True,통상수용,0.6880967988390901,0.21087539217236903,0.10102780898854088,통상수용,0.7485834659559566,0.17307632256533326,0.07834021147871024,통상수용,0.7018334835165155,0.203687203487192,0.09447931299629253,0.712837916103854,0.19587963940829808,0.09128244448784789
1,defense_intelligent_platform,defense_intelligent_platform:SFR-007,견적반영,0.25,견적반영,견적반영,True,False,True,견적반영,0.2966953004596409,0.43749379450211434,0.26581090503824467,견적반영,0.23991769735899826,0.48730549549915797,0.2727768071418438,견적반영,0.2922706544972369,0.44491387478917954,0.26281547071358363,0.2762945507719587,0.45657105493015065,0.2671343942978907
1,defense_intelligent_platform,defense_intelligent_platform:SFR-008,통상수용,0.25,견적반영,견적반영,True,True,False,견적반영,0.35262395381979483,0.4258833019795769,0.22149274420062817,견적반영,0.3109822944493062,0.4964297268377507,0.1925879787129432,견적반영,0.3559627067003409,0.42906258527652874,0.21497470802313037,0.3398563183231473,0.4504585380312854,0.20968514364556723
1,defense_intelligent_platform,defense_intelligent_platform:SFR-009,통상수용,0.25,통상수용,통상수용,True,False,True,통상수용,0.5132420356551837,0.3875227736361084,0.0992351907087079,통상수용,0.5049996451785598,0.40992403790613824,0.08507631691530199,통상수용,0.5259137519458957,0.38042484465069915,0.093661403403405,0.5147184775932131,0.39262388539764864,0.0926576370091383
1,defense_intelligent_platform,defense_intelligent_platform:SFR-010,통상수용,0.25,통상수용,통상수용,True,False,True,통상수용,0.41167596223979014,0.3463403077312664,0.24198373002894338,통상수용,0.4370546885877817,0.3313734211436001,0.2315718902686182,통상수용,0.41386235743476874,0.35004416012699346,0.23609348243823772,0.42086433608744683,0.34258596300062,0.2365497009119331
1,defense_intelligent_platform,defense_intelligent_platform:SFR-011,통상수용,0.25,통상수용,통상수용,True,False,True,통상수용,0.43862640449403,0.3585845073832625,0.20278908812270757,통상수용,0.4586909491922504,0.36325443946126623,0.17805461134648343,통상수용,0.44672817492012823,0.3578756002168402,0.19539622486303157,0.4480151762021362,0.35990484902045633,0.19207997477740754
1,defense_intelligent_platform,defense_intelligent_platform:SFR-012,계약·질의검토,0.25,계약·질의검토,계약·질의검토,True,False,True,계약·질의검토,0.32088024084744216,0.26033583535807425,0.41878392379448365,계약·질의검토,0.30843604107580996,0.2596812669129367,0.4318826920112533,계약·질의검토,0.3258532765386535,0.26211213223726243,0.41203459122408415,0.3183898528206352,0.2607097448360911,0.4209004023432737
1,defense_intelligent_platform,defense_intelligent_platform:SFR-013,통상수용,0.25,견적반영,견적반영,True,True,False,견적반영,0.38345135860895563,0.40706488530605645,0.20948375608498793,견적반영,0.34923422366654494,0.4085536575157559,0.24221211881769913,견적반영,0.38404803335724835,0.4082932760225713,0.20765869062018044,0.3722445385442496,0.4079706062814612,0.21978485517428914
1,defense_intelligent_platform,defense_intelligent_platform:SFR-014,통상수용,0.25,견적반영,견적반영,True,True,False,견적반영,0.32049485896148266,0.4589116245969347,0.2205935164415825,견적반영,0.313752088555412,0.4751051825208494,0.21114272892373853,견적반영,0.32401742922110705,0.46094358161567506,0.21503898916321787,0.3194214589126672,0.4649867962444864,0.2155917448428463
1,defense_intelligent_platform,defense_intelligent_platform:SFR-015,통상수용,0.25,견적반영,견적반영,True,True,False,견적반영,0.23235239648129488,0.5634112497421163,0.20423635377658875,견적반영,0.21028224456935032,0.5957303851473413,0.1939873702833083,견적반영,0.23150454380135344,0.5732344868893728,0.19526096930927375,0.22471306161733287,0.5774587072596101,0.19782823112305692
1,defense_intelligent_platform,defense_intelligent_platform:SFR-017,통상수용,0.25,통상수용,통상수용,True,False,True,통상수용,0.428620678222747,0.3796897024387653,0.1916896193384876,통상수용,0.44831013938142683,0.37853462419983447,0.17315523641873878,통상수용,0.42701380639398673,0.38522092892265936,0.18776526468335386,0.4346482079993869,0.3811484185204197,0.18420337348019342
1,defense_intelligent_platform,defense_intelligent_platform:SFR-018,통상수용,0.25,통상수용,통상수용,False,False,True,통상수용,0.4185738979518298,0.4173577056246457,0.16406839642352464,통상수용,0.45750683575231854,0.40466053097255367,0.13783263327512774,견적반영,0.41937649422826523,0.42022460663829064,0.16039889913344405,0.43181907597747116,0.4140809477451633,0.1540999762773655
1,defense_intelligent_platform,defense_intelligent_platform:SFR-019,통상수용,0.25,통상수용,통상수용,True,False,True,통상수용,0.5102627796875476,0.34515970477398505,0.14457751553846726,통상수용,0.5731503840667288,0.3428953063971944,0.08395430953607687,통상수용,0.5146308309953446,0.3456642520478631,0.13970491695679235,0.532681331583207,0.34457308773968087,0.12274558067711216
1,defense_intelligent_platform,defense_intelligent_platform:SFR-020,견적반영,0.25,견적반영,견적반영,True,False,True,견적반영,0.26420147367350194,0.4149638168161975,0.3208347095103005,견적반영,0.2584169163278326,0.38182210822419965,0.3597609754479678,견적반영,0.25357751570055254,0.42402835942080846,0.3223941248786391,0.2587319685672957,0.40693809482040183,0.3343299366123025
1,defense_intelligent_platform,defense_intelligent_platform:SFR-021,견적반영,0.25,견적반영,견적반영,True,False,True,견적반영,0.33011403106445875,0.4966865472497504,0.17319942168579072,견적반영,0.31872916244040617,0.5133788568078614,0.16789198075173248,견적반영,0.32984774218910934,0.5035112446469705,0.16664101316392027,0.3262303118979914,0.5045255495681941,0.1692441385338145
1,defense_intelligent_platform,defense_intelligent_platform:SFR-022,견적반영,0.25,통상수용,통상수용,True,True,False,통상수용,0.5726814308530442,0.26387399308245696,0.16344457606449872,통상수용,0.6159423119949207,0.2454876790293432,0.1385700089757361,통상수용,0.5756102876691922,0.2665229746415057,0.15786673768930204,0.5880780101723857,0.2586282155844353,0.15329377424317894
1,defense_intelligent_platform,defense_intelligent_platform:SFR-023,견적반영,0.25,견적반영,견적반영,False,False,True,견적반영,0.4037904389483712,0.4726442824887051,0.12356527856292368,통상수용,0.4702880251665978,0.4349379685200383,0.0947740063133639,견적반영,0.39685897547799326,0.480577564365311,0.1225634601566958,0.4236458131976541,0.4627199384580181,0.11363424834432778
1,defense_intelligent_platform,defense_intelligent_platform:SFR-024,견적반영,0.25,통상수용,통상수용,True,True,False,통상수용,0.4566387198793643,0.39515905925674466,0.14820222086389118,통상수용,0.4961825706175603,0.3856011665804013,0.11821626280203842,통상수용,0.4566973630009217,0.39581968927073863,0.14748294772833967,0.4698395511659488,0.39219330503596156,0.13796714379808975
1,defense_intelligent_platform,defense_intelligent_platform:SFR-025,견적반영,0.25,견적반영,견적반영,True,False,True,견적반영,0.19106429733878175,0.563192235068334,0.24574346759288423,견적반영,0.1696154143796137,0.6327766953913335,0.19760789022905284,견적반영,0.18994516613297335,0.5639015742946671,0.24615325957235953,0.18354162595045623,0.5866235015847783,0.22983487246476553
1,defense_intelligent_platform,defense_intelligent_platform:SFR-026,견적반영,0.25,견적반영,견적반영,True,False,True,견적반영,0.3070375531031508,0.3760054310725197,0.3169570158243295,견적반영,0.28981483849274364,0.4206727234913819,0.28951243801587456,견적반영,0.3087029819942265,0.3761644947895784,0.3151325232161951,0.30185179119670696,0.39094754978449336,0.3072006590187997
1,defense_intelligent_platform,defense_intelligent_platform:SFR-027,통상수용,0.25,통상수용,통상수용,True,False,True,통상수용,0.5308420783859107,0.36250293431972064,0.10665498729436869,통상수용,0.5187503913537406,0.41841074694161356,0.06283886170464592,통상수용,0.5358052403494207,0.36054727613615883,0.10364748351442052,0.528465903363024,0.38048698579916435,0.0910471108378117
1,defense_intelligent_platform,defense_intelligent_platform:SFR-028,견적반영,0.25,견적반영,견적반영,True,False,True,견적반영,0.2544673503980189,0.5607032601003076,0.1848293895016736,견적반영,0.2513617235983219,0.5966981593510166,0.15194011705066154,견적반영,0.2529478952302189,0.5675424826443511,0.17950962212543,0.25292565640885317,0.5749813006985584,0.1720930428925884
1,defense_intelligent_platform,defense_intelligent_platform:SFR-029,견적반영,0.25,견적반영,견적반영,True,False,True,견적반영,0.11428174077635186,0.5797162600798613,0.30600199914378684,견적반영,0.09988244797638042,0.6150023278670329,0.2851152241565867,견적반영,0.11271205099932573,0.5868832675498771,0.30040468145079735,0.10895874658401934,0.5938672851655905,0.2971739682503903
1,defense_intelligent_platform,defense_intelligent_platform:SFR-030,견적반영,0.25,견적반영,견적반영,True,False,True,견적반영,0.09564123052718924,0.7190793096102654,0.18527945986254538,견적반영,0.06425219694895153,0.7951877070416157,0.14056009600943298,견적반영,0.0916607216478278,0.7262081708887113,0.18213110746346095,0.08385138304132285,0.7468250625135308,0.16932355444514643
1,defense_intelligent_platform,defense_intelligent_platform:SFR-031,견적반영,0.25,견적반영,견적반영,True,False,True,견적반영,0.31030432275680947,0.5604075541889293,0.12928812305426118,견적반영,0.3116384369206625,0.5821386394550062,0.10622292362433129,견적반영,0.31054293817235884,0.5637606070009374,0.1256964548267036,0.3108285659499436,0.568768933548291,0.12040250050176536
1,defense_intelligent_platform,defense_intelligent_platform:SFR-032,견적반영,0.25,견적반영,견적반영,True,False,True,견적반영,0.2516807919946742,0.581551203710483,0.16676800429484287,견적반영,0.24227130776172595,0.5957430707903003,0.16198562144797365,견적반영,0.25200355111912487,0.5825383179964645,0.16545813088441078,0.24865188362517499,0.5866108641657493,0.16473725220907576
1,defense_intelligent_platform,defense_intelligent_platform:SFR-033,계약·질의검토,0.25,견적반영,견적반영,True,True,False,견적반영,0.19051796441199995,0.5475784063756781,0.261903629212322,견적반영,0.14317479554621856,0.5904514975174827,0.26637370693629864,견적반영,0.18518360115801696,0.5521515038353452,0.26266489500663787,0.17295878703874515,0.5633938025761687,0.26364741038508616
1,defense_intelligent_platform,defense_intelligent_platform:SFR-034,견적반영,0.25,견적반영,견적반영,True,False,True,견적반영,0.24858676438132712,0.49582575220745956,0.2555874834112133,견적반영,0.2497748775061486,0.49274136334392904,0.25748375914992233,견적반영,0.23702146916380326,0.508182917327898,0.2547956135082987,0.24512770368375966,0.4989166776264289,0.2559556186898115
1,defense_intelligent_platform,defense_intelligent_platform:SFR-035,계약·질의검토,0.25,견적반영,견적반영,True,True,False,견적반영,0.13658370968283923,0.5821042538054609,0.2813120365116999,견적반영,0.11124787311509339,0.6135106444931415,0.27524148239176516,견적반영,0.13070966486384106,0.590303550615635,0.2789867845205239,0.1261804158872579,0.5953061496380792,0.278513434474663
1,defense_intelligent_platform,defense_intelligent_platform:SFR-036,견적반영,0.25,견적반영,견적반영,True,False,True,견적반영,0.19698041520725107,0.5140059458372814,0.28901363895546744,견적반영,0.19177275261530496,0.5100342002559554,0.2981930471287397,견적반영,0.1891721102906918,0.52257719384443,0.2882506958648782,0.1926417593710826,0.5155391133125556,0.2918191273163618
1,defense_intelligent_platform,defense_intelligent_platform:SFR-038,계약·질의검토,0.25,견적반영,견적반영,True,True,False,견적반영,0.2894759443914511,0.41217096614253346,0.29835308946601546,견적반영,0.2472130265488018,0.47039586074206624,0.282391112709132,견적반영,0.281499206302918,0.4249923955211183,0.29350839817596375,0.2727293924143903,0.4358530741352393,0.2914175334503704
1,defense_intelligent_platform,defense_intelligent_platform:SFR-039,견적반영,0.25,견적반영,견적반영,True,False,True,견적반영,0.22378693072499,0.5448992545126861,0.23131381476232393,견적반영,0.22245573931863027,0.5372521979165732,0.24029206276479656,견적반영,0.21640610678759953,0.5562520037982674,0.227341889414133,0.2208829256104066,0.5461344854091755,0.23298258898041782
1,defense_intelligent_platform,defense_intelligent_platform:SFR-040,통상수용,0.25,견적반영,견적반영,True,True,False,견적반영,0.3069528939136786,0.4051674535172314,0.2878796525690901,견적반영,0.2404755353139575,0.43789507770121444,0.32162938698482807,견적반영,0.2996488215567595,0.41374172425305067,0.28660945419018996,0.2823590835947985,0.4189347518238322,0.2987061645813694
1,defense_intelligent_platform,defense_intelligent_platform:SFR-041,견적반영,0.25,견적반영,견적반영,True,False,True,견적반영,0.18100933802348182,0.53684299485824,0.2821476671182781,견적반영,0.13601491366086985,0.574932701741214,0.2890523845979161,견적반영,0.17291379400083778,0.5467396089734716,0.2803465970256907,0.16331268189506315,0.5528384351909752,0.2838488829139616
1,defense_intelligent_platform,defense_intelligent_platform:SFR-042,계약·질의검토,0.25,견적반영,견적반영,True,True,False,견적반영,0.17533629467676445,0.5358116844969999,0.2888520208262357,견적반영,0.14973741019299144,0.575843619372147,0.2744189704348616,견적반영,0.16706299494139987,0.5443268874473848,0.2886101176112154,0.16404556660371858,0.5519940637721773,0.2839603696241042
1,defense_intelligent_platform,defense_intelligent_platform:SFR-043,견적반영,0.25,견적반영,견적반영,True,False,True,견적반영,0.13055438758495605,0.6198697237214754,0.24957588869356853,견적반영,0.11939443203749252,0.606719163161249,0.2738864048012586,견적반영,0.12609871000794576,0.6342805840850075,0.23962070590704673,0.12534917654346478,0.6202898236559107,0.2543609998006246
1,defense_intelligent_platform,defense_intelligent_platform:SFR-044,견적반영,0.25,견적반영,견적반영,True,False,True,견적반영,0.24257661338110234,0.5782293636086365,0.1791940230102611,견적반영,0.1982473532246394,0.6233237359909372,0.17842891078442333,견적반영,0.23248450242577287,0.5877477382513694,0.17976775932285782,0.2244361563438382,0.596433612616981,0.17913023103918077
1,defense_intelligent_platform,defense_intelligent_platform:SFR-045,견적반영,0.25,견적반영,견적반영,True,False,True,견적반영,0.22535178481760143,0.5088696842202709,0.2657785309621276,견적반영,0.19310778886247407,0.535459489092503,0.27143272204502306,견적반영,0.21478659909828654,0.5245913503024829,0.26062205059923055,0.21108205759278734,0.5229735078717522,0.2659444345354604
1,defense_intelligent_platform,defense_intelligent_platform:SFR-046,통상수용,0.25,견적반영,견적반영,False,False,True,통상수용,0.4074750027953928,0.40426777264074626,0.18825722456386093,견적반영,0.36512131228692324,0.4687255748300324,0.16615311288304427,견적반영,0.3945300454444328,0.4179039833794427,0.18756597117612453,0.389042120175583,0.4302991102834071,0.1806587695410099
1,defense_intelligent_platform,defense_intelligent_platform:SFR-047,견적반영,0.25,견적반영,견적반영,True,False,True,견적반영,0.14482710417527594,0.5448439061938021,0.3103289896309221,견적반영,0.10769475990132188,0.5906769685679538,0.30162827153072425,견적반영,0.1386431757222551,0.5530776287023451,0.3082791955753997,0.13038834659961765,0.562866167821367,0.3067454855790153
1,defense_intelligent_platform,defense_intelligent_platform:SFR-048,견적반영,0.25,견적반영,견적반영,True,False,True,견적반영,0.16782011315014467,0.5322899565807441,0.29988993026911126,견적반영,0.13359288864768099,0.5553345648982312,0.3110725464540879,견적반영,0.1599823846090211,0.543730292462744,0.29628732292823484,0.15379846213561557,0.5437849379805731,0.3024165998838113
1,defense_intelligent_platform,defense_intelligent_platform:SFR-049,계약·질의검토,0.25,견적반영,견적반영,True,True,False,견적반영,0.16447547985125754,0.52730875781696,0.3082157623317825,견적반영,0.13627758366541562,0.5800987313819915,0.283623684952593,견적반영,0.15818795630049984,0.5333711474446564,0.30844089625484367,0.15298033993905769,0.5469262122145359,0.3000934478464064
1,defense_intelligent_platform,defense_intelligent_platform:SFR-050,계약·질의검토,0.25,견적반영,계약·질의검토,False,False,True,견적반영,0.31615804918444423,0.35101539669494397,0.3328265541206118,계약·질의검토,0.32103599596291255,0.32963676408219894,0.3493272399548885,견적반영,0.3048237745755902,0.36054054449631334,0.33463568092809637,0.31400593990764897,0.3470642350911521,0.3389298250011989
1,defense_intelligent_platform,defense_intelligent_platform:SFR-051,계약·질의검토,0.25,견적반영,견적반영,True,True,False,견적반영,0.15449493954701304,0.46789345710566227,0.3776116033473247,견적반영,0.13576428046865924,0.5032004425546261,0.36103527697671456,견적반영,0.1458375783420019,0.4766092089411659,0.3775532127168323,0.14536559945255806,0.4825677028671514,0.3720666976802905
1,defense_intelligent_platform,defense_intelligent_platform:SFR-052,견적반영,0.25,견적반영,견적반영,True,False,True,견적반영,0.2900297752279519,0.4617841556112314,0.24818606916081679,견적반영,0.2771715715056891,0.45968053880433757,0.26314788968997344,견적반영,0.278089430440068,0.47273607101599835,0.24917449854393373,0.28176359239123633,0.46473358847718904,0.25350281913157463
1,defense_intelligent_platform,defense_intelligent_platform:SFR-053,통상수용,0.25,통상수용,통상수용,True,False,True,통상수용,0.4376312677707424,0.3397515271443862,0.22261720508487137,통상수용,0.5241607531165468,0.2612036711276727,0.21463557575578054,통상수용,0.43498159276299425,0.34614453563178305,0.21887387160522276,0.4655912045500945,0.31569991130128067,0.21870888414862488
1,defense_intelligent_platform,defense_intelligent_platform:SFR-054,견적반영,0.25,견적반영,견적반영,True,False,True,견적반영,0.19912527428367918,0.6177630129418852,0.1831117127744357,견적반영,0.1827801846393435,0.6595941996931924,0.15762561566746405,견적반영,0.19221287986422603,0.625177309534598,0.18260981060117593,0.19137277959574958,0.6341781740565585,0.1744490463476919
1,defense_intelligent_platform,defense_intelligent_platform:SFR-055,견적반영,0.25,견적반영,견적반영,True,False,True,견적반영,0.21787293615207284,0.45410777411364633,0.32801928973428085,견적반영,0.1859906195686807,0.4661915443201803,0.347817836111139,견적반영,0.21001083438660822,0.46334391046498646,0.3266452551484054,0.20462479670245393,0.46121440963293764,0.33416079366460844
1,defense_intelligent_platform,defense_intelligent_platform:SFR-056,견적반영,0.25,견적반영,견적반영,True,False,True,견적반영,0.27921819162844796,0.4690677698415726,0.25171403852997953,견적반영,0.2625288818800751,0.5225057182308575,0.2149653998890675,견적반영,0.27610342820121553,0.4758717468441537,0.24802482495463077,0.2726168339032462,0.4891484116388612,0.23823475445789258
1,defense_intelligent_platform,defense_intelligent_platform:SFR-057,통상수용,0.25,견적반영,견적반영,True,True,False,견적반영,0.4066895279380332,0.4336215512985107,0.15968892076345603,견적반영,0.3850538729608529,0.4664516511307558,0.14849447590839138,견적반영,0.4088301218466429,0.4365614527312089,0.15460842542214812,0.40019117424850964,0.4455448850534918,0.1542639406979985
1,defense_intelligent_platform,defense_intelligent_platform:SFR-058,견적반영,0.25,견적반영,견적반영,True,False,True,견적반영,0.26587892933475976,0.534178898579265,0.1999421720859752,견적반영,0.23362943900395822,0.5882174810943287,0.17815307990171309,견적반영,0.2599287022619717,0.5443172245280105,0.19575407321001784,0.25314569020022987,0.5555712014005346,0.19128310839923537
1,defense_intelligent_platform,defense_intelligent_platform:SFR-059,견적반영,0.25,견적반영,견적반영,True,False,True,견적반영,0.2753434271969429,0.5169199343856208,0.20773663841743636,견적반영,0.2961143744362437,0.5331907462013628,0.1706948793623936,견적반영,0.26463913310210524,0.5285932365947608,0.2067676303031341,0.27869897824509726,0.5262346390605814,0.1950663826943214
1,defense_intelligent_platform,defense_intelligent_platform:SFR-060,견적반영,0.25,견적반영,견적반영,True,False,True,견적반영,0.348927705065556,0.4349995135088207,0.21607278142562328,견적반영,0.4027562963111324,0.4106911143023384,0.1865525893865293,견적반영,0.3395705166648509,0.44509639514286453,0.2153330881922846,0.36375150601384637,0.4302623409846746,0.20598615300147904
1,defense_intelligent_platform,defense_intelligent_platform:SFR-061,견적반영,0.25,견적반영,견적반영,True,False,True,견적반영,0.37712062881941966,0.4508716647672221,0.1720077064133582,견적반영,0.36261740271072684,0.5149669562515204,0.1224156410377527,견적반영,0.37044563783982143,0.4610755139212041,0.16847884823897455,0.3700612231233227,0.47563804497998224,0.15430073189669513
1,defense_intelligent_platform,defense_intelligent_platform:SFR-062,계약·질의검토,0.25,견적반영,견적반영,True,True,False,견적반영,0.19752015229013856,0.5695775961468128,0.23290225156304864,견적반영,0.1728003963839503,0.5980587220572703,0.22914088155877943,견적반영,0.1842200983688783,0.5839421267800474,0.2318377748510742,0.1848468823476557,0.5838594816613768,0.23129363599096742
1,defense_intelligent_platform,defense_intelligent_platform:SFR-063,계약·질의검토,0.25,견적반영,견적반영,True,True,False,견적반영,0.1321604846986457,0.6711881116606179,0.19665140364073655,견적반영,0.11113274802027687,0.7261802432547108,0.16268700872501243,견적반영,0.12390589442144691,0.6807732206740129,0.19532088490454025,0.12239970904678982,0.6927138585297805,0.18488643242342975
1,defense_intelligent_platform,defense_intelligent_platform:SFR-064,통상수용,0.25,견적반영,견적반영,True,True,False,견적반영,0.3064707444762276,0.4972920672128091,0.19623718831096315,견적반영,0.3513000339119527,0.4712674637598992,0.17743250232814814,견적반영,0.3071529414412731,0.5012122633530572,0.19163479520566973,0.32164123994315114,0.48992393144192187,0.188434828614927
1,defense_intelligent_platform,defense_intelligent_platform:SFR-065,견적반영,0.25,견적반영,견적반영,True,False,True,견적반영,0.1354366704409108,0.5841377139720395,0.2804256155870497,견적반영,0.09636552983974953,0.6600350663601483,0.24359940380010214,견적반영,0.12832235066501135,0.5926093712984408,0.2790682780365478,0.12004151698189054,0.6122607172102096,0.2676977658078999
1,defense_intelligent_platform,defense_intelligent_platform:SFR-066,견적반영,0.25,통상수용,통상수용,True,True,False,통상수용,0.5272675426961736,0.21088343048690225,0.2618490268169241,통상수용,0.5755085074540187,0.18501521402411616,0.2394762785218651,통상수용,0.5278274994795068,0.21079109334120538,0.2613814071792878,0.5435345165432331,0.20222991261740794,0.254235570839359
1,defense_intelligent_platform,defense_intelligent_platform:SFR-067,통상수용,0.25,통상수용,통상수용,True,False,True,통상수용,0.5111783569774632,0.26801554025142227,0.22080610277111454,통상수용,0.5979720944087807,0.2215595327272123,0.18046837286400705,통상수용,0.5100517767038472,0.2691878030764626,0.22076042021969017,0.5397340760300304,0.2529209586850324,0.20734496528493726
1,defense_intelligent_platform,defense_intelligent_platform:TER-002,통상수용,0.25,통상수용,통상수용,True,False,True,통상수용,0.4775760970083742,0.15716899878039603,0.36525490421122975,통상수용,0.493130395947635,0.13406915907461078,0.3728004449777543,통상수용,0.475967917988921,0.15649596538180752,0.36753611662927144,0.4822248036483101,0.1492447077456048,0.36853048860608517
1,defense_intelligent_platform,defense_intelligent_platform:TER-003,통상수용,0.25,계약·질의검토,계약·질의검토,False,False,True,계약·질의검토,0.38082528334675664,0.22576357256181787,0.3934111440914254,통상수용,0.42032839551090434,0.1785619767130103,0.40110962777608533,계약·질의검토,0.37923903208656,0.22364456907833374,0.3971163988351062,0.393464236981407,0.20932337278438728,0.3972123902342057
1,defense_intelligent_platform,defense_intelligent_platform:TER-004,계약·질의검토,0.25,계약·질의검토,계약·질의검토,True,False,True,계약·질의검토,0.1535547633495632,0.14358236524618914,0.7028628714042477,계약·질의검토,0.10446646195661946,0.1073132231685756,0.788220314874805,계약·질의검토,0.14909632081994723,0.1397291284296032,0.7111745507504497,0.13570584870870997,0.13020823894812264,0.7340859123431676
1,defense_intelligent_platform,defense_intelligent_platform:TER-005,계약·질의검토,0.25,견적반영,견적반영,True,True,False,견적반영,0.29348219694905353,0.3629014696651799,0.34361633338576647,견적반영,0.25320401530068093,0.3790442784627625,0.3677517062365566,견적반영,0.2910381921678677,0.3597341423325619,0.34922766549957046,0.27924146813920075,0.36722663015350143,0.3535319017072978
1,defense_intelligent_platform,defense_intelligent_platform:TER-006,계약·질의검토,0.25,계약·질의검토,계약·질의검토,True,False,True,계약·질의검토,0.26397541651771117,0.10969275730419858,0.6263318261780902,계약·질의검토,0.2695645262812086,0.08388878968003398,0.6465466840387574,계약·질의검토,0.26540569808636727,0.10712056882979425,0.6274737330838386,0.266315213628429,0.10023403860467561,0.6334507477668954
1,defense_intelligent_platform,defense_intelligent_platform:TER-007,계약·질의검토,0.25,계약·질의검토,계약·질의검토,True,False,True,계약·질의검토,0.2322692991920833,0.21653540450213232,0.5511952963057843,계약·질의검토,0.20251351243721008,0.19473697386954442,0.6027495136932455,계약·질의검토,0.21661592861922122,0.22037604594211743,0.5630080254386615,0.21713291341617155,0.21054947477126473,0.5723176118125637
1,defense_intelligent_platform,defense_intelligent_platform:TER-008,계약·질의검토,0.25,견적반영,견적반영,True,True,False,견적반영,0.2659898009394891,0.5688335392672745,0.1651766597932363,견적반영,0.21195979031770917,0.6503940364887111,0.1376461731935797,견적반영,0.2612073549658972,0.5729678925426452,0.16582475249145748,0.24638564874103183,0.597398489432877,0.15621586182609115
1,defense_intelligent_platform,defense_intelligent_platform:TER-009,계약·질의검토,0.25,통상수용,통상수용,True,True,False,통상수용,0.49159316969161454,0.20553839906715127,0.3028684312412342,통상수용,0.5024939441232125,0.16118690727346668,0.33631914860332085,통상수용,0.49473088815364263,0.20510357559058698,0.3001655362557704,0.4962726673228232,0.19060962731040165,0.31311770536677513
2,genai_incident_response,genai_incident_response:CNR-001,견적반영,0.5,견적반영,견적반영,True,False,True,견적반영,0.3446876639473113,0.3910557443508144,0.2642565917018743,견적반영,0.30835580886984815,0.4581946738618344,0.23344951726831747,견적반영,0.32102792352199844,0.40717222297262196,0.2717998535053796,0.32469046544638597,0.41880754706175694,0.2565019874918571
2,genai_incident_response,genai_incident_response:DAR-001,계약·질의검토,0.5,통상수용,통상수용,False,True,False,통상수용,0.45443318733316485,0.3664489240495474,0.1791178886172878,견적반영,0.40025196858817724,0.4286705139003507,0.171077517511472,통상수용,0.4253796896640792,0.38432505221616414,0.19029525811975673,0.42668828186180713,0.39314816338868736,0.18016355474950552
2,genai_incident_response,genai_incident_response:DAR-002,견적반영,0.5,견적반영,견적반영,True,False,True,견적반영,0.41259605922774706,0.47126995315579523,0.1161339876164576,견적반영,0.4176911948449345,0.4843228262025561,0.09798597895250939,견적반영,0.4429160057140352,0.4488069639002043,0.1082770303857606,0.42440108659557224,0.4681332477528519,0.10746566565157585
2,genai_incident_response,genai_incident_response:DAR-003,견적반영,0.5,통상수용,통상수용,False,False,True,통상수용,0.4435720472765363,0.3934444524851627,0.16298350023830094,통상수용,0.4991523872745134,0.3447876756648607,0.15605993706062596,견적반영,0.4073140733152842,0.43209636645101235,0.16058956023370347,0.45001283595544467,0.39010949820034524,0.15987766584421012
2,genai_incident_response,genai_incident_response:DAR-004,통상수용,0.5,견적반영,견적반영,True,True,False,견적반영,0.2636434964208974,0.5635274522629627,0.1728290513161398,견적반영,0.24984613966242142,0.5840518607084554,0.16610199962912311,견적반영,0.23432585272550727,0.5838502432667029,0.18182390400778994,0.249271829602942,0.5771431854127069,0.17358498498435093
2,genai_incident_response,genai_incident_response:DAR-005,견적반영,0.5,견적반영,견적반영,True,False,True,견적반영,0.3010206165889026,0.3902151534410341,0.3087642299700633,견적반영,0.2792736095653374,0.3930179033239737,0.3277084871106889,견적반영,0.28582504235868045,0.3975046998585508,0.31667025778276875,0.2887064228376402,0.3935792522078529,0.31771432495450697
2,genai_incident_response,genai_incident_response:INR-001,계약·질의검토,0.5,견적반영,견적반영,True,True,False,견적반영,0.24043453194953726,0.47461878099863913,0.28494668705182363,견적반영,0.2077243248240059,0.4801418352141647,0.31213383996182925,견적반영,0.22388820677667975,0.49091560745538854,0.2851961857679318,0.2240156878500743,0.48189207455606414,0.29409223759386155
2,genai_incident_response,genai_incident_response:INR-002,견적반영,0.5,견적반영,견적반영,True,False,True,견적반영,0.32010201698804674,0.39117372123599586,0.2887242617759574,견적반영,0.31550657456443476,0.35503985620595113,0.32945356922961405,견적반영,0.2980986013807669,0.39644777993683594,0.3054536186823972,0.3112357309777494,0.380887119126261,0.3078771498959895
2,genai_incident_response,genai_incident_response:INR-003,통상수용,0.5,견적반영,견적반영,False,False,True,견적반영,0.38463886150926396,0.392316575649073,0.22304456284166305,통상수용,0.3897467658270532,0.3614517958853256,0.24880143828762116,견적반영,0.35787174221760976,0.4031715653371399,0.2389566924452504,0.3774191231846424,0.38564664562384615,0.23693423119151155
2,genai_incident_response,genai_incident_response:INR-004,통상수용,0.5,통상수용,통상수용,True,False,True,통상수용,0.45098190720460046,0.26611979740300634,0.28289829539239325,통상수용,0.49053196638680396,0.22783449298320513,0.2816335406299909,통상수용,0.4330192397202319,0.2762300077346769,0.2907507525450912,0.4581777044372121,0.25672809937362945,0.28509419618915843
2,genai_incident_response,genai_incident_response:INR-005,계약·질의검토,0.5,견적반영,견적반영,True,True,False,견적반영,0.29905138283166355,0.4825938006251537,0.21835481654318278,견적반영,0.3405920731672238,0.44607513328257303,0.21333279355020313,견적반영,0.2898982719896633,0.48969245964741587,0.2204092683629208,0.3098472426628502,0.47278713118504756,0.21736562615210223
2,genai_incident_response,genai_incident_response:INR-006,통상수용,0.5,견적반영,견적반영,True,True,False,견적반영,0.27484018037508356,0.5550365241696539,0.1701232954552625,견적반영,0.26619338695203704,0.6027905369913938,0.13101607605656918,견적반영,0.255983486688144,0.5740616318745794,0.16995488143727658,0.26567235133842154,0.5772962310118758,0.15703141764970274
2,genai_incident_response,genai_incident_response:INR-007,통상수용,0.5,통상수용,통상수용,True,False,True,통상수용,0.5153090674924543,0.3335335632505119,0.15115736925703369,통상수용,0.5334257091636192,0.3249187118705036,0.14165557896587724,통상수용,0.5407371363740279,0.31669824988893913,0.14256461373703297,0.5298239710100338,0.32505017500331823,0.14512585398664798
2,genai_incident_response,genai_incident_response:INR-008,통상수용,0.5,견적반영,견적반영,True,True,False,견적반영,0.36916219545394724,0.4169077145788886,0.2139300899671642,견적반영,0.3523863353291294,0.4492195023914322,0.19839416227943843,견적반영,0.3581917337192796,0.4273103039028069,0.21449796237791352,0.35991342150078537,0.4311458402910426,0.20894073820817205
2,genai_incident_response,genai_incident_response:INR-009,통상수용,0.5,통상수용,통상수용,True,False,True,통상수용,0.43661100932417723,0.28526294325416024,0.2781260474216626,통상수용,0.46788465515313515,0.24356693821122527,0.2885484066356397,통상수용,0.4260401552562354,0.288050617131419,0.2859092276123457,0.4435119399111826,0.27229349953226817,0.28419456055654935
2,genai_incident_response,genai_incident_response:INR-010,통상수용,0.5,통상수용,통상수용,True,False,True,통상수용,0.4584973570131074,0.25449844502990826,0.2870041979569844,통상수용,0.49379712675373033,0.20393427248841994,0.3022686007578497,통상수용,0.43735612800263524,0.26578681762485934,0.29685705437250537,0.4632168705898243,0.24140651171439584,0.2953766176957798
2,genai_incident_response,genai_incident_response:PER-001,계약·질의검토,0.5,계약·질의검토,계약·질의검토,True,False,True,계약·질의검토,0.187607322918301,0.21697802835397775,0.5954146487277212,계약·질의검토,0.12861721040764432,0.19206890643430982,0.6793138831580459,계약·질의검토,0.1748269446226984,0.21760071815034815,0.6075723372269534,0.16368382598288125,0.20888255097954525,0.6274336230375734
2,genai_incident_response,genai_incident_response:PER-002,계약·질의검토,0.5,계약·질의검토,계약·질의검토,True,False,True,계약·질의검토,0.24807779293738824,0.260468028695211,0.4914541783674009,계약·질의검토,0.21895660560244756,0.20104764856934282,0.5799957458282097,계약·질의검토,0.2360124415671711,0.2527148492975969,0.511272709135232,0.23434894670233564,0.23807684218738356,0.5275742111102809
2,genai_incident_response,genai_incident_response:PER-003,견적반영,0.5,견적반영,견적반영,True,False,True,견적반영,0.25874054014267417,0.4786266303197326,0.2626328295375932,견적반영,0.27194169293377357,0.448374428066464,0.27968387899976244,견적반영,0.23678134336806614,0.5093758163945574,0.25384284023737635,0.2558211921481713,0.4787922915935847,0.265386516258244
2,genai_incident_response,genai_incident_response:PMR-001,견적반영,0.5,계약·질의검토,계약·질의검토,True,True,False,계약·질의검토,0.253824321836282,0.22560984043392224,0.5205658377297958,계약·질의검토,0.21615430823035683,0.23427346783471886,0.5495722239349242,계약·질의검토,0.19837932534781288,0.243512458943979,0.5581082157082082,0.2227859851381506,0.23446525573754004,0.5427487591243094
2,genai_incident_response,genai_incident_response:PMR-002,통상수용,0.5,통상수용,통상수용,True,False,True,통상수용,0.5604545788080676,0.11847564990665288,0.32106977128527947,통상수용,0.6059604406304272,0.10283540736367637,0.29120415200589644,통상수용,0.5774103946144472,0.11261503139841325,0.3099745739871396,0.5812751380176473,0.11130869622291417,0.30741616575943853
2,genai_incident_response,genai_incident_response:PMR-003,통상수용,0.5,통상수용,통상수용,True,False,True,통상수용,0.6925374002587671,0.09391364839911821,0.21354895134211463,통상수용,0.7217819760989986,0.08302024748169744,0.19519777641930391,통상수용,0.6999207977804667,0.09050798189508576,0.20957122032444758,0.7047467247127441,0.08914729259196713,0.20610598269528868
2,genai_incident_response,genai_incident_response:PMR-004,계약·질의검토,0.5,계약·질의검토,계약·질의검토,True,False,True,계약·질의검토,0.3420392522498035,0.11456853460678049,0.543392213143416,계약·질의검토,0.38199468608704074,0.09692189841993845,0.5210834154930208,계약·질의검토,0.28716723904113095,0.109612386404852,0.603220374554017,0.3370670591259917,0.10703427314385698,0.5558986677301513
2,genai_incident_response,genai_incident_response:PMR-005,통상수용,0.5,통상수용,통상수용,True,False,True,통상수용,0.5501191010602569,0.172472112340105,0.2774087865996381,통상수용,0.6231539981241181,0.14505856539435363,0.23178743648152828,통상수용,0.5675024848993331,0.1639747739247191,0.26852274117594777,0.5802585280279027,0.16050181721972592,0.2592396547523714
2,genai_incident_response,genai_incident_response:PSR-001,통상수용,0.5,계약·질의검토,계약·질의검토,True,True,False,계약·질의검토,0.3258191234963894,0.1363795285632164,0.5378013479403942,계약·질의검토,0.3349796023257887,0.11569632206642726,0.549324075607784,계약·질의검토,0.33310937573659766,0.12632958476454156,0.5405610394988608,0.33130270051959193,0.1261351451313951,0.542562154349013
2,genai_incident_response,genai_incident_response:PSR-002,통상수용,0.5,계약·질의검토,계약·질의검토,True,True,False,계약·질의검토,0.3833548396418921,0.19704689360530325,0.4195982667528047,계약·질의검토,0.37421195260088597,0.17790246756449574,0.44788557983461824,계약·질의검토,0.4075441787100603,0.18294661553896982,0.4095092057509699,0.38837032365094615,0.18596532556958958,0.42566435077946424
2,genai_incident_response,genai_incident_response:PSR-003,견적반영,0.5,계약·질의검토,계약·질의검토,False,False,True,견적반영,0.24393095211907315,0.3863490544654286,0.3697199934154982,계약·질의검토,0.2162971007380983,0.36481223545627367,0.41889066380562806,견적반영,0.20269170608126996,0.40992301529247793,0.38738527862625216,0.22097325297948048,0.38702810173806007,0.3919986452824595
2,genai_incident_response,genai_incident_response:PSR-004,통상수용,0.5,통상수용,통상수용,False,False,True,통상수용,0.3874880748392197,0.35632573427829045,0.2561861908824898,통상수용,0.398370867366251,0.38761107575755915,0.21401805687618994,견적반영,0.3604331084736563,0.37759796725381933,0.2619689242725244,0.38209735022637564,0.37384492576322303,0.24405772401040138
2,genai_incident_response,genai_incident_response:PSR-005,견적반영,0.5,견적반영,견적반영,True,False,True,견적반영,0.18371583047687845,0.5198674665705145,0.29641670295260697,견적반영,0.16333239098227065,0.5433505627313111,0.29331704628641825,견적반영,0.16748763767860597,0.5139624161117186,0.3185499462096754,0.17151195304591837,0.525726815137848,0.30276123181623354
2,genai_incident_response,genai_incident_response:PSR-006,통상수용,0.5,견적반영,견적반영,True,True,False,견적반영,0.3632947943966612,0.48964826199507266,0.1470569436082663,견적반영,0.39825529440880497,0.49320215025055686,0.10854255534063813,견적반영,0.38219773480361924,0.4762058538464552,0.1415964113499255,0.3812492745363618,0.4863520886973616,0.13239863676627664
2,genai_incident_response,genai_incident_response:QUR-002,통상수용,0.5,통상수용,통상수용,True,False,True,통상수용,0.8583146609149297,0.06945808296015957,0.07222725612491077,통상수용,0.8922378419656829,0.05660433634070499,0.05115782169361205,통상수용,0.8509241204501756,0.07067534831188502,0.07840053123793947,0.8671588744435961,0.06557925587091652,0.06726186968548743
2,genai_incident_response,genai_incident_response:QUR-003,견적반영,0.5,견적반영,견적반영,True,False,True,견적반영,0.34822132251162585,0.5066096334742299,0.1451690440141443,견적반영,0.30454422641171297,0.5592882792343135,0.1361674943539736,견적반영,0.31243032750794486,0.5365536352546894,0.15101603723736579,0.3217319588104279,0.5341505159877443,0.14411752520182788
2,genai_incident_response,genai_incident_response:QUR-004,계약·질의검토,0.5,견적반영,견적반영,False,True,False,견적반영,0.3800225171974051,0.38390515638525885,0.23607232641733616,통상수용,0.3777786673695913,0.37591230616562177,0.24630902646478703,견적반영,0.3719805976121492,0.38988703503137084,0.23813236735647994,0.37659392739304853,0.38323483252741714,0.2401712400795344
2,genai_incident_response,genai_incident_response:SER-002,견적반영,0.5,견적반영,견적반영,False,False,True,견적반영,0.36021470550930357,0.3692589909454619,0.2705263035452345,통상수용,0.37534840554449733,0.33935459507786336,0.28529699937763936,견적반영,0.3442765588813363,0.37198919223252913,0.2837342488861346,0.3599465566450457,0.36020092608528476,0.2798525172696695
2,genai_incident_response,genai_incident_response:SER-004,견적반영,0.5,계약·질의검토,계약·질의검토,True,True,False,계약·질의검토,0.33680134823350394,0.10330996613296609,0.5598886856335299,계약·질의검토,0.28698338180568345,0.08695746260438808,0.6260591555899284,계약·질의검토,0.333920028216266,0.09536390958324163,0.5707160622004924,0.3192349194184845,0.09521044610686526,0.5855546344746503
2,genai_incident_response,genai_incident_response:SER-005,견적반영,0.5,계약·질의검토,계약·질의검토,True,True,False,계약·질의검토,0.416633057081889,0.11406133752763094,0.4693056053904799,계약·질의검토,0.436450787159059,0.0878419211842911,0.4757072916566498,계약·질의검토,0.4104294518189043,0.10880048420367835,0.4807700639774174,0.42117109868661745,0.10356791430520014,0.4752609870081823
2,genai_incident_response,genai_incident_response:SER-006,견적반영,0.5,견적반영,견적반영,True,False,True,견적반영,0.3128971325198452,0.5018916225802101,0.18521124489994475,견적반영,0.26416074912136883,0.5528401640228249,0.1829990868558062,견적반영,0.2951386953101168,0.5275270717548172,0.17733423293506595,0.2907321923171103,0.5274196194526174,0.1818481882302723
2,genai_incident_response,genai_incident_response:SER-007,견적반영,0.5,계약·질의검토,계약·질의검토,True,True,False,계약·질의검토,0.3596956556398926,0.1742429081224468,0.4660614362376606,계약·질의검토,0.3437127659213922,0.1515279218418843,0.5047593122367235,계약·질의검토,0.3523956916313624,0.17949416571593624,0.4681101426527013,0.3519347043975491,0.16842166522675575,0.4796436303756952
2,genai_incident_response,genai_incident_response:SER-008,통상수용,0.5,견적반영,견적반영,True,True,False,견적반영,0.3182154403849596,0.36585057936847104,0.3159339802465693,견적반영,0.30678149378593783,0.3728112529790839,0.3204072532349782,견적반영,0.2971067278397102,0.3814408895286092,0.32145238263168063,0.3073678873368692,0.3733675739587214,0.31926453870440935
2,genai_incident_response,genai_incident_response:SER-009,통상수용,0.5,통상수용,계약·질의검토,False,False,True,통상수용,0.37913682958081457,0.2962929398936037,0.32457023052558176,계약·질의검토,0.3454792248386869,0.28014349757062207,0.374377277590691,통상수용,0.40444245493043673,0.2985234679194889,0.29703407715007435,0.37635283644997947,0.29165330179457155,0.33199386175544904
2,genai_incident_response,genai_incident_response:SFR-002,통상수용,0.5,견적반영,견적반영,True,True,False,견적반영,0.368343339972095,0.4153800301210369,0.21627662990686802,견적반영,0.3666605961306844,0.4158956510748848,0.21744375279443076,견적반영,0.3500210528669725,0.42435059318876844,0.225628353944259,0.3616749963232506,0.41854209146156335,0.2197829122151859
2,genai_incident_response,genai_incident_response:SFR-003,계약·질의검토,0.5,견적반영,견적반영,True,True,False,견적반영,0.18694032462929355,0.4588259742777952,0.3542337010929113,견적반영,0.15518781413220056,0.4916736615015017,0.3531385243662978,견적반영,0.1572500904896894,0.46237899562756,0.3803709138827505,0.1664594097503945,0.4709595438022857,0.36258104644731987
2,genai_incident_response,genai_incident_response:SFR-004,견적반영,0.5,견적반영,견적반영,True,False,True,견적반영,0.246575000602808,0.46129664268993986,0.2921283567072522,견적반영,0.2002385730758001,0.5112875429926353,0.2884738839315646,견적반영,0.1993337540770216,0.4880744799395852,0.31259176598339317,0.2153824425852099,0.4868862218740535,0.29773133554073666
2,genai_incident_response,genai_incident_response:SFR-006,견적반영,0.5,견적반영,견적반영,True,False,True,견적반영,0.4034172675725799,0.40822381963345433,0.1883589127939658,견적반영,0.410297112891278,0.41679810038635184,0.17290478672237014,견적반영,0.3902234875500974,0.4329174645332617,0.1768590479166408,0.4013126226713184,0.4193131281843559,0.17937424914432562
2,genai_incident_response,genai_incident_response:SFR-007,견적반영,0.5,견적반영,견적반영,True,False,True,견적반영,0.35074159330967575,0.52192650431605,0.12733190237427428,견적반영,0.33733665669077956,0.5703088690799009,0.0923544742293197,견적반영,0.3759594276128167,0.5088242902842472,0.11521628210293611,0.3546792258710907,0.5336865545600661,0.11163421956884335
2,genai_incident_response,genai_incident_response:SFR-008,계약·질의검토,0.5,견적반영,견적반영,True,True,False,견적반영,0.25298729426879696,0.45071539175752984,0.29629731397367315,견적반영,0.2459659246251141,0.4281327538135541,0.3259013215613318,견적반영,0.22260809337100884,0.4574412155417064,0.3199506910872848,0.24052043742163998,0.4454297870375968,0.31404977554076324
2,genai_incident_response,genai_incident_response:SFR-009,계약·질의검토,0.5,견적반영,견적반영,True,True,False,견적반영,0.20738868434459506,0.515844021725917,0.27676729392948785,견적반영,0.2025511255090707,0.5217856453055195,0.27566322918540975,견적반영,0.17524102058762656,0.5324117231221455,0.292347256290228,0.19506027681376412,0.523347130051194,0.28159259313504187
2,genai_incident_response,genai_incident_response:SFR-010,계약·질의검토,0.5,견적반영,견적반영,True,True,False,견적반영,0.29786017665239345,0.5006853855290562,0.20145443781855032,견적반영,0.3107363903468327,0.4980562656888579,0.19120734396430955,견적반영,0.2601484498257485,0.5269823757350676,0.21286917443918393,0.28958167227499154,0.5085746756509939,0.20184365207401458
2,genai_incident_response,genai_incident_response:SFR-011,계약·질의검토,0.5,견적반영,계약·질의검토,False,False,True,견적반영,0.2438459999203811,0.38799539267523664,0.36815860740438217,계약·질의검토,0.23548828798968371,0.37990019932435615,0.3846115126859602,견적반영,0.20711180250525688,0.40558483548926,0.38730336200548315,0.2288153634717739,0.3911601424962843,0.3800244940319419
2,genai_incident_response,genai_incident_response:SFR-012,계약·질의검토,0.5,견적반영,견적반영,True,True,False,견적반영,0.3160997943636446,0.4461561849983226,0.23774402063803285,견적반영,0.32276011751928296,0.43594155284344444,0.24129832963727255,견적반영,0.2783571154065264,0.4684178990619687,0.25322498553150485,0.30573900909648466,0.4501718789679119,0.24408911193560343
2,genai_incident_response,genai_incident_response:SFR-013,계약·질의검토,0.5,견적반영,견적반영,True,True,False,견적반영,0.2146621818625873,0.5035693080407464,0.2817685100966663,견적반영,0.19252038575863173,0.512753420545282,0.29472619369608627,견적반영,0.19637561674352347,0.5066298239740161,0.29699455928246044,0.20118606145491416,0.5076508508533482,0.29116308769173765
2,genai_incident_response,genai_incident_response:SFR-014,계약·질의검토,0.5,견적반영,견적반영,True,True,False,견적반영,0.3599139456042186,0.4031887480456451,0.2368973063501363,견적반영,0.3653089143051212,0.40130518143650135,0.23338590425837744,견적반영,0.338726868235578,0.4133700943499945,0.2479030374144275,0.35464990938163926,0.40595467461071366,0.2393954160076471
2,genai_incident_response,genai_incident_response:SFR-015,견적반영,0.5,견적반영,견적반영,True,False,True,견적반영,0.2665298618834266,0.41580053929328586,0.31766959882328755,견적반영,0.255999209219733,0.4274382195876871,0.3165625711925798,견적반영,0.23911573468718195,0.43765292362521296,0.32323134168760503,0.25388160193011383,0.4269638941687286,0.31915450390115746
2,genai_incident_response,genai_incident_response:SFR-016,견적반영,0.5,견적반영,견적반영,True,False,True,견적반영,0.23989255649954727,0.49824882363468587,0.26185861986576675,견적반영,0.23177992441629133,0.5064257409344244,0.2617943346492842,견적반영,0.24432181925832938,0.5012494353220552,0.25442874541961535,0.23866476672472267,0.5019746666303885,0.25936056664488877
2,genai_incident_response,genai_incident_response:SFR-017,견적반영,0.5,견적반영,견적반영,True,False,True,견적반영,0.3746679924519411,0.44297314772818797,0.18235885981987104,견적반영,0.3509643052439267,0.4846755738837797,0.16436012087229374,견적반영,0.3816253010879611,0.4518944722992091,0.16648022661282988,0.3690858662612763,0.45984773130372564,0.17106640243499824
2,genai_incident_response,genai_incident_response:SFR-019,계약·질의검토,0.5,견적반영,견적반영,True,True,False,견적반영,0.34304127142845325,0.4816977462228995,0.17526098234864726,견적반영,0.3519029387662096,0.5153957377769598,0.13270132345683067,견적반영,0.31906150779056497,0.504389404036126,0.17654908817330903,0.3380019059950759,0.5004942960119951,0.161503797992929
2,genai_incident_response,genai_incident_response:TER-001,계약·질의검토,0.5,견적반영,견적반영,True,True,False,견적반영,0.19909808782860344,0.4089228142739155,0.39197909789748103,견적반영,0.17984042962300528,0.43078941946374383,0.3893701509132508,견적반영,0.17123298563469858,0.4301144313233951,0.39865258304190637,0.18339050102876908,0.42327555502035147,0.3933339439508794
2,genai_incident_response,genai_incident_response:TER-002,견적반영,0.5,통상수용,통상수용,True,True,False,통상수용,0.4827706521483611,0.22254258742530988,0.2946867604263291,통상수용,0.5160478273538178,0.20856730163257237,0.27538487101360976,통상수용,0.45010564124739677,0.23494230773043098,0.3149520510221723,0.4829747069165253,0.22201739892943775,0.295007894154037
2,genai_incident_response,genai_incident_response:TER-003,견적반영,0.5,계약·질의검토,계약·질의검토,True,True,False,계약·질의검토,0.26899546170617783,0.3416324068860809,0.38937213140774135,계약·질의검토,0.2361556409764926,0.3217023084058289,0.4421420506176784,계약·질의검토,0.221264259694071,0.35891788488262805,0.41981785542330086,0.24213845412558052,0.34075086672484595,0.41711067914957356
3,incheon_airport_digital_work,incheon_airport_digital_work:COR-001,통상수용,1.0,계약·질의검토,계약·질의검토,True,True,False,계약·질의검토,0.29390047755822385,0.1024904924658759,0.6036090299759004,계약·질의검토,0.3151382819073476,0.07460738825036951,0.6102543298422829,계약·질의검토,0.26957564603332895,0.08326605597022872,0.6471582979964422,0.29287146849963347,0.08678797889549138,0.6203405526048752
3,incheon_airport_digital_work,incheon_airport_digital_work:COR-002,통상수용,1.0,통상수용,통상수용,True,False,True,통상수용,0.6144552756054793,0.20355563892755443,0.18198908546696624,통상수용,0.6701921146567957,0.15630815162070397,0.17349973372250024,통상수용,0.8084235367109279,0.0963028824895885,0.0952735807994836,0.6976903089910677,0.1520555576792823,0.15025413332965004
3,incheon_airport_digital_work,incheon_airport_digital_work:COR-003,통상수용,1.0,통상수용,통상수용,True,False,True,통상수용,0.49198573161812514,0.12786710433354664,0.3801471640483281,통상수용,0.5563517860244801,0.11437516658814631,0.32927304738737373,통상수용,0.47431680315657615,0.10092504493282521,0.42475815191059857,0.5075514402663938,0.11438910528483938,0.37805945444876676
3,incheon_airport_digital_work,incheon_airport_digital_work:COR-004,통상수용,1.0,통상수용,통상수용,True,False,True,통상수용,0.5395916446078763,0.22230361159001905,0.2381047438021046,통상수용,0.5053676529219712,0.2195907891328968,0.275041557945132,통상수용,0.7150020863066291,0.13560561787751269,0.14939229581585817,0.5866537946121588,0.19250000620014285,0.2208461991876983
3,incheon_airport_digital_work,incheon_airport_digital_work:CUR-CM-001,계약·질의검토,1.0,계약·질의검토,계약·질의검토,True,False,True,계약·질의검토,0.22098219637233393,0.3536802281328776,0.4253375754947884,계약·질의검토,0.1744388030982423,0.3855785099121976,0.43998268698956006,계약·질의검토,0.1434139672252835,0.4025250101957503,0.45406102257896613,0.17961165556528658,0.38059458274694186,0.43979376168777157
3,incheon_airport_digital_work,incheon_airport_digital_work:DAR-001,통상수용,1.0,통상수용,통상수용,True,False,True,통상수용,0.47706613114327157,0.38637527377077474,0.13655859508595367,통상수용,0.5045185766788752,0.383035177575514,0.11244624574561075,통상수용,0.44172258516812235,0.42795593117493474,0.13032148365694282,0.47443576433008977,0.3991221275070745,0.12644210816283574
3,incheon_airport_digital_work,incheon_airport_digital_work:DAR-002,통상수용,1.0,통상수용,통상수용,False,False,True,견적반영,0.41788443252325674,0.4259581443522997,0.15615742312444358,통상수용,0.429995057587105,0.4202661075705897,0.14973883484230538,통상수용,0.4602005224907318,0.45311561405515177,0.08668386345411642,0.4360266708670311,0.433113288659347,0.1308600404736218
3,incheon_airport_digital_work,incheon_airport_digital_work:DAR-003,통상수용,1.0,통상수용,통상수용,True,False,True,통상수용,0.6482285006184606,0.21270354231065033,0.13906795707088912,통상수용,0.6894997883907772,0.17574559422050037,0.13475461738872233,통상수용,0.7789821235501533,0.1447454260389764,0.07627245041087034,0.705570137519797,0.17773152085670904,0.11669834162349392
3,incheon_airport_digital_work,incheon_airport_digital_work:DAR-004,통상수용,1.0,통상수용,통상수용,True,False,True,통상수용,0.4585187028182719,0.4359036169072424,0.10557768027448561,통상수용,0.5137127808163148,0.39560772537337446,0.09067949381031078,통상수용,0.5908118947147396,0.34894482116103304,0.06024328412422735,0.5210144594497754,0.3934853878138833,0.08550015273634125
3,incheon_airport_digital_work,incheon_airport_digital_work:DAR-005,통상수용,1.0,통상수용,통상수용,True,False,True,통상수용,0.539553324783546,0.28365767394186364,0.17678900127459038,통상수용,0.567798599186908,0.2790758698280051,0.1531255309850868,통상수용,0.6685806000841272,0.19496126268204345,0.13645813723382927,0.5919775080181937,0.25256493548397074,0.15545755649783546
3,incheon_airport_digital_work,incheon_airport_digital_work:DAR-006,견적반영,1.0,견적반영,견적반영,True,False,True,견적반영,0.29814662746702186,0.4079066550907378,0.2939467174422403,견적반영,0.31546532728066906,0.431059557942351,0.2534751147769801,견적반영,0.2564958063413388,0.4435711151052734,0.2999330785533878,0.2900359203630099,0.42751244271278743,0.2824516369242027
3,incheon_airport_digital_work,incheon_airport_digital_work:DAR-007,견적반영,1.0,견적반영,견적반영,False,False,True,견적반영,0.30914897660741336,0.42908027549787586,0.2617707478947108,견적반영,0.2862107780855036,0.4465415359547886,0.2672476859597077,통상수용,0.4525929947207866,0.357949601512895,0.18945740376631842,0.3493175831379012,0.41119047098851985,0.239491945873579
3,incheon_airport_digital_work,incheon_airport_digital_work:DAR-008,견적반영,1.0,견적반영,견적반영,True,False,True,견적반영,0.2799064440539094,0.5263416285190724,0.19375192742701824,견적반영,0.24821516060843665,0.5838034900874955,0.1679813493040677,견적반영,0.30100693894287245,0.5389820926084268,0.16001096844870086,0.2763761812017395,0.5497090704049982,0.17391474839326226
3,incheon_airport_digital_work,incheon_airport_digital_work:ECR-002,계약·질의검토,1.0,계약·질의검토,계약·질의검토,True,False,True,계약·질의검토,0.12944824141745198,0.19471963178245358,0.6758321268000944,계약·질의검토,0.11158461044744296,0.1620893827896651,0.726326006762892,계약·질의검토,0.10821814804185423,0.17654123864932925,0.7152406133088166,0.11641699996891637,0.17778341774048265,0.705799582290601
3,incheon_airport_digital_work,incheon_airport_digital_work:ECR-003,계약·질의검토,1.0,계약·질의검토,계약·질의검토,True,False,True,계약·질의검토,0.1626924465777197,0.28492771977302844,0.5523798336492518,계약·질의검토,0.14516105847709856,0.3075205605806433,0.5473183809422583,계약·질의검토,0.12384946932406257,0.2765378293206116,0.5996127013553259,0.14390099145962695,0.2896620365580944,0.5664369719822786
3,incheon_airport_digital_work,incheon_airport_digital_work:INR-001,통상수용,1.0,통상수용,통상수용,True,False,True,통상수용,0.5827225946173485,0.1714574015606881,0.24582000382196337,통상수용,0.6376572050963151,0.14785704569515218,0.2144857492085328,통상수용,0.6943840502137395,0.13936195942521018,0.16625399036105035,0.6382546166424677,0.15289213556035014,0.20885324779718217
3,incheon_airport_digital_work,incheon_airport_digital_work:INR-002,통상수용,1.0,통상수용,통상수용,True,False,True,통상수용,0.5082990492332469,0.1800210939287417,0.3116798568380115,통상수용,0.5536599239810507,0.1412311220924382,0.30510895392651105,통상수용,0.5009133818782666,0.1522528182318356,0.3468337998898978,0.5209574516975214,0.15783501141767184,0.3212075368848068
3,incheon_airport_digital_work,incheon_airport_digital_work:INR-003,통상수용,1.0,통상수용,통상수용,True,False,True,통상수용,0.6114655255506469,0.15426364778211835,0.23427082666723462,통상수용,0.652290584687934,0.1307090224094932,0.2170003929025728,통상수용,0.6916873008300533,0.10833108914353844,0.19998161002640832,0.6518144703562113,0.13110125311171666,0.21708427653207193
3,incheon_airport_digital_work,incheon_airport_digital_work:INR-004,계약·질의검토,1.0,계약·질의검토,계약·질의검토,False,False,True,통상수용,0.44598559195484666,0.12842905609908983,0.42558535194606356,계약·질의검토,0.3629153759679655,0.09696362405671133,0.540120999975323,통상수용,0.43959057031365667,0.12493476730999249,0.43547466237635085,0.4161638460788229,0.11677581582193121,0.4670603380992458
3,incheon_airport_digital_work,incheon_airport_digital_work:INR-005,계약·질의검토,1.0,계약·질의검토,계약·질의검토,True,False,True,계약·질의검토,0.3575725148707942,0.17068087754930217,0.4717466075799035,계약·질의검토,0.3088140149462762,0.12953804744230676,0.5616479376114171,계약·질의검토,0.24817387245751102,0.18543485563331907,0.5663912719091698,0.30485346742486047,0.16188459354164267,0.5332619390334967
3,incheon_airport_digital_work,incheon_airport_digital_work:PER-001,계약·질의검토,1.0,계약·질의검토,계약·질의검토,True,False,True,계약·질의검토,0.1466127331995841,0.12855550656569167,0.7248317602347243,계약·질의검토,0.0972048864380568,0.09318069343638877,0.8096144201255543,계약·질의검토,0.13548240655605365,0.09770107650413735,0.766816516939809,0.12643334206456483,0.10647909216873926,0.7670875657666959
3,incheon_airport_digital_work,incheon_airport_digital_work:PER-002,계약·질의검토,1.0,계약·질의검토,계약·질의검토,False,False,True,계약·질의검토,0.39483698441934845,0.15717480488167435,0.44798821069897715,계약·질의검토,0.38097356207254307,0.12749344192770992,0.49153299599974687,통상수용,0.4672118907641085,0.10448894579444327,0.42829916344144825,0.4143408124186667,0.12971906420127585,0.45594012338005746
3,incheon_airport_digital_work,incheon_airport_digital_work:PER-003,통상수용,1.0,계약·질의검토,계약·질의검토,True,True,False,계약·질의검토,0.3133213895111389,0.20355463467904153,0.4831239758098195,계약·질의검토,0.3182663832731861,0.18197478114443597,0.499758835582378,계약·질의검토,0.3594992411395985,0.13272812272273216,0.5077726361376693,0.3303623379746412,0.17275251284873652,0.49688514917662224
3,incheon_airport_digital_work,incheon_airport_digital_work:PER-004,통상수용,1.0,통상수용,계약·질의검토,False,False,True,계약·질의검토,0.32871900726486547,0.32735134925056947,0.34392964348456495,통상수용,0.351890556411663,0.3315662803778525,0.3165431632104845,통상수용,0.42453440664086656,0.27059393195118187,0.3048716614079516,0.3683813234391317,0.3098371871932013,0.321781489367667
3,incheon_airport_digital_work,incheon_airport_digital_work:PER-005,견적반영,1.0,계약·질의검토,계약·질의검토,True,True,False,계약·질의검토,0.23635723265163208,0.18010596033949755,0.5835368070088703,계약·질의검토,0.20719350340622192,0.1533031358132614,0.6395033607805167,계약·질의검토,0.24813720963217747,0.1493215237567929,0.6025412666110296,0.23056264856334382,0.16091020663651726,0.6085271448001389
3,incheon_airport_digital_work,incheon_airport_digital_work:PER-006,통상수용,1.0,계약·질의검토,계약·질의검토,True,True,False,계약·질의검토,0.27053328984634356,0.13046459576000807,0.5990021143936483,계약·질의검토,0.2766883482557649,0.11766567685033673,0.6056459748938983,계약·질의검토,0.2694041176440238,0.10984855397343836,0.6207473283825379,0.2722085852487108,0.11932627552792772,0.6084651392233614
3,incheon_airport_digital_work,incheon_airport_digital_work:PER-007,견적반영,1.0,견적반영,견적반영,True,False,True,견적반영,0.3041803492768443,0.4838406417141156,0.21197900900904024,견적반영,0.3180318232744006,0.43230819015419125,0.24965998657140823,견적반영,0.34062374377102306,0.4884178265222378,0.17095842970673905,0.320945305440756,0.46818888613018156,0.21086580842906252
3,incheon_airport_digital_work,incheon_airport_digital_work:PMR-001,계약·질의검토,1.0,통상수용,통상수용,True,True,False,통상수용,0.5072429717407498,0.15749910362949757,0.3352579246297525,통상수용,0.5661876961025861,0.1262587327341124,0.3075535711633015,통상수용,0.7399719331158059,0.07733780912112667,0.18269025776306755,0.6044675336530473,0.12036521516157887,0.27516725118537383
3,incheon_airport_digital_work,incheon_airport_digital_work:PMR-002,통상수용,1.0,통상수용,통상수용,True,False,True,통상수용,0.5167475519282517,0.18007956614211748,0.3031728819296309,통상수용,0.5929391224351984,0.1500287270369882,0.25703215052781336,통상수용,0.5485468762480087,0.14156040681968823,0.30989271693230314,0.5527445168704862,0.15722289999959796,0.2900325831299158
3,incheon_airport_digital_work,incheon_airport_digital_work:PMR-003,통상수용,1.0,통상수용,통상수용,True,False,True,통상수용,0.5320389768864477,0.18905071940438806,0.2789103037091641,통상수용,0.6317088098637876,0.1477962889000497,0.2204949012361626,통상수용,0.549288550161665,0.1923230661672522,0.2583883836710828,0.5710121123039668,0.17639002482389665,0.25259786287213654
3,incheon_airport_digital_work,incheon_airport_digital_work:PMR-004,계약·질의검토,1.0,통상수용,통상수용,True,True,False,통상수용,0.5082118869753899,0.11225794225320565,0.37953017077140444,통상수용,0.5101650494214528,0.09769237531323822,0.392142575265309,통상수용,0.5087763045304193,0.1010441010049655,0.3901795944646152,0.5090510803090873,0.1036648061904698,0.38728411350044284
3,incheon_airport_digital_work,incheon_airport_digital_work:PMR-005,통상수용,1.0,통상수용,통상수용,True,False,True,통상수용,0.46758424636670576,0.11293960549085705,0.4194761481424373,통상수용,0.49552814136044104,0.0873839664470122,0.4170878921925467,통상수용,0.6108875617245123,0.06280028462191972,0.3263121536535681,0.5246666498172198,0.08770795218659633,0.38762539799618406
3,incheon_airport_digital_work,incheon_airport_digital_work:PMR-007,통상수용,1.0,계약·질의검토,계약·질의검토,True,True,False,계약·질의검토,0.35514533789959163,0.12887536938368485,0.5159792927167235,계약·질의검토,0.3726594449864935,0.10035417006930922,0.5269863849441973,계약·질의검토,0.2904293371010023,0.126902181082956,0.5826684818160417,0.33941137332902915,0.11871057351198337,0.5418780531589875
3,incheon_airport_digital_work,incheon_airport_digital_work:PMR-008,통상수용,1.0,계약·질의검토,계약·질의검토,False,False,True,계약·질의검토,0.37674319495274333,0.1736001180282998,0.4496566870189568,통상수용,0.4407305853837575,0.14879120890516379,0.4104782057110788,계약·질의검토,0.42727519645273665,0.13924028754767717,0.43348451599958615,0.4149163255964125,0.15387720482704692,0.4312064695765406
3,incheon_airport_digital_work,incheon_airport_digital_work:PMR-009,통상수용,1.0,견적반영,견적반영,True,True,False,견적반영,0.3277898343574789,0.5512347995239315,0.12097536611858954,견적반영,0.27382908929777555,0.6507983083266267,0.07537260237559773,견적반영,0.3520400859661292,0.5372585359599089,0.11070137807396208,0.3178863365404612,0.5797638812701557,0.10234978218938312
3,incheon_airport_digital_work,incheon_airport_digital_work:PMR-010,계약·질의검토,1.0,계약·질의검토,계약·질의검토,True,False,True,계약·질의검토,0.3375685806459354,0.13773153199678376,0.5246998873572808,계약·질의검토,0.3486557125709372,0.1071200216599257,0.5442242657691371,계약·질의검토,0.3083323560657554,0.08597018221649287,0.6056974617177517,0.33151888309420935,0.11027391195773412,0.5582072049480565
3,incheon_airport_digital_work,incheon_airport_digital_work:PSR-001,통상수용,1.0,통상수용,통상수용,True,False,True,통상수용,0.4635394662060836,0.18638485135060556,0.3500756824433108,통상수용,0.4947748215658164,0.13813471951116285,0.36709045892302067,통상수용,0.5773542326865791,0.14096593686703052,0.28167983044639033,0.5118895068194931,0.15516183590959964,0.3329486572709073
3,incheon_airport_digital_work,incheon_airport_digital_work:PSR-002,견적반영,1.0,견적반영,견적반영,True,False,True,견적반영,0.30225586277201383,0.4156306323001086,0.2821135049278775,견적반영,0.26244159196875105,0.43822633917590664,0.2993320688553422,견적반영,0.3174391431055667,0.4370640892602098,0.24549676763422357,0.29404553261544386,0.4303070202454083,0.27564744713914774
3,incheon_airport_digital_work,incheon_airport_digital_work:PSR-003,계약·질의검토,1.0,계약·질의검토,계약·질의검토,True,False,True,계약·질의검토,0.2944086774247234,0.09470412832811599,0.6108871942471605,계약·질의검토,0.31569480040417786,0.08260815093685307,0.6016970486589692,계약·질의검토,0.31087919142644055,0.06586635596362345,0.623254452609936,0.3069942230851139,0.0810595450761975,0.6119462318386886
3,incheon_airport_digital_work,incheon_airport_digital_work:PSR-004,통상수용,1.0,계약·질의검토,계약·질의검토,True,True,False,계약·질의검토,0.42012435034375717,0.13782463421138347,0.44205101544485936,계약·질의검토,0.4315692400496171,0.11730329947219384,0.45112746047818914,계약·질의검토,0.4267195936984103,0.13214009930413162,0.441140306997458,0.42613772803059485,0.12908934432923633,0.44477292764016885
3,incheon_airport_digital_work,incheon_airport_digital_work:PSR-005,계약·질의검토,1.0,통상수용,계약·질의검토,False,False,True,계약·질의검토,0.3953022237304682,0.1849469291309564,0.4197508471385755,통상수용,0.4373552113872312,0.15007385135354864,0.41257093725922,통상수용,0.48710174348391544,0.13930564132753254,0.373592615188552,0.43991972620053826,0.1581088072706792,0.4019714665287825
3,incheon_airport_digital_work,incheon_airport_digital_work:PSR-006,통상수용,1.0,통상수용,통상수용,True,False,True,통상수용,0.49251528967143565,0.15335039930576128,0.3541343110228031,통상수용,0.4849983399480371,0.13306204295484955,0.3819396170971133,통상수용,0.5635095903148999,0.12532481792018985,0.3111655917649103,0.5136744066447908,0.1372457533936002,0.3490798399616089
3,incheon_airport_digital_work,incheon_airport_digital_work:QUR-001,견적반영,1.0,통상수용,통상수용,True,True,False,통상수용,0.6785403585654615,0.1344938090306416,0.18696583240389697,통상수용,0.7565783057270299,0.09870286616813026,0.14471882810483996,통상수용,0.7294777660254622,0.10603621199397789,0.1644860219805598,0.7215321434393179,0.11307762906424991,0.16539022749643226
3,incheon_airport_digital_work,incheon_airport_digital_work:QUR-003,통상수용,1.0,통상수용,통상수용,True,False,True,통상수용,0.7347268323598546,0.10615890555692074,0.15911426208322463,통상수용,0.7913726450843594,0.08462022479085593,0.12400713012478447,통상수용,0.7870013657684005,0.08114879267505264,0.13184984155654686,0.7710336144042049,0.09064264100760977,0.1383237445881853
3,incheon_airport_digital_work,incheon_airport_digital_work:QUR-004,계약·질의검토,1.0,통상수용,통상수용,True,True,False,통상수용,0.46806369868783587,0.2548604769513862,0.27707582436077793,통상수용,0.5120491970374075,0.22808372160600474,0.25986708135658776,통상수용,0.6045143624415876,0.20071147039269918,0.19477416716571325,0.5282090860556103,0.22788522298336336,0.24390569096102632
3,incheon_airport_digital_work,incheon_airport_digital_work:QUR-005,통상수용,1.0,통상수용,통상수용,True,False,True,통상수용,0.7510470134328496,0.13057322450796924,0.11837976205918105,통상수용,0.8117594552657025,0.09955194594648482,0.08868859878781259,통상수용,0.8312239633694634,0.08408205202527762,0.08469398460525905,0.7980101440226718,0.10473574082657723,0.0972541151507509
3,incheon_airport_digital_work,incheon_airport_digital_work:SER-001,통상수용,1.0,통상수용,통상수용,True,False,True,통상수용,0.46641165403538615,0.15858039017294429,0.3750079557916695,통상수용,0.5051904380367945,0.12960754428662205,0.36520201767658333,통상수용,0.4334484883988987,0.13712294724247445,0.4294285643586268,0.4683501934903598,0.14177029390068027,0.38987951260895987
3,incheon_airport_digital_work,incheon_airport_digital_work:SER-002,통상수용,1.0,통상수용,통상수용,True,False,True,통상수용,0.5603555014706513,0.14777603057897107,0.29186846795037763,통상수용,0.6527299457473441,0.11619975509881232,0.23107029915384364,통상수용,0.5443879341135924,0.1542332714274126,0.30137879445899496,0.5858244604438626,0.13940301903506533,0.2747725205210721
3,incheon_airport_digital_work,incheon_airport_digital_work:SER-003,통상수용,1.0,통상수용,통상수용,True,False,True,통상수용,0.3956742545504714,0.29979709868102256,0.30452864676850605,통상수용,0.42026687732267803,0.30400492683447117,0.2757281958428509,통상수용,0.46457990102150737,0.27187913103916006,0.2635409679393327,0.42684034429821893,0.29189371885155124,0.2812659368502299
3,incheon_airport_digital_work,incheon_airport_digital_work:SER-004,통상수용,1.0,통상수용,통상수용,True,False,True,통상수용,0.6554730494423265,0.19269108628382287,0.15183586427385062,통상수용,0.7446891641949968,0.13759937123324442,0.11771146457175889,통상수용,0.7168410945920047,0.1624098119256228,0.12074909348237246,0.7056677694097759,0.16423342314756337,0.13009880744266064
3,incheon_airport_digital_work,incheon_airport_digital_work:SER-005,통상수용,1.0,통상수용,통상수용,True,False,True,통상수용,0.644346896913136,0.17260187410152578,0.1830512289853383,통상수용,0.6945873179748064,0.1537749498351178,0.15163773219007579,통상수용,0.7280575272724858,0.12992816191140588,0.14201431081610824,0.6889972473868093,0.15210166194934982,0.15890109066384075
3,incheon_airport_digital_work,incheon_airport_digital_work:SER-007,통상수용,1.0,통상수용,통상수용,True,False,True,통상수용,0.46782035657176785,0.2564820050735727,0.27569763835465944,통상수용,0.485680541545792,0.23606769402474054,0.2782517644294673,통상수용,0.5717259379686767,0.1904474981287504,0.23782656390257292,0.5084089453620789,0.22766573240902122,0.2639253222288999
3,incheon_airport_digital_work,incheon_airport_digital_work:SFR-002,통상수용,1.0,견적반영,견적반영,True,True,False,견적반영,0.27250341097385244,0.44212603395395567,0.2853705550721919,견적반영,0.2868402512453945,0.4228367544924898,0.29032299426211566,견적반영,0.2466145850893062,0.4665947580092491,0.28679065690144473,0.26865274910285103,0.4438525154852315,0.28749473541191745
3,incheon_airport_digital_work,incheon_airport_digital_work:SFR-003,계약·질의검토,1.0,계약·질의검토,계약·질의검토,True,False,True,계약·질의검토,0.23480879825777112,0.3056868546103483,0.45950434713188065,계약·질의검토,0.21205108713181536,0.28897175956790244,0.4989771533002822,계약·질의검토,0.23383021859405442,0.3252052014153014,0.4409645799906442,0.2268967013278803,0.3066212718645174,0.46648202680760237
3,incheon_airport_digital_work,incheon_airport_digital_work:SFR-004,계약·질의검토,1.0,통상수용,계약·질의검토,False,False,True,통상수용,0.4004087828611145,0.22463008262803077,0.3749611345108548,계약·질의검토,0.3743218583627848,0.20890306090131266,0.4167750807359026,통상수용,0.45380059905399306,0.2237304285847255,0.3224689723612815,0.4095104134259641,0.2190878573713563,0.3714017292026796
3,incheon_airport_digital_work,incheon_airport_digital_work:SFR-006,계약·질의검토,1.0,계약·질의검토,계약·질의검토,True,False,True,계약·질의검토,0.28596476188412095,0.308634857733492,0.40540038038238707,계약·질의검토,0.26924553075583224,0.272961757318837,0.4577927119253308,계약·질의검토,0.3117263820677542,0.30985708955554386,0.3784165283767019,0.2889788915692358,0.2971512348692909,0.41386987356147326
3,incheon_airport_digital_work,incheon_airport_digital_work:SFR-008,견적반영,1.0,견적반영,계약·질의검토,False,False,True,견적반영,0.23674713481144635,0.4066249744473417,0.3566278907412119,계약·질의검토,0.1689737251505724,0.3909872450170989,0.4400390298323288,견적반영,0.2341330610284529,0.41550071499176056,0.35036622397978656,0.21328464033015723,0.404370978152067,0.38234438151777567
3,incheon_airport_digital_work,incheon_airport_digital_work:SFR-009,계약·질의검토,1.0,계약·질의검토,계약·질의검토,True,False,True,계약·질의검토,0.3070032907117117,0.2929041664730036,0.40009254281528484,계약·질의검토,0.30470725851780955,0.2596427996483637,0.4356499418338267,계약·질의검토,0.3078620429703017,0.27591996464557444,0.4162179923841239,0.3065241973999409,0.2761556435889806,0.41732015901107844
3,incheon_airport_digital_work,incheon_airport_digital_work:SFR-010,계약·질의검토,1.0,견적반영,견적반영,True,True,False,견적반영,0.25048355582287174,0.3855712887389377,0.3639451554381906,견적반영,0.1949947192276125,0.41089405385352595,0.3941112269188615,견적반영,0.2331339441177947,0.4145833082189757,0.35228274766322965,0.22620407305609294,0.4036828836038131,0.37011304334009393
3,incheon_airport_digital_work,incheon_airport_digital_work:SFR-011,계약·질의검토,1.0,계약·질의검토,계약·질의검토,True,False,True,계약·질의검토,0.23742296641300462,0.24918109259684512,0.5133959409901502,계약·질의검토,0.2180315821053529,0.21790928057085343,0.5640591373237938,계약·질의검토,0.1856162319456742,0.24368020610961688,0.570703561944709,0.21369026015467726,0.23692352642577177,0.549386213419551
3,incheon_airport_digital_work,incheon_airport_digital_work:SFR-012,통상수용,1.0,계약·질의검토,계약·질의검토,True,True,False,계약·질의검토,0.274804643541115,0.25007741403705325,0.47511794242183175,계약·질의검토,0.294779527985205,0.23753653638699052,0.4676839356278046,계약·질의검토,0.2398152147840538,0.21982789876840803,0.5403568864475382,0.2697997954367913,0.23581394973081726,0.49438625483239146
3,incheon_airport_digital_work,incheon_airport_digital_work:SFR-013,계약·질의검토,1.0,통상수용,통상수용,False,True,False,통상수용,0.400583169931746,0.35958681144784993,0.2398300186204041,통상수용,0.39861564428798874,0.3819944715577525,0.21938988415425872,견적반영,0.36275319860886907,0.36867594802497866,0.2685708533661523,0.38731733760953463,0.37008574367686037,0.24259691871360503
3,incheon_airport_digital_work,incheon_airport_digital_work:SFR-014,계약·질의검토,1.0,계약·질의검토,계약·질의검토,False,False,True,계약·질의검토,0.3712609292425759,0.22209091178737525,0.4066481589700488,계약·질의검토,0.3499939563389891,0.2202344365987824,0.42977160706222844,통상수용,0.4011495602071163,0.23384142752082596,0.3650090122720577,0.37413481526289377,0.22538892530232787,0.4004762594347783
3,incheon_airport_digital_work,incheon_airport_digital_work:SFR-015,계약·질의검토,1.0,계약·질의검토,계약·질의검토,True,False,True,계약·질의검토,0.23162542432036895,0.23978403617732152,0.5285905395023095,계약·질의검토,0.21597354178167497,0.20193877755558182,0.5820876806627432,계약·질의검토,0.26185352840232107,0.20618053377779846,0.5319659378198804,0.23648416483478832,0.21596778250356727,0.5475480526616444
3,incheon_airport_digital_work,incheon_airport_digital_work:SFR-016,계약·질의검토,1.0,계약·질의검토,계약·질의검토,True,False,True,계약·질의검토,0.3399917981081425,0.2420251483694864,0.417983053522371,계약·질의검토,0.3057719240642043,0.2230132832778009,0.4712147926579949,계약·질의검토,0.32220087686178156,0.2308990465443837,0.4469000765938348,0.32265486634470947,0.23197915939722366,0.4453659742580669
3,incheon_airport_digital_work,incheon_airport_digital_work:SFR-017,견적반영,1.0,통상수용,통상수용,True,True,False,통상수용,0.47189539354179594,0.31422497342785966,0.2138796330303445,통상수용,0.5115669477284613,0.31375610797672443,0.17467694429481428,통상수용,0.4138086646360862,0.38739322550851846,0.19879810985539534,0.4657570019687811,0.3384581023043675,0.1957848957268514
3,incheon_airport_digital_work,incheon_airport_digital_work:SFR-018,견적반영,1.0,통상수용,통상수용,True,True,False,통상수용,0.42930824446524124,0.30275442550286324,0.2679373300318956,통상수용,0.45345268647912457,0.26619633552197663,0.2803509779988989,통상수용,0.5471380930042953,0.2836911185046925,0.1691707884910122,0.47663300798288705,0.28421395984317743,0.23915303217393558
3,incheon_airport_digital_work,incheon_airport_digital_work:SFR-019,견적반영,1.0,계약·질의검토,계약·질의검토,True,True,False,계약·질의검토,0.33345430887049776,0.2384372846628371,0.42810840646666526,계약·질의검토,0.39361628393867687,0.20513929262485897,0.40124442343646416,계약·질의검토,0.3518792076751494,0.2258880038956992,0.4222327884291513,0.3596499334947747,0.22315486039446508,0.4171952061107602
3,incheon_airport_digital_work,incheon_airport_digital_work:TER-001,견적반영,1.0,계약·질의검토,계약·질의검토,True,True,False,계약·질의검토,0.34266077019781704,0.1541365960058142,0.5032026337963688,계약·질의검토,0.3035415783905841,0.12095077943577497,0.5755076421736409,계약·질의검토,0.3311623571970112,0.1248215880295207,0.5440160547734681,0.32578823526180417,0.13330298782370328,0.5409087769144926
3,incheon_airport_digital_work,incheon_airport_digital_work:TER-002,계약·질의검토,1.0,계약·질의검토,계약·질의검토,True,False,True,계약·질의검토,0.280176687343039,0.16792805896200624,0.5518952536949547,계약·질의검토,0.2598046067708577,0.14165368732297098,0.5985417059061713,계약·질의검토,0.2725409129208484,0.16125304766958332,0.5662060394095683,0.27084073567824835,0.15694493131818685,0.5722143330035648
4,kac_ai_work_platform,kac_ai_work_platform:AIF-002,견적반영,0.5,견적반영,견적반영,True,False,True,견적반영,0.27916990476887693,0.42160822325689445,0.2992218719742286,견적반영,0.2800744905410047,0.45116745564573424,0.2687580538132611,견적반영,0.25806813477624757,0.4374061724453878,0.30452569277836455,0.2724375100287097,0.43672728378267217,0.29083520618861813
4,kac_ai_work_platform,kac_ai_work_platform:AIF-004,견적반영,0.5,견적반영,견적반영,True,False,True,견적반영,0.2730916001133868,0.4078587779622664,0.3190496219243469,견적반영,0.24363905438018996,0.43878595078005883,0.31757499483975127,견적반영,0.23996888468566516,0.4280762272362607,0.3319548880780742,0.25223317972641396,0.4249069853261953,0.3228598349473908
4,kac_ai_work_platform,kac_ai_work_platform:AIF-005,통상수용,0.5,계약·질의검토,계약·질의검토,True,True,False,계약·질의검토,0.3212128266736867,0.31086861961496776,0.3679185537113456,계약·질의검토,0.33679596125241945,0.29024799113617855,0.37295604761140194,계약·질의검토,0.3249753924633759,0.32829065146705433,0.3467339560695698,0.3276613934631607,0.3098024207394002,0.3625361857974391
4,kac_ai_work_platform,kac_ai_work_platform:AIF-006,견적반영,0.5,견적반영,견적반영,True,False,True,견적반영,0.29927445258654783,0.4113523942223446,0.28937315319110757,견적반영,0.29930459159997086,0.4287781925259983,0.27191721587403084,견적반영,0.27281394731569086,0.44125832136859366,0.2859277313157154,0.2904643305007365,0.42712963603897885,0.28240603346028464
4,kac_ai_work_platform,kac_ai_work_platform:AIF-007,견적반영,0.5,견적반영,견적반영,True,False,True,견적반영,0.29393176739475135,0.3753937604380811,0.33067447216716755,견적반영,0.29475562456635496,0.3860604227769956,0.31918395265664945,견적반영,0.2629792221969984,0.400520527362125,0.33650025044087656,0.28388887138603486,0.38732490352573395,0.3287862250882312
4,kac_ai_work_platform,kac_ai_work_platform:AIP-002,계약·질의검토,0.5,계약·질의검토,계약·질의검토,True,False,True,계약·질의검토,0.28698843552673975,0.3385747132423532,0.374436851230907,계약·질의검토,0.28523269158422127,0.3233952046896815,0.3913721037260973,계약·질의검토,0.26057905326461944,0.348329760939434,0.3910911857959464,0.2776000601251935,0.3367665596238229,0.38563338025098354
4,kac_ai_work_platform,kac_ai_work_platform:AIP-003,견적반영,0.5,견적반영,견적반영,True,False,True,견적반영,0.2030922805002425,0.5240555180020858,0.27285220149767164,견적반영,0.18461219011370875,0.5357856875365071,0.27960212234978404,견적반영,0.1815596853811652,0.5546175458033341,0.26382276881550065,0.18975471866503882,0.5381529171139756,0.2720923642209854
4,kac_ai_work_platform,kac_ai_work_platform:AIP-004,계약·질의검토,0.5,견적반영,견적반영,True,True,False,견적반영,0.08972793844267675,0.5926783699921788,0.3175936915651445,견적반영,0.06393172024016792,0.6126671450787382,0.3234011346810938,견적반영,0.0714169465008926,0.6100247623304623,0.31855829116864515,0.07502553506124576,0.6051234258004597,0.3198510391382945
4,kac_ai_work_platform,kac_ai_work_platform:AIP-005,견적반영,0.5,견적반영,견적반영,True,False,True,견적반영,0.267967373393809,0.45018986659955146,0.2818427600066395,견적반영,0.2526674193938908,0.45763029815581846,0.2897022824502907,견적반영,0.2418835477519134,0.4937995561049183,0.26431689614316833,0.25417278017987105,0.46720657362009604,0.27862064620003285
4,kac_ai_work_platform,kac_ai_work_platform:AIP-006,견적반영,0.5,견적반영,견적반영,True,False,True,견적반영,0.1943016574780035,0.5444103340264989,0.2612880084954976,견적반영,0.16468114890896715,0.5684718802252638,0.26684697086576886,견적반영,0.16750642245937655,0.5671326296138368,0.26536094792678666,0.17549640961544907,0.5600049479551998,0.264498642429351
4,kac_ai_work_platform,kac_ai_work_platform:AIP-007,통상수용,0.5,계약·질의검토,계약·질의검토,True,True,False,계약·질의검토,0.3368477610173541,0.29928817123263907,0.36386406775000685,계약·질의검토,0.34172908074062386,0.2589388448485841,0.39933207441079205,계약·질의검토,0.3100071036055147,0.31427552554318233,0.37571737085130297,0.3295279817878309,0.2908341805414685,0.3796378376707006
4,kac_ai_work_platform,kac_ai_work_platform:AIP-008,견적반영,0.5,견적반영,견적반영,True,False,True,견적반영,0.19552356605903407,0.4828212267670627,0.3216552071739033,견적반영,0.1911878932837154,0.4424119736042817,0.36640013311200276,견적반영,0.16506847931135893,0.5148354833347555,0.3200960373538856,0.18392664621803614,0.48002289456869995,0.3360504592132639
4,kac_ai_work_platform,kac_ai_work_platform:COR-001,계약·질의검토,0.5,통상수용,통상수용,True,True,False,통상수용,0.5016312583758417,0.07832255509933007,0.42004618652482817,통상수용,0.5300919569081902,0.046732299261854585,0.42317574382995526,통상수용,0.4647256748087998,0.08052036601439531,0.45475395917680494,0.4988162966976106,0.06852507345852665,0.43265862984386283
4,kac_ai_work_platform,kac_ai_work_platform:COR-002,통상수용,0.5,통상수용,통상수용,True,False,True,통상수용,0.5919978661153222,0.14187196717995687,0.26613016670472084,통상수용,0.6662121645749591,0.10650275842590998,0.22728507699913097,통상수용,0.6045163043287486,0.13003793816527048,0.265445757505981,0.6209087783396767,0.12613755459037912,0.25295366706994427
4,kac_ai_work_platform,kac_ai_work_platform:COR-003,통상수용,0.5,통상수용,통상수용,True,False,True,통상수용,0.7449371244323469,0.11642677614470212,0.13863609942295088,통상수용,0.8045488688530622,0.08340921134446869,0.11204191980246911,통상수용,0.7566028217799745,0.11038425369614052,0.13301292452388497,0.7686962716884613,0.10340674706177044,0.1278969812497683
4,kac_ai_work_platform,kac_ai_work_platform:COR-004,통상수용,0.5,계약·질의검토,계약·질의검토,True,True,False,계약·질의검토,0.26536966036834525,0.12304976411512879,0.6115805755165259,계약·질의검토,0.2697243770303788,0.09280403028251502,0.6374715926871062,계약·질의검토,0.2811479187628923,0.11791628187672865,0.6009357993603792,0.2720806520538721,0.11125669209145748,0.6166626558546705
4,kac_ai_work_platform,kac_ai_work_platform:COR-005,통상수용,0.5,통상수용,통상수용,True,False,True,통상수용,0.7218843952030771,0.10247164981209672,0.17564395498482618,통상수용,0.8159553290727122,0.05879102425656157,0.12525364667072636,통상수용,0.7164094767198843,0.10149610850230763,0.18209441477780813,0.7514164003318912,0.08758626085698863,0.16099733881112024
4,kac_ai_work_platform,kac_ai_work_platform:CUR-001,계약·질의검토,0.5,계약·질의검토,계약·질의검토,True,False,True,계약·질의검토,0.13074146623657118,0.3447933497128715,0.5244651840505574,계약·질의검토,0.10202132726450618,0.30417657832401457,0.5938020944114792,계약·질의검토,0.11133327538709456,0.3503429193120196,0.5383238053008859,0.11469868962939063,0.33310428244963525,0.5521970279209741
4,kac_ai_work_platform,kac_ai_work_platform:DAR-001,통상수용,0.5,통상수용,통상수용,True,False,True,통상수용,0.6833298063481668,0.16783382307021683,0.14883637058161647,통상수용,0.7532182797601599,0.13934959013894066,0.10743213010089954,통상수용,0.6608137296692095,0.18313278426314022,0.15605348606765027,0.6991206052591786,0.1634387324907659,0.13744066225005544
4,kac_ai_work_platform,kac_ai_work_platform:DAR-002,통상수용,0.5,통상수용,통상수용,True,False,True,통상수용,0.7446412699174453,0.1546274149609331,0.10073131512162149,통상수용,0.8254376684957848,0.10753039546226525,0.06703193604194979,통상수용,0.7413671779997069,0.15964041338143645,0.09899240861885676,0.7704820388043124,0.14059940793487827,0.08891855326080934
4,kac_ai_work_platform,kac_ai_work_platform:DAR-003,견적반영,0.5,견적반영,견적반영,True,False,True,견적반영,0.22540839747107405,0.6313737870777527,0.14321781545117315,견적반영,0.18132986154714759,0.7157192973844249,0.10295084106842751,견적반영,0.2204402182408314,0.6388123411817354,0.14074744057743316,0.20905949241968436,0.6619684752146376,0.12897203236567795
4,kac_ai_work_platform,kac_ai_work_platform:DAR-004,계약·질의검토,0.5,견적반영,견적반영,True,True,False,견적반영,0.23015815473852508,0.3963761791548468,0.37346566610662807,견적반영,0.2022443626807204,0.43145968966145537,0.3662959476578243,견적반영,0.19968082308027074,0.4125710241057174,0.38774815281401187,0.2106944468331721,0.41346896430733987,0.37583658885948806
4,kac_ai_work_platform,kac_ai_work_platform:ECR-002,계약·질의검토,0.5,계약·질의검토,계약·질의검토,True,False,True,계약·질의검토,0.05975635009708366,0.3580524810284098,0.5821911688745064,계약·질의검토,0.037363605723346176,0.30986069106096087,0.6527757032156931,계약·질의검토,0.04626758812127206,0.3729343458605965,0.5807980660181314,0.047795847980567296,0.3469491726499891,0.6052549793694437
4,kac_ai_work_platform,kac_ai_work_platform:ECR-003,계약·질의검토,0.5,계약·질의검토,계약·질의검토,True,False,True,계약·질의검토,0.12313455031242108,0.22482174494111026,0.6520437047464687,계약·질의검토,0.09180836609391713,0.1703307177542924,0.7378609161517905,계약·질의검토,0.09835205116790267,0.23259722158192295,0.6690507272501744,0.1044316558580803,0.20924989475910852,0.6863184493828113
4,kac_ai_work_platform,kac_ai_work_platform:ECR-004,계약·질의검토,0.5,계약·질의검토,계약·질의검토,True,False,True,계약·질의검토,0.04975577141415359,0.25407100960293105,0.6961732189829154,계약·질의검토,0.03218244001818081,0.19813050254493308,0.7696870574368863,계약·질의검토,0.038719879020284974,0.2650556499756946,0.6962244710040205,0.04021936348420646,0.23908572070785292,0.7206949158079407
4,kac_ai_work_platform,kac_ai_work_platform:ECR-006,견적반영,0.5,계약·질의검토,계약·질의검토,True,True,False,계약·질의검토,0.10682565121527392,0.4316880982749527,0.4614862505097735,계약·질의검토,0.0865979540367592,0.4308101350326843,0.4825919109305566,계약·질의검토,0.09625983052655762,0.4445004176372694,0.45923975183617305,0.09656114525953025,0.43566621698163543,0.46777263775883443
4,kac_ai_work_platform,kac_ai_work_platform:GW-001,견적반영,0.5,통상수용,통상수용,True,True,False,통상수용,0.37509359071469656,0.3171686271690997,0.3077377821162037,통상수용,0.38695383367644237,0.29195078037481426,0.3210953859487434,통상수용,0.34212864511405927,0.33311579201414737,0.3247555628717933,0.3680586898350661,0.3140783998526871,0.3178629103122468
4,kac_ai_work_platform,kac_ai_work_platform:GW-002,계약·질의검토,0.5,계약·질의검토,계약·질의검토,True,False,True,계약·질의검토,0.2650610476161978,0.3486406298226425,0.3862983225611598,계약·질의검토,0.21093457376000097,0.37284941733260174,0.4162160089073973,계약·질의검토,0.23408205938517837,0.375663497856001,0.39025444275882076,0.23669256025379237,0.36571784833708176,0.3975895914091259
4,kac_ai_work_platform,kac_ai_work_platform:GW-003,견적반영,0.5,견적반영,견적반영,True,False,True,견적반영,0.3523572247205283,0.36469168328653123,0.28295109199294055,견적반영,0.33240984028035825,0.39599566535495745,0.27159449436468414,견적반영,0.33287713505192185,0.37692930021597365,0.29019356473210456,0.3392147333509361,0.37920554961915415,0.28157971702990975
4,kac_ai_work_platform,kac_ai_work_platform:GW-004,계약·질의검토,0.5,계약·질의검토,계약·질의검토,True,False,True,계약·질의검토,0.2320803511474541,0.25966512319977464,0.5082545256527713,계약·질의검토,0.19820372186229931,0.23553383900771868,0.566262439129982,계약·질의검토,0.2223453282537019,0.254933664893507,0.5227210068527912,0.21754313375448509,0.25004420903366675,0.5324126572118482
4,kac_ai_work_platform,kac_ai_work_platform:GW-005,통상수용,0.5,통상수용,통상수용,True,False,True,통상수용,0.4569489484300533,0.28950190223207545,0.2535491493378712,통상수용,0.503732618767468,0.27931311407137926,0.2169542671611528,통상수용,0.41369602104987785,0.3157168267013484,0.2705871522487739,0.4581258627491331,0.29484394766826766,0.24703018958259929
4,kac_ai_work_platform,kac_ai_work_platform:GW-006,견적반영,0.5,견적반영,견적반영,True,False,True,견적반영,0.31047417512877745,0.3760841915350441,0.31344163333617847,견적반영,0.3137263680090027,0.38683698039375913,0.2994366515972381,견적반영,0.2759188506950515,0.38779576587682146,0.3362853834281271,0.3000397979442772,0.38357231260187485,0.3163878894538479
4,kac_ai_work_platform,kac_ai_work_platform:GW-007,통상수용,0.5,통상수용,통상수용,True,False,True,통상수용,0.39915808783045686,0.2855739567559524,0.3152679554135908,통상수용,0.4345575704247764,0.24056655598954022,0.32487587358568326,통상수용,0.3699413232490613,0.3067645203204608,0.3232941564304778,0.40121899383476484,0.27763501102198446,0.32114599514325065
4,kac_ai_work_platform,kac_ai_work_platform:GW-008,통상수용,0.5,통상수용,통상수용,True,False,True,통상수용,0.4489820917110831,0.277808243922947,0.27320966436597,통상수용,0.5151363157247575,0.24271327769847972,0.24215040657676282,통상수용,0.4415110118295168,0.28640574711357636,0.27208324105690684,0.46854313975511913,0.26897575624500103,0.2624811039998799
4,kac_ai_work_platform,kac_ai_work_platform:GW-009,통상수용,0.5,통상수용,통상수용,True,False,True,통상수용,0.3989506386309157,0.387554438913752,0.2134949224553323,통상수용,0.42898966753194145,0.39749143480992233,0.17351889765813627,통상수용,0.40054098577416053,0.3946863352801681,0.20477267894567144,0.4094937639790059,0.3932440696679475,0.1972621663530467
4,kac_ai_work_platform,kac_ai_work_platform:GW-010,통상수용,0.5,통상수용,통상수용,False,False,True,통상수용,0.40721693737964954,0.3486138214472096,0.24416924117314087,통상수용,0.4088691681109204,0.3414966710426614,0.24963416084641826,견적반영,0.3670674462225035,0.3744709419125987,0.25846161186489786,0.39438451723769113,0.3548604781341566,0.2507550046281523
4,kac_ai_work_platform,kac_ai_work_platform:GW-011,견적반영,0.5,통상수용,통상수용,True,True,False,통상수용,0.5454101161725243,0.302410875100795,0.15217900872668064,통상수용,0.6364522342202072,0.23170981486454623,0.13183795091524653,통상수용,0.5058264797293457,0.3245408118464831,0.16963270842417127,0.5625629433740257,0.28622050060394144,0.15121655602203282
4,kac_ai_work_platform,kac_ai_work_platform:GW-012,통상수용,0.5,견적반영,견적반영,True,True,False,견적반영,0.33548913215788845,0.40388170609058704,0.26062916175152445,견적반영,0.33384315363571815,0.4378828040593515,0.22827404230493034,견적반영,0.29522481540972134,0.42948165170509683,0.27529353288518177,0.3215190337344426,0.42374872061834506,0.2547322456472122
4,kac_ai_work_platform,kac_ai_work_platform:GW-013,견적반영,0.5,통상수용,통상수용,True,True,False,통상수용,0.44392423544707393,0.31425039277678896,0.24182537177613714,통상수용,0.49328779832553205,0.2916460207246298,0.2150661809498383,통상수용,0.426004544947308,0.332231336808427,0.24176411824426508,0.4544055262399713,0.31270925010328193,0.23288522365674683
4,kac_ai_work_platform,kac_ai_work_platform:GW-014,견적반영,0.5,계약·질의검토,계약·질의검토,True,True,False,계약·질의검토,0.25101573099812313,0.3183917457391159,0.4305925232627609,계약·질의검토,0.2365893504557649,0.2708709715215168,0.4925396780227183,계약·질의검토,0.23148137361836468,0.3305342579080975,0.43798436847353794,0.23969548502408422,0.30659899172291,0.4537055232530058
4,kac_ai_work_platform,kac_ai_work_platform:GW-016,계약·질의검토,0.5,계약·질의검토,계약·질의검토,True,False,True,계약·질의검토,0.26561409882564274,0.32757638848222653,0.4068095126921308,계약·질의검토,0.24195407638306451,0.33713883579023024,0.4209070878267052,계약·질의검토,0.2671152787212538,0.33111980345243613,0.4017649178263102,0.2582278179766537,0.33194500924163095,0.4098271727817154
4,kac_ai_work_platform,kac_ai_work_platform:GW-017,통상수용,0.5,견적반영,견적반영,True,True,False,견적반영,0.3433892505485142,0.3961110112347746,0.2604997382167113,견적반영,0.3745740166861627,0.3968038091792247,0.22862217413461258,견적반영,0.317790872565973,0.41649341340449075,0.2657157140295363,0.34525137993355,0.40313607793949674,0.2516125421269534
4,kac_ai_work_platform,kac_ai_work_platform:GW-018,견적반영,0.5,견적반영,견적반영,True,False,True,견적반영,0.21731455114665676,0.43366580957251666,0.3490196392808266,견적반영,0.18110299284058573,0.4735948511698711,0.34530215598954306,견적반영,0.18132889909773536,0.45309708601535403,0.3655740148869106,0.1932488143616593,0.4534525822525806,0.3532986033857601
4,kac_ai_work_platform,kac_ai_work_platform:GW-019,통상수용,0.5,통상수용,통상수용,True,False,True,통상수용,0.634068498925639,0.19110133447090558,0.17483016660345546,통상수용,0.7522627837171392,0.13192873406925357,0.11580848221360722,통상수용,0.6248472690630306,0.1989296269511898,0.17622310398577962,0.6703928505686029,0.17398656516378297,0.1556205842676141
4,kac_ai_work_platform,kac_ai_work_platform:GW-020,통상수용,0.5,통상수용,통상수용,True,False,True,통상수용,0.5293883624866671,0.31214101206888756,0.1584706254444453,통상수용,0.5654638193369048,0.32076510512679646,0.11377107553629873,통상수용,0.5768667022714503,0.28558678618713246,0.13754651154141717,0.5572396280316742,0.30616430112760545,0.1365960708407204
4,kac_ai_work_platform,kac_ai_work_platform:GW-021,통상수용,0.5,통상수용,통상수용,True,False,True,통상수용,0.38400839609841647,0.3355214206910524,0.2804701832105311,통상수용,0.4174592683538712,0.3011723676018667,0.28136836404426213,통상수용,0.4365277962094004,0.30322097222751304,0.2602512315630866,0.41266515355389605,0.3133049201734774,0.2740299262726266
4,kac_ai_work_platform,kac_ai_work_platform:INR-001,통상수용,0.5,계약·질의검토,계약·질의검토,False,False,True,계약·질의검토,0.4280521481189002,0.14217604485569996,0.4297718070253999,통상수용,0.4373982572024639,0.13398732370102584,0.42861441909651027,계약·질의검토,0.4266668299949673,0.13425526564047283,0.4390779043645598,0.43070574510544385,0.1368062113990662,0.43248804349549
4,kac_ai_work_platform,kac_ai_work_platform:INR-002,계약·질의검토,0.5,계약·질의검토,계약·질의검토,True,False,True,계약·질의검토,0.24374242696279502,0.19793319405110582,0.5583243789860993,계약·질의검토,0.22704433011238076,0.16194923897060426,0.611006430917015,계약·질의검토,0.25410891507800026,0.1805734087029944,0.5653176762190054,0.24163189071772537,0.18015194724156816,0.5782161620407066
4,kac_ai_work_platform,kac_ai_work_platform:PER-001,통상수용,0.5,통상수용,통상수용,True,False,True,통상수용,0.3945111526003233,0.23360145503775034,0.3718873923619263,통상수용,0.4434934915542498,0.21195139589385142,0.34455511255189886,통상수용,0.41785393737932636,0.22278340001840036,0.35936266260227323,0.41861952717796647,0.22277875031666738,0.35860172250536615
4,kac_ai_work_platform,kac_ai_work_platform:PER-002,통상수용,0.5,계약·질의검토,계약·질의검토,True,True,False,계약·질의검토,0.19952810787705608,0.14741020495172014,0.6530616871712238,계약·질의검토,0.1942666198569959,0.13605357640392227,0.6696798037390819,계약·질의검토,0.19065019825990595,0.1431146210157354,0.6662351807243586,0.1948149753313193,0.1421928007904593,0.6629922238782214
4,kac_ai_work_platform,kac_ai_work_platform:PMR-001,계약·질의검토,0.5,통상수용,통상수용,True,True,False,통상수용,0.4744114407142922,0.08968745185660293,0.4359011074291049,통상수용,0.5398681863503484,0.07532761546264373,0.38480419818700784,통상수용,0.46002708048416424,0.08956547624502836,0.4504074432708073,0.4914355691829349,0.08486018118809167,0.42370424962897335
4,kac_ai_work_platform,kac_ai_work_platform:PMR-002,통상수용,0.5,통상수용,통상수용,True,False,True,통상수용,0.6171192886404832,0.15318664238562144,0.2296940689738955,통상수용,0.6543865558644975,0.1283909504918531,0.2172224936436494,통상수용,0.6371142890742392,0.14019441263434368,0.2226912982914172,0.6362067111930733,0.1405906685039394,0.22320262030298735
4,kac_ai_work_platform,kac_ai_work_platform:PMR-003,통상수용,0.5,통상수용,통상수용,True,False,True,통상수용,0.4689844458540769,0.17913888376566742,0.35187667038025566,통상수용,0.5085181825302713,0.14740127154298843,0.34408054592674026,통상수용,0.4928522711164036,0.16444059142865758,0.34270713745493897,0.49011829983358396,0.16366024891243783,0.3462214512539783
4,kac_ai_work_platform,kac_ai_work_platform:PMR-004,견적반영,0.5,통상수용,통상수용,True,True,False,통상수용,0.6065784169681773,0.16412859861796308,0.2292929844138597,통상수용,0.6307696306411708,0.13944080311485443,0.22978956624397473,통상수용,0.6205967261264472,0.15928502837877992,0.22011824549477285,0.6193149245785984,0.15428481003719915,0.22640026538420244
4,kac_ai_work_platform,kac_ai_work_platform:PMR-005,통상수용,0.5,통상수용,통상수용,True,False,True,통상수용,0.45371233710930703,0.17250016201152785,0.3737875008791652,통상수용,0.4570108081423364,0.14062753007473233,0.4023616617829311,통상수용,0.4543677875640981,0.16880161696595464,0.3768305954699471,0.4550303109385805,0.16064310301740495,0.38432658604401443
4,kac_ai_work_platform,kac_ai_work_platform:PMR-006,통상수용,0.5,통상수용,통상수용,True,False,True,통상수용,0.47020972129647326,0.13680914820359813,0.3929811304999286,통상수용,0.46469237858352874,0.0984440378558353,0.4368635835606359,통상수용,0.4743206090539827,0.12409079901161807,0.4015885919343993,0.46974090297799487,0.11978132835701716,0.4104777686649879
4,kac_ai_work_platform,kac_ai_work_platform:PMR-008,계약·질의검토,0.5,계약·질의검토,계약·질의검토,True,False,True,계약·질의검토,0.3422440443913065,0.11117185182866737,0.5465841037800262,계약·질의검토,0.3356296252573182,0.09416136046140344,0.5702090142812785,계약·질의검토,0.33653083978847537,0.11122847434359849,0.5522406858679262,0.33813483647903336,0.10552056221122309,0.5563446013097436
4,kac_ai_work_platform,kac_ai_work_platform:PMR-009,통상수용,0.5,통상수용,통상수용,True,False,True,통상수용,0.46619869404528724,0.17868570323616328,0.3551156027185494,통상수용,0.5502152351097338,0.1494231491859341,0.300361615704332,통상수용,0.49374081242376855,0.1661455682306551,0.3401136193455764,0.5033849138595965,0.1647514735509175,0.33186361258948593
4,kac_ai_work_platform,kac_ai_work_platform:PMR-010,통상수용,0.5,통상수용,통상수용,True,False,True,통상수용,0.5351043170636894,0.16625346032342264,0.298642222612888,통상수용,0.6160887190391533,0.11761091121768558,0.2663003697431612,통상수용,0.5272027568748542,0.16395395963496928,0.30884328349017653,0.5594652643258989,0.1492727770586925,0.29126195861540854
4,kac_ai_work_platform,kac_ai_work_platform:PMR-011,계약·질의검토,0.5,계약·질의검토,계약·질의검토,True,False,True,계약·질의검토,0.261379493423728,0.11339625663213743,0.6252242499441346,계약·질의검토,0.21864704794631148,0.08198181141233986,0.6993711406413485,계약·질의검토,0.2551113762003394,0.0982633127749096,0.6466253110247511,0.24504597252345964,0.09788046027312895,0.6570735672034114
4,kac_ai_work_platform,kac_ai_work_platform:PSR-001,계약·질의검토,0.5,계약·질의검토,계약·질의검토,True,False,True,계약·질의검토,0.29322726469370236,0.10222440138604218,0.6045483339202554,계약·질의검토,0.2433248994636809,0.07888431049338868,0.6777907900429304,계약·질의검토,0.28274522337736213,0.10116940178354447,0.6160853748390934,0.27309912917824847,0.0940927045543251,0.6328081662674264
4,kac_ai_work_platform,kac_ai_work_platform:PSR-002,통상수용,0.5,통상수용,통상수용,True,False,True,통상수용,0.5034250598072715,0.24739821015713234,0.24917673003559615,통상수용,0.5296181477223579,0.23910921585441278,0.23127263642322932,통상수용,0.5084342860360778,0.24213173540312358,0.24943397856079869,0.5138258311885691,0.24287972047155623,0.2432944483398747
4,kac_ai_work_platform,kac_ai_work_platform:PSR-003,계약·질의검토,0.5,계약·질의검토,계약·질의검토,True,False,True,계약·질의검토,0.3340383048553864,0.10627113094514533,0.5596905641994683,계약·질의검토,0.3154832110649992,0.093123320403371,0.5913934685316297,계약·질의검토,0.34785362080046694,0.09848580001210225,0.5536605791874308,0.33245837890695085,0.09929341712020619,0.5682482039728428
4,kac_ai_work_platform,kac_ai_work_platform:PSR-004,견적반영,0.5,통상수용,통상수용,True,True,False,통상수용,0.5521630045974864,0.2018925564814695,0.24594443892104403,통상수용,0.5695789929294506,0.19057876282725061,0.23984224424329872,통상수용,0.5613051241324275,0.1913447602467167,0.24735011562085576,0.5610157072197882,0.19460535985181227,0.24437893292839952
4,kac_ai_work_platform,kac_ai_work_platform:PSR-005,견적반영,0.5,계약·질의검토,계약·질의검토,True,True,False,계약·질의검토,0.2347586198757304,0.27832315638812927,0.48691822373614024,계약·질의검토,0.23799777439155334,0.28414249184082774,0.4778597337676188,계약·질의검토,0.2603416092401355,0.26951123245865666,0.4701471583012079,0.24436600116913976,0.2773256268958712,0.478308371934989
4,kac_ai_work_platform,kac_ai_work_platform:PSR-006,통상수용,0.5,통상수용,통상수용,True,False,True,통상수용,0.4979705694430304,0.3291243046326064,0.1729051259243631,통상수용,0.5354716162827979,0.33895060179370723,0.12557778192349484,통상수용,0.5267548076587344,0.3072618317297661,0.1659833606114995,0.520065664461521,0.3251122460520266,0.15482208948645246
4,kac_ai_work_platform,kac_ai_work_platform:PSR-007,통상수용,0.5,계약·질의검토,계약·질의검토,True,True,False,계약·질의검토,0.18989905628610554,0.10506700252983503,0.7050339411840595,계약·질의검토,0.14289489277495934,0.09023339778280944,0.7668717094422313,계약·질의검토,0.18617801021313962,0.10056299953503699,0.7132589902518234,0.1729906530914015,0.09862113328256049,0.728388213626038
4,kac_ai_work_platform,kac_ai_work_platform:QUR-001,계약·질의검토,0.5,통상수용,계약·질의검토,False,False,True,통상수용,0.45688998681128545,0.11606182315144349,0.427048190037271,계약·질의검토,0.44637673368779895,0.1053693511378088,0.4482539151743923,계약·질의검토,0.43890265167657855,0.11213222351567714,0.44896512480774436,0.44738979072522095,0.11118779926830981,0.4414224100064692
4,kac_ai_work_platform,kac_ai_work_platform:QUR-002,계약·질의검토,0.5,계약·질의검토,계약·질의검토,True,False,True,계약·질의검토,0.3578520504393882,0.1291728761848036,0.5129750733758082,계약·질의검토,0.3754834334106602,0.10206706956040519,0.5224494970289346,계약·질의검토,0.36618430561378046,0.11968627526707443,0.5141294191191451,0.366506596487943,0.11697540700409441,0.5165179965079627
4,kac_ai_work_platform,kac_ai_work_platform:QUR-003,견적반영,0.5,계약·질의검토,계약·질의검토,True,True,False,계약·질의검토,0.20084085034907603,0.10041887492368361,0.6987402747272402,계약·질의검토,0.22815899546382676,0.09412202427523245,0.6777189802609408,계약·질의검토,0.180566530351258,0.10000577305772235,0.7194276965910197,0.20318879205472026,0.09818222408554612,0.6986289838597335
4,kac_ai_work_platform,kac_ai_work_platform:QUR-004,통상수용,0.5,통상수용,통상수용,True,False,True,통상수용,0.6946955125049816,0.10033621607090669,0.20496827142411178,통상수용,0.780067994596235,0.06827622260861615,0.15165578279514882,통상수용,0.7214349912526619,0.08593266759835368,0.19263234114898437,0.7320661661179595,0.08484836875929218,0.18308546512274834
4,kac_ai_work_platform,kac_ai_work_platform:SER-001,통상수용,0.5,통상수용,통상수용,True,False,True,통상수용,0.5664729942814761,0.15576223831929528,0.2777647673992286,통상수용,0.6055491548328223,0.12301298499654953,0.2714378601706282,통상수용,0.5379675265395922,0.16042113965879323,0.3016113338016145,0.5699965585512968,0.14639878765821268,0.28360465379049044
4,kac_ai_work_platform,kac_ai_work_platform:SER-002,계약·질의검토,0.5,통상수용,통상수용,True,True,False,통상수용,0.5677673494928817,0.14057124157021386,0.2916614089369045,통상수용,0.5851148038599046,0.11805973650299964,0.2968254596370958,통상수용,0.5344008550431717,0.14665654140694218,0.3189426035498861,0.5624276694653193,0.13509583982671855,0.3024764907079622
4,kac_ai_work_platform,kac_ai_work_platform:SER-004,통상수용,0.5,통상수용,통상수용,True,False,True,통상수용,0.37690004727622745,0.33471790051760103,0.2883820522061714,통상수용,0.387211335764321,0.3252490918157293,0.28753957241994976,통상수용,0.35522071775587244,0.3548068237851416,0.28997245845898595,0.3731107002654736,0.3382579387061573,0.28863136102836906
4,kac_ai_work_platform,kac_ai_work_platform:SER-005,계약·질의검토,0.5,견적반영,견적반영,True,True,False,견적반영,0.16848436940672787,0.5863915758512127,0.24512405474205945,견적반영,0.1205424159912421,0.6549057731839356,0.2245518108248224,견적반영,0.16748333434433776,0.5818035224076981,0.2507131432479641,0.15217003991410258,0.6077002904809488,0.24012966960494864
4,kac_ai_work_platform,kac_ai_work_platform:TER-001,계약·질의검토,0.5,계약·질의검토,계약·질의검토,True,False,True,계약·질의검토,0.4057249856940925,0.13567827083250192,0.45859674347340557,계약·질의검토,0.4406494892546655,0.11098574231749736,0.44836476842783696,계약·질의검토,0.3859055142632847,0.13577861223212656,0.4783158735045888,0.4107599964040142,0.12748087512737527,0.46175912846861045
4,kac_ai_work_platform,kac_ai_work_platform:TER-002,계약·질의검토,0.5,계약·질의검토,계약·질의검토,True,False,True,계약·질의검토,0.2477400919829843,0.139041641735324,0.6132182662816917,계약·질의검토,0.17006802210799837,0.09005213118445674,0.739879846707545,계약·질의검토,0.2423554402811541,0.13165131765257573,0.6259932420662702,0.2200545181240456,0.12024836352411883,0.6596971183518356
5,kangwon_land_genai,kangwon_land_genai:COR-001,계약·질의검토,1.0,계약·질의검토,계약·질의검토,True,False,True,계약·질의검토,0.20313469456519104,0.12147696325408781,0.6753883421807212,계약·질의검토,0.15682068556364812,0.09520222936072796,0.7479770850756238,계약·질의검토,0.11634376830554714,0.1250443048303779,0.7586119268640749,0.1587663828114621,0.11390783248173124,0.7273257847068066
5,kangwon_land_genai,kangwon_land_genai:COR-002,통상수용,1.0,통상수용,통상수용,True,False,True,통상수용,0.5644430202878965,0.15317270407902536,0.28238427563307816,통상수용,0.651581517328396,0.10433568542685302,0.2440827972447509,통상수용,0.5837175280683303,0.13635417049221016,0.27992830143945957,0.5999140218948743,0.13128751999936286,0.2687984581057629
5,kangwon_land_genai,kangwon_land_genai:COR-003,통상수용,1.0,계약·질의검토,계약·질의검토,True,True,False,계약·질의검토,0.32998030354325597,0.11940677409697233,0.5506129223597717,계약·질의검토,0.3717190981800508,0.10213905280505706,0.5261418490148922,계약·질의검토,0.36376199208005083,0.10566650400859007,0.5305715039113591,0.3551537979344525,0.10907077697020649,0.5357754250953409
5,kangwon_land_genai,kangwon_land_genai:COR-004,통상수용,1.0,통상수용,통상수용,True,False,True,통상수용,0.7515141126312771,0.08292811657003066,0.16555777079869216,통상수용,0.844245615149383,0.05431890923659249,0.1014354756140244,통상수용,0.7594113625522134,0.06453207161552638,0.17605656583226015,0.7850570301109578,0.06725969914071651,0.14768327074832557
5,kangwon_land_genai,kangwon_land_genai:DAR-001,견적반영,1.0,견적반영,견적반영,True,False,True,견적반영,0.22097275728410418,0.6228220080202213,0.15620523469567466,견적반영,0.17483135931157437,0.6900853604338755,0.13508328025455024,견적반영,0.3359183681454423,0.5482151765337265,0.11586645532083117,0.24390749491370692,0.6203741816626077,0.13571832342368537
5,kangwon_land_genai,kangwon_land_genai:DAR-002,계약·질의검토,1.0,견적반영,견적반영,True,True,False,견적반영,0.1499821388253601,0.5644864189515326,0.2855314422231072,견적반영,0.11667309319620812,0.6370953817923082,0.2462315250114836,견적반영,0.12171708230098133,0.6217033855058544,0.25657953219316426,0.1294574381075165,0.6077617287498983,0.262780833142585
5,kangwon_land_genai,kangwon_land_genai:DAR-003,견적반영,1.0,견적반영,견적반영,True,False,True,견적반영,0.33296493131738997,0.5083882167393874,0.1586468519432226,견적반영,0.36632609511247505,0.4951017478231063,0.13857215706441853,견적반영,0.4071640066218013,0.4882950577824037,0.104540935595795,0.36881834435055544,0.4972616741149658,0.1339199815344787
5,kangwon_land_genai,kangwon_land_genai:DAR-004,통상수용,1.0,통상수용,통상수용,True,False,True,통상수용,0.7236776139249614,0.17478045751088173,0.10154192856415682,통상수용,0.7978961951152734,0.12946998264912554,0.07263382223560115,통상수용,0.6297641259622108,0.23999358163040124,0.13024229240738797,0.7171126450008152,0.1814146739301362,0.10147268106904865
5,kangwon_land_genai,kangwon_land_genai:ECR-001,계약·질의검토,1.0,계약·질의검토,계약·질의검토,True,False,True,계약·질의검토,0.07952725149976386,0.2387874432874738,0.6816853052127623,계약·질의검토,0.05038952077977341,0.1911873915789777,0.7584230876412489,계약·질의검토,0.03675399871220864,0.2293357009010993,0.733910300386692,0.0555569236639153,0.2197701785891836,0.7246728977469011
5,kangwon_land_genai,kangwon_land_genai:PER-001,계약·질의검토,1.0,계약·질의검토,계약·질의검토,True,False,True,계약·질의검토,0.14918823848481103,0.206108539858455,0.6447032216567339,계약·질의검토,0.12915267923523752,0.17462844652640722,0.6962188742383554,계약·질의검토,0.1531027158227238,0.1737020833182587,0.6731952008590174,0.14381454451425746,0.18481302323437365,0.6713724322513688
5,kangwon_land_genai,kangwon_land_genai:PER-002,계약·질의검토,1.0,계약·질의검토,계약·질의검토,True,False,True,계약·질의검토,0.1575241793031194,0.16224875953166565,0.680227061165215,계약·질의검토,0.11526957526954698,0.11471820028183313,0.7700122244486199,계약·질의검토,0.10098242128064745,0.138094010767127,0.7609235679522256,0.12459205861777128,0.1383536568602086,0.7370542845220203
5,kangwon_land_genai,kangwon_land_genai:PER-003,계약·질의검토,1.0,계약·질의검토,계약·질의검토,True,False,True,계약·질의검토,0.21671775826086698,0.17136365361111175,0.6119185881280212,계약·질의검토,0.15380705139024012,0.13121834470884455,0.7149746039009154,계약·질의검토,0.1743115681862797,0.13348419676777507,0.6922042350459453,0.1816121259457956,0.14535539836257713,0.6730324756916274
5,kangwon_land_genai,kangwon_land_genai:PER-004,계약·질의검토,1.0,계약·질의검토,계약·질의검토,True,False,True,계약·질의검토,0.2555371025084564,0.20980283865786623,0.5346600588336774,계약·질의검토,0.22832139044295707,0.1982778781385159,0.573400731418527,계약·질의검토,0.21883327934737756,0.1998971631760585,0.5812695574765641,0.2342305907662637,0.2026592933241469,0.5631101159095895
5,kangwon_land_genai,kangwon_land_genai:PMR-001,통상수용,1.0,통상수용,통상수용,True,False,True,통상수용,0.7647890824418839,0.09102157891665827,0.14418933864145783,통상수용,0.830023354733777,0.059122004102677476,0.1108546411635456,통상수용,0.8057670022742442,0.07293160406613212,0.12130139365962368,0.8001931464833018,0.07435839569515595,0.12544845782154238
5,kangwon_land_genai,kangwon_land_genai:PMR-002,통상수용,1.0,통상수용,통상수용,True,False,True,통상수용,0.44667916323596074,0.280747571252976,0.2725732655110632,통상수용,0.47322333717604453,0.2668079703897549,0.25996869243420057,통상수용,0.629968002687899,0.16664350875026643,0.2033884885618346,0.5166235010333015,0.2380663501309991,0.24531014883569946
5,kangwon_land_genai,kangwon_land_genai:PMR-003,통상수용,1.0,통상수용,통상수용,True,False,True,통상수용,0.6934377022172306,0.13158800117360428,0.1749742966091651,통상수용,0.7663117969514013,0.09973760998182961,0.13395059306676912,통상수용,0.7243842008296818,0.10545174635434332,0.17016405281597474,0.7280445666661045,0.11225911916992574,0.15969631416396965
5,kangwon_land_genai,kangwon_land_genai:PMR-004,견적반영,1.0,견적반영,견적반영,True,False,True,견적반영,0.3962540164616957,0.4558047490795422,0.14794123445876212,견적반영,0.4014497513283905,0.4995889357750445,0.09896131289656492,견적반영,0.4163664089140103,0.4463515116481549,0.13728207943783483,0.4046900589013655,0.46724839883424724,0.1280615422643873
5,kangwon_land_genai,kangwon_land_genai:PMR-005,통상수용,1.0,통상수용,계약·질의검토,False,False,True,통상수용,0.4357477888286373,0.1640104752209999,0.40024173595036283,통상수용,0.450056732595765,0.18042124471637164,0.36952202268786344,계약·질의검토,0.35332786181239306,0.19113714948741165,0.4555349887001954,0.41304412774559846,0.17852295647492775,0.4084329157794739
5,kangwon_land_genai,kangwon_land_genai:PMR-006,통상수용,1.0,통상수용,통상수용,True,False,True,통상수용,0.6328225821199744,0.18330781337989546,0.18386960450013012,통상수용,0.7332244678957914,0.1384243025549876,0.128351229549221,통상수용,0.7030101876617794,0.1557737266021399,0.14121608573608066,0.6896857458925151,0.15916861417900766,0.15114563992847727
5,kangwon_land_genai,kangwon_land_genai:PMR-007,계약·질의검토,1.0,계약·질의검토,계약·질의검토,True,False,True,계약·질의검토,0.35644773408668035,0.16305201474053463,0.48050025117278494,계약·질의검토,0.3637380950839254,0.14008026475068155,0.496181640165393,계약·질의검토,0.26802701981977106,0.18063022287543923,0.5513427573047898,0.3294042829967923,0.1612541674555518,0.5093415495476559
5,kangwon_land_genai,kangwon_land_genai:PSR-002,계약·질의검토,1.0,통상수용,계약·질의검토,False,False,True,계약·질의검토,0.42487378428286143,0.13232495654170298,0.4428012591754356,계약·질의검토,0.42353662191590935,0.09484965384864645,0.48161372423544424,통상수용,0.4836954988716268,0.120318055271834,0.3959864458565391,0.44403530169013256,0.11583088855406114,0.4401338097558063
5,kangwon_land_genai,kangwon_land_genai:PSR-003,계약·질의검토,1.0,계약·질의검토,계약·질의검토,False,False,True,계약·질의검토,0.3901627824009498,0.12712582533129332,0.4827113922677568,계약·질의검토,0.3751354357327892,0.11834601702052149,0.5065185472466893,통상수용,0.47615716375146405,0.09083816710827589,0.43300466914026,0.413818460628401,0.1121033364866969,0.47407820288490204
5,kangwon_land_genai,kangwon_land_genai:PSR-004,계약·질의검토,1.0,계약·질의검토,계약·질의검토,False,False,True,계약·질의검토,0.3010801480753649,0.2936600538307599,0.40525979809387525,계약·질의검토,0.30809082412984523,0.26666193209371286,0.425247243776442,통상수용,0.38655303920754985,0.270686050480182,0.3427609103122682,0.3319080038042533,0.2770026788015516,0.39108931739419517
5,kangwon_land_genai,kangwon_land_genai:QUR-001,통상수용,1.0,통상수용,통상수용,True,False,True,통상수용,0.7119510648348274,0.12834813736123246,0.1597007978039401,통상수용,0.7470074266794342,0.10401860539647398,0.14897396792409184,통상수용,0.8390876211866463,0.06655986581529161,0.09435251299806206,0.7660153709003027,0.099642202857666,0.13434242624203133
5,kangwon_land_genai,kangwon_land_genai:QUR-002,통상수용,1.0,통상수용,통상수용,True,False,True,통상수용,0.7452643010814125,0.12655696621466064,0.12817873270392688,통상수용,0.81065949103133,0.0964161502774517,0.0929243586912184,통상수용,0.8345432741587689,0.08336868927300096,0.08208803656822994,0.7968223554238372,0.10211393525503777,0.10106370932112507
5,kangwon_land_genai,kangwon_land_genai:QUR-003,통상수용,1.0,통상수용,통상수용,True,False,True,통상수용,0.4993224096229137,0.21345673725549832,0.287220853121588,통상수용,0.6258421808410531,0.15371744502819598,0.22044037413075088,통상수용,0.5276391940799856,0.19592828757575653,0.27643251834425797,0.5509345948479841,0.18770082328648363,0.2613645818655323
5,kangwon_land_genai,kangwon_land_genai:QUR-004,계약·질의검토,1.0,통상수용,통상수용,True,True,False,통상수용,0.719277665518029,0.10567026824949759,0.1750520662324734,통상수용,0.7903063345663568,0.07922371603687332,0.13046994939676976,통상수용,0.8394753772743441,0.05169508232451658,0.10882954040113936,0.7830197924529099,0.07886302220362916,0.13811718534346085
5,kangwon_land_genai,kangwon_land_genai:QUR-005,통상수용,1.0,통상수용,통상수용,True,False,True,통상수용,0.5954040620762451,0.18062844630347752,0.22396749162027746,통상수용,0.6766953878263658,0.13986000770142284,0.18344460447221128,통상수용,0.7080266349158602,0.15587234714394207,0.13610101794019788,0.6600420282728238,0.1587869337162808,0.18117103801089554
5,kangwon_land_genai,kangwon_land_genai:QUR-006,통상수용,1.0,통상수용,통상수용,False,False,True,견적반영,0.36018581473510336,0.3655802389178327,0.27423394634706394,통상수용,0.3668857718007847,0.36360799255491655,0.26950623564429876,통상수용,0.4846877597136918,0.3189074783559585,0.19640476193034972,0.4039197820831933,0.34936523660956925,0.24671498130723749
5,kangwon_land_genai,kangwon_land_genai:SER-003,계약·질의검토,1.0,계약·질의검토,계약·질의검토,True,False,True,계약·질의검토,0.4191736146077409,0.12947701994758165,0.4513493654446775,계약·질의검토,0.4231146380583898,0.11838471732110867,0.45850064462050144,계약·질의검토,0.26026392488483974,0.15178818728085208,0.5879478878343082,0.3675173925169901,0.13321664151651413,0.4992659659664957
5,kangwon_land_genai,kangwon_land_genai:SER-004,계약·질의검토,1.0,계약·질의검토,계약·질의검토,False,False,True,계약·질의검토,0.3348422475335486,0.3033219843023956,0.3618357681640559,통상수용,0.36774162395324544,0.3017091726537487,0.33054920339300575,계약·질의검토,0.26235164960920093,0.309082989716847,0.4285653606739522,0.32164517369866497,0.30470471555766376,0.3736501107436712
5,kangwon_land_genai,kangwon_land_genai:SFR-002,통상수용,1.0,견적반영,견적반영,True,True,False,견적반영,0.24992382526806456,0.49916299552126575,0.2509131792106697,견적반영,0.21745929650718218,0.5363006040301624,0.24624009946265543,견적반영,0.19438611587395874,0.5917015009864308,0.21391238313961033,0.22058974588306848,0.5423883668459529,0.2370218872709785
5,kangwon_land_genai,kangwon_land_genai:SFR-003,견적반영,1.0,견적반영,견적반영,True,False,True,견적반영,0.09550890145789064,0.5471190992033435,0.3573719993387659,견적반영,0.07358622621016364,0.5089553532585445,0.417458420531292,견적반영,0.05939758537285982,0.640428959539551,0.30017345508758914,0.07616423768030471,0.565501137333813,0.35833462498588237
5,kangwon_land_genai,kangwon_land_genai:SFR-005,계약·질의검토,1.0,계약·질의검토,계약·질의검토,True,False,True,계약·질의검토,0.12442914041169319,0.43122255471035587,0.44434830487795096,계약·질의검토,0.09098329498712204,0.44547157560774825,0.46354512940512965,계약·질의검토,0.10092216155868665,0.4293937528559476,0.4696840855853658,0.10544486565250062,0.435362627724684,0.4591925066228155
5,kangwon_land_genai,kangwon_land_genai:SFR-006,통상수용,1.0,견적반영,견적반영,True,True,False,견적반영,0.2438989898101854,0.4027151816864118,0.3533858285034028,견적반영,0.238963987676357,0.380850178306119,0.3801858340175239,견적반영,0.3056951958988741,0.4027514347112258,0.2915533693899001,0.2628527244618055,0.3954389315679188,0.34170834397027566
5,kangwon_land_genai,kangwon_land_genai:SIR-001,견적반영,1.0,통상수용,계약·질의검토,False,True,False,통상수용,0.43104779953426947,0.21551186657024143,0.3534403338954891,계약·질의검토,0.40395043781317197,0.18744491155151005,0.408604650635318,통상수용,0.4816977932803862,0.2122201186163145,0.30608208810329923,0.4388986768759426,0.20505896557935532,0.3560423575447021
5,kangwon_land_genai,kangwon_land_genai:SIR-002,계약·질의검토,1.0,계약·질의검토,계약·질의검토,False,False,True,계약·질의검토,0.30826888505761013,0.30046805784263575,0.3912630570997541,계약·질의검토,0.29105654073044124,0.2698528025761539,0.43909065669340475,통상수용,0.3526074570101321,0.31816156354051883,0.32923097944934904,0.3173109609327278,0.2961608079864362,0.386528231080836
5,kangwon_land_genai,kangwon_land_genai:SIR-003,통상수용,1.0,통상수용,통상수용,True,False,True,통상수용,0.7357411101146903,0.12131866474092716,0.14294022514438245,통상수용,0.837675009572498,0.07478981884805037,0.08753517157945176,통상수용,0.8063488704111088,0.09115757355771376,0.10249355603117748,0.7932549966994324,0.09575535238223043,0.11098965091833723
5,kangwon_land_genai,kangwon_land_genai:TER-002,통상수용,1.0,통상수용,통상수용,True,False,True,통상수용,0.42176771378180605,0.2121943849161118,0.36603790130208214,통상수용,0.4513386208768443,0.1772268187519912,0.37143456037116457,통상수용,0.42819887893249525,0.21580344823833755,0.3559976728291672,0.43376840453038185,0.2017415506354802,0.36449004483413794
5,kangwon_land_genai,kangwon_land_genai:TER-003,계약·질의검토,1.0,계약·질의검토,계약·질의검토,True,False,True,계약·질의검토,0.3307332456082423,0.15143338411751042,0.5178333702742473,계약·질의검토,0.3355292918848895,0.16962916901475958,0.49484153910035084,계약·질의검토,0.20899588793296564,0.15721113521976612,0.6337929768472682,0.29175280847536583,0.15942456278401204,0.5488226287406222
5,kangwon_land_genai,kangwon_land_genai:TER-004,통상수용,1.0,통상수용,통상수용,True,False,True,통상수용,0.437280623820541,0.19706805704034527,0.3656513191391137,통상수용,0.4883425293790193,0.18137521397949866,0.33028225664148203,통상수용,0.43308447685546897,0.18420174011564483,0.3827137830288862,0.4529025433516764,0.18754833704516294,0.35954911960316066
6,kdhc_plant_integrated_mgmt,kdhc_plant_integrated_mgmt:CNR-001,통상수용,0.5,통상수용,통상수용,True,False,True,통상수용,0.7730499830896916,0.133165237170024,0.09378477974028436,통상수용,0.8405568523353494,0.10165080670699644,0.057792340957654266,통상수용,0.8000857636873667,0.11707071656669661,0.08284351974593675,0.804564199704136,0.11729558681457235,0.0781402134812918
6,kdhc_plant_integrated_mgmt,kdhc_plant_integrated_mgmt:CNR-002,견적반영,0.5,통상수용,통상수용,True,True,False,통상수용,0.45984426765441966,0.3615669085117291,0.17858882383385133,통상수용,0.47167310838880955,0.370659366737077,0.15766752487411334,통상수용,0.4273771854599203,0.38269192662863083,0.18993088791144888,0.4529648538343832,0.3716394006258123,0.17539574553980453
6,kdhc_plant_integrated_mgmt,kdhc_plant_integrated_mgmt:CNR-003,견적반영,0.5,통상수용,통상수용,True,True,False,통상수용,0.43058911009071704,0.36639909360494216,0.20301179630434069,통상수용,0.4864882855525232,0.3418061075377877,0.1717056069096892,통상수용,0.39732268857826397,0.39092548307377334,0.21175182834796258,0.4381333614071681,0.3663768947388344,0.1954897438539975
6,kdhc_plant_integrated_mgmt,kdhc_plant_integrated_mgmt:CNR-004,통상수용,0.5,견적반영,견적반영,True,True,False,견적반영,0.3845689689261253,0.4170614927944252,0.19836953827944945,견적반영,0.380294437343287,0.4212166470135659,0.19848891564314702,견적반영,0.36638962178093815,0.4282529501489642,0.2053574280700976,0.3770843426834502,0.42217702998565176,0.200738627330898
6,kdhc_plant_integrated_mgmt,kdhc_plant_integrated_mgmt:CNR-005,통상수용,0.5,통상수용,통상수용,True,False,True,통상수용,0.5444107946882253,0.22704936858739475,0.22853983672437989,통상수용,0.6685043593737967,0.1688549456849364,0.1626406949412669,통상수용,0.5637376199770857,0.21718830122296862,0.21907407879994567,0.5922175913463693,0.20436420516509993,0.20341820348853082
6,kdhc_plant_integrated_mgmt,kdhc_plant_integrated_mgmt:COR-001,통상수용,0.5,통상수용,통상수용,True,False,True,통상수용,0.7075521901754035,0.12207128367125715,0.17037652615333937,통상수용,0.7766627419509083,0.09793944693871615,0.12539781111037562,통상수용,0.7333587371175616,0.10743002661137824,0.15921123627106015,0.7391912230812911,0.10914691907378384,0.15166185784492506
6,kdhc_plant_integrated_mgmt,kdhc_plant_integrated_mgmt:COR-002,통상수용,0.5,통상수용,통상수용,True,False,True,통상수용,0.7254438346560336,0.12515166501906536,0.14940450032490107,통상수용,0.8077777201194188,0.08368664047506744,0.10853563940551374,통상수용,0.7470100299511172,0.10845778435599146,0.1445321856928913,0.7600771949088565,0.10576536328337476,0.1341574418077687
6,kdhc_plant_integrated_mgmt,kdhc_plant_integrated_mgmt:COR-003,통상수용,0.5,통상수용,통상수용,True,False,True,통상수용,0.7616530481947672,0.07264097904265973,0.1657059727625731,통상수용,0.8413184735567798,0.05199860322594366,0.10668292321727654,통상수용,0.752574634815681,0.07044674377513131,0.17697862140918766,0.785182052189076,0.06502877534791157,0.1497891724630124
6,kdhc_plant_integrated_mgmt,kdhc_plant_integrated_mgmt:COR-004,통상수용,0.5,통상수용,통상수용,True,False,True,통상수용,0.5312671795494549,0.17675803506517734,0.29197478538536775,통상수용,0.528951171477086,0.1534630851301874,0.31758574339272655,통상수용,0.5397352223439029,0.16820352472212705,0.29206125293397,0.533317857790148,0.1661415483058306,0.30054059390402144
6,kdhc_plant_integrated_mgmt,kdhc_plant_integrated_mgmt:COR-005,통상수용,0.5,통상수용,통상수용,True,False,True,통상수용,0.5813593311580766,0.2766211774039495,0.14201949143797393,통상수용,0.6512001335325128,0.24974254387198716,0.0990573225955,통상수용,0.5615334682147174,0.28308981930871435,0.1553767124765683,0.5980309776351023,0.26981784686155036,0.1321511755033474
6,kdhc_plant_integrated_mgmt,kdhc_plant_integrated_mgmt:COR-006,계약·질의검토,0.5,계약·질의검토,계약·질의검토,True,False,True,계약·질의검토,0.2967441827179786,0.14037079764356822,0.5628850196384532,계약·질의검토,0.29664003049177917,0.11467336852189298,0.5886866009863279,계약·질의검토,0.32698740731220316,0.12112089754318599,0.5518916951446108,0.306790540173987,0.12538835456954908,0.5678211052564639
6,kdhc_plant_integrated_mgmt,kdhc_plant_integrated_mgmt:COR-007,계약·질의검토,0.5,계약·질의검토,계약·질의검토,True,False,True,계약·질의검토,0.21879265754277932,0.11829504742866517,0.6629122950285554,계약·질의검토,0.15624117475404997,0.0831542317584503,0.7606045934874998,계약·질의검토,0.20504086879061692,0.11447482894751314,0.6804843022618701,0.1933582336958154,0.10530803604487621,0.7013337302593085
6,kdhc_plant_integrated_mgmt,kdhc_plant_integrated_mgmt:DAR-001,통상수용,0.5,통상수용,통상수용,True,False,True,통상수용,0.7255287376508712,0.13633360457249968,0.1381376577766291,통상수용,0.8189724727319393,0.08554058531786977,0.09548694195019085,통상수용,0.746048177486082,0.12815837872059993,0.12579344379331814,0.7635164626229641,0.11667752287032312,0.11980601450671269
6,kdhc_plant_integrated_mgmt,kdhc_plant_integrated_mgmt:DAR-002,통상수용,0.5,통상수용,통상수용,True,False,True,통상수용,0.7354995921196475,0.17234025398498648,0.09216015389536598,통상수용,0.786677766985288,0.1452834838488988,0.06803874916581315,통상수용,0.7871859480871864,0.13670292378895071,0.07611112812386285,0.7697877690640408,0.15144222054094533,0.07877001039501398
6,kdhc_plant_integrated_mgmt,kdhc_plant_integrated_mgmt:DAR-003,통상수용,0.5,통상수용,통상수용,True,False,True,통상수용,0.6875909724468483,0.208938371130512,0.10347065642263982,통상수용,0.7741788536902421,0.15561077688844044,0.0702103694213175,통상수용,0.7116427822289741,0.19552849226365246,0.09282872550737328,0.7244708694553549,0.1866925467608683,0.08883658378377686
6,kdhc_plant_integrated_mgmt,kdhc_plant_integrated_mgmt:DAR-004,통상수용,0.5,통상수용,통상수용,True,False,True,통상수용,0.5732452131321402,0.264748985374076,0.1620058014937838,통상수용,0.6698193648365426,0.2147026696511472,0.11547796551231022,통상수용,0.5982484339401883,0.2542500448190252,0.14750152124078653,0.6137710039696237,0.24456723328141614,0.14166176274896017
6,kdhc_plant_integrated_mgmt,kdhc_plant_integrated_mgmt:DAR-005,통상수용,0.5,통상수용,통상수용,True,False,True,통상수용,0.6908098842562085,0.2328796127483999,0.07631050299539158,통상수용,0.764584253443804,0.18508576711571198,0.050329979440483986,통상수용,0.734889577891384,0.19830246014575756,0.06680796196285843,0.7300945718637988,0.20542261333662315,0.064482814799578
6,kdhc_plant_integrated_mgmt,kdhc_plant_integrated_mgmt:DAR-006,통상수용,0.5,통상수용,통상수용,True,False,True,통상수용,0.5521235589229072,0.23006357180316092,0.21781286927393184,통상수용,0.6023280860482999,0.18457560858518993,0.21309630536651022,통상수용,0.5790487738172312,0.2160685318305442,0.20488269435222464,0.5778334729294794,0.21023590407296502,0.21193062299755558
6,kdhc_plant_integrated_mgmt,kdhc_plant_integrated_mgmt:DAR-007,견적반영,0.5,견적반영,견적반영,True,False,True,견적반영,0.3732853362164734,0.4529364769037914,0.17377818687973523,견적반영,0.3768680797555612,0.5027488076510794,0.12038311259335936,견적반영,0.3593191589582866,0.4695399610925273,0.1711408799491861,0.36982419164344044,0.47507508188246605,0.15510072647409356
6,kdhc_plant_integrated_mgmt,kdhc_plant_integrated_mgmt:DAR-008,통상수용,0.5,통상수용,통상수용,True,False,True,통상수용,0.7330262377571597,0.1663007433023784,0.10067301894046184,통상수용,0.8204446267724321,0.11038265235783037,0.06917272086973739,통상수용,0.7440212104129221,0.16137963030143637,0.09459915928564153,0.7658306916475047,0.1460210086538817,0.0881482996986136
6,kdhc_plant_integrated_mgmt,kdhc_plant_integrated_mgmt:DAR-009,통상수용,0.5,통상수용,통상수용,True,False,True,통상수용,0.5594297533565753,0.2256039351090171,0.2149663115344075,통상수용,0.6562627036774644,0.17361902303811227,0.1701182732844233,통상수용,0.5881343865159607,0.2141547830497272,0.197710830434312,0.6012756145166668,0.20445924706561888,0.19426513841771428
6,kdhc_plant_integrated_mgmt,kdhc_plant_integrated_mgmt:DAR-010,통상수용,0.5,견적반영,견적반영,True,True,False,견적반영,0.3135750210998288,0.43477731393513197,0.2516476649650391,견적반영,0.36203523331722515,0.3980957084388892,0.23986905824388566,견적반영,0.30757749547970403,0.4610540310280829,0.23136847349221298,0.327729249965586,0.43130901780070136,0.24096173223371256
6,kdhc_plant_integrated_mgmt,kdhc_plant_integrated_mgmt:DAR-011,통상수용,0.5,통상수용,통상수용,True,False,True,통상수용,0.5758947929652911,0.236335389982682,0.18776981705202686,통상수용,0.6285336689891506,0.21977548043685252,0.15169085057399678,통상수용,0.6156535762405466,0.220652606458916,0.16369381730053748,0.6066940127316628,0.22558782562615018,0.16771816164218703
6,kdhc_plant_integrated_mgmt,kdhc_plant_integrated_mgmt:DAR-012,통상수용,0.5,견적반영,견적반영,True,True,False,견적반영,0.25518247631805324,0.5434525063659585,0.20136501731598822,견적반영,0.25243369579993524,0.5591781523693407,0.18838815183072402,견적반영,0.22249457224939714,0.5850221534030202,0.19248327434758256,0.24337024812246189,0.5625509373794398,0.19407881449809827
6,kdhc_plant_integrated_mgmt,kdhc_plant_integrated_mgmt:DAR-013,통상수용,0.5,통상수용,통상수용,True,False,True,통상수용,0.6631565932425698,0.2359188845416469,0.10092452221578319,통상수용,0.7417565053987201,0.18714750472653574,0.07109598987474411,통상수용,0.6984791592196417,0.21543378464465784,0.08608705613570047,0.7011307526203105,0.21283339130428014,0.08603585607540926
6,kdhc_plant_integrated_mgmt,kdhc_plant_integrated_mgmt:ECR-001,통상수용,0.5,견적반영,견적반영,True,True,False,견적반영,0.3374337025805003,0.3904163205764413,0.2721499768430584,견적반영,0.3428618638194202,0.38842763454156665,0.2687105016390131,견적반영,0.3344095347798942,0.38989328962965686,0.2756971755904488,0.3382350337266049,0.389579081582555,0.2721858846908401
6,kdhc_plant_integrated_mgmt,kdhc_plant_integrated_mgmt:INR-001,계약·질의검토,0.5,견적반영,계약·질의검토,False,False,True,견적반영,0.23806307903232818,0.397710353356167,0.3642265676115049,계약·질의검토,0.2334354882298343,0.3723518932762389,0.3942126184939268,견적반영,0.21805304913525497,0.403391098816064,0.37855585204868114,0.2298505387991391,0.39115111514948997,0.378998346051371
6,kdhc_plant_integrated_mgmt,kdhc_plant_integrated_mgmt:INR-002,견적반영,0.5,통상수용,통상수용,True,True,False,통상수용,0.5256461616832386,0.24201085559379817,0.23234298272296322,통상수용,0.594082849213613,0.2203287962252108,0.18558835456117626,통상수용,0.5193442468437385,0.2524683203605098,0.22818743279575168,0.5463577525801967,0.23826932405983958,0.21537292335996372
6,kdhc_plant_integrated_mgmt,kdhc_plant_integrated_mgmt:PER-001,계약·질의검토,0.5,계약·질의검토,계약·질의검토,True,False,True,계약·질의검토,0.29023969346368,0.2522333354707638,0.4575269710655562,계약·질의검토,0.35022835737246916,0.26436038165039727,0.3854112609771337,계약·질의검토,0.27494056252782756,0.25502416480564827,0.4700352726665242,0.3051362044546589,0.2572059606422698,0.43765783490307136
6,kdhc_plant_integrated_mgmt,kdhc_plant_integrated_mgmt:PER-002,계약·질의검토,0.5,계약·질의검토,계약·질의검토,True,False,True,계약·질의검토,0.353214039560569,0.13202942033175336,0.5147565401076777,계약·질의검토,0.4060531916727449,0.0975153101830956,0.49643149814415954,계약·질의검토,0.36004663123806585,0.13106007426977653,0.5088932944921576,0.3731046208237933,0.12020160159487518,0.5066937775813316
6,kdhc_plant_integrated_mgmt,kdhc_plant_integrated_mgmt:PER-003,계약·질의검토,0.5,계약·질의검토,계약·질의검토,True,False,True,계약·질의검토,0.2114072490471717,0.23415151428812006,0.5544412366647081,계약·질의검토,0.17050142598662457,0.20901257229586476,0.6204860017175107,계약·질의검토,0.22894502374551784,0.20965121585654622,0.5614037603979359,0.2036178995931047,0.21760510081351034,0.5787769995933849
6,kdhc_plant_integrated_mgmt,kdhc_plant_integrated_mgmt:PER-004,견적반영,0.5,통상수용,통상수용,True,True,False,통상수용,0.489312392795853,0.28262224358048094,0.22806536362366603,통상수용,0.539508423075136,0.25141860015006834,0.20907297677479575,통상수용,0.505334077112642,0.2725926056706875,0.2220733172166705,0.5113849643278771,0.2688778164670789,0.2197372192050441
6,kdhc_plant_integrated_mgmt,kdhc_plant_integrated_mgmt:PMR-001,통상수용,0.5,계약·질의검토,계약·질의검토,True,True,False,계약·질의검토,0.3956972122652952,0.15816425852384494,0.44613852921085984,계약·질의검토,0.38396782138374014,0.1372925894204064,0.4787395891958535,계약·질의검토,0.3821221351057978,0.16817416598765994,0.4497036989065424,0.38726238958494436,0.1545436713106371,0.4581939391044186
6,kdhc_plant_integrated_mgmt,kdhc_plant_integrated_mgmt:PMR-002,통상수용,0.5,통상수용,통상수용,True,False,True,통상수용,0.5760896968684899,0.18702690892887475,0.2368833942026354,통상수용,0.609011295670809,0.18995790727873565,0.2010307970504552,통상수용,0.6350001067001103,0.1591632096567005,0.20583668364318924,0.6067003664131364,0.17871600862143697,0.21458362496542663
6,kdhc_plant_integrated_mgmt,kdhc_plant_integrated_mgmt:PMR-003,통상수용,0.5,통상수용,통상수용,True,False,True,통상수용,0.6670826076414603,0.17659310902983225,0.15632428332870746,통상수용,0.7314998766758882,0.1463840958312748,0.12211602749283691,통상수용,0.6794109618848136,0.1727336489995781,0.1478553891156082,0.6926644820673875,0.16523695128689506,0.14209856664571752
6,kdhc_plant_integrated_mgmt,kdhc_plant_integrated_mgmt:PMR-004,통상수용,0.5,통상수용,통상수용,True,False,True,통상수용,0.5670288121467274,0.1564628876756766,0.27650830017759603,통상수용,0.6374187675511938,0.13192043114110727,0.23066080130769892,통상수용,0.5959175748672229,0.13923878924929775,0.2648436358834794,0.6001217181883813,0.14254070268869387,0.2573375791229248
6,kdhc_plant_integrated_mgmt,kdhc_plant_integrated_mgmt:PMR-005,통상수용,0.5,통상수용,통상수용,True,False,True,통상수용,0.5000633927825309,0.14125981110991187,0.3586767961075572,통상수용,0.5796472034656802,0.11164770294608037,0.30870509358823933,통상수용,0.5154043479695639,0.1301064434075002,0.35448920862293604,0.531704981405925,0.12767131915449748,0.34062369943957754
6,kdhc_plant_integrated_mgmt,kdhc_plant_integrated_mgmt:PMR-006,통상수용,0.5,통상수용,통상수용,True,False,True,통상수용,0.4850403119112653,0.19923494107374679,0.3157247470149878,통상수용,0.570251866020925,0.17345201197530646,0.25629612200376856,통상수용,0.4650189254775018,0.19729771154391482,0.3376833629785835,0.5067703678032308,0.189994888197656,0.30323474399911327
6,kdhc_plant_integrated_mgmt,kdhc_plant_integrated_mgmt:PMR-007,통상수용,0.5,계약·질의검토,계약·질의검토,True,True,False,계약·질의검토,0.2631996891069212,0.28282684992988844,0.4539734609631902,계약·질의검토,0.24252039701219316,0.2759935775529748,0.481486025434832,계약·질의검토,0.2444889680674003,0.28476808179811886,0.47074295013448086,0.2500696847288382,0.28119616976032735,0.4687341455108343
6,kdhc_plant_integrated_mgmt,kdhc_plant_integrated_mgmt:PMR-008,견적반영,0.5,통상수용,통상수용,False,False,True,통상수용,0.3774786757854671,0.3723933084818984,0.2501280157326345,견적반영,0.3751473303832128,0.39626641921316164,0.22858625040362548,통상수용,0.3999828136321355,0.35688359679499093,0.24313358957287345,0.38420293993360516,0.37518110816335026,0.2406159519030445
6,kdhc_plant_integrated_mgmt,kdhc_plant_integrated_mgmt:PMR-009,견적반영,0.5,계약·질의검토,계약·질의검토,True,True,False,계약·질의검토,0.2750298531859189,0.2919195311280076,0.4330506156860735,계약·질의검토,0.25361033409328115,0.3015519252011766,0.4448377407055422,계약·질의검토,0.29045403273632997,0.2775893241714801,0.43195664309218995,0.27303140667184334,0.29035359350022144,0.4366149998279352
6,kdhc_plant_integrated_mgmt,kdhc_plant_integrated_mgmt:PMR-010,견적반영,0.5,계약·질의검토,계약·질의검토,False,False,True,견적반영,0.22613295052203286,0.3918780444466827,0.3819890050312844,계약·질의검토,0.18248920183038747,0.40031313729899654,0.4171976608706159,계약·질의검토,0.22341764562324268,0.38683516769874793,0.3897471866780094,0.21067993265855434,0.39300878314814236,0.3963112841933032
6,kdhc_plant_integrated_mgmt,kdhc_plant_integrated_mgmt:PSR-001,통상수용,0.5,통상수용,통상수용,True,False,True,통상수용,0.568144715494178,0.21573351189692952,0.21612177260889245,통상수용,0.6607759698305293,0.17285018322481446,0.16637384694465607,통상수용,0.5895175765783108,0.20316011970834907,0.20732230371334007,0.6061460873010059,0.1972479382766977,0.1966059744222962
6,kdhc_plant_integrated_mgmt,kdhc_plant_integrated_mgmt:PSR-002,통상수용,0.5,통상수용,통상수용,True,False,True,통상수용,0.41131268531696247,0.24689198876154075,0.34179532592149686,통상수용,0.46771117166548,0.22101856023603328,0.31127026809848685,통상수용,0.43748744038286663,0.23249120080733626,0.3300213588097971,0.43883709912176966,0.23346724993497006,0.32769565094326025
6,kdhc_plant_integrated_mgmt,kdhc_plant_integrated_mgmt:PSR-003,계약·질의검토,0.5,계약·질의검토,계약·질의검토,True,False,True,계약·질의검토,0.3468643123700928,0.11416851325356188,0.5389671743763453,계약·질의검토,0.3590439868117672,0.07964032267035723,0.5613156905178756,계약·질의검토,0.38707788900491924,0.10281411313062452,0.5101079978644563,0.3643287293955931,0.09887431635151456,0.5367969542528924
6,kdhc_plant_integrated_mgmt,kdhc_plant_integrated_mgmt:PSR-004,통상수용,0.5,통상수용,통상수용,True,False,True,통상수용,0.48578398070565776,0.1249931751485894,0.38922284414575287,통상수용,0.5470641904527341,0.09496525463445578,0.3579705549128101,통상수용,0.5007963405940313,0.11843086091145069,0.3807727984945179,0.5112148372508077,0.11279643023149862,0.3759887325176936
6,kdhc_plant_integrated_mgmt,kdhc_plant_integrated_mgmt:PSR-005,통상수용,0.5,계약·질의검토,계약·질의검토,True,True,False,계약·질의검토,0.21862911378242603,0.08195900784353072,0.6994118783740432,계약·질의검토,0.2150114443088719,0.07604029135077524,0.708948264340353,계약·질의검토,0.20964172979665996,0.0794043034918115,0.7109539667115287,0.21442742929598593,0.07913453422870581,0.7064380364753083
6,kdhc_plant_integrated_mgmt,kdhc_plant_integrated_mgmt:PSR-006,통상수용,0.5,통상수용,통상수용,True,False,True,통상수용,0.6031400637609161,0.10234298029728352,0.2945169559418004,통상수용,0.739131538734041,0.0645248131360746,0.19634364812988436,통상수용,0.6270868477617633,0.09015699059286737,0.2827561616453693,0.6564528167522402,0.08567492800874182,0.257872255239018
6,kdhc_plant_integrated_mgmt,kdhc_plant_integrated_mgmt:PSR-007,통상수용,0.5,계약·질의검토,계약·질의검토,True,True,False,계약·질의검토,0.28651697175560664,0.1294184987557457,0.5840645294886476,계약·질의검토,0.23394302342114304,0.08990844715473056,0.6761485294241264,계약·질의검토,0.2947878699346827,0.11880214998508572,0.5864099800802316,0.27174928837047746,0.112709698631854,0.6155410129976685
6,kdhc_plant_integrated_mgmt,kdhc_plant_integrated_mgmt:PSR-008,통상수용,0.5,통상수용,통상수용,True,False,True,통상수용,0.6246463766676819,0.152736299927857,0.2226173234044612,통상수용,0.7334603936172936,0.11281092812502293,0.15372867825768352,통상수용,0.641873127207166,0.1421094371170022,0.21601743567583173,0.6666599658307139,0.1358855550566274,0.19745447911265882
6,kdhc_plant_integrated_mgmt,kdhc_plant_integrated_mgmt:PSR-009,견적반영,0.5,견적반영,견적반영,False,False,True,견적반영,0.3399201242262617,0.3510381525458172,0.309041723227921,견적반영,0.3263580928498433,0.39046098310539307,0.2831809240447637,통상수용,0.3559145880664063,0.3439133586451575,0.30017205328843627,0.3407309350475038,0.3618041647654559,0.29746490018704036
6,kdhc_plant_integrated_mgmt,kdhc_plant_integrated_mgmt:QUR-001,계약·질의검토,0.5,통상수용,통상수용,True,True,False,통상수용,0.5596320566863443,0.12175996762615152,0.3186079756875042,통상수용,0.5474529605489187,0.11048133823678527,0.3420657012142961,통상수용,0.5785254517793315,0.10887067472556748,0.31260387349510105,0.5618701563381981,0.11370399352950143,0.32442585013230046
6,kdhc_plant_integrated_mgmt,kdhc_plant_integrated_mgmt:QUR-002,통상수용,0.5,통상수용,통상수용,True,False,True,통상수용,0.6144306524619082,0.1675406299735659,0.21802871756452583,통상수용,0.6514621735523353,0.15229733525447986,0.19624049119318485,통상수용,0.6587153836344487,0.1523299240600482,0.18895469230550307,0.6415360698828975,0.15738929642936464,0.20107463368773792
6,kdhc_plant_integrated_mgmt,kdhc_plant_integrated_mgmt:QUR-003,견적반영,0.5,통상수용,통상수용,False,False,True,통상수용,0.3584144864517026,0.32363329430708127,0.3179522192412161,견적반영,0.33676174621873567,0.3371003829737518,0.3261378708075125,통상수용,0.3719525401819563,0.3068964177655295,0.32115104205251416,0.3557095909507982,0.32254336501545416,0.32174704403374754
6,kdhc_plant_integrated_mgmt,kdhc_plant_integrated_mgmt:QUR-004,통상수용,0.5,통상수용,통상수용,True,False,True,통상수용,0.5674017182977363,0.20145443912379768,0.23114384257846607,통상수용,0.6176296482367779,0.19235213971411627,0.19001821204910593,통상수용,0.5974998410639585,0.18333690565688363,0.2191632532791579,0.5941770691994909,0.19238116149826587,0.21344176930224332
6,kdhc_plant_integrated_mgmt,kdhc_plant_integrated_mgmt:SER-001,견적반영,0.5,통상수용,통상수용,True,True,False,통상수용,0.6064468638065514,0.23677766679585122,0.1567754693975974,통상수용,0.7107595162683361,0.1739609669170376,0.11527951681462636,통상수용,0.623066427108189,0.22307597974231036,0.1538575931495005,0.6467576023943589,0.21127153781839972,0.14197085978724144
6,kdhc_plant_integrated_mgmt,kdhc_plant_integrated_mgmt:SER-002,계약·질의검토,0.5,통상수용,통상수용,True,True,False,통상수용,0.5269599340820439,0.17165891728921237,0.3013811486287438,통상수용,0.5931145638656077,0.14076283987676524,0.2661225962576271,통상수용,0.5347228239056337,0.15980752258288514,0.3054696535114812,0.5515991072844284,0.15740975991628758,0.290991132799284
6,kdhc_plant_integrated_mgmt,kdhc_plant_integrated_mgmt:SER-003,통상수용,0.5,통상수용,통상수용,True,False,True,통상수용,0.479136864920407,0.3014716739377493,0.21939146114184366,통상수용,0.5174648282555262,0.2705107852136753,0.2120243865307985,통상수용,0.4536252453956525,0.3145734565177242,0.23180129808662336,0.48340897952386186,0.295518638556383,0.22107238191975517
6,kdhc_plant_integrated_mgmt,kdhc_plant_integrated_mgmt:SER-004,계약·질의검토,0.5,통상수용,통상수용,True,True,False,통상수용,0.4164312940883761,0.21850736059809434,0.36506134531352963,통상수용,0.4092318793408249,0.22723007823157557,0.3635380424275996,통상수용,0.41864841996452595,0.20297088717833642,0.3783806928571377,0.41477053113124235,0.21623610866933543,0.36899336019942225
6,kdhc_plant_integrated_mgmt,kdhc_plant_integrated_mgmt:SER-005,통상수용,0.5,통상수용,통상수용,True,False,True,통상수용,0.556033826562693,0.18636114017257588,0.25760503326473116,통상수용,0.65245144910416,0.13281204031452742,0.21473651058131266,통상수용,0.5572920880295883,0.1837333190182486,0.2589745929521631,0.5885924545654805,0.1676354998351173,0.24377204559940227
6,kdhc_plant_integrated_mgmt,kdhc_plant_integrated_mgmt:SER-006,통상수용,0.5,통상수용,통상수용,True,False,True,통상수용,0.5472596709053587,0.23322621350261544,0.21951411559202588,통상수용,0.6399431357140938,0.1744580990455759,0.1855987652403302,통상수용,0.5011920433552167,0.25460556842644366,0.2442023882183396,0.5627982833248897,0.22076329365821168,0.21643842301689856
6,kdhc_plant_integrated_mgmt,kdhc_plant_integrated_mgmt:SER-007,통상수용,0.5,통상수용,통상수용,True,False,True,통상수용,0.5554153781110248,0.13143855845076496,0.31314606343821016,통상수용,0.616284558190325,0.09582026411676338,0.28789517769291156,통상수용,0.5471137981489804,0.13381051311097863,0.3190756887400409,0.5729379114834434,0.12035644522616899,0.3067056432903875
6,kdhc_plant_integrated_mgmt,kdhc_plant_integrated_mgmt:SER-008,통상수용,0.5,통상수용,통상수용,True,False,True,통상수용,0.5379772787753399,0.20787957620580882,0.2541431450188513,통상수용,0.6165808681113595,0.16252484722380445,0.2208942846648361,통상수용,0.493824392094177,0.22635978721236422,0.2798158206934588,0.5494608463269588,0.19892140354732582,0.2516177501257154
6,kdhc_plant_integrated_mgmt,kdhc_plant_integrated_mgmt:SER-009,통상수용,0.5,통상수용,통상수용,True,False,True,통상수용,0.6623867938081216,0.12764594961199624,0.20996725657988216,통상수용,0.7349368118176766,0.08731240008488168,0.17775078809744166,통상수용,0.6770116225048208,0.11858527293938904,0.2044031045557902,0.6914450760435397,0.11118120754542232,0.19737371641103799
6,kdhc_plant_integrated_mgmt,kdhc_plant_integrated_mgmt:SER-010,통상수용,0.5,통상수용,통상수용,True,False,True,통상수용,0.4991747566890298,0.3294903455982684,0.1713348977127019,통상수용,0.5969735849010812,0.2660231035179774,0.1370033115809413,통상수용,0.4859746367949651,0.33972599358501926,0.17429936962001566,0.5273743261283587,0.31174648090042173,0.16087919297121964
6,kdhc_plant_integrated_mgmt,kdhc_plant_integrated_mgmt:SER-011,견적반영,0.5,통상수용,계약·질의검토,False,True,False,통상수용,0.3950452175841715,0.24999127202414045,0.35496351039168805,통상수용,0.43015605155776354,0.19526607198432766,0.3745778764579087,계약·질의검토,0.3619308777646229,0.2593127883402426,0.37875633389513463,0.3957107156355193,0.23485671078290357,0.3694325735815771
6,kdhc_plant_integrated_mgmt,kdhc_plant_integrated_mgmt:SER-012,통상수용,0.5,통상수용,통상수용,True,False,True,통상수용,0.4932326467100983,0.21816578457781746,0.2886015687120842,통상수용,0.4981063017452943,0.18981060129919142,0.3120830969555142,통상수용,0.4646961458176386,0.22471796712383443,0.310585887058527,0.4853450314243437,0.21089811766694777,0.30375685090870846
6,kdhc_plant_integrated_mgmt,kdhc_plant_integrated_mgmt:SER-013,통상수용,0.5,통상수용,통상수용,True,False,True,통상수용,0.6094386366519705,0.18314056577050083,0.20742079757752863,통상수용,0.7133080434949738,0.1448336130035637,0.14185834350146254,통상수용,0.6625073787033369,0.15951607981290525,0.17797654148375794,0.6617513529500937,0.16249675286232326,0.17575189418758305
6,kdhc_plant_integrated_mgmt,kdhc_plant_integrated_mgmt:SFR-001,통상수용,0.5,계약·질의검토,계약·질의검토,False,True,False,견적반영,0.30993586248506555,0.34519649852449424,0.3448676389904404,계약·질의검토,0.32244392397457394,0.33708287235789547,0.3404732036675307,계약·질의검토,0.30629286611061024,0.3452241456054499,0.3484829882839398,0.3128908841900832,0.3425011721626132,0.34460794364730357
6,kdhc_plant_integrated_mgmt,kdhc_plant_integrated_mgmt:SFR-002,계약·질의검토,0.5,견적반영,견적반영,True,True,False,견적반영,0.20045387822728652,0.41342872559481536,0.386117396177898,견적반영,0.16369002516310338,0.4338035539946069,0.40250642084228977,견적반영,0.17900795956645355,0.41342982751276447,0.4075622129207819,0.1810506209856145,0.42022070236739556,0.3987286766469899
6,kdhc_plant_integrated_mgmt,kdhc_plant_integrated_mgmt:SFR-003,계약·질의검토,0.5,계약·질의검토,계약·질의검토,True,False,True,계약·질의검토,0.3351437626273752,0.26015078000718383,0.404705457365441,계약·질의검토,0.3840371986372431,0.2158606976813301,0.4001021036814268,계약·질의검토,0.3101242861911578,0.25973737471198777,0.43013833909685445,0.3431017491519253,0.2452496174668339,0.41164863338124075
6,kdhc_plant_integrated_mgmt,kdhc_plant_integrated_mgmt:SFR-004,통상수용,0.5,통상수용,통상수용,True,False,True,통상수용,0.5288056557793249,0.22580297867111257,0.24539136554956256,통상수용,0.6038572918016655,0.18013253859088896,0.2160101696074455,통상수용,0.49832006664583944,0.24675101857785217,0.25492891477630847,0.5436610047422766,0.21756217861328456,0.23877681664443884
6,kdhc_plant_integrated_mgmt,kdhc_plant_integrated_mgmt:SFR-005,통상수용,0.5,통상수용,통상수용,True,False,True,통상수용,0.5602815880234558,0.29617214988918433,0.14354626208735977,통상수용,0.6915945103978258,0.22698305888821305,0.08142243071396123,통상수용,0.5310272710212699,0.3183425197915493,0.15063020918718076,0.5943011231475172,0.28049924285631556,0.12519963399616726
6,kdhc_plant_integrated_mgmt,kdhc_plant_integrated_mgmt:SFR-006,견적반영,0.5,통상수용,통상수용,True,True,False,통상수용,0.47511103123923154,0.33564911232325045,0.1892398564375179,통상수용,0.5767802596322646,0.2839934502105272,0.13922629015720822,통상수용,0.40785044087107664,0.3839200507962155,0.2082295083327078,0.48658057724752424,0.3345208711099977,0.178898551642478
6,kdhc_plant_integrated_mgmt,kdhc_plant_integrated_mgmt:SFR-007,견적반영,0.5,통상수용,통상수용,True,True,False,통상수용,0.4614214264394718,0.36973910084074885,0.1688394727197795,통상수용,0.4994765916143351,0.37314840733567456,0.12737500104999033,통상수용,0.47756336917240777,0.3589205328172167,0.1635160980103755,0.47948712907540486,0.36726934699788005,0.15324352392671511
6,kdhc_plant_integrated_mgmt,kdhc_plant_integrated_mgmt:SFR-008,견적반영,0.5,통상수용,통상수용,True,True,False,통상수용,0.4175124686197922,0.31210497457434355,0.27038255680586426,통상수용,0.46480485872452243,0.2856530614720953,0.24954207980338214,통상수용,0.3698078300346277,0.34050591965941024,0.2896862503059622,0.4173750524596474,0.3127546519019497,0.26987029563840287
6,kdhc_plant_integrated_mgmt,kdhc_plant_integrated_mgmt:SFR-009,견적반영,0.5,견적반영,견적반영,True,False,True,견적반영,0.32923803509803745,0.3740487061813222,0.2967132587206403,견적반영,0.3251526334706663,0.38807880759500973,0.2867685589343239,견적반영,0.30333326186941045,0.3992472001264938,0.2974195380040958,0.31924131014603807,0.38712490463427524,0.2936337852196867
6,kdhc_plant_integrated_mgmt,kdhc_plant_integrated_mgmt:SFR-010,계약·질의검토,0.5,통상수용,통상수용,False,True,False,통상수용,0.388216334369527,0.36766127970856566,0.24412238592190738,통상수용,0.45095061457168323,0.32015464558449036,0.22889473984382647,견적반영,0.36459747441076407,0.38811355359865174,0.24728897199058425,0.4012548077839915,0.35864315963056925,0.24010203258543936
6,kdhc_plant_integrated_mgmt,kdhc_plant_integrated_mgmt:SFR-011,계약·질의검토,0.5,계약·질의검토,계약·질의검토,True,False,True,계약·질의검토,0.32179190321864015,0.28548138848339294,0.39272670829796685,계약·질의검토,0.3170711404553583,0.2566760749516326,0.4262527845930091,계약·질의검토,0.30972365892223264,0.29478036810079844,0.3954959729769689,0.316195567532077,0.278979277178608,0.40482515528931495
6,kdhc_plant_integrated_mgmt,kdhc_plant_integrated_mgmt:SFR-012,견적반영,0.5,통상수용,통상수용,False,False,True,통상수용,0.4125419094629642,0.39754563793126413,0.18991245260577175,통상수용,0.5355431329606083,0.3307343563939341,0.13372251064545757,견적반영,0.3699219064104662,0.4296744879710325,0.20040360561850135,0.43933564961134625,0.38598482743207696,0.17467952295657688
6,kdhc_plant_integrated_mgmt,kdhc_plant_integrated_mgmt:SFR-013,계약·질의검토,0.5,계약·질의검토,계약·질의검토,True,False,True,계약·질의검토,0.31230455258495055,0.30790678293108814,0.37978866448396126,계약·질의검토,0.31910356378042604,0.31675847648891226,0.36413795973066176,계약·질의검토,0.2694862132035023,0.32962553077457624,0.4008882560219214,0.30029810985629296,0.3180969300648589,0.3816049600788481
6,kdhc_plant_integrated_mgmt,kdhc_plant_integrated_mgmt:SFR-014,견적반영,0.5,통상수용,통상수용,True,True,False,통상수용,0.41569124505674426,0.3612445371535983,0.22306421778965738,통상수용,0.4588111361913508,0.36275636452820775,0.17843249928044144,통상수용,0.40728725814636757,0.37660688156349553,0.21610586029013693,0.4272632131314875,0.3668692610817672,0.20586752578674525
6,kdhc_plant_integrated_mgmt,kdhc_plant_integrated_mgmt:SFR-015,견적반영,0.5,통상수용,통상수용,True,True,False,통상수용,0.43913288200894235,0.3309611076092858,0.22990601038177183,통상수용,0.48488347610460697,0.32369662342055366,0.19141990047483942,통상수용,0.4020770614673452,0.35388801771553785,0.2440349208171169,0.44203113986029813,0.3361819162484591,0.22178694389124273
6,kdhc_plant_integrated_mgmt,kdhc_plant_integrated_mgmt:SFR-016,견적반영,0.5,통상수용,통상수용,True,True,False,통상수용,0.4760167483683529,0.3139372036935395,0.21004604793810774,통상수용,0.5099232501930782,0.3327935789468338,0.15728317086008803,통상수용,0.4707994430550169,0.314513857686332,0.214686699258651,0.48557981387214927,0.3204148801089018,0.19400530601894894
6,kdhc_plant_integrated_mgmt,kdhc_plant_integrated_mgmt:SFR-017,견적반영,0.5,통상수용,통상수용,True,True,False,통상수용,0.4729732175018625,0.34520235657711873,0.1818244259210189,통상수용,0.49516621360993807,0.33905850990687636,0.1657752764831856,통상수용,0.46739414183817923,0.34809584153647594,0.1845100166253448,0.4785111909833266,0.3441189026734903,0.1773699063431831
6,kdhc_plant_integrated_mgmt,kdhc_plant_integrated_mgmt:SFR-018,계약·질의검토,0.5,통상수용,통상수용,False,True,False,통상수용,0.40422687818125363,0.3552361433856444,0.24053697843310187,통상수용,0.4391012157213911,0.374736327696913,0.18616245658169597,견적반영,0.35847579718076616,0.3754658286672057,0.26605837415202815,0.40060129702780367,0.36847943324992105,0.23091926972227536
6,kdhc_plant_integrated_mgmt,kdhc_plant_integrated_mgmt:SFR-019,견적반영,0.5,통상수용,통상수용,True,True,False,통상수용,0.4184991562676873,0.28078273679657245,0.30071810693574025,통상수용,0.4585308628124196,0.3201999748103398,0.2212691623772406,통상수용,0.45562161226946174,0.2581218553200201,0.2862565324105182,0.44421721044985624,0.2863681889756441,0.2694146005744997
6,kdhc_plant_integrated_mgmt,kdhc_plant_integrated_mgmt:SFR-020,통상수용,0.5,통상수용,통상수용,True,False,True,통상수용,0.6460703180999399,0.20921025365193674,0.14471942824812345,통상수용,0.7210151408813787,0.1847894137266801,0.09419544539194108,통상수용,0.67422047558819,0.18936821927931877,0.13641130513249117,0.6804353115231695,0.19445596221931186,0.12510872625751857
6,kdhc_plant_integrated_mgmt,kdhc_plant_integrated_mgmt:SFR-021,통상수용,0.5,통상수용,통상수용,True,False,True,통상수용,0.450054848856372,0.3407896255192314,0.20915552562439657,통상수용,0.48020560277963814,0.3702887826780877,0.14950561454227415,통상수용,0.46435443604416043,0.33354401036104475,0.20210155359479479,0.4648716292267235,0.34820747285278797,0.1869208979204885
6,kdhc_plant_integrated_mgmt,kdhc_plant_integrated_mgmt:SFR-022,통상수용,0.5,통상수용,통상수용,True,False,True,통상수용,0.41590451582045057,0.29692672841871204,0.28716875576083734,통상수용,0.4416397117198845,0.2838174150264458,0.27454287325366966,통상수용,0.41155670520391974,0.3090391830559318,0.27940411174014845,0.42303364424808493,0.2965944421670299,0.28037191358488517
6,kdhc_plant_integrated_mgmt,kdhc_plant_integrated_mgmt:SFR-023,통상수용,0.5,견적반영,견적반영,True,True,False,견적반영,0.35365237304127084,0.43019654681893876,0.21615108013979048,견적반영,0.3811290169436828,0.45537532088132976,0.16349566217498743,견적반영,0.3357975313563323,0.43951159199242434,0.22469087665124335,0.3568596404470952,0.44169448656423094,0.20144587298867375
6,kdhc_plant_integrated_mgmt,kdhc_plant_integrated_mgmt:SFR-024,통상수용,0.5,견적반영,견적반영,True,True,False,견적반영,0.36511661872121093,0.4315386969264795,0.20334468435230965,견적반영,0.3857711922280572,0.4663179679963636,0.14791083977557923,견적반영,0.35835767143427794,0.4398300279458372,0.20181230061988495,0.36974849412784866,0.4458955642895601,0.18435594158259128
6,kdhc_plant_integrated_mgmt,kdhc_plant_integrated_mgmt:SFR-025,견적반영,0.5,통상수용,통상수용,True,True,False,통상수용,0.42716153562654524,0.33500577209537274,0.23783269227808201,통상수용,0.5033998907517713,0.3094134859666735,0.18718662328155525,통상수용,0.38031013688313775,0.3598757591240557,0.2598141039928066,0.4369571877538181,0.33476500572870066,0.22827780651748128
6,kdhc_plant_integrated_mgmt,kdhc_plant_integrated_mgmt:SFR-026,통상수용,0.5,통상수용,통상수용,True,False,True,통상수용,0.4942969450632289,0.2999872418383148,0.20571581309845624,통상수용,0.6165348307468657,0.24393625666214439,0.1395289125909899,통상수용,0.5321815653629502,0.2663512027565921,0.20146723188045765,0.5476711137243483,0.27009156708568377,0.1822373191899679
6,kdhc_plant_integrated_mgmt,kdhc_plant_integrated_mgmt:SFR-027,통상수용,0.5,견적반영,견적반영,True,True,False,견적반영,0.33587239548889963,0.4156233713862853,0.24850423312481507,견적반영,0.35597739416581464,0.4266522621884391,0.21737034364574626,견적반영,0.3286739858032055,0.4227076597107201,0.2486183544860745,0.3401745918193066,0.42166109776181476,0.23816431041887862
6,kdhc_plant_integrated_mgmt,kdhc_plant_integrated_mgmt:SFR-028,계약·질의검토,0.5,통상수용,통상수용,True,True,False,통상수용,0.5223906841470594,0.2805369451368801,0.19707237071606049,통상수용,0.6207751398666617,0.23663435059188753,0.14259050954145075,통상수용,0.5622128957584169,0.25723502585324437,0.18055207838833873,0.5684595732573793,0.25813544052733733,0.17340498621528333
6,kdhc_plant_integrated_mgmt,kdhc_plant_integrated_mgmt:SFR-029,통상수용,0.5,통상수용,통상수용,True,False,True,통상수용,0.4649510715537433,0.3366343539012576,0.19841457454499892,통상수용,0.5271110011221076,0.31105566452584366,0.16183333435204877,통상수용,0.4199861659055175,0.3655010786760382,0.21451275541844436,0.47068274619378947,0.3377303657010465,0.19158688810516403
6,kdhc_plant_integrated_mgmt,kdhc_plant_integrated_mgmt:SFR-030,통상수용,0.5,견적반영,견적반영,True,True,False,견적반영,0.3640827267961859,0.44749191901585683,0.18842535418795728,견적반영,0.33763283175990333,0.5161737010254197,0.14619346721467694,견적반영,0.3562488559834987,0.4547295501700419,0.18902159384645945,0.3526548048465293,0.4727983900704395,0.17454680508303122
6,kdhc_plant_integrated_mgmt,kdhc_plant_integrated_mgmt:SFR-031,통상수용,0.5,통상수용,통상수용,True,False,True,통상수용,0.5378675061862602,0.23329270376253575,0.22883979005120408,통상수용,0.6082404295000995,0.20816520385950213,0.18359436664039833,통상수용,0.5410292182278791,0.23490797934386154,0.22406280242825932,0.5623790513047463,0.2254552956552998,0.2121656530399539
6,kdhc_plant_integrated_mgmt,kdhc_plant_integrated_mgmt:SFR-032,통상수용,0.5,통상수용,통상수용,True,False,True,통상수용,0.4469776839996286,0.2896290606678479,0.26339325533252345,통상수용,0.5062851019148888,0.25991610942484983,0.23379878866026138,통상수용,0.40609300698444906,0.30807775043920266,0.28582924257634823,0.45311859763298884,0.2858743068439668,0.26100709552304435
6,kdhc_plant_integrated_mgmt,kdhc_plant_integrated_mgmt:SFR-033,통상수용,0.5,통상수용,통상수용,True,False,True,통상수용,0.45105915777103256,0.38368447299371383,0.16525636923525364,통상수용,0.4871224855388323,0.3797332671954723,0.13314424726569554,통상수용,0.4689556741487688,0.3754186115710828,0.15562571428014843,0.4690457724862112,0.379612117253423,0.15134211026036587
6,kdhc_plant_integrated_mgmt,kdhc_plant_integrated_mgmt:SFR-034,견적반영,0.5,통상수용,통상수용,True,True,False,통상수용,0.4669868074850522,0.36479562145503414,0.16821757105991375,통상수용,0.49974610072140974,0.3677442623882852,0.13250963689030507,통상수용,0.44581102667917655,0.3768590793585119,0.17732989396231164,0.47084797829521285,0.3697996544006104,0.15935236730417682
6,kdhc_plant_integrated_mgmt,kdhc_plant_integrated_mgmt:SFR-035,통상수용,0.5,통상수용,통상수용,True,False,True,통상수용,0.5537852437976292,0.2699288161376825,0.17628594006468842,통상수용,0.5774183966707526,0.2593396202320925,0.1632419830971549,통상수용,0.5939162697354666,0.2406325925605087,0.16545113770402467,0.5750399700679494,0.2566336763100946,0.168326353621956
6,kdhc_plant_integrated_mgmt,kdhc_plant_integrated_mgmt:SFR-036,통상수용,0.5,통상수용,통상수용,True,False,True,통상수용,0.5199770638088135,0.27339039897987727,0.20663253721130923,통상수용,0.587963586064382,0.2410348844882923,0.17100152944732572,통상수용,0.5498961720151424,0.265600065273132,0.18450376271172556,0.5526122739627793,0.26000844958043384,0.18737927645678684
6,kdhc_plant_integrated_mgmt,kdhc_plant_integrated_mgmt:SFR-037,통상수용,0.5,통상수용,통상수용,True,False,True,통상수용,0.4291169493558302,0.341547584380508,0.22933546626366175,통상수용,0.445554655217327,0.3675353244108378,0.1869100203718352,통상수용,0.43340325859472206,0.341111662626888,0.22548507877838989,0.4360249543892931,0.3500648571394112,0.21391018847129561
6,kdhc_plant_integrated_mgmt,kdhc_plant_integrated_mgmt:SFR-038,통상수용,0.5,통상수용,통상수용,True,False,True,통상수용,0.4426428591314409,0.33479705588663894,0.22256008498192023,통상수용,0.4493247110452614,0.32945846004508117,0.22121682890965733,통상수용,0.459100396114721,0.3298018100285271,0.21109779385675193,0.4503559887638078,0.33135244198674907,0.21829156924944315
6,kdhc_plant_integrated_mgmt,kdhc_plant_integrated_mgmt:SFR-039,통상수용,0.5,통상수용,통상수용,True,False,True,통상수용,0.5297262504962587,0.2578232570246967,0.21245049247904466,통상수용,0.6082780699099262,0.20029763769150127,0.19142429239857248,통상수용,0.5541182461009683,0.25184991475761176,0.19403183914142,0.5640408555023844,0.23665693649126993,0.1993022080063457
6,kdhc_plant_integrated_mgmt,kdhc_plant_integrated_mgmt:SFR-040,통상수용,0.5,통상수용,통상수용,True,False,True,통상수용,0.5782890769766144,0.25469036094755926,0.1670205620758263,통상수용,0.6337323964259606,0.23627393759834026,0.12999366597569917,통상수용,0.6105469469694895,0.24444664388324935,0.1450064091472612,0.6075228067906882,0.24513698080971627,0.14734021239959555
6,kdhc_plant_integrated_mgmt,kdhc_plant_integrated_mgmt:SFR-041,통상수용,0.5,통상수용,통상수용,True,False,True,통상수용,0.5341139149115207,0.22434354199790807,0.24154254309057113,통상수용,0.6435369326424294,0.15358878942403426,0.20287427793353638,통상수용,0.5610663507585059,0.21228318943777835,0.22665045980371573,0.5795723994374853,0.19673850695324022,0.22368909360927444
6,kdhc_plant_integrated_mgmt,kdhc_plant_integrated_mgmt:SFR-042,통상수용,0.5,통상수용,통상수용,True,False,True,통상수용,0.6043418068395148,0.24631806635003378,0.14934012681045142,통상수용,0.6806934682108561,0.2002835355960743,0.11902299619306957,통상수용,0.6494857351498278,0.21641360999129886,0.13410065485887337,0.6448403367333996,0.22100507064580233,0.13415459262079812
6,kdhc_plant_integrated_mgmt,kdhc_plant_integrated_mgmt:SFR-043,통상수용,0.5,통상수용,통상수용,True,False,True,통상수용,0.5731097713245263,0.22328136245725327,0.2036088662182204,통상수용,0.6654780448871835,0.17826327955683025,0.1562586755559863,통상수용,0.6229649609862623,0.19754565889306108,0.1794893801206766,0.6205175923993241,0.19969676696904823,0.17978564063162775
6,kdhc_plant_integrated_mgmt,kdhc_plant_integrated_mgmt:SFR-044,통상수용,0.5,통상수용,통상수용,True,False,True,통상수용,0.4935129348294921,0.28914238958511634,0.21734467558539158,통상수용,0.5694528491659235,0.2509425407568025,0.17960461007727394,통상수용,0.4877520244164743,0.2967777482307178,0.21547022735280794,0.5169059361372966,0.2789542261908789,0.2041398376718245
6,kdhc_plant_integrated_mgmt,kdhc_plant_integrated_mgmt:SFR-045,통상수용,0.5,통상수용,통상수용,True,False,True,통상수용,0.5120545428964067,0.3019049370619292,0.18604052004166405,통상수용,0.5720250737093155,0.2836513890366691,0.14432353725401537,통상수용,0.5389486935674327,0.2839431419839468,0.1771081644486205,0.541009436724385,0.2898331560275151,0.1691574072481
6,kdhc_plant_integrated_mgmt,kdhc_plant_integrated_mgmt:SFR-046,통상수용,0.5,통상수용,통상수용,True,False,True,통상수용,0.4686328654981092,0.2993532818580546,0.23201385264383612,통상수용,0.5100209109988336,0.25837688003471543,0.23160220896645095,통상수용,0.5156032510361438,0.2669872387461942,0.217409510217662,0.4980856758443622,0.27490580021298805,0.2270085239426497
6,kdhc_plant_integrated_mgmt,kdhc_plant_integrated_mgmt:SFR-047,통상수용,0.5,통상수용,통상수용,True,False,True,통상수용,0.5126747998543597,0.32494061489234494,0.16238458525329535,통상수용,0.5813233976915269,0.28384892425998115,0.1348276780484921,통상수용,0.5576681044289702,0.2894184103600807,0.152913485210949,0.5505554339916189,0.29940264983746895,0.15004191617091214
6,kdhc_plant_integrated_mgmt,kdhc_plant_integrated_mgmt:SFR-048,계약·질의검토,0.5,통상수용,통상수용,True,True,False,통상수용,0.4311540752366173,0.3258552010643126,0.24299072369907018,통상수용,0.4742705072752397,0.3280600132286701,0.19766947949609012,통상수용,0.41005050469780957,0.33228913492265155,0.25766036037953893,0.4384916957365555,0.3287347830718781,0.23277352119156638
6,kdhc_plant_integrated_mgmt,kdhc_plant_integrated_mgmt:SFR-049,견적반영,0.5,견적반영,견적반영,False,False,True,통상수용,0.39870298982124924,0.39816412052993083,0.20313288964881987,통상수용,0.42741958483376374,0.407572542985234,0.16500787218100216,견적반영,0.3566489747399889,0.4206037272576779,0.2227472980023331,0.39425718313166724,0.4087801302576142,0.19696268661071836
6,kdhc_plant_integrated_mgmt,kdhc_plant_integrated_mgmt:SFR-050,통상수용,0.5,통상수용,통상수용,True,False,True,통상수용,0.40914277777609975,0.3282342946511059,0.26262292757279426,통상수용,0.4542587507924767,0.2746699489025931,0.2710713003049302,통상수용,0.3974335152806612,0.3376495560471103,0.2649169286722285,0.4202783479497459,0.31351793320026977,0.26620371884998434
6,kdhc_plant_integrated_mgmt,kdhc_plant_integrated_mgmt:SFR-051,통상수용,0.5,통상수용,통상수용,True,False,True,통상수용,0.488489851089497,0.29341309486428396,0.21809705404621899,통상수용,0.4662490130538857,0.30848268448203353,0.22526830246408072,통상수용,0.4997554393226962,0.28260701918904974,0.2176375414882539,0.484831434488693,0.29483426617845576,0.2203342993328512
6,kdhc_plant_integrated_mgmt,kdhc_plant_integrated_mgmt:SFR-052,통상수용,0.5,통상수용,통상수용,True,False,True,통상수용,0.45135771188798934,0.3992684395562541,0.1493738485557566,통상수용,0.483219370824416,0.39032319748506983,0.12645743169051404,통상수용,0.5044815125348682,0.3609826910056971,0.13453579645943478,0.4796861984157578,0.38352477601567364,0.1367890255685685
6,kdhc_plant_integrated_mgmt,kdhc_plant_integrated_mgmt:SFR-053,통상수용,0.5,통상수용,통상수용,True,False,True,통상수용,0.5392858303528009,0.2970534987736961,0.16366067087350303,통상수용,0.5825761282885387,0.2943637267233023,0.12306014498815912,통상수용,0.5567861807943975,0.28478284558004874,0.15843097362555386,0.5595493798119123,0.2920666903590157,0.148383929829072
6,kdhc_plant_integrated_mgmt,kdhc_plant_integrated_mgmt:SFR-054,통상수용,0.5,통상수용,통상수용,False,False,True,견적반영,0.3866712103228613,0.42152919861379,0.19179959106334857,통상수용,0.4635975900188284,0.37172654640509994,0.16467586357607178,견적반영,0.37335638466070875,0.4227980044419091,0.20384561089738223,0.4078750616674662,0.4053512498202663,0.1867736885122675
6,kdhc_plant_integrated_mgmt,kdhc_plant_integrated_mgmt:SFR-055,통상수용,0.5,통상수용,통상수용,True,False,True,통상수용,0.43782349742549215,0.344722162738343,0.21745433983616475,통상수용,0.46776834541952583,0.33613714708413356,0.1960945074963407,통상수용,0.40304343120871683,0.36118130816104194,0.23577526063024126,0.4362117580179116,0.3473468726611728,0.21644136932091554
6,kdhc_plant_integrated_mgmt,kdhc_plant_integrated_mgmt:SFR-056,통상수용,0.5,통상수용,통상수용,False,False,True,통상수용,0.40541819361252934,0.39965373270113214,0.1949280736863385,통상수용,0.4800184023651605,0.36377346033408586,0.15620813730075372,견적반영,0.3772242955208313,0.4116442994555264,0.21113140502364236,0.42088696383284036,0.3916904974969148,0.18742253867024486
6,kdhc_plant_integrated_mgmt,kdhc_plant_integrated_mgmt:SFR-057,통상수용,0.5,통상수용,통상수용,False,False,True,견적반영,0.43318583502158536,0.4355759383426711,0.13123822663574353,통상수용,0.48771433067989683,0.39503127509359137,0.1172543942265117,통상수용,0.44920192799609227,0.4185352288902704,0.13226284311363723,0.45670069789919143,0.4163808141088443,0.12691848799196415
6,kdhc_plant_integrated_mgmt,kdhc_plant_integrated_mgmt:SFR-058,통상수용,0.5,통상수용,통상수용,True,False,True,통상수용,0.43490513358753013,0.3730753412197695,0.19201952519270027,통상수용,0.4335734366837044,0.3867454499208512,0.17968111339544432,통상수용,0.41030682585459255,0.3806601505907841,0.20903302355462333,0.42626179870860903,0.3801603139104683,0.19357788738092263
6,kdhc_plant_integrated_mgmt,kdhc_plant_integrated_mgmt:SFR-059,통상수용,0.5,통상수용,통상수용,True,False,True,통상수용,0.594889509442318,0.22993822768171668,0.17517226287596538,통상수용,0.7224631754093941,0.17022106185858885,0.10731576273201715,통상수용,0.640107522967408,0.19966515077700212,0.16022732625558989,0.6524867359397067,0.1999414801057692,0.14757178395452414
6,kdhc_plant_integrated_mgmt,kdhc_plant_integrated_mgmt:SFR-060,통상수용,0.5,통상수용,통상수용,True,False,True,통상수용,0.4043607560247305,0.322187263502691,0.27345198047257846,통상수용,0.5507320155664966,0.2292114386659554,0.22005654576754788,통상수용,0.3892635368262758,0.32705821704358745,0.28367824613013665,0.448118769472501,0.2928189730707446,0.2590622574567543
6,kdhc_plant_integrated_mgmt,kdhc_plant_integrated_mgmt:SFR-061,통상수용,0.5,통상수용,통상수용,True,False,True,통상수용,0.5842539776154124,0.2672979464591306,0.148448075925457,통상수용,0.7031966151423608,0.2058742473961829,0.09092913746145631,통상수용,0.6066925915864216,0.2549221678104562,0.13838524060312213,0.6313810614480649,0.24269812055525655,0.12592081799667848
6,kdhc_plant_integrated_mgmt,kdhc_plant_integrated_mgmt:SFR-062,통상수용,0.5,통상수용,통상수용,True,False,True,통상수용,0.533163790551803,0.24089620463173142,0.2259400048164655,통상수용,0.6642340393854413,0.15561403898914877,0.18015192162540988,통상수용,0.5460492429746077,0.23334927890817686,0.22060147811721545,0.5811490243039507,0.20995317417635237,0.20889780151969695
6,kdhc_plant_integrated_mgmt,kdhc_plant_integrated_mgmt:SFR-063,통상수용,0.5,통상수용,통상수용,True,False,True,통상수용,0.39503177573108716,0.2784051045422049,0.326563119726708,통상수용,0.4856394370935431,0.20847986556342538,0.30588069734303147,통상수용,0.4092711279923995,0.28188324101491813,0.3088456309926824,0.42998078027234327,0.2562560703735161,0.3137631493541406
6,kdhc_plant_integrated_mgmt,kdhc_plant_integrated_mgmt:SFR-064,통상수용,0.5,통상수용,통상수용,True,False,True,통상수용,0.5225444529370602,0.20918747457767492,0.26826807248526485,통상수용,0.6419128317995308,0.15706412711809767,0.20102304108237143,통상수용,0.5055205702178723,0.21675192614701377,0.2777275036351139,0.5566592849848212,0.19433450928092877,0.24900620573425006
6,kdhc_plant_integrated_mgmt,kdhc_plant_integrated_mgmt:SFR-065,통상수용,0.5,통상수용,통상수용,True,False,True,통상수용,0.5765261858233737,0.2248147335344281,0.19865908064219825,통상수용,0.6252111050961562,0.19713920486159162,0.1776496900422522,통상수용,0.5970097875702475,0.2171734997572222,0.18581671267253033,0.5995823594965924,0.21304247938441398,0.18737516111899358
6,kdhc_plant_integrated_mgmt,kdhc_plant_integrated_mgmt:SFR-066,통상수용,0.5,통상수용,통상수용,True,False,True,통상수용,0.4517779103393851,0.3084142901191,0.23980779954151504,통상수용,0.5388903546632945,0.24275493009670907,0.21835471523999636,통상수용,0.44342238251127114,0.3127737558722423,0.24380386161648662,0.4780302158379836,0.28798099202935046,0.233988792132666
6,kdhc_plant_integrated_mgmt,kdhc_plant_integrated_mgmt:SFR-067,통상수용,0.5,통상수용,통상수용,False,False,True,통상수용,0.38754480600153257,0.34986538550873714,0.2625898084897303,통상수용,0.4789200068540263,0.3019710681796483,0.2191089249663254,견적반영,0.3536810728269812,0.3589240740706579,0.2873948531023609,0.4067152952275133,0.3369201759196811,0.25636452885280553
6,kdhc_plant_integrated_mgmt,kdhc_plant_integrated_mgmt:SFR-068,통상수용,0.5,통상수용,통상수용,True,False,True,통상수용,0.4689424571016853,0.25275510190158573,0.278302440996729,통상수용,0.4891720328771724,0.2584553454452677,0.2523726216775598,통상수용,0.47313925395189393,0.24710166776955883,0.27975907827854724,0.4770845813102505,0.2527707050388041,0.2701447136509454
6,kdhc_plant_integrated_mgmt,kdhc_plant_integrated_mgmt:SFR-069,통상수용,0.5,통상수용,통상수용,True,False,True,통상수용,0.580664706524418,0.24288897071297708,0.17644632276260486,통상수용,0.688060858319241,0.16837841699405245,0.14356072468670655,통상수용,0.6073272501637611,0.22864256899109064,0.16403018084514823,0.6253509383358068,0.21330331889937337,0.16134574276481986
6,kdhc_plant_integrated_mgmt,kdhc_plant_integrated_mgmt:SFR-070,견적반영,0.5,통상수용,통상수용,True,True,False,통상수용,0.4412381725401987,0.32622014811189687,0.2325416793479044,통상수용,0.5041102051434242,0.2884651327832616,0.20742466207331428,통상수용,0.47790790436793795,0.3038787334792532,0.2182133621528089,0.47441876068385364,0.3061880047914705,0.21939323452467585
6,kdhc_plant_integrated_mgmt,kdhc_plant_integrated_mgmt:SFR-071,통상수용,0.5,통상수용,통상수용,True,False,True,통상수용,0.5576862745375861,0.19405914317762904,0.24825458228478486,통상수용,0.6191875506890648,0.15413123821065478,0.22668121110028047,통상수용,0.6089710636018011,0.17170010955571602,0.21932882684248284,0.595281629609484,0.1732968303146666,0.2314215400758494
6,kdhc_plant_integrated_mgmt,kdhc_plant_integrated_mgmt:SFR-072,통상수용,0.5,통상수용,통상수용,True,False,True,통상수용,0.5347398294460641,0.21638736244599655,0.2488728081079393,통상수용,0.5669227484727712,0.2295166170062783,0.2035606345209504,통상수용,0.5810073703308624,0.19025663667134426,0.22873599299779332,0.5608899827498992,0.21205353870787302,0.22705647854222769
6,kdhc_plant_integrated_mgmt,kdhc_plant_integrated_mgmt:TER-001,통상수용,0.5,통상수용,통상수용,True,False,True,통상수용,0.4021721464478645,0.22656013182308582,0.3712677217290497,통상수용,0.42381054243953986,0.21375689879464574,0.36243255876581437,통상수용,0.43020204675570367,0.2132780297779212,0.3565199234663752,0.4187282452143693,0.21786502013188425,0.3634067346537464
6,kdhc_plant_integrated_mgmt,kdhc_plant_integrated_mgmt:TER-002,통상수용,0.5,계약·질의검토,계약·질의검토,True,True,False,계약·질의검토,0.3558509043884039,0.20640697779470457,0.43774211781689154,계약·질의검토,0.363292218891924,0.19352710588523922,0.4431806752228369,계약·질의검토,0.3863276222603528,0.19288999245986552,0.4207823852797818,0.3684902485135602,0.1976080253799364,0.4339017261065034
7,kexim_ai_platform,kexim_ai_platform:ASR-001,견적반영,1.0,견적반영,견적반영,True,False,True,견적반영,0.215822796235083,0.4387237854614755,0.34545341830344156,견적반영,0.18231730102900875,0.42940501477100074,0.38827768419999054,견적반영,0.1900676450230581,0.46701219567043195,0.34292015930650993,0.19606924742904994,0.4450469986343027,0.35888375393664734
7,kexim_ai_platform,kexim_ai_platform:ASR-002,견적반영,1.0,견적반영,견적반영,True,False,True,견적반영,0.08033137033176707,0.5816209542117822,0.3380476754564507,견적반영,0.06325294025494062,0.6262887144996676,0.3104583452453918,견적반영,0.07190789930291834,0.5984023944068088,0.3296897062902729,0.07183073662987534,0.6021040210394194,0.3260652423307051
7,kexim_ai_platform,kexim_ai_platform:ASR-003,견적반영,1.0,견적반영,견적반영,True,False,True,견적반영,0.12054032446397045,0.524045623573442,0.35541405196258763,견적반영,0.09986317346665503,0.5432436448439053,0.35689318168943973,견적반영,0.09077560434112282,0.5660548266000395,0.3431695690588377,0.1037263674239161,0.5444480316724621,0.35182560090362164
7,kexim_ai_platform,kexim_ai_platform:ASR-004,계약·질의검토,1.0,계약·질의검토,계약·질의검토,False,False,True,계약·질의검토,0.24733173342828665,0.3525230761755525,0.40014519039616075,계약·질의검토,0.21402126074248803,0.32303097334039216,0.46294776591711967,견적반영,0.18635289125056448,0.41526643760905585,0.3983806711403798,0.21590196180711305,0.3636068290416668,0.42049120915122007
7,kexim_ai_platform,kexim_ai_platform:ASR-005,견적반영,1.0,견적반영,견적반영,True,False,True,견적반영,0.20247018424382485,0.49799555297850984,0.2995342627776652,견적반영,0.1856850623555285,0.513733374572498,0.3005815630719735,견적반영,0.12434609039387927,0.5614484982960313,0.31420541131008944,0.1708337789977442,0.5243924752823463,0.30477374571990934
7,kexim_ai_platform,kexim_ai_platform:ASR-006,계약·질의검토,1.0,견적반영,견적반영,True,True,False,견적반영,0.11623930160189994,0.4505909017009612,0.4331697966971387,견적반영,0.09352911214298948,0.4786071693720114,0.4278637184849991,견적반영,0.06955751795151452,0.4831353685172829,0.44730711353120256,0.09310864389880132,0.4707778131967519,0.43611354290444676
7,kexim_ai_platform,kexim_ai_platform:ASR-007,견적반영,1.0,견적반영,견적반영,True,False,True,견적반영,0.169367904391966,0.5352469654435903,0.2953851301644438,견적반영,0.14277391760212282,0.562646127219689,0.29457995517818825,견적반영,0.10303518739142274,0.5924748811823833,0.3044899314261939,0.13839233646183718,0.5634559912818875,0.2981516722562753
7,kexim_ai_platform,kexim_ai_platform:ASR-008,견적반영,1.0,견적반영,견적반영,True,False,True,견적반영,0.24261787252433178,0.5586656896697103,0.19871643780595782,견적반영,0.23160123974427466,0.5890154840938516,0.17938327616187374,견적반영,0.22131195695060357,0.619749183907581,0.15893885914181546,0.23184368973973668,0.5891434525570477,0.1790128577032157
7,kexim_ai_platform,kexim_ai_platform:ASR-009,견적반영,1.0,견적반영,견적반영,True,False,True,견적반영,0.14134825481384405,0.6432484648961555,0.21540328029000042,견적반영,0.11274465131616931,0.6777657469975518,0.2094896016862788,견적반영,0.08697539252552702,0.7208856657839401,0.192138941690533,0.11368943288518012,0.6806332925592158,0.20567727455560406
7,kexim_ai_platform,kexim_ai_platform:COR-001,통상수용,1.0,통상수용,통상수용,True,False,True,통상수용,0.6644076568068447,0.20970615504029802,0.12588618815285738,통상수용,0.7668049102315588,0.15051214158914833,0.08268294817929274,통상수용,0.7985905805612881,0.11999258692415717,0.08141683251455473,0.7432677158665638,0.16007029451786783,0.09666198961556828
7,kexim_ai_platform,kexim_ai_platform:COR-002,통상수용,1.0,통상수용,통상수용,True,False,True,통상수용,0.648312896217301,0.20307187537105564,0.14861522841164324,통상수용,0.7639135547545567,0.1340269919201498,0.10205945332529352,통상수용,0.6833677023658747,0.20099761728070964,0.11563468035341573,0.6985313844459108,0.17936549485730502,0.12210312069678415
7,kexim_ai_platform,kexim_ai_platform:COR-003,계약·질의검토,1.0,통상수용,통상수용,True,True,False,통상수용,0.477300992922727,0.2012896534493923,0.32140935362788076,통상수용,0.5296236950703381,0.15805422124882423,0.3123220836808376,통상수용,0.5693801274145828,0.15154461079734108,0.27907526178807607,0.525434938469216,0.1702961618318525,0.3042688996989315
7,kexim_ai_platform,kexim_ai_platform:COR-004,통상수용,1.0,통상수용,통상수용,True,False,True,통상수용,0.7085716175521353,0.18021692232214806,0.1112114601257167,통상수용,0.7765627799867885,0.14025845133762777,0.08317876867558385,통상수용,0.8164000108646543,0.11385269738779281,0.06974729174755284,0.7671781361345259,0.14477602368252288,0.08804584018295114
7,kexim_ai_platform,kexim_ai_platform:COR-005,통상수용,1.0,통상수용,통상수용,True,False,True,통상수용,0.7006506887403431,0.12472194638709734,0.17462736487255964,통상수용,0.782750892665398,0.08365488517129428,0.13359422216330777,통상수용,0.7736032927879424,0.08146392080449794,0.14493278640755963,0.7523349580645612,0.09661358412096317,0.15105145781447568
7,kexim_ai_platform,kexim_ai_platform:COR-006,견적반영,1.0,통상수용,통상수용,True,True,False,통상수용,0.5325045557411927,0.356069777349891,0.11142566690891632,통상수용,0.5750651666022225,0.34367387366592655,0.0812609597318509,통상수용,0.5568970854358305,0.3398376543430043,0.10326526022116525,0.5548222692597485,0.34652710178627394,0.09865062895397751
7,kexim_ai_platform,kexim_ai_platform:COR-007,계약·질의검토,1.0,계약·질의검토,계약·질의검토,True,False,True,계약·질의검토,0.26440430969270023,0.13578370913659243,0.5998119811707072,계약·질의검토,0.24799821410399978,0.11494056854910217,0.637061217346898,계약·질의검토,0.27464085667625887,0.10581609742065913,0.619543045903082,0.2623477934909863,0.11884679170211791,0.6188054148068957
7,kexim_ai_platform,kexim_ai_platform:COR-008,계약·질의검토,1.0,통상수용,통상수용,True,True,False,통상수용,0.6845665668843096,0.1006095221733685,0.21482391094232192,통상수용,0.7831341202743665,0.066733042553148,0.15013283717248543,통상수용,0.6941017192159148,0.09319007636543924,0.21270820441864588,0.7206008021248635,0.08684421369731858,0.19255498417781777
7,kexim_ai_platform,kexim_ai_platform:DAR-002,계약·질의검토,1.0,견적반영,견적반영,True,True,False,견적반영,0.14587286947097797,0.5965936504759473,0.2575334800530749,견적반영,0.13094005628738226,0.6427322975724439,0.22632764614017392,견적반영,0.07126876999498619,0.7011488491611041,0.2275823808439098,0.11602723191778215,0.6468249324031651,0.23714783567905287
7,kexim_ai_platform,kexim_ai_platform:DAR-003,견적반영,1.0,견적반영,견적반영,True,False,True,견적반영,0.34674916773322767,0.4319640986970968,0.22128673356967565,견적반영,0.3069776077283462,0.5333689616431915,0.15965343062846232,견적반영,0.3571522615214676,0.46715096778758824,0.17569677069094414,0.3369596789943472,0.4774946760426255,0.18554564496302736
7,kexim_ai_platform,kexim_ai_platform:DAR-004,견적반영,1.0,견적반영,견적반영,True,False,True,견적반영,0.16333670522555085,0.5173610120464092,0.31930228272803995,견적반영,0.1357684671741463,0.5311953017764421,0.33303623104941155,견적반영,0.12909445838516462,0.5328592123115298,0.33804632930330564,0.14273321026162059,0.5271385087114604,0.33012828102691905
7,kexim_ai_platform,kexim_ai_platform:DAR-005,통상수용,1.0,견적반영,견적반영,True,True,False,견적반영,0.38721493147181846,0.46798378153889103,0.14480128698929054,견적반영,0.41964659571599383,0.48008319015685247,0.10027021412715378,견적반영,0.3485087226968044,0.5207037663283007,0.13078751097489485,0.3851234166282056,0.48959024600801476,0.12528633736377973
7,kexim_ai_platform,kexim_ai_platform:DAR-006,견적반영,1.0,견적반영,견적반영,True,False,True,견적반영,0.2691084297935758,0.6174316406752361,0.11345992953118816,견적반영,0.2602729149057123,0.6467483904023338,0.09297869469195384,견적반영,0.23250703186328214,0.6852262201546784,0.08226674798203946,0.25396279218752343,0.6498020837440828,0.09623512406839384
7,kexim_ai_platform,kexim_ai_platform:DAR-007,통상수용,1.0,통상수용,통상수용,True,False,True,통상수용,0.4515675322071928,0.42198505527741725,0.12644741251539002,통상수용,0.4957410656083374,0.4040222174078445,0.10023671698381813,통상수용,0.5649907950593085,0.35348466548643365,0.08152453945425787,0.5040997976249463,0.3931639793905652,0.10273622298448866
7,kexim_ai_platform,kexim_ai_platform:DAR-008,통상수용,1.0,통상수용,통상수용,True,False,True,통상수용,0.8234630254789105,0.10654459414066937,0.0699923803804202,통상수용,0.9005399420741966,0.05813965256248775,0.04132040536331555,통상수용,0.8049546576931046,0.11903528304261189,0.07601005926428343,0.8429858750820705,0.094573176581923,0.06244094833600639
7,kexim_ai_platform,kexim_ai_platform:ECR-001,계약·질의검토,1.0,견적반영,견적반영,True,True,False,견적반영,0.21279482086945992,0.43418454777098336,0.35302063135955675,견적반영,0.17188919637255567,0.4438262368680953,0.384284566759349,견적반영,0.16465730991679928,0.5047171282992274,0.33062556178397334,0.18311377571960497,0.4609093043127687,0.35597691996762637
7,kexim_ai_platform,kexim_ai_platform:ECR-002,견적반영,1.0,견적반영,견적반영,True,False,True,견적반영,0.337499810477633,0.358021179667297,0.30447900985506987,견적반영,0.3382543551820885,0.37210011506131363,0.2896455297565978,견적반영,0.34700939024522365,0.3875920867915477,0.2653985229632287,0.34092118530164833,0.3725711271733861,0.28650768752496547
7,kexim_ai_platform,kexim_ai_platform:ECR-004,계약·질의검토,1.0,통상수용,통상수용,False,True,False,통상수용,0.4437214793123292,0.3537649152419256,0.20251360544574526,통상수용,0.4422423840279845,0.3854636027889107,0.1722940131831048,견적반영,0.3598418875299003,0.4437390137907994,0.1964190986793003,0.4152685836234047,0.3943225106072119,0.19040890576938344
7,kexim_ai_platform,kexim_ai_platform:ECR-005,계약·질의검토,1.0,계약·질의검토,계약·질의검토,True,False,True,계약·질의검토,0.17802946832852423,0.16365091750364869,0.6583196141678271,계약·질의검토,0.13686335165212254,0.12529313891014546,0.7378435094377321,계약·질의검토,0.16712769944712305,0.17483227646119923,0.6580400240916777,0.16067350647592327,0.15459211095833114,0.6847343825657456
7,kexim_ai_platform,kexim_ai_platform:ECR-006,통상수용,1.0,통상수용,통상수용,False,False,True,통상수용,0.4249978789394737,0.4005151182359209,0.17448700282460541,통상수용,0.5242871005112656,0.3278874639995061,0.14782543548922833,견적반영,0.3951421549836328,0.46111922716159887,0.14373861785476832,0.4481423781447907,0.39650726979900863,0.15535035205620068
7,kexim_ai_platform,kexim_ai_platform:ECR-007,계약·질의검토,1.0,통상수용,통상수용,True,True,False,통상수용,0.3777889114884187,0.3429243399096361,0.2792867486019452,통상수용,0.37468677551685725,0.3233408306040645,0.30197239387907826,통상수용,0.4467241842250941,0.3560379814909829,0.19723783428392308,0.3997332904101234,0.34076771733489447,0.25949899225498213
7,kexim_ai_platform,kexim_ai_platform:ECR-008,견적반영,1.0,견적반영,계약·질의검토,False,False,True,견적반영,0.2735176049693024,0.3966608820152578,0.3298215130154397,계약·질의검토,0.23148912893404444,0.375454555268645,0.3930563157973106,견적반영,0.22004742409700012,0.48987256990103933,0.2900800060019605,0.24168471933344896,0.42066266906164734,0.3376526116049036
7,kexim_ai_platform,kexim_ai_platform:ECR-009,견적반영,1.0,견적반영,견적반영,True,False,True,견적반영,0.2543811074518093,0.48211979211835904,0.26349910042983166,견적반영,0.22334335765085186,0.5453973784549817,0.2312592638941664,견적반영,0.21481514818241812,0.5830196588474943,0.20216519297008767,0.2308465377616931,0.5368456098069451,0.2323078524313619
7,kexim_ai_platform,kexim_ai_platform:ECR-010,견적반영,1.0,견적반영,견적반영,True,False,True,견적반영,0.24410136629360155,0.47839362538046704,0.2775050083259315,견적반영,0.24106183737279674,0.4247886661962522,0.3341494964309511,견적반영,0.19525716452607092,0.5808550592823659,0.22388777619156316,0.22680678939748974,0.4946791169530284,0.27851409364948193
7,kexim_ai_platform,kexim_ai_platform:GOV-001,견적반영,1.0,통상수용,통상수용,True,True,False,통상수용,0.4006851540548398,0.30415181354911053,0.29516303239604963,통상수용,0.40816933810490835,0.27416995692873725,0.3176607049663544,통상수용,0.3577661870835862,0.3168448242419727,0.325388988674441,0.38887355974777815,0.2983888649066068,0.312737575345615
7,kexim_ai_platform,kexim_ai_platform:GOV-002,통상수용,1.0,통상수용,통상수용,True,False,True,통상수용,0.4732885826079783,0.19054493649937457,0.3361664808926472,통상수용,0.5027820083865391,0.185351375711292,0.3118666159021689,통상수용,0.472382807183411,0.18923942242386324,0.3383777703927257,0.4828177993926428,0.18837857821150994,0.32880362239584726
7,kexim_ai_platform,kexim_ai_platform:GOV-003,견적반영,1.0,견적반영,견적반영,True,False,True,견적반영,0.3064684400454939,0.396325669687911,0.2972058902665952,견적반영,0.2647631949381688,0.40712744929190386,0.32810935576992734,견적반영,0.2190686657888788,0.42267931589641794,0.3582520183147033,0.2634334335908472,0.40871081162541095,0.32785575478374196
7,kexim_ai_platform,kexim_ai_platform:GOV-004,통상수용,1.0,통상수용,통상수용,True,False,True,통상수용,0.44791308040322203,0.32986970626025275,0.22221721333652525,통상수용,0.41660984573246773,0.33014160378309665,0.25324855048443556,통상수용,0.49025826796392313,0.31539355793071067,0.19434817410536637,0.45159373136653763,0.32513495599135334,0.2232713126421091
7,kexim_ai_platform,kexim_ai_platform:GOV-005,통상수용,1.0,통상수용,통상수용,True,False,True,통상수용,0.4856500808645804,0.2836488656142616,0.230701053521158,통상수용,0.5145279128661248,0.2555800379147197,0.22989204921915551,통상수용,0.4537470783858643,0.335195324447217,0.21105759716691866,0.48464169070552315,0.2914747426587328,0.22388356663574405
7,kexim_ai_platform,kexim_ai_platform:INF-001,통상수용,1.0,통상수용,통상수용,True,False,True,통상수용,0.6486300379153667,0.16772551275677108,0.1836444493278622,통상수용,0.7064912894258798,0.13771254103918787,0.1557961695349323,통상수용,0.71470100807442,0.14002586354722552,0.1452731283783544,0.6899407784718888,0.14848797244772816,0.16157124908038298
7,kexim_ai_platform,kexim_ai_platform:INF-002,통상수용,1.0,통상수용,통상수용,True,False,True,통상수용,0.4457252820924702,0.13184754580178273,0.42242717210574704,통상수용,0.5260492444405341,0.09412243180351512,0.37982832375595066,통상수용,0.5194693163656785,0.12030937993197313,0.3602213037023484,0.49708128096622756,0.11542645251242367,0.38749226652134866
7,kexim_ai_platform,kexim_ai_platform:INF-003,통상수용,1.0,통상수용,통상수용,True,False,True,통상수용,0.3994078872734221,0.2663873706676693,0.3342047420589085,통상수용,0.42094034566185135,0.24065225273077953,0.3384074016073691,통상수용,0.43956141260244885,0.23207087324539655,0.3283677141521546,0.41996988184590744,0.24637016554794847,0.33365995260614406
7,kexim_ai_platform,kexim_ai_platform:INF-004,통상수용,1.0,통상수용,통상수용,True,False,True,통상수용,0.4825890744192813,0.32746235408847374,0.1899485714922449,통상수용,0.5143528750023588,0.3136601087081038,0.1719870162895374,통상수용,0.6107417828408299,0.26103453273093613,0.12822368442823387,0.5358945774208234,0.3007189985091712,0.16338642407000536
7,kexim_ai_platform,kexim_ai_platform:INR-001,견적반영,1.0,견적반영,견적반영,True,False,True,견적반영,0.1264575719155753,0.4931497881004488,0.3803926399839759,견적반영,0.1015737440668846,0.5218689985456824,0.37655725738743306,견적반영,0.09399979494418563,0.5145844006795731,0.39141580437624124,0.10734370364221518,0.509867729108568,0.3827885672492168
7,kexim_ai_platform,kexim_ai_platform:INR-002,견적반영,1.0,견적반영,견적반영,True,False,True,견적반영,0.23324237795329325,0.4527397703796855,0.31401785166702134,견적반영,0.21893404721389023,0.4662848202301861,0.31478113255592366,견적반영,0.2166088820831898,0.4931173188338798,0.2902737990829305,0.22292843575012444,0.47071396981458374,0.3063575944352918
7,kexim_ai_platform,kexim_ai_platform:INR-003,견적반영,1.0,견적반영,견적반영,True,False,True,견적반영,0.22670882088612523,0.5062999942788665,0.2669911848350083,견적반영,0.19887697821842631,0.5592473652125249,0.24187565656904886,견적반영,0.1870580321486746,0.5934818397277573,0.2194601281235681,0.20421461041774203,0.5530097330730496,0.2427756565092084
7,kexim_ai_platform,kexim_ai_platform:INR-004,견적반영,1.0,계약·질의검토,계약·질의검토,True,True,False,계약·질의검토,0.27562854979256096,0.31994371415588657,0.40442773605155247,계약·질의검토,0.2261561104695721,0.3020979601956184,0.47174592933480936,계약·질의검토,0.21172622008418807,0.3817319135515983,0.4065418663642137,0.2378369601154404,0.3345911959677011,0.42757184391685854
7,kexim_ai_platform,kexim_ai_platform:INR-005,계약·질의검토,1.0,계약·질의검토,계약·질의검토,True,False,True,계약·질의검토,0.10603937653294586,0.15023373428464515,0.743726889182409,계약·질의검토,0.07413200542093959,0.108900115792627,0.8169678787864334,계약·질의검토,0.08481543765181514,0.1616538886177456,0.7535306737304392,0.08832893986856687,0.1402625795650059,0.7714084805664273
7,kexim_ai_platform,kexim_ai_platform:INR-006,계약·질의검토,1.0,계약·질의검토,계약·질의검토,True,False,True,계약·질의검토,0.2591508319032183,0.24268300379430852,0.4981661643024732,계약·질의검토,0.2471147080743153,0.22147610491278846,0.5314091870128962,계약·질의검토,0.21608490532393224,0.23631576865168433,0.5475993260243834,0.24078348176715525,0.23349162578626045,0.5257248924465843
7,kexim_ai_platform,kexim_ai_platform:INR-007,계약·질의검토,1.0,계약·질의검토,계약·질의검토,True,False,True,계약·질의검토,0.20993177090666038,0.2539396059920452,0.5361286231012944,계약·질의검토,0.20463584420080583,0.23523365574118107,0.5601305000580131,계약·질의검토,0.20404611302119846,0.23996759276150156,0.5559862942173,0.20620457604288822,0.24304695149824262,0.5507484724588692
7,kexim_ai_platform,kexim_ai_platform:INR-008,계약·질의검토,1.0,통상수용,계약·질의검토,False,False,True,계약·질의검토,0.3693505193623761,0.21156311146420279,0.419086369173421,계약·질의검토,0.4113132725966693,0.17469417583072913,0.4139925515726017,통상수용,0.48551290665259006,0.15956236181411151,0.3549247315332985,0.4220588995372118,0.1819398830363478,0.39600121742644045
7,kexim_ai_platform,kexim_ai_platform:INR-009,계약·질의검토,1.0,계약·질의검토,계약·질의검토,True,False,True,계약·질의검토,0.29662129484677724,0.29095412902158313,0.41242457613163963,계약·질의검토,0.28145833522524694,0.24999914712257046,0.46854251765218274,계약·질의검토,0.2369426883669886,0.284533840764361,0.47852347086865044,0.2716741061463376,0.2751623723028382,0.4531635215508243
7,kexim_ai_platform,kexim_ai_platform:INR-010,계약·질의검토,1.0,계약·질의검토,계약·질의검토,True,False,True,계약·질의검토,0.05859085207219577,0.14453419483795005,0.796874953089854,계약·질의검토,0.03350595550673284,0.10485276040482966,0.8616412840884374,계약·질의검토,0.04526874929861771,0.13280300051012456,0.8219282501912577,0.0457885189591821,0.12739665191763475,0.826814829123183
7,kexim_ai_platform,kexim_ai_platform:INR-011,계약·질의검토,1.0,계약·질의검토,계약·질의검토,True,False,True,계약·질의검토,0.15424793980390747,0.09918313673531587,0.7465689234607766,계약·질의검토,0.12015589855902392,0.06606357247595941,0.8137805289650167,계약·질의검토,0.09980224320916246,0.0784736860534526,0.8217240707373848,0.12473536052403128,0.0812401317549093,0.7940245077210594
7,kexim_ai_platform,kexim_ai_platform:INR-012,견적반영,1.0,견적반영,견적반영,True,False,True,견적반영,0.3720799174231357,0.44395699702662017,0.18396308555024407,견적반영,0.356639600847628,0.4914219986951726,0.1519384004571993,견적반영,0.330244421411676,0.5189012567018817,0.1508543218864422,0.3529879798941466,0.4847600841412249,0.16225193596462853
7,kexim_ai_platform,kexim_ai_platform:INR-DTL-001,계약·질의검토,1.0,계약·질의검토,계약·질의검토,True,False,True,계약·질의검토,0.06013922079850517,0.19569092389448023,0.7441698553070146,계약·질의검토,0.02941726167951493,0.11098505989267196,0.8595976784278131,계약·질의검토,0.03347643926483597,0.21854534570125875,0.7479782150339054,0.041010973914285355,0.17507377649613698,0.7839152495895778
7,kexim_ai_platform,kexim_ai_platform:INR-DTL-002,계약·질의검토,1.0,견적반영,견적반영,True,True,False,견적반영,0.08880354628896299,0.48462257916447743,0.42657387454655954,견적반영,0.054544605173777995,0.4815116169654443,0.4639437778607778,견적반영,0.05113806580326414,0.5280091000528674,0.4208528341438684,0.06482873908866837,0.49804776539426304,0.4371234955170686
7,kexim_ai_platform,kexim_ai_platform:INR-DTL-003,견적반영,1.0,계약·질의검토,계약·질의검토,True,True,False,계약·질의검토,0.12757373139060058,0.3487374295450129,0.5236888390643865,계약·질의검토,0.09920977532025682,0.3115364452720759,0.5892537794076673,계약·질의검토,0.0839932274598506,0.37827358894019136,0.5377331835999581,0.10359224472356933,0.3461824879190934,0.5502252673573373
7,kexim_ai_platform,kexim_ai_platform:INR-DTL-004,견적반영,1.0,계약·질의검토,계약·질의검토,True,True,False,계약·질의검토,0.23533556782336693,0.28083037196811345,0.48383406020851977,계약·질의검토,0.2303073864835122,0.2597455371802142,0.5099470763362737,계약·질의검토,0.1658381398832205,0.2622726709214374,0.571889189195342,0.21049369806336657,0.26761619335658837,0.5218901085800453
7,kexim_ai_platform,kexim_ai_platform:PER-001,계약·질의검토,1.0,계약·질의검토,계약·질의검토,True,False,True,계약·질의검토,0.2778803162619655,0.20409200344531309,0.5180276802927213,계약·질의검토,0.23453308106895404,0.16285665284316744,0.6026102660878786,계약·질의검토,0.27415824556948765,0.18458037814764378,0.5412613762828686,0.26219054763346905,0.1838430114787081,0.5539664408878229
7,kexim_ai_platform,kexim_ai_platform:PER-002,계약·질의검토,1.0,견적반영,견적반영,True,True,False,견적반영,0.2744373845843225,0.4930284393929278,0.2325341760227496,견적반영,0.29342531757295354,0.514847115435125,0.19172756699192148,견적반영,0.3116461174994927,0.5096355204479823,0.17871836205252495,0.2931696065522562,0.5058370250920117,0.200993368355732
7,kexim_ai_platform,kexim_ai_platform:PER-003,계약·질의검토,1.0,계약·질의검토,계약·질의검토,True,False,True,계약·질의검토,0.11758863546435655,0.12733770566359454,0.7550736588720489,계약·질의검토,0.07697204814521075,0.08885764760681304,0.8341703042479762,계약·질의검토,0.11841572281248762,0.12507537675684294,0.7565089004306694,0.10432546880735165,0.1137569100090835,0.7819176211835649
7,kexim_ai_platform,kexim_ai_platform:PER-004,계약·질의검토,1.0,계약·질의검토,계약·질의검토,True,False,True,계약·질의검토,0.22297970474628093,0.16565617581312475,0.6113641194405942,계약·질의검토,0.19543021989166554,0.12869931021147082,0.6758704698968636,계약·질의검토,0.18459532919009286,0.15554606118622694,0.6598586096236801,0.20100175127601308,0.1499671824036075,0.6490310663203793
7,kexim_ai_platform,kexim_ai_platform:PMR-001,통상수용,1.0,통상수용,통상수용,True,False,True,통상수용,0.5606689515265281,0.08685163910843607,0.3524794093650359,통상수용,0.5585086712516786,0.07136113536727236,0.37013019338104913,통상수용,0.5710675132029931,0.08666717767031558,0.3422653091266913,0.5634150453270665,0.08162665071534132,0.35495830395759215
7,kexim_ai_platform,kexim_ai_platform:PMR-002,통상수용,1.0,통상수용,통상수용,True,False,True,통상수용,0.5576623743543521,0.20388018463078406,0.23845744101486385,통상수용,0.6324335611557181,0.17700008553304417,0.19056635331123778,통상수용,0.5430585472115991,0.21030026137379848,0.24664119141460236,0.577718160907223,0.19706017717920887,0.225221661913568
7,kexim_ai_platform,kexim_ai_platform:PMR-003,통상수용,1.0,통상수용,통상수용,True,False,True,통상수용,0.40019020531988947,0.24598455365152289,0.35382524102858764,통상수용,0.4151551376295756,0.24916367783637486,0.33568118453404955,통상수용,0.42243321700206127,0.23806748060940341,0.3394993023885354,0.41259285331717543,0.24440523736576705,0.34300190931705754
7,kexim_ai_platform,kexim_ai_platform:PMR-004,견적반영,1.0,견적반영,견적반영,True,False,True,견적반영,0.33434395488814805,0.3943449045268163,0.27131114058503575,견적반영,0.30903444330913693,0.43690538254746397,0.25406017414339904,견적반영,0.274766637686428,0.43270106588718793,0.29253229642638406,0.306048345294571,0.4213171176538227,0.2726345370516063
7,kexim_ai_platform,kexim_ai_platform:PMR-005,통상수용,1.0,통상수용,통상수용,True,False,True,통상수용,0.6856713764562772,0.12627356708473234,0.18805505645899048,통상수용,0.7917880645533153,0.0870356347804814,0.12117630066620337,통상수용,0.6955950245567413,0.10745862875481962,0.1969463466884392,0.7243514885221112,0.10692261020667777,0.168725901271211
7,kexim_ai_platform,kexim_ai_platform:PMR-006,통상수용,1.0,통상수용,통상수용,True,False,True,통상수용,0.599456754203154,0.20500692206739402,0.19553632372945193,통상수용,0.7054384421450535,0.15324682313273658,0.1413147347222099,통상수용,0.7171610053096998,0.13948400259380567,0.14335499209649455,0.6740187338859691,0.16591258259797875,0.16006868351605213
7,kexim_ai_platform,kexim_ai_platform:PMR-007,통상수용,1.0,통상수용,통상수용,True,False,True,통상수용,0.724961077266541,0.12509479710609767,0.14994412562736129,통상수용,0.7872709655127283,0.10246674908639507,0.11026228540087658,통상수용,0.7790720697350786,0.0944910514502849,0.12643687881463642,0.7637680375047827,0.10735086588092589,0.12888109661429145
7,kexim_ai_platform,kexim_ai_platform:PMR-008,통상수용,1.0,통상수용,통상수용,True,False,True,통상수용,0.7541471602336663,0.13133382317421383,0.11451901659211983,통상수용,0.8235987331943067,0.09296580008685469,0.0834354667188386,통상수용,0.8581566978314928,0.08199096903107954,0.05985233313742764,0.811967530419822,0.10209686409738268,0.08593560548279537
7,kexim_ai_platform,kexim_ai_platform:PMR-009,통상수용,1.0,통상수용,통상수용,True,False,True,통상수용,0.6049615932334245,0.23553887093847747,0.1594995358280981,통상수용,0.7006642672839529,0.18215726278608618,0.1171784699299609,통상수용,0.7201089969077498,0.16026855113206692,0.11962245196018331,0.6752449524750425,0.1926548949522102,0.13210015257274743
7,kexim_ai_platform,kexim_ai_platform:PMR-010,통상수용,1.0,통상수용,통상수용,True,False,True,통상수용,0.6654517418080378,0.10860263349507328,0.22594562469688903,통상수용,0.708090542474541,0.08314555847509174,0.20876389905036735,통상수용,0.7031635839149489,0.09102777264508745,0.20580864343996363,0.6922352893991759,0.09425865487175082,0.21350605572907333
7,kexim_ai_platform,kexim_ai_platform:PMR-011,통상수용,1.0,통상수용,통상수용,True,False,True,통상수용,0.5664924820897551,0.24317008840760984,0.19033742950263507,통상수용,0.5857225585326117,0.20928558811065825,0.20499185335673004,통상수용,0.7095602987081353,0.15721023460789285,0.13322946668397184,0.620591779776834,0.203221970375387,0.17618624984777898
7,kexim_ai_platform,kexim_ai_platform:PMR-012,통상수용,1.0,통상수용,통상수용,True,False,True,통상수용,0.6771714781606051,0.17674207096300976,0.1460864508763852,통상수용,0.7929963268703751,0.12009149946022572,0.08691217366939913,통상수용,0.8070791053553823,0.10613714392544894,0.08678375071916877,0.7590823034621209,0.13432357144956147,0.10659412508831771
7,kexim_ai_platform,kexim_ai_platform:PMR-013,계약·질의검토,1.0,통상수용,통상수용,True,True,False,통상수용,0.5580110544907642,0.21736970671857891,0.22461923879065682,통상수용,0.6634588848661969,0.16573870103550023,0.17080241409830288,통상수용,0.6799582482214731,0.13013939025805404,0.18990236152047293,0.633809395859478,0.17108259933737777,0.1951080048031442
7,kexim_ai_platform,kexim_ai_platform:PMR-014,통상수용,1.0,통상수용,통상수용,True,False,True,통상수용,0.5977567736275153,0.2330948165574803,0.16914840981500437,통상수용,0.658645118333277,0.21653859963129035,0.12481628203543266,통상수용,0.729188113125744,0.15103609924667372,0.11977578762758229,0.6618633350288454,0.2002231718118148,0.1379134931593398
7,kexim_ai_platform,kexim_ai_platform:PMR-015,통상수용,1.0,통상수용,통상수용,True,False,True,통상수용,0.6912209812265637,0.1497941690454704,0.15898484972796595,통상수용,0.791590136156754,0.1029692632729747,0.10544060057027134,통상수용,0.8197343920732019,0.08337622100180792,0.09688938692499029,0.7675151698188398,0.112046551106751,0.12043827907440918
7,kexim_ai_platform,kexim_ai_platform:PMR-016,통상수용,1.0,통상수용,통상수용,True,False,True,통상수용,0.7507220536124005,0.11019439695636862,0.1390835494312309,통상수용,0.8122637992102715,0.07945661959483066,0.10827958119489782,통상수용,0.8357850623588728,0.07628819108028174,0.08792674656084531,0.7995903050605149,0.08864640254382701,0.11176329239565802
7,kexim_ai_platform,kexim_ai_platform:PMR-017,통상수용,1.0,통상수용,통상수용,True,False,True,통상수용,0.4260678236871953,0.18362725929434787,0.3903049170184568,통상수용,0.48045009094427943,0.18466758019820184,0.3348823288575188,통상수용,0.4721268399041139,0.12610672151997923,0.4017664385759067,0.4595482515118629,0.16480052033750967,0.37565122815062746
7,kexim_ai_platform,kexim_ai_platform:PMR-018,통상수용,1.0,통상수용,통상수용,True,False,True,통상수용,0.6290136777663345,0.14934516835861072,0.22164115387505465,통상수용,0.7726768692808109,0.0906295744127343,0.13669355630645477,통상수용,0.6785775342072878,0.11807244813425688,0.2033500176584552,0.6934226937514777,0.11934906363520063,0.18722824261332152
7,kexim_ai_platform,kexim_ai_platform:PMR-019,통상수용,1.0,통상수용,통상수용,True,False,True,통상수용,0.6757657205766434,0.17539736200157033,0.14883691742178637,통상수용,0.7770654704329597,0.11929986501927263,0.10363466454776776,통상수용,0.7312940220575711,0.1290978140523934,0.1396081638900356,0.728041737689058,0.14126501369107877,0.13069324861986323
7,kexim_ai_platform,kexim_ai_platform:PMR-020,통상수용,1.0,통상수용,통상수용,True,False,True,통상수용,0.6875005660709402,0.14814846707759863,0.1643509668514612,통상수용,0.8087128127352817,0.08972619799587354,0.10156098926884469,통상수용,0.748960473991924,0.12597560713461628,0.12506391887345977,0.7483912842660487,0.12128342406936281,0.13032529166458853
7,kexim_ai_platform,kexim_ai_platform:PMR-021,견적반영,1.0,계약·질의검토,계약·질의검토,True,True,False,계약·질의검토,0.32474870778646864,0.2992990118198646,0.3759522803936667,계약·질의검토,0.35136285210552526,0.2875257353108183,0.36111141258365637,계약·질의검토,0.32576985101802475,0.3188428564792966,0.3553872925026786,0.3339604703033396,0.3018892012033265,0.3641503284933339
7,kexim_ai_platform,kexim_ai_platform:PMR-022,통상수용,1.0,통상수용,통상수용,True,False,True,통상수용,0.47939907728518655,0.2757991441372578,0.2448017785775557,통상수용,0.5759815050611918,0.25072450734107554,0.17329398759773265,통상수용,0.5938836401027869,0.2081656335977477,0.1979507262994653,0.5497547408163884,0.2448964283586937,0.20534883082491787
7,kexim_ai_platform,kexim_ai_platform:PMR-023,통상수용,1.0,통상수용,통상수용,True,False,True,통상수용,0.5611925455356098,0.22512744555929057,0.2136800089050997,통상수용,0.6879489962336027,0.15734649170359072,0.15470451206280658,통상수용,0.6191668902440262,0.2055666806137221,0.17526642914225168,0.6227694773377462,0.1960135392922011,0.18121698337005265
7,kexim_ai_platform,kexim_ai_platform:PMR-024,통상수용,1.0,통상수용,통상수용,True,False,True,통상수용,0.6901142684319209,0.18465767479824635,0.1252280567698327,통상수용,0.7812525843053547,0.13468397918453529,0.08406343651010995,통상수용,0.8060976160276578,0.11465554931937251,0.0792468346529697,0.7591548229216446,0.14466573443405137,0.09617944264430411
7,kexim_ai_platform,kexim_ai_platform:PMR-027,통상수용,1.0,통상수용,통상수용,True,False,True,통상수용,0.6612399236271962,0.1632925540348196,0.17546752233798432,통상수용,0.726599468489823,0.12739222474989526,0.14600830676028168,통상수용,0.7211366668934135,0.13078569304587676,0.1480776400607098,0.7029920196701442,0.14049015727686387,0.15651782305299192
7,kexim_ai_platform,kexim_ai_platform:PMR-028,통상수용,1.0,통상수용,통상수용,True,False,True,통상수용,0.4635780224180351,0.3399339384231078,0.19648803915885701,통상수용,0.41789823183981845,0.4094879789951642,0.1726137891650172,통상수용,0.4354423592522908,0.37037195760064034,0.1941856831470688,0.4389728711700481,0.37326462500630414,0.18776250382364768
7,kexim_ai_platform,kexim_ai_platform:PMR-029,통상수용,1.0,통상수용,통상수용,True,False,True,통상수용,0.6780319800772326,0.15752624723447178,0.16444177268829557,통상수용,0.7293144345039748,0.12415720010978396,0.14652836538624125,통상수용,0.8190999054391881,0.0872504166564008,0.09364967790441117,0.7421487733401319,0.12297795466688553,0.13487327199298269
7,kexim_ai_platform,kexim_ai_platform:PMR-030,계약·질의검토,1.0,계약·질의검토,계약·질의검토,True,False,True,계약·질의검토,0.25324381458004697,0.12019239780742028,0.6265637876125327,계약·질의검토,0.24305092925254546,0.10631221933225532,0.6506368514151992,계약·질의검토,0.2172551526699998,0.09929729513400562,0.6834475521959946,0.2378499655008641,0.1086006374245604,0.6535493970745755
7,kexim_ai_platform,kexim_ai_platform:PSR-001,계약·질의검토,1.0,통상수용,통상수용,True,True,False,통상수용,0.4795558355814683,0.16700192197787553,0.35344224244065625,통상수용,0.5401152389932596,0.1341221621230581,0.3257625988836822,통상수용,0.4131387306579824,0.20260036002668916,0.38426090931532847,0.47760326841090345,0.16790814804254092,0.35448858354655566
7,kexim_ai_platform,kexim_ai_platform:PSR-002,계약·질의검토,1.0,계약·질의검토,계약·질의검토,True,False,True,계약·질의검토,0.37621562926278146,0.1326884886441146,0.49109588209310395,계약·질의검토,0.33366720407352335,0.11453224962596739,0.5518005463005092,계약·질의검토,0.34317325086077777,0.15424599783672494,0.5025807513024974,0.3510186947323608,0.13382224536893564,0.5151590598987036
7,kexim_ai_platform,kexim_ai_platform:PSR-003,통상수용,1.0,통상수용,통상수용,True,False,True,통상수용,0.49439550025522583,0.32168576623791606,0.18391873350685808,통상수용,0.5700553510669112,0.27211548158302296,0.15782916735006586,통상수용,0.5820632349244619,0.2855551398688966,0.1323816252066415,0.5488380287488663,0.2931187958966119,0.15804317535452184
7,kexim_ai_platform,kexim_ai_platform:PSR-004,통상수용,1.0,통상수용,통상수용,True,False,True,통상수용,0.51164847936661,0.24383750495241732,0.24451401568097275,통상수용,0.5884913219158323,0.22359939993437425,0.18790927814979347,통상수용,0.40533041910755807,0.2864503941439501,0.30821918674849175,0.5018234067966668,0.2512957663435806,0.24688082685975266
7,kexim_ai_platform,kexim_ai_platform:PSR-005,계약·질의검토,1.0,계약·질의검토,계약·질의검토,False,False,True,계약·질의검토,0.4032192247473691,0.17198723019130113,0.4247935450613297,통상수용,0.425705674138785,0.16505295126261066,0.4092413745986044,계약·질의검토,0.3106200995696201,0.18835340362054218,0.5010264968098377,0.3798483328185915,0.175131195024818,0.44502047215659063
7,kexim_ai_platform,kexim_ai_platform:PSR-006,계약·질의검토,1.0,계약·질의검토,계약·질의검토,True,False,True,계약·질의검토,0.24400132241030112,0.1444003391078688,0.6115983384818302,계약·질의검토,0.19209369340808222,0.1232273767407305,0.6846789298511874,계약·질의검토,0.1900423637448149,0.13923940715647526,0.6707182290987097,0.20871245985439943,0.13562237433502486,0.6556651658105758
7,kexim_ai_platform,kexim_ai_platform:QMR-001,견적반영,1.0,견적반영,견적반영,True,False,True,견적반영,0.31477852064767314,0.47936122804798864,0.20586025130433835,견적반영,0.3799414970182163,0.45678290200885135,0.16327560097293226,견적반영,0.250880264684293,0.5388346876329818,0.21028504768272518,0.31520009411672745,0.49165960589660723,0.19314029998666526
7,kexim_ai_platform,kexim_ai_platform:QMR-002,통상수용,1.0,통상수용,통상수용,False,False,True,통상수용,0.3801169422834886,0.32684714016710814,0.2930359175494032,견적반영,0.3352725410931543,0.36516722983067035,0.2995602290761753,통상수용,0.4818765698170047,0.2995794743083579,0.21854395587463726,0.39908868439788253,0.33053128143537885,0.27038003416673856
7,kexim_ai_platform,kexim_ai_platform:QMR-004,통상수용,1.0,통상수용,통상수용,True,False,True,통상수용,0.6136890043937346,0.18304409744533023,0.20326689816093524,통상수용,0.6619634414907701,0.15195652377365917,0.18608003473557072,통상수용,0.6728803581236897,0.16229785732474974,0.1648217845515606,0.6495109346693982,0.16576615951457974,0.18472290581602216
7,kexim_ai_platform,kexim_ai_platform:QMR-005,통상수용,1.0,통상수용,통상수용,True,False,True,통상수용,0.5515902562273837,0.1349600932504939,0.3134496505221224,통상수용,0.6815189431690696,0.08874820148209053,0.2297328553488399,통상수용,0.6158717503438838,0.11315448160565579,0.2709737680504605,0.616326983246779,0.11228759211274675,0.27138542464047427
7,kexim_ai_platform,kexim_ai_platform:QMR-006,통상수용,1.0,계약·질의검토,계약·질의검토,True,True,False,계약·질의검토,0.3203786330980438,0.29085609268892143,0.38876527421303475,계약·질의검토,0.32475773395499985,0.24870823255183566,0.4265340334931644,계약·질의검토,0.29560903894761753,0.277433505115163,0.42695745593721957,0.3135818020002204,0.2723326101186401,0.4140855878811396
7,kexim_ai_platform,kexim_ai_platform:QMR-007,통상수용,1.0,통상수용,통상수용,True,False,True,통상수용,0.6772480722222458,0.16774560776009578,0.15500632001765832,통상수용,0.7462163418328291,0.12838060131056278,0.12540305685660802,통상수용,0.8053623147844977,0.11058779545562009,0.08404988975988227,0.7429422429465241,0.13557133484209288,0.12148642221138288
7,kexim_ai_platform,kexim_ai_platform:QMR-008,통상수용,1.0,통상수용,통상수용,True,False,True,통상수용,0.648946592145321,0.15463866957478956,0.1964147382798894,통상수용,0.7589368847034982,0.10344597667199504,0.13761713862450675,통상수용,0.7111084287116902,0.12512672773802758,0.16376484355028223,0.7063306351868365,0.12773712466160406,0.16593224015155947
7,kexim_ai_platform,kexim_ai_platform:QMR-009,통상수용,1.0,통상수용,통상수용,True,False,True,통상수용,0.5851730130381362,0.13362637996115173,0.2812006070007121,통상수용,0.7073900988118312,0.09469325085618,0.19791665033198877,통상수용,0.6582709692689894,0.08949562083433306,0.2522334098966775,0.6502780270396523,0.1059384172172216,0.24378355574312613
7,kexim_ai_platform,kexim_ai_platform:QMR-010,통상수용,1.0,통상수용,통상수용,True,False,True,통상수용,0.5441672571891336,0.17942819081156036,0.276404551999306,통상수용,0.607297197142924,0.13109055957881116,0.26161224327826493,통상수용,0.6409531005317499,0.1267446694199603,0.23230223004828984,0.5974725182879358,0.1457544732701106,0.2567730084419536
7,kexim_ai_platform,kexim_ai_platform:QMR-011,통상수용,1.0,통상수용,통상수용,True,False,True,통상수용,0.45673080722839265,0.2193761573427351,0.3238930354288723,통상수용,0.5617840502189225,0.18313251841781383,0.25508343136326356,통상수용,0.4354087091765138,0.2579899836620097,0.30660130716147654,0.4846411888746096,0.22016621980751952,0.2951925913178708
7,kexim_ai_platform,kexim_ai_platform:QMR-012,통상수용,1.0,통상수용,통상수용,True,False,True,통상수용,0.6451020686411146,0.19638997552118098,0.15850795583770438,통상수용,0.7420589771863899,0.15237188429866705,0.1055691385149431,통상수용,0.7818114084507007,0.11073036328168827,0.10745822826761098,0.7229908180927351,0.15316407436717877,0.12384510754008615
7,kexim_ai_platform,kexim_ai_platform:SEC-001,통상수용,1.0,계약·질의검토,계약·질의검토,True,True,False,계약·질의검토,0.37943614355308897,0.17333934946392732,0.4472245069829838,계약·질의검토,0.36985111703379775,0.15612195432912218,0.4740269286370801,계약·질의검토,0.33696126002451265,0.16438498446548025,0.49865375551000707,0.3620828402037998,0.1646154294195099,0.4733017303766904
7,kexim_ai_platform,kexim_ai_platform:SEC-002,통상수용,1.0,통상수용,통상수용,True,False,True,통상수용,0.664664076729219,0.13824799326219905,0.19708793000858188,통상수용,0.7973229254842431,0.08484688806845544,0.1178301864473015,통상수용,0.7395600216199263,0.1173964037229625,0.1430435746571113,0.7338490079444627,0.11349709501787235,0.15265389703766488
7,kexim_ai_platform,kexim_ai_platform:SEC-003,통상수용,1.0,통상수용,통상수용,True,False,True,통상수용,0.6761077935519192,0.15255292571192064,0.17133928073616023,통상수용,0.7533387151496636,0.10481846570051884,0.14184281914981758,통상수용,0.7789996901002223,0.10348661871815991,0.11751369118161771,0.7361487329339349,0.12028600337686646,0.1435652636891985
7,kexim_ai_platform,kexim_ai_platform:SEC-004,통상수용,1.0,계약·질의검토,계약·질의검토,True,True,False,계약·질의검토,0.31386293155458855,0.29466786073119733,0.39146920771421406,계약·질의검토,0.3641216238833966,0.244541179358183,0.3913371967584203,계약·질의검토,0.33742561817790495,0.2636311508091234,0.3989432310129716,0.3384700578719633,0.26761339696616787,0.39391654516186864
7,kexim_ai_platform,kexim_ai_platform:SEC-007,통상수용,1.0,통상수용,통상수용,True,False,True,통상수용,0.41401377540042683,0.21461859628662758,0.3713676283129456,통상수용,0.4697505233977502,0.1796941932186745,0.3505552833835752,통상수용,0.44554793655494623,0.19175241983422342,0.36269964361083024,0.4431040784510411,0.19535506977984185,0.36154085176911704
7,kexim_ai_platform,kexim_ai_platform:SEC-008,견적반영,1.0,계약·질의검토,계약·질의검토,True,True,False,계약·질의검토,0.2202244860239523,0.3663171240317539,0.41345838994429385,계약·질의검토,0.18004933515648727,0.3462669351715594,0.4736837296719533,계약·질의검토,0.15969500418364868,0.39806862663037884,0.44223636918597237,0.18665627512136274,0.370217561944564,0.4431261629340732
7,kexim_ai_platform,kexim_ai_platform:SER-002,통상수용,1.0,계약·질의검토,계약·질의검토,True,True,False,계약·질의검토,0.20056888575176632,0.39453823964918927,0.40489287459904433,계약·질의검토,0.15428407070590508,0.3811990002987007,0.4645169289953942,계약·질의검토,0.18216006618144062,0.3974044420968021,0.42043549172175715,0.179004340879704,0.39104722734823066,0.4299484317720652
7,kexim_ai_platform,kexim_ai_platform:SER-003,계약·질의검토,1.0,계약·질의검토,계약·질의검토,True,False,True,계약·질의검토,0.1657339362145767,0.39867043960753157,0.43559562417789177,계약·질의검토,0.13830637883535188,0.3943360995847508,0.4673575215798973,계약·질의검토,0.10248139296653988,0.402454719873691,0.495063887159769,0.1355072360054895,0.3984870863553245,0.46600567763918604
7,kexim_ai_platform,kexim_ai_platform:SER-004,계약·질의검토,1.0,계약·질의검토,계약·질의검토,True,False,True,계약·질의검토,0.09858872736778114,0.36650652905988546,0.5349047435723334,계약·질의검토,0.05951651867700253,0.33992649429599453,0.6005569870270029,계약·질의검토,0.0797685724704208,0.34277554060922644,0.5774558869203527,0.07929127283840148,0.34973618798836875,0.5709725391732298
7,kexim_ai_platform,kexim_ai_platform:SYS-001,견적반영,1.0,견적반영,계약·질의검토,False,False,True,견적반영,0.29524056137149157,0.376591649468626,0.3281677891598825,계약·질의검토,0.241229183363563,0.37571041036807634,0.38306040626836063,견적반영,0.2670835863214981,0.40982744856349024,0.32308896511501173,0.26785111035218423,0.3873765028000642,0.34477238684775163
7,kexim_ai_platform,kexim_ai_platform:SYS-003,견적반영,1.0,계약·질의검토,계약·질의검토,True,True,False,계약·질의검토,0.27874203425359695,0.328228000628129,0.393029965118274,계약·질의검토,0.23900873497274122,0.2939496314395144,0.4670416335877444,계약·질의검토,0.29546442319745037,0.32950980072291874,0.37502577607963083,0.2710717308079295,0.3172291442635207,0.41169912492854976
7,kexim_ai_platform,kexim_ai_platform:TER-001,통상수용,1.0,통상수용,통상수용,True,False,True,통상수용,0.49384091356362575,0.2070782110233681,0.2990808754130062,통상수용,0.5193516213575382,0.19704678831419922,0.2836015903282626,통상수용,0.4867600393335995,0.22457110206445025,0.28866885860195024,0.4999841914182545,0.20956536713400586,0.2904504414477397
7,kexim_ai_platform,kexim_ai_platform:TER-002,통상수용,1.0,통상수용,통상수용,True,False,True,통상수용,0.5496168791903243,0.1426458697609268,0.3077372510487489,통상수용,0.6848526825651242,0.1009389458355956,0.21420837159928025,통상수용,0.5581986707996272,0.14559650568124893,0.296204823519124,0.5975560775183586,0.12972710709259044,0.27271681538905107
7,kexim_ai_platform,kexim_ai_platform:TER-003,통상수용,1.0,통상수용,통상수용,True,False,True,통상수용,0.47624069492939836,0.22003706553150604,0.30372223953909555,통상수용,0.5284845782501725,0.19288138182602493,0.2786340399238026,통상수용,0.5053241840365054,0.24986026570528763,0.24481555025820712,0.5033498190720254,0.22092623768760622,0.2757239432403684
7,kexim_ai_platform,kexim_ai_platform:TER-004,통상수용,1.0,통상수용,통상수용,True,False,True,통상수용,0.49366557525804455,0.1983740342313656,0.30796039051059,통상수용,0.5067017744324853,0.15487947671201255,0.3384187488555021,통상수용,0.5726477119195653,0.20157601539080752,0.22577627268962708,0.5243383538700317,0.18494317544472857,0.2907184706852397
7,kexim_ai_platform,kexim_ai_platform:TER-005,통상수용,1.0,계약·질의검토,계약·질의검토,True,True,False,계약·질의검토,0.30400685366941105,0.2736578525519255,0.42233529377866347,계약·질의검토,0.2968761272346923,0.23206458434499688,0.47105928842031075,계약·질의검토,0.28903973869314176,0.2887852339371836,0.42217502736967466,0.2966409065324151,0.26483589027803534,0.4385232031895496
7,kexim_ai_platform,kexim_ai_platform:TER-006,계약·질의검토,1.0,계약·질의검토,계약·질의검토,True,False,True,계약·질의검토,0.2224422109232218,0.12545544411450563,0.6521023449622726,계약·질의검토,0.1894216059590964,0.09254875326281718,0.7180296407780864,계약·질의검토,0.24403318439699667,0.13344500341088017,0.6225218121921231,0.21863233375977162,0.11714973359606766,0.6642179326441607
7,kexim_ai_platform,kexim_ai_platform:TER-007,통상수용,1.0,통상수용,통상수용,True,False,True,통상수용,0.45354603310153824,0.16175350886689463,0.3847004580315672,통상수용,0.5151065046307258,0.13173686409594806,0.3531566312733261,통상수용,0.5718116671284855,0.13353257874202648,0.29465575412948797,0.5134880682869166,0.14234098390162306,0.34417094781146035
8,knoc_genai_platform,knoc_genai_platform:ASR-001,견적반영,1.0,견적반영,견적반영,True,False,True,견적반영,0.13830601684888197,0.6327435250213801,0.22895045812973802,견적반영,0.09808039121562363,0.7143948381999061,0.18752477058447017,견적반영,0.11916121107511925,0.6511501474309708,0.22968864149391002,0.11851587304654161,0.666096170217419,0.2153879567360394
8,knoc_genai_platform,knoc_genai_platform:ASR-002,계약·질의검토,1.0,견적반영,견적반영,True,True,False,견적반영,0.05944213437285999,0.694285168726609,0.2462726969005309,견적반영,0.04157586295200536,0.7656562610898016,0.19276787595819309,견적반영,0.06081811987349534,0.675657236903532,0.2635246432229727,0.053945372399453566,0.7118662222399809,0.23418840536056554
8,knoc_genai_platform,knoc_genai_platform:ASR-003,견적반영,1.0,견적반영,견적반영,True,False,True,견적반영,0.08965403366075188,0.674321953511355,0.23602401282789323,견적반영,0.06440977218027107,0.7509088746095224,0.18468135321020657,견적반영,0.05724964898405065,0.7146263113639492,0.22812403965200012,0.07043781827502453,0.7132857131616088,0.21627646856336666
8,knoc_genai_platform,knoc_genai_platform:ASR-004,계약·질의검토,1.0,계약·질의검토,계약·질의검토,True,False,True,계약·질의검토,0.1678708451221299,0.2736537754356263,0.5584753794422438,계약·질의검토,0.12116045316879342,0.19206156451353049,0.6867779823176761,계약·질의검토,0.12607216364943394,0.30026383712522264,0.5736639992253435,0.13836782064678577,0.2553263923581265,0.6063057869950877
8,knoc_genai_platform,knoc_genai_platform:ASR-005,견적반영,1.0,견적반영,견적반영,True,False,True,견적반영,0.10450944543317504,0.6744834499825242,0.2210071045843007,견적반영,0.07158242409383914,0.7541172920304203,0.17430028387574054,견적반영,0.08801049603084679,0.6734662737393606,0.23852323022979263,0.08803412185262031,0.7006890052507684,0.21127687289661126
8,knoc_genai_platform,knoc_genai_platform:ASR-006,견적반영,1.0,계약·질의검토,계약·질의검토,True,True,False,계약·질의검토,0.1017983133254124,0.38077974017565047,0.5174219464989371,계약·질의검토,0.08418747560073789,0.3272670070294542,0.5885455173698079,계약·질의검토,0.06867727078591228,0.35701305513324916,0.5743096740808386,0.08488768657068753,0.3550199341127846,0.5600923793165279
8,knoc_genai_platform,knoc_genai_platform:ASR-007,견적반영,1.0,견적반영,견적반영,True,False,True,견적반영,0.1258125943587922,0.6302608105490085,0.24392659509219933,견적반영,0.08298772790334058,0.7202539070653565,0.19675836503130284,견적반영,0.09781120786470528,0.6534398134207544,0.24874897871454038,0.10220384337561268,0.6679848436783731,0.2298113129460142
8,knoc_genai_platform,knoc_genai_platform:ASR-008,견적반영,1.0,견적반영,견적반영,True,False,True,견적반영,0.10454656383256558,0.764772723301192,0.1306807128662424,견적반영,0.07362190724126105,0.8365713847662629,0.08980670799247609,견적반영,0.07214817627341052,0.8132283550154644,0.11462346871112504,0.08343888244907904,0.8048574876943064,0.11170362985661451
8,knoc_genai_platform,knoc_genai_platform:ASR-009,견적반영,1.0,견적반영,견적반영,True,False,True,견적반영,0.08093174417447453,0.7853736054680919,0.13369465035743344,견적반영,0.05397576837717593,0.8413287728318242,0.104695458791,견적반영,0.05229060065757641,0.8300249296127679,0.11768446972965574,0.062399371069742283,0.8189091026375613,0.1186915262926964
8,knoc_genai_platform,knoc_genai_platform:COR-001,견적반영,1.0,통상수용,통상수용,True,True,False,통상수용,0.5197729944292654,0.29161800620315415,0.18860899936758052,통상수용,0.5993798865074149,0.242167134037464,0.15845297945512105,통상수용,0.6217579250538452,0.2329242757691054,0.14531779917704934,0.5803036019968418,0.25556980533657453,0.16412659266658364
8,knoc_genai_platform,knoc_genai_platform:COR-002,통상수용,1.0,통상수용,통상수용,True,False,True,통상수용,0.660282281487319,0.1854838476160991,0.1542338708965818,통상수용,0.7686931223610393,0.12054536836396361,0.11076150927499714,통상수용,0.700319285993912,0.17425406447272648,0.12542664953336155,0.70976489661409,0.16009442681759642,0.13014067656831352
8,knoc_genai_platform,knoc_genai_platform:COR-003,계약·질의검토,1.0,계약·질의검토,계약·질의검토,True,False,True,계약·질의검토,0.28001755993894745,0.1863714673043801,0.5336109727566726,계약·질의검토,0.2414318772315201,0.15162619169188352,0.6069419310765964,계약·질의검토,0.327772259485267,0.15439334860871345,0.5178343919060195,0.28307389888524487,0.16413033586832568,0.5527957652464296
8,knoc_genai_platform,knoc_genai_platform:COR-004,통상수용,1.0,통상수용,통상수용,True,False,True,통상수용,0.7131531475055686,0.1118488704616967,0.1749979820327348,통상수용,0.7986653017892092,0.07220755644585636,0.12912714176493434,통상수용,0.8061132441580394,0.06349469316020698,0.13039206268175352,0.7726438978176057,0.08251704002258668,0.14483906215980755
8,knoc_genai_platform,knoc_genai_platform:COR-005,견적반영,1.0,견적반영,견적반영,True,False,True,견적반영,0.3852390271486297,0.5021890652914316,0.11257190755993876,견적반영,0.3430730410850996,0.5781742510672211,0.07875270784767932,견적반영,0.38470929471200166,0.5095757355780727,0.10571496970992562,0.37100712098191035,0.5299796839789085,0.09901319503918123
8,knoc_genai_platform,knoc_genai_platform:COR-006,계약·질의검토,1.0,계약·질의검토,계약·질의검토,True,False,True,계약·질의검토,0.1683320932434842,0.08947120389246647,0.7421967028640494,계약·질의검토,0.1300378093736753,0.06461102617059845,0.8053511644557263,계약·질의검토,0.17543208576134117,0.06830763946025145,0.7562602747784073,0.15793399612616688,0.07412995650777213,0.767936047366061
8,knoc_genai_platform,knoc_genai_platform:COR-007,통상수용,1.0,계약·질의검토,계약·질의검토,False,False,True,통상수용,0.45393029093442766,0.10250408172800801,0.44356562733756427,계약·질의검토,0.43589412893692725,0.07601278928031056,0.4880930817827622,계약·질의검토,0.446685771493345,0.09298655906253278,0.4603276694441223,0.44550339712156667,0.09050114335695046,0.46399545952148297
8,knoc_genai_platform,knoc_genai_platform:COR-008,계약·질의검토,1.0,계약·질의검토,계약·질의검토,True,False,True,계약·질의검토,0.42977701990935785,0.1305727538834093,0.4396502262072328,계약·질의검토,0.4417067238514554,0.09336555676199346,0.4649277193865511,계약·질의검토,0.4270608665561786,0.1172960511185144,0.455643082325307,0.43284820343899727,0.11374478725463906,0.45340700930636363
8,knoc_genai_platform,knoc_genai_platform:DAR-001,견적반영,1.0,계약·질의검토,계약·질의검토,True,True,False,계약·질의검토,0.2870502042000816,0.2993127804109758,0.4136370153889426,계약·질의검토,0.3168633592296539,0.2658505215391858,0.4172861192311602,계약·질의검토,0.23488173838577317,0.30899060519762694,0.4561276564165999,0.27959843393850287,0.29138463571592954,0.42901693034556754
8,knoc_genai_platform,knoc_genai_platform:DAR-002,견적반영,1.0,계약·질의검토,계약·질의검토,True,True,False,계약·질의검토,0.18637884770549912,0.3652132617502842,0.4484078905442166,계약·질의검토,0.15157292849864912,0.3446770564619009,0.5037500150394499,계약·질의검토,0.17471674824549316,0.3647004274322211,0.4605828243222858,0.17088950814988046,0.35819691521480207,0.47091357663531747
8,knoc_genai_platform,knoc_genai_platform:DAR-003,계약·질의검토,1.0,견적반영,견적반영,True,True,False,견적반영,0.2637723172841228,0.39962548052938623,0.33660220218649106,견적반영,0.24276463246037153,0.3888774049697279,0.36835796256990055,견적반영,0.26103115683134764,0.3891751074095167,0.3497937357591356,0.25585603552528063,0.3925593309695436,0.35158463350517577
8,knoc_genai_platform,knoc_genai_platform:DAR-004,통상수용,1.0,통상수용,통상수용,True,False,True,통상수용,0.5491642248170312,0.22250976107853518,0.22832601410443368,통상수용,0.5836719267731612,0.1921499016172855,0.22417817160955328,통상수용,0.524226075440232,0.21627012556309433,0.2595037989966736,0.5523540756768082,0.21030992941963833,0.23733599490355353
8,knoc_genai_platform,knoc_genai_platform:DAR-005,견적반영,1.0,통상수용,통상수용,False,False,True,통상수용,0.47831144710709517,0.30124806985541924,0.2204404830374856,통상수용,0.4837287628272551,0.28168825757396493,0.23458297959877988,견적반영,0.34905424842126337,0.38668325544434223,0.26426249613439434,0.43703148611853787,0.32320652762457547,0.2397619862568866
8,knoc_genai_platform,knoc_genai_platform:DAR-006,통상수용,1.0,통상수용,통상수용,True,False,True,통상수용,0.4817715126956046,0.25503097605488234,0.263197511249513,통상수용,0.4616598173775099,0.2629681407349039,0.27537204188758624,통상수용,0.4764457734326586,0.2633345972847593,0.260219629282582,0.4732923678352577,0.26044457135818183,0.2662630608065604
8,knoc_genai_platform,knoc_genai_platform:DAR-007,견적반영,1.0,통상수용,통상수용,True,True,False,통상수용,0.5002864395177603,0.19702923908697628,0.3026843213952634,통상수용,0.5158424968449569,0.16480603935948884,0.3193514637955543,통상수용,0.4319699781657189,0.22141664846356943,0.3466133733707117,0.4826996381761454,0.19441730897001153,0.3228830528538431
8,knoc_genai_platform,knoc_genai_platform:DPR-001,통상수용,1.0,견적반영,견적반영,True,True,False,견적반영,0.3503134632616199,0.3930275309831895,0.2566590057551906,견적반영,0.353795117319724,0.4144231059021076,0.2317817767781683,견적반영,0.33301934031432473,0.4194931626328975,0.24748749705277776,0.34570930696522284,0.40898126650606487,0.2453094265287122
8,knoc_genai_platform,knoc_genai_platform:DPR-002,견적반영,1.0,견적반영,견적반영,True,False,True,견적반영,0.1551428300451372,0.6815765833305094,0.16328058662435335,견적반영,0.11062896313697616,0.7367836563291903,0.1525873805338335,견적반영,0.10040692227736346,0.7540987581026919,0.14549431961994475,0.12205957181982562,0.7241529992541306,0.15378742892604388
8,knoc_genai_platform,knoc_genai_platform:DPR-003,계약·질의검토,1.0,견적반영,견적반영,True,True,False,견적반영,0.1486263333873406,0.5256749064407429,0.3256987601719166,견적반영,0.11209992232164347,0.5747975042334563,0.3131025734449002,견적반영,0.10309908332258769,0.5553039439267624,0.34159697275065,0.12127511301052392,0.5519254515336539,0.3267994354558223
8,knoc_genai_platform,knoc_genai_platform:DPR-004,견적반영,1.0,견적반영,견적반영,True,False,True,견적반영,0.2290377732031567,0.6191841173088657,0.1517781094879776,견적반영,0.21652881605151694,0.6600553993441788,0.1234157846043044,견적반영,0.19342671101274891,0.6781800478811176,0.12839324110613343,0.2129977667558075,0.652473188178054,0.13452904506613847
8,knoc_genai_platform,knoc_genai_platform:DPR-005,견적반영,1.0,견적반영,견적반영,True,False,True,견적반영,0.20834976806605374,0.5853190955183146,0.20633113641563158,견적반영,0.20029522795684823,0.6143396299363836,0.18536514210676822,견적반영,0.18185380829252926,0.6320319603722244,0.18611423133524635,0.1968329347718104,0.6105635619423075,0.19260350328588205
8,knoc_genai_platform,knoc_genai_platform:DPR-006,견적반영,1.0,견적반영,견적반영,True,False,True,견적반영,0.1247492934462686,0.7088155186307292,0.16643518792300213,견적반영,0.0843871384763341,0.7911932127074146,0.12441964881625137,견적반영,0.08513223876831919,0.73128404656724,0.18358371466444084,0.09808955689697396,0.7437642593017947,0.15814618380123144
8,knoc_genai_platform,knoc_genai_platform:DPR-007,견적반영,1.0,견적반영,견적반영,True,False,True,견적반영,0.12301209709255613,0.658331497054454,0.21865640585298984,견적반영,0.090200149485829,0.739909898315665,0.16988995219850606,견적반영,0.09617169737754282,0.679889656386444,0.22393864623601303,0.10312798131864265,0.692710350585521,0.20416166809583633
8,knoc_genai_platform,knoc_genai_platform:DPR-008,견적반영,1.0,견적반영,견적반영,False,False,True,견적반영,0.4149500648044091,0.46792740384194453,0.11712253135364632,통상수용,0.513979694109511,0.40370497561524066,0.08231533027524826,견적반영,0.40890733137189994,0.48601197320904105,0.10508069541905912,0.44594569676194,0.45254811755540875,0.10150618568265124
8,knoc_genai_platform,knoc_genai_platform:FUR-001,계약·질의검토,1.0,계약·질의검토,계약·질의검토,False,False,True,견적반영,0.26893270281512,0.3717535694801907,0.3593137277046892,계약·질의검토,0.2438546515906503,0.34822901532604533,0.4079163330833044,견적반영,0.24142143181217213,0.3839565130163675,0.3746220551714603,0.25140292873931414,0.3679796992742012,0.38061737198648465
8,knoc_genai_platform,knoc_genai_platform:FUR-002,통상수용,1.0,견적반영,견적반영,True,True,False,견적반영,0.26574618478259504,0.45507833259643005,0.27917548262097497,견적반영,0.23939427236248703,0.4672166543292345,0.2933890733082784,견적반영,0.3239049503912255,0.3897948571302301,0.2863001924785444,0.2763484691787692,0.43736328135196484,0.28628824946926595
8,knoc_genai_platform,knoc_genai_platform:FUR-003,견적반영,1.0,견적반영,견적반영,True,False,True,견적반영,0.26125001538088555,0.4770262522370329,0.26172373238208146,견적반영,0.22544566500831514,0.5172302509461667,0.25732408404551826,견적반영,0.2670489947619639,0.4789498872762195,0.2540011179618167,0.2512482250503882,0.49106879681980636,0.2576829781298055
8,knoc_genai_platform,knoc_genai_platform:FUR-004,계약·질의검토,1.0,견적반영,계약·질의검토,False,False,True,견적반영,0.1891190544665508,0.4288947292115286,0.3819862163219206,계약·질의검토,0.15044315385902368,0.42180330340208716,0.42775354273888927,견적반영,0.21068455070445677,0.4196563561179506,0.36965909317759255,0.18341558634334376,0.4234514629105221,0.39313295074613414
8,knoc_genai_platform,knoc_genai_platform:FUR-005,견적반영,1.0,견적반영,견적반영,True,False,True,견적반영,0.2806469879402842,0.5013858468604675,0.21796716519924828,견적반영,0.26240310699087044,0.5449013793836099,0.19269551362551976,견적반영,0.24770418937728944,0.5326006579812417,0.2196951526414688,0.263584761436148,0.5262959614084397,0.21011927715541226
8,knoc_genai_platform,knoc_genai_platform:FUR-006,계약·질의검토,1.0,견적반영,견적반영,True,True,False,견적반영,0.2506327872293641,0.4084477910524646,0.3409194217181712,견적반영,0.25469475408774606,0.3727219665721094,0.3725832793401445,견적반영,0.25490787494090994,0.3805610150904191,0.36453110996867094,0.25341180541934,0.38724359090499766,0.35934460367566223
8,knoc_genai_platform,knoc_genai_platform:FUR-007,견적반영,1.0,견적반영,견적반영,True,False,True,견적반영,0.11262497790360541,0.7096529303624094,0.17772209173398518,견적반영,0.08401785843406145,0.7678087073075165,0.14817343425842197,견적반영,0.07972973093639746,0.7445221423420041,0.1757481267215985,0.09212418909135478,0.7406612600039767,0.16721455090466852
8,knoc_genai_platform,knoc_genai_platform:GOV-001,통상수용,1.0,견적반영,견적반영,True,True,False,견적반영,0.2626122967746325,0.48847188074860454,0.24891582247676305,견적반영,0.23366425646172592,0.5305437707494793,0.23579197278879485,견적반영,0.2461989199210747,0.4855796605312974,0.268221419547628,0.24749182438581105,0.5015317706764605,0.2509764049377286
8,knoc_genai_platform,knoc_genai_platform:GOV-002,통상수용,1.0,계약·질의검토,계약·질의검토,False,False,True,통상수용,0.3860034075044285,0.23025057709670196,0.38374601539886954,통상수용,0.4029678504590853,0.23351503194828438,0.36351711759263033,계약·질의검토,0.2814912123379237,0.23267044659439234,0.485838341067684,0.35682082343381244,0.2321453518797929,0.41103382468639466
8,knoc_genai_platform,knoc_genai_platform:GOV-003,계약·질의검토,1.0,견적반영,견적반영,True,True,False,견적반영,0.22471801910347655,0.6066951188459335,0.16858686205058993,견적반영,0.17501349284644038,0.698580909826328,0.12640559732723158,견적반영,0.1698180816705073,0.6369856087060981,0.1931963096233946,0.1898498645401414,0.6474205457927865,0.16272958966707204
8,knoc_genai_platform,knoc_genai_platform:GOV-004,통상수용,1.0,통상수용,통상수용,True,False,True,통상수용,0.45824290453038535,0.3653065370869179,0.17645055838269677,통상수용,0.514311169495097,0.3305004163715932,0.15518841413330972,통상수용,0.5080174486384234,0.3445180632703831,0.1474644880911936,0.4935238408879686,0.3467750055762981,0.15970115353573336
8,knoc_genai_platform,knoc_genai_platform:GOV-005,통상수용,1.0,견적반영,견적반영,True,True,False,견적반영,0.28195441428653356,0.43270596819390444,0.285339617519562,견적반영,0.27829334343052836,0.4176546562409061,0.3040520003285656,견적반영,0.2686568171538926,0.44489317924814065,0.2864500035979668,0.27630152495698485,0.431751267894317,0.2919472071486981
8,knoc_genai_platform,knoc_genai_platform:INF-001,통상수용,1.0,통상수용,통상수용,True,False,True,통상수용,0.6814805828616101,0.15452144408407523,0.16399797305431474,통상수용,0.7618122493428678,0.11305196329548242,0.12513578736164982,통상수용,0.7413775251126803,0.12244715543660685,0.13617531945071296,0.7282234524390527,0.13000685427205483,0.14176969328889252
8,knoc_genai_platform,knoc_genai_platform:INF-002,통상수용,1.0,통상수용,통상수용,True,False,True,통상수용,0.5563060661766803,0.10742568519225829,0.33626824863106136,통상수용,0.6664891964603874,0.07040737361330619,0.2631034299263064,통상수용,0.5962294458240225,0.09343674452633385,0.31033380964964363,0.6063415694870301,0.09042326777729943,0.30323516273567047
8,knoc_genai_platform,knoc_genai_platform:INF-003,통상수용,1.0,통상수용,통상수용,True,False,True,통상수용,0.4941560175898713,0.25046963482984835,0.2553743475802803,통상수용,0.5814830322264644,0.20413348152493277,0.21438348624860293,통상수용,0.5332224233060457,0.2163441157620592,0.2504334609318951,0.5362871577074605,0.22364907737228013,0.24006376492025946
8,knoc_genai_platform,knoc_genai_platform:INF-004,통상수용,1.0,통상수용,통상수용,True,False,True,통상수용,0.5378312634226862,0.28996905782040455,0.17219967875690925,통상수용,0.634547431957974,0.2229047281612565,0.14254783988076938,통상수용,0.6500093780948799,0.23207879300746345,0.11791182889765674,0.6074626911585134,0.24831752632970816,0.14421978251177844
8,knoc_genai_platform,knoc_genai_platform:INR-001,견적반영,1.0,견적반영,견적반영,True,False,True,견적반영,0.07007162398739415,0.6928004854709495,0.23712789054165628,견적반영,0.04650842166784587,0.7732875160123965,0.18020406231975758,견적반영,0.04748136223098886,0.7135596418204334,0.23895899594857786,0.0546871359620763,0.7265492144345931,0.21876364960333058
8,knoc_genai_platform,knoc_genai_platform:INR-002,견적반영,1.0,견적반영,견적반영,True,False,True,견적반영,0.13560599156277964,0.6762376282743822,0.18815638016283817,견적반영,0.09073852795514527,0.7780764546784773,0.13118501736637733,견적반영,0.12794571978574984,0.701313450336452,0.17074082987779832,0.11809674643455825,0.7185425110964371,0.16336074246900462
8,knoc_genai_platform,knoc_genai_platform:INR-003,견적반영,1.0,견적반영,견적반영,True,False,True,견적반영,0.13144965662619734,0.7086867868559233,0.15986355651787942,견적반영,0.09495618768193174,0.7998892831634243,0.10515452915464386,견적반영,0.09998939406531149,0.7783734840080015,0.12163712192668696,0.10879841279114687,0.7623165180091164,0.12888506919973675
8,knoc_genai_platform,knoc_genai_platform:INR-004,견적반영,1.0,견적반영,견적반영,True,False,True,견적반영,0.16261254363595426,0.5848430771388508,0.2525443792251949,견적반영,0.10627708543911044,0.6923109104632814,0.20141200409760823,견적반영,0.13135920270200308,0.6215883564239464,0.24705244087405043,0.13341627725902258,0.6329141146753595,0.23366960806561785
8,knoc_genai_platform,knoc_genai_platform:INR-005,계약·질의검토,1.0,계약·질의검토,계약·질의검토,True,False,True,계약·질의검토,0.08234660443147165,0.10949372384128356,0.8081596717272447,계약·질의검토,0.058632447640302766,0.07342328733191639,0.8679442650277809,계약·질의검토,0.06693260622271684,0.10407399741935014,0.828993396357933,0.06930388609816375,0.09566366953085004,0.8350324443709862
8,knoc_genai_platform,knoc_genai_platform:INR-006,계약·질의검토,1.0,계약·질의검토,계약·질의검토,True,False,True,계약·질의검토,0.18120373645327315,0.15116339163693265,0.6676328719097943,계약·질의검토,0.14870195999298902,0.11973319363600186,0.7315648463710092,계약·질의검토,0.13864138039902976,0.11885387977519997,0.7425047398257703,0.15618235894843066,0.1299168216827115,0.7139008193688579
8,knoc_genai_platform,knoc_genai_platform:INR-007,계약·질의검토,1.0,계약·질의검토,계약·질의검토,True,False,True,계약·질의검토,0.1350254105455316,0.1576335025292681,0.7073410869252003,계약·질의검토,0.10337868446562519,0.11535863608872922,0.7812626794456456,계약·질의검토,0.11134386419009196,0.13349425217598476,0.7551618836339232,0.11658265306708292,0.13549546359799403,0.7479218833349229
8,knoc_genai_platform,knoc_genai_platform:INR-008,통상수용,1.0,계약·질의검토,계약·질의검토,True,True,False,계약·질의검토,0.25980462240070196,0.14829863949662309,0.5918967381026748,계약·질의검토,0.24974132826224327,0.10724424522063462,0.6430144265171222,계약·질의검토,0.32386664743755544,0.11057305586222868,0.5655602967002159,0.27780419936683354,0.12203864685982879,0.6001571537733376
8,knoc_genai_platform,knoc_genai_platform:INR-009,계약·질의검토,1.0,계약·질의검토,계약·질의검토,True,False,True,계약·질의검토,0.1562869820358362,0.14905441711120568,0.694658600852958,계약·질의검토,0.11096424716136818,0.10921738801405352,0.7798183648245782,계약·질의검토,0.11241942795205977,0.135291383044899,0.7522891890030412,0.1265568857164214,0.13118772939005274,0.7422553848935257
8,knoc_genai_platform,knoc_genai_platform:INR-010,계약·질의검토,1.0,계약·질의검토,계약·질의검토,True,False,True,계약·질의검토,0.042765863402313566,0.11004008098909543,0.847194055608591,계약·질의검토,0.024939747586777392,0.0778011059687894,0.897259146444433,계약·질의검토,0.03189631617436223,0.1043138155985809,0.8637898682270568,0.03320064238781773,0.09738500085215523,0.8694143567600271
8,knoc_genai_platform,knoc_genai_platform:INR-011,계약·질의검토,1.0,계약·질의검토,계약·질의검토,True,False,True,계약·질의검토,0.11715239630781289,0.0853968677762973,0.7974507359158899,계약·질의검토,0.08476789646522453,0.05284157953501967,0.8623905239997558,계약·질의검토,0.07683035833048882,0.06571851705138779,0.8574511246181232,0.09291688370117542,0.06798565478756825,0.8390974615112562
8,knoc_genai_platform,knoc_genai_platform:INR-DTL-001,계약·질의검토,1.0,계약·질의검토,계약·질의검토,True,False,True,계약·질의검토,0.07202954297200831,0.11520602081023204,0.8127644362177597,계약·질의검토,0.0437204446570565,0.0667972622694463,0.8894822930734972,계약·질의검토,0.03765366594433885,0.09472823109607607,0.867618102959585,0.05113455119113455,0.09224383805858481,0.8566216107502806
8,knoc_genai_platform,knoc_genai_platform:INR-DTL-002,견적반영,1.0,견적반영,견적반영,True,False,True,견적반영,0.19459919498312858,0.4970720400725174,0.30832876494435413,견적반영,0.1505633332352471,0.5463648270864286,0.30307183967832435,견적반영,0.13006039334652406,0.5660657798523792,0.30387382680109687,0.15840764052163325,0.5365008823371084,0.30509147714125845
8,knoc_genai_platform,knoc_genai_platform:INR-DTL-003,계약·질의검토,1.0,계약·질의검토,계약·질의검토,True,False,True,계약·질의검토,0.07523375902271062,0.4558774191792196,0.4688888217980698,계약·질의검토,0.04986220807764142,0.46412065653643036,0.4860171353859283,계약·질의검토,0.052655088086445374,0.44902804846059374,0.498316863452961,0.05925035172893247,0.4563420413920813,0.4844076068789864
8,knoc_genai_platform,knoc_genai_platform:INR-DTL-004,견적반영,1.0,계약·질의검토,계약·질의검토,True,True,False,계약·질의검토,0.22865028431277798,0.2880674380022872,0.4832822776849349,계약·질의검토,0.2358527898442661,0.2569538744725289,0.507193335683205,계약·질의검토,0.19327532012900717,0.3146728324334154,0.49205184743757746,0.21925946476201708,0.28656471496941044,0.49417582026857243
8,knoc_genai_platform,knoc_genai_platform:PER-001,계약·질의검토,1.0,계약·질의검토,계약·질의검토,True,False,True,계약·질의검토,0.20170679372144734,0.14391105697637346,0.6543821493021792,계약·질의검토,0.14526841896603668,0.10076831722034874,0.7539632638136147,계약·질의검토,0.19004697624797406,0.12846552900322813,0.6814874947487979,0.17900739631181936,0.12438163439998344,0.6966109692881973
8,knoc_genai_platform,knoc_genai_platform:PER-002,통상수용,1.0,계약·질의검토,계약·질의검토,True,True,False,계약·질의검토,0.16547351082790973,0.34173610012737315,0.49279038904471706,계약·질의검토,0.14536572782384258,0.28222806984423854,0.5724062023319187,계약·질의검토,0.15412774671480597,0.3733062589501607,0.47256599433503355,0.1549889951221861,0.33242347630725744,0.5125875285705564
8,knoc_genai_platform,knoc_genai_platform:PER-003,계약·질의검토,1.0,계약·질의검토,계약·질의검토,True,False,True,계약·질의검토,0.10255721576222296,0.10166954806882343,0.7957732361689536,계약·질의검토,0.06965062686519088,0.06355610116514904,0.8667932719696602,계약·질의검토,0.10096745957100425,0.09637448086532034,0.8026580595636754,0.09105843406613938,0.08720004336643095,0.8217415225674297
8,knoc_genai_platform,knoc_genai_platform:PER-004,계약·질의검토,1.0,계약·질의검토,계약·질의검토,True,False,True,계약·질의검토,0.18334783358457826,0.12404765237924534,0.6926045140361763,계약·질의검토,0.13734788956002536,0.08686335745913228,0.7757887529808423,계약·질의검토,0.14814435345809807,0.10310116406693837,0.7487544824749637,0.1562800255342339,0.10467072463510534,0.7390492498306607
8,knoc_genai_platform,knoc_genai_platform:PMR-001,계약·질의검토,1.0,통상수용,통상수용,True,True,False,통상수용,0.6503750047200005,0.06364347470478281,0.28598152057521664,통상수용,0.7153757433746413,0.04521901338647376,0.23940524323888507,통상수용,0.6628947410954836,0.05575214652307294,0.2813531123814434,0.6762151630633751,0.05487154487144317,0.2689132920651817
8,knoc_genai_platform,knoc_genai_platform:PMR-002,견적반영,1.0,통상수용,계약·질의검토,False,True,False,통상수용,0.5089915881018805,0.23789655144699084,0.25311186045112866,통상수용,0.5894255808480401,0.22616216011216964,0.18441225903979022,계약·질의검토,0.3445812349346419,0.3030434073125061,0.352375357752852,0.4809994679615208,0.2557007062905555,0.2632998257479236
8,knoc_genai_platform,knoc_genai_platform:PMR-003,통상수용,1.0,통상수용,통상수용,True,False,True,통상수용,0.7310977155335996,0.1074118632055084,0.16149042126089197,통상수용,0.823704612043065,0.0680598014248875,0.10823558653204747,통상수용,0.7459103059005313,0.09037925819955486,0.1637104358999139,0.7669042111590653,0.08861697427665026,0.14447881456428444
8,knoc_genai_platform,knoc_genai_platform:PMR-004,통상수용,1.0,통상수용,통상수용,True,False,True,통상수용,0.7209889196190186,0.1232478908518128,0.1557631895291686,통상수용,0.7944462238323445,0.09167972930197374,0.11387404686568163,통상수용,0.7154455067140402,0.12143597453939368,0.16311851874656627,0.7436268833884677,0.11212119823106008,0.14425191838047216
8,knoc_genai_platform,knoc_genai_platform:PMR-005,통상수용,1.0,통상수용,통상수용,True,False,True,통상수용,0.7569312154075727,0.07804562593071147,0.1650231586617159,통상수용,0.8199628636906289,0.0534746069738332,0.12656252933553783,통상수용,0.782403106576949,0.06389358713661368,0.15370330628643727,0.7864323952250502,0.06513794001371946,0.14842966476123032
8,knoc_genai_platform,knoc_genai_platform:PMR-006,통상수용,1.0,통상수용,통상수용,True,False,True,통상수용,0.6670289580574614,0.18354175505859893,0.1494292868839396,통상수용,0.7237235562476969,0.14389211776965072,0.13238432598265246,통상수용,0.7604928443963069,0.13334345360516298,0.1061637019985302,0.7170817862338218,0.15359244214447088,0.1293257716217074
8,knoc_genai_platform,knoc_genai_platform:PMR-007,통상수용,1.0,통상수용,통상수용,True,False,True,통상수용,0.7321492668836822,0.13591766956977008,0.13193306354654769,통상수용,0.8291256418463968,0.08966816333735698,0.08120619481624614,통상수용,0.8346031692093561,0.08442146954410062,0.08097536124654321,0.7986260259798117,0.10333576748374257,0.09803820653644568
8,knoc_genai_platform,knoc_genai_platform:PMR-008,계약·질의검토,1.0,통상수용,통상수용,True,True,False,통상수용,0.616181933791751,0.13871967237886346,0.24509839382938564,통상수용,0.6729384696472476,0.12059058281588002,0.20647094753687237,통상수용,0.5656185848046211,0.16095186965016128,0.2734295455452176,0.6182463294145399,0.1400873749483016,0.24166629563715855
8,knoc_genai_platform,knoc_genai_platform:PMR-009,통상수용,1.0,통상수용,통상수용,True,False,True,통상수용,0.4466299409561803,0.1327690985649636,0.4206009604788561,통상수용,0.493379015721046,0.10905347876810521,0.39756750551084896,통상수용,0.5217246459436015,0.103417165846871,0.3748581882095275,0.4872445342069425,0.11507991439331328,0.39767555139974414
8,knoc_genai_platform,knoc_genai_platform:PMR-010,통상수용,1.0,통상수용,통상수용,True,False,True,통상수용,0.7648131994871601,0.09754100507868113,0.1376457954341588,통상수용,0.829545021640294,0.06925230873637651,0.10120266962332952,통상수용,0.8470040313134832,0.06062026708236521,0.09237570160415165,0.8137874174803125,0.07580452696580761,0.11040805555388
8,knoc_genai_platform,knoc_genai_platform:PMR-011,통상수용,1.0,통상수용,통상수용,True,False,True,통상수용,0.5700804887014327,0.15523717389629932,0.27468233740226794,통상수용,0.6722957127897093,0.13420626402084423,0.19349802318944653,통상수용,0.6118653696953107,0.11183425769446212,0.2763003726102273,0.6180805237288176,0.1337592318705352,0.24816024440064724
8,knoc_genai_platform,knoc_genai_platform:PMR-012,통상수용,1.0,통상수용,통상수용,True,False,True,통상수용,0.8154252098989816,0.07278153259122463,0.11179325750979388,통상수용,0.9126196552984259,0.03364310077725177,0.05373724392432242,통상수용,0.773952704611846,0.08470839812747764,0.14133889726067642,0.8339991899364178,0.06371101049865135,0.1022897995649309
8,knoc_genai_platform,knoc_genai_platform:PMR-013,견적반영,1.0,통상수용,계약·질의검토,False,True,False,계약·질의검토,0.33984340036157296,0.3119949545834239,0.3481616450550031,통상수용,0.3779330588740065,0.32552813812139453,0.29653880300459895,계약·질의검토,0.3267106164256018,0.30637755084477486,0.3669118327296234,0.34816235855372707,0.31463354784986447,0.33720409359640846
8,knoc_genai_platform,knoc_genai_platform:PMR-014,통상수용,1.0,통상수용,통상수용,True,False,True,통상수용,0.7344812035392797,0.13306269688187805,0.13245609957884213,통상수용,0.832595282967708,0.08335462285512887,0.084050094177163,통상수용,0.7846792996028135,0.09404035984966064,0.12128034054752591,0.7839185953699337,0.10348589319555586,0.11259551143451035
8,knoc_genai_platform,knoc_genai_platform:PMR-015,계약·질의검토,1.0,계약·질의검토,계약·질의검토,True,False,True,계약·질의검토,0.1510209571144915,0.07620677387470967,0.7727722690107989,계약·질의검토,0.11837187738535641,0.056746469400655974,0.8248816532139875,계약·질의검토,0.12411789344278581,0.0597588258615614,0.8161232806956528,0.1311702426475446,0.06423735637897568,0.8045924009734797
8,knoc_genai_platform,knoc_genai_platform:PSR-001,계약·질의검토,1.0,계약·질의검토,계약·질의검토,True,False,True,계약·질의검토,0.3272199533931843,0.13275813549636806,0.5400219111104476,계약·질의검토,0.3099465777890351,0.09742114238955304,0.5926322798214118,계약·질의검토,0.27345657892933223,0.14443684338746612,0.5821065776832017,0.3035410367038505,0.12487204042446241,0.571586922871687
8,knoc_genai_platform,knoc_genai_platform:PSR-002,계약·질의검토,1.0,계약·질의검토,계약·질의검토,True,False,True,계약·질의검토,0.19172856303595584,0.10711093849187743,0.7011604984721667,계약·질의검토,0.1340207521568392,0.07437628385741012,0.7916029639857506,계약·질의검토,0.15752830976029467,0.116914248745267,0.7255574414944385,0.1610925416510299,0.09946715703151819,0.739440301317452
8,knoc_genai_platform,knoc_genai_platform:PSR-003,통상수용,1.0,통상수용,통상수용,True,False,True,통상수용,0.648842103947812,0.22279632474882927,0.12836157130335868,통상수용,0.7564558219988228,0.15543966154326788,0.08810451645790926,통상수용,0.7211227162883923,0.18720696877837914,0.09167031493322866,0.7088068807450091,0.1884809850234921,0.10271213423149887
8,knoc_genai_platform,knoc_genai_platform:PSR-004,통상수용,1.0,통상수용,통상수용,True,False,True,통상수용,0.5967337778733391,0.21724764711974193,0.18601857500691896,통상수용,0.695257419010208,0.18142947454393046,0.12331310644586152,통상수용,0.5213952092426469,0.25070598519583315,0.2278988055615199,0.604462135375398,0.21646103561983518,0.17907682900476676
8,knoc_genai_platform,knoc_genai_platform:PSR-005,계약·질의검토,1.0,계약·질의검토,계약·질의검토,True,False,True,계약·질의검토,0.283632122670662,0.1375079000012103,0.5788599773281277,계약·질의검토,0.23532561104918365,0.11511962963298152,0.6495547593178349,계약·질의검토,0.21877236665700242,0.14062635642668656,0.6406012769163111,0.24591003345894935,0.13108462868695947,0.6230053378540913
8,knoc_genai_platform,knoc_genai_platform:PSR-006,계약·질의검토,1.0,계약·질의검토,계약·질의검토,True,False,True,계약·질의검토,0.18274350078962506,0.10703511154804464,0.7102213876623302,계약·질의검토,0.1328367648915928,0.08206670903048219,0.785096526077925,계약·질의검토,0.1427600704434188,0.09672330257352028,0.7605166269830609,0.15278011204154554,0.09527504105068237,0.751944846907772
8,knoc_genai_platform,knoc_genai_platform:QMR-001,계약·질의검토,1.0,견적반영,견적반영,True,True,False,견적반영,0.11286811649249455,0.4439408012531239,0.4431910822543815,견적반영,0.09165849261949108,0.5223250663505801,0.3860164410299288,견적반영,0.07562877917147358,0.4663126271680471,0.4580585936604792,0.09338512942781974,0.47752616492391703,0.42908870564826324
8,knoc_genai_platform,knoc_genai_platform:QMR-002,통상수용,1.0,통상수용,통상수용,True,False,True,통상수용,0.4747893440270106,0.2917842546706339,0.2334264013023554,통상수용,0.5257089388968079,0.2651342038348349,0.20915685726835723,통상수용,0.5652930390602176,0.25946047593700805,0.1752464850027744,0.5219304406613453,0.2721263114808256,0.205943247857829
8,knoc_genai_platform,knoc_genai_platform:QMR-003,통상수용,1.0,견적반영,견적반영,True,True,False,견적반영,0.24546973114676765,0.5799475119781955,0.17458275687503685,견적반영,0.20824917588194355,0.6737411856117367,0.11800963850631974,견적반영,0.22977143251947488,0.5945773352043472,0.17565123227617796,0.2278301131827287,0.6160886775980932,0.1560812092191782
8,knoc_genai_platform,knoc_genai_platform:QMR-004,통상수용,1.0,통상수용,통상수용,True,False,True,통상수용,0.6929844311510927,0.13824648312233098,0.16876908572657642,통상수용,0.7694159694828586,0.10025226918570734,0.13033176133143398,통상수용,0.7434828070579391,0.12118758369875049,0.13532960924331042,0.7352944025639635,0.11989544533559626,0.14481015210044026
8,knoc_genai_platform,knoc_genai_platform:QMR-005,통상수용,1.0,통상수용,통상수용,True,False,True,통상수용,0.6078842927217329,0.14770497424145576,0.24441073303681127,통상수용,0.7089655446941847,0.10172157687817457,0.18931287842764072,통상수용,0.697223216302958,0.10005752704854891,0.20271925664849302,0.6713576845729586,0.1164946927227264,0.212147622704315
8,knoc_genai_platform,knoc_genai_platform:QMR-006,통상수용,1.0,통상수용,통상수용,True,False,True,통상수용,0.48303066980465365,0.23541631982729985,0.28155301036804653,통상수용,0.6029979036823435,0.1675397154247067,0.22946238089294982,통상수용,0.4502802294705199,0.22747257534123658,0.3222471951882436,0.5121029343191724,0.2101428701977477,0.27775419548308
8,knoc_genai_platform,knoc_genai_platform:QMR-007,통상수용,1.0,통상수용,통상수용,True,False,True,통상수용,0.7218054078879995,0.13853256967388555,0.13966202243811499,통상수용,0.7986824121682589,0.10005944515159527,0.10125814268014592,통상수용,0.8235998734272889,0.09512831271953495,0.08127181385317617,0.7813625644945157,0.11124010918167193,0.10739732632381237
8,knoc_genai_platform,knoc_genai_platform:QMR-008,통상수용,1.0,통상수용,통상수용,True,False,True,통상수용,0.6766616470268604,0.13513088295306067,0.1882074700200789,통상수용,0.7827197887652869,0.08944188042645485,0.1278383308082584,통상수용,0.7330668420868929,0.10914892469456429,0.15778423321854274,0.7308160926263468,0.11124056269135994,0.15794334468229335
8,knoc_genai_platform,knoc_genai_platform:QMR-009,통상수용,1.0,통상수용,통상수용,True,False,True,통상수용,0.6608897140602302,0.11500204369928624,0.22410824224048354,통상수용,0.7793877944500343,0.07468493987692422,0.14592726567304162,통상수용,0.7185405074842117,0.07499393505833957,0.20646555745744868,0.719606005331492,0.08822697287818333,0.1921670217903246
8,knoc_genai_platform,knoc_genai_platform:QMR-010,통상수용,1.0,통상수용,통상수용,True,False,True,통상수용,0.588037499017757,0.1795517342898115,0.23241076669243155,통상수용,0.6791023020982996,0.12969719222908496,0.19120050567261554,통상수용,0.6787995760179784,0.1263703404560379,0.19483008352598366,0.6486464590446783,0.14520642232497813,0.2061471186303436
8,knoc_genai_platform,knoc_genai_platform:QMR-011,통상수용,1.0,통상수용,통상수용,True,False,True,통상수용,0.5372664501254588,0.1920115166708921,0.27072203320364896,통상수용,0.6742178926127289,0.13932659709664236,0.18645551029062865,통상수용,0.5485085016310849,0.2096957021530279,0.24179579621588718,0.5866642814564241,0.18034460530685412,0.23299111323672161
8,knoc_genai_platform,knoc_genai_platform:QMR-012,통상수용,1.0,통상수용,통상수용,True,False,True,통상수용,0.6738808953727902,0.16222136182886815,0.1638977427983417,통상수용,0.7691712666762482,0.11797594096409562,0.11285279235965619,통상수용,0.7619649072681967,0.10270735072571345,0.1353277420060899,0.7350056897724118,0.12763488450622576,0.13735942572136262
8,knoc_genai_platform,knoc_genai_platform:QMR-013,견적반영,1.0,견적반영,견적반영,True,False,True,견적반영,0.35426005169651076,0.46550337024901034,0.18023657805447899,견적반영,0.37332399514340736,0.4738355683474755,0.15284043650911724,견적반영,0.3365107709856267,0.5146128469829179,0.14887638203145534,0.354698272608515,0.4846505951931346,0.1606511321983505
8,knoc_genai_platform,knoc_genai_platform:SEC-001,통상수용,1.0,계약·질의검토,계약·질의검토,False,False,True,계약·질의검토,0.4209561917337508,0.1455665129459842,0.43347729532026497,통상수용,0.4995555872792745,0.11586090267152083,0.38458351004920455,계약·질의검토,0.32510655822453016,0.1354083019001663,0.5394851398753034,0.41520611241251854,0.13227857250589045,0.45251531508159104
8,knoc_genai_platform,knoc_genai_platform:SEC-002,통상수용,1.0,통상수용,통상수용,True,False,True,통상수용,0.7220747990456378,0.11290405294805327,0.16502114800630904,통상수용,0.8379294313638187,0.06677931560399807,0.09529125303218317,통상수용,0.7722235645621196,0.09451121665518028,0.13326521878270012,0.7774092649905254,0.0913981950690772,0.13119253994039745
8,knoc_genai_platform,knoc_genai_platform:SEC-003,통상수용,1.0,통상수용,통상수용,True,False,True,통상수용,0.6902140062509069,0.14398927833804376,0.1657967154110494,통상수용,0.7765351956773262,0.09379298287753476,0.12967182144513906,통상수용,0.776072455600243,0.10503961596258625,0.11888792843717076,0.7476072191761588,0.11427395905938825,0.1381188217644531
8,knoc_genai_platform,knoc_genai_platform:SEC-004,통상수용,1.0,통상수용,통상수용,True,False,True,통상수용,0.4054825627214947,0.2821109624114039,0.31240647486710155,통상수용,0.5231145937369154,0.21555358573339353,0.2613318205296911,통상수용,0.4525728793951099,0.23978268320972132,0.30764443739516883,0.4603900119511733,0.24581574378483959,0.29379424426398715
8,knoc_genai_platform,knoc_genai_platform:SEC-005,통상수용,1.0,통상수용,통상수용,True,False,True,통상수용,0.5100605098293092,0.25885706254565294,0.23108242762503786,통상수용,0.6128374582087401,0.18856959915982863,0.1985929426314313,통상수용,0.6140886746939103,0.21548047539724008,0.17043084990884966,0.5789955475773199,0.22096904570090722,0.20003540672177297
8,knoc_genai_platform,knoc_genai_platform:SEC-006,계약·질의검토,1.0,계약·질의검토,계약·질의검토,True,False,True,계약·질의검토,0.16588032183068907,0.29064431354541803,0.5434753646238928,계약·질의검토,0.12719557081523897,0.22086811865599976,0.6519363105287613,계약·질의검토,0.12336335272845636,0.3096746819485155,0.566961965323028,0.13881308179146146,0.2737290380499777,0.5874578801585607
8,knoc_genai_platform,knoc_genai_platform:SEC-007,통상수용,1.0,통상수용,통상수용,True,False,True,통상수용,0.48177729983103856,0.1871305937105302,0.33109210645843135,통상수용,0.6123419378907871,0.1452981320918488,0.2423599300173642,통상수용,0.535951841865436,0.151078137628788,0.31297002050577605,0.5433570265290872,0.16116895447705568,0.2954740189938572
8,knoc_genai_platform,knoc_genai_platform:SEC-008,견적반영,1.0,견적반영,견적반영,True,False,True,견적반영,0.17581311985863501,0.5555090944707137,0.2686777856706512,견적반영,0.12407227739456234,0.6443084777055449,0.23161924489989286,견적반영,0.13281361287699434,0.5835236762157783,0.2836627109072275,0.14423300337673056,0.5944470827973457,0.26131991382592384
8,knoc_genai_platform,knoc_genai_platform:SER-001,견적반영,1.0,견적반영,견적반영,True,False,True,견적반영,0.12656850668767378,0.5156507043749078,0.3577807889374184,견적반영,0.11516454572346423,0.5973473542057928,0.28748810007074294,견적반영,0.08332941106629128,0.5017151801293094,0.41495540880439935,0.10835415449247643,0.53823774623667,0.35340809927085354
8,knoc_genai_platform,knoc_genai_platform:SER-002,통상수용,1.0,견적반영,견적반영,True,True,False,견적반영,0.24583833311225647,0.4338673914087146,0.32029427547902883,견적반영,0.2943090557557545,0.4315858154069981,0.2741051288372474,견적반영,0.20511222226656634,0.4158010760474788,0.3790867016859549,0.24841987037819244,0.4270847609543971,0.32449536866741036
8,knoc_genai_platform,knoc_genai_platform:SER-003,계약·질의검토,1.0,계약·질의검토,계약·질의검토,False,False,True,계약·질의검토,0.24161660325068549,0.37089342666411307,0.3874899700852014,계약·질의검토,0.23063499343199784,0.35396579434337394,0.4153992122246282,견적반영,0.23676605399388098,0.3880187034690919,0.37521524253702715,0.2363392168921881,0.37095930815885964,0.3927014749489523
8,knoc_genai_platform,knoc_genai_platform:SER-004,계약·질의검토,1.0,계약·질의검토,계약·질의검토,True,False,True,계약·질의검토,0.09511501968318245,0.26967485487392767,0.6352101254428898,계약·질의검토,0.05857812232450316,0.2017294844131326,0.7396923932623641,계약·질의검토,0.07474032682301718,0.25202474801482017,0.6732349251621625,0.07614448961023426,0.24114302910062682,0.6827124812891388
8,knoc_genai_platform,knoc_genai_platform:SYS-001,견적반영,1.0,견적반영,견적반영,True,False,True,견적반영,0.19872226430126663,0.5885262406402189,0.21275149505851448,견적반영,0.13892449189985306,0.6915140216035205,0.16956148649662645,견적반영,0.18046420240227318,0.5970366565544214,0.22249914104330545,0.17270365286779765,0.6256923062660535,0.2016040408661488
8,knoc_genai_platform,knoc_genai_platform:SYS-002,견적반영,1.0,견적반영,견적반영,True,False,True,견적반영,0.18175505783939716,0.6048267820620219,0.21341816009858103,견적반영,0.1222929032603695,0.7247067009813837,0.1530003957582467,견적반영,0.18140744881429616,0.622065847793391,0.19652670339231276,0.16181846997135427,0.6505331102789321,0.18764841974971347
8,knoc_genai_platform,knoc_genai_platform:SYS-003,견적반영,1.0,견적반영,견적반영,True,False,True,견적반영,0.1915938635391215,0.6079920007071556,0.20041413575372274,견적반영,0.15677886442843608,0.6829055281631365,0.16031560740842737,견적반영,0.19706615668662592,0.6320402440435651,0.17089359926980896,0.1818129615513945,0.6409792576379524,0.17720778081065303
8,knoc_genai_platform,knoc_genai_platform:SYS-004,견적반영,1.0,견적반영,견적반영,True,False,True,견적반영,0.2380663996758264,0.4751331505709371,0.28680044975323654,견적반영,0.1890455951067107,0.5195054809242646,0.29144892396902455,견적반영,0.23085205562129102,0.4705837723353584,0.29856417204335056,0.2193213501346094,0.48840746794352,0.29227118192187057
8,knoc_genai_platform,knoc_genai_platform:TER-001,통상수용,1.0,통상수용,통상수용,True,False,True,통상수용,0.6026665387695357,0.16988604005009622,0.227447421180368,통상수용,0.6920328727677111,0.13432324226800096,0.17364388496428793,통상수용,0.6025422865552064,0.17694202875026488,0.22051568469452876,0.632413899364151,0.1603837703561207,0.20720233027972823
8,knoc_genai_platform,knoc_genai_platform:TER-002,통상수용,1.0,통상수용,통상수용,True,False,True,통상수용,0.6697109063244816,0.11235305613993342,0.21793603753558496,통상수용,0.7894428259131651,0.07278914394471218,0.13776803014212266,통상수용,0.6761822285132056,0.11393031608386772,0.20988745540292672,0.7117786535836174,0.09969083872283778,0.18853050769354476
8,knoc_genai_platform,knoc_genai_platform:TER-003,통상수용,1.0,통상수용,통상수용,True,False,True,통상수용,0.6139100591606377,0.17937509414713038,0.20671484669223203,통상수용,0.714200991612397,0.12836055867800492,0.15743844970959814,통상수용,0.643195661225649,0.19081223659461624,0.1659921021797348,0.6571022373328946,0.16618262980658383,0.17671513286052165
8,knoc_genai_platform,knoc_genai_platform:TER-004,통상수용,1.0,통상수용,통상수용,True,False,True,통상수용,0.6371744411459009,0.13770139154265848,0.22512416731144053,통상수용,0.7028905278302027,0.09923919827746787,0.19787027389232956,통상수용,0.701017951510548,0.132035763286798,0.16694628520265392,0.6803609734955506,0.12299211770230811,0.19664690880214133
8,knoc_genai_platform,knoc_genai_platform:TER-005,통상수용,1.0,통상수용,통상수용,True,False,True,통상수용,0.45656748623030635,0.22651810688337176,0.3169144068863219,통상수용,0.5563819898183502,0.17220052023088808,0.27141748995076176,통상수용,0.4503731806412535,0.23480917947606264,0.31481763988268385,0.4877742188966367,0.2111759355301075,0.3010498455732558
8,knoc_genai_platform,knoc_genai_platform:TER-006,통상수용,1.0,계약·질의검토,계약·질의검토,True,True,False,계약·질의검토,0.23014421856333195,0.09770775729890666,0.6721480241377614,계약·질의검토,0.19612020020870036,0.07513896816700806,0.7287408316242917,계약·질의검토,0.19539797275615806,0.08438436285480548,0.7202176643890364,0.20722079717606345,0.08574369610690674,0.7070355067170299
8,knoc_genai_platform,knoc_genai_platform:TER-007,통상수용,1.0,통상수용,통상수용,True,False,True,통상수용,0.5685685410122909,0.1164344822654517,0.31499697672225735,통상수용,0.6690128593515493,0.08802519278607289,0.24296194786237774,통상수용,0.6672007420825102,0.08778504273836937,0.24501421517912042,0.6349273808154502,0.09741490592996464,0.26765771325458515
9,koen_ai_infrastructure,koen_ai_infrastructure:CON-001,통상수용,0.0,통상수용,통상수용,False,False,True,통상수용,0.38623638933132737,0.37529919152839,0.23846441914028274,견적반영,0.38330595738274537,0.39966420854025153,0.21702983407700302,통상수용,0.38623638933132887,0.37529919152838637,0.23846441914028482,0.38525957868180055,0.383420863865676,0.23131955745252353
9,koen_ai_infrastructure,koen_ai_infrastructure:CON-002,계약·질의검토,0.0,견적반영,견적반영,True,True,False,견적반영,0.33341154741539863,0.4051885433640757,0.2613999092205257,견적반영,0.35553376647369933,0.40060535329838853,0.24386088022791202,견적반영,0.3334115474154025,0.4051885433640697,0.2613999092205277,0.34078562043483346,0.40366081334217796,0.25555356622298847
9,koen_ai_infrastructure,koen_ai_infrastructure:CON-004,통상수용,0.0,통상수용,통상수용,False,False,True,견적반영,0.43060440758711704,0.4344506144030537,0.13494497800982921,통상수용,0.49145864548065504,0.4116031397883988,0.09693821473094598,견적반영,0.4306044075871204,0.43445061440304955,0.13494497800983007,0.4508891535516308,0.4268347895315007,0.12227605691686842
9,koen_ai_infrastructure,koen_ai_infrastructure:COR-001,통상수용,0.0,통상수용,통상수용,True,False,True,통상수용,0.6626642759303226,0.18520550113609036,0.15213022293358705,통상수용,0.7596691597664488,0.12079168710589486,0.1195391531276564,통상수용,0.6626642759303244,0.18520550113608827,0.15213022293358733,0.694999237209032,0.16373422979269114,0.14126653299827693
9,koen_ai_infrastructure,koen_ai_infrastructure:COR-002,통상수용,0.0,통상수용,통상수용,True,False,True,통상수용,0.7304704710269349,0.11470211491796181,0.1548274140551035,통상수용,0.8069461772071806,0.0781316615321023,0.11492216126071705,통상수용,0.7304704710269303,0.11470211491796424,0.1548274140551054,0.7559623730870153,0.10251196378934278,0.14152566312364198
9,koen_ai_infrastructure,koen_ai_infrastructure:COR-004,통상수용,0.0,통상수용,통상수용,True,False,True,통상수용,0.7449105973978579,0.13711329704496325,0.11797610555717884,통상수용,0.8160552068426558,0.0939834589292082,0.08996133422813597,통상수용,0.7449105973978565,0.13711329704496372,0.11797610555717972,0.76862546721279,0.12273668433971173,0.10863784844749817
9,koen_ai_infrastructure,koen_ai_infrastructure:COR-005,통상수용,0.0,통상수용,통상수용,True,False,True,통상수용,0.5460413449856873,0.3019785062682143,0.1519801487460983,통상수용,0.5944924758758515,0.2956205947095563,0.10988692941459223,통상수용,0.546041344985685,0.30197850626821443,0.1519801487461006,0.5621917219490746,0.2998592024153283,0.13794907563559705
9,koen_ai_infrastructure,koen_ai_infrastructure:COR-006,통상수용,0.0,통상수용,통상수용,True,False,True,통상수용,0.7126176017379083,0.0959408930618024,0.1914415052002893,통상수용,0.7916158822720786,0.06832485260712393,0.14005926512079753,통상수용,0.7126176017379034,0.0959408930618053,0.19144150520029116,0.7389503619159634,0.08673554624357721,0.17431409184045932
9,koen_ai_infrastructure,koen_ai_infrastructure:DAT-002,통상수용,0.0,견적반영,견적반영,True,True,False,견적반영,0.29886475352678904,0.6161534009115059,0.08498184556170495,견적반영,0.3405118516223255,0.5894769974221002,0.07001115095557428,견적반영,0.29886475352679487,0.6161534009114991,0.08498184556170625,0.3127471195586365,0.6072612664150351,0.07999161402632848
9,koen_ai_infrastructure,koen_ai_infrastructure:DAT-003,통상수용,0.0,통상수용,통상수용,True,False,True,통상수용,0.573408257898896,0.36971915683008877,0.05687258527101512,통상수용,0.6139868380209609,0.34641945478747627,0.039593707191562875,통상수용,0.5734082578989038,0.36971915683008083,0.056872585271015366,0.5869344512729202,0.3619525894825486,0.051112959244531124
9,koen_ai_infrastructure,koen_ai_infrastructure:DAT-004,통상수용,0.0,통상수용,통상수용,True,False,True,통상수용,0.5361600276886777,0.4007557972084449,0.06308417510287746,통상수용,0.5876390142938476,0.3583296720404809,0.054031313665671585,통상수용,0.5361600276886844,0.4007557972084373,0.06308417510287836,0.5533196898904033,0.38661375548578764,0.06006655462380914
9,koen_ai_infrastructure,koen_ai_infrastructure:DAT-005,통상수용,0.0,통상수용,통상수용,True,False,True,통상수용,0.5731638124261481,0.34549199875456416,0.08134418881928772,통상수용,0.5975750865726984,0.3357399293383063,0.06668498408899522,통상수용,0.5731638124261548,0.3454919987545569,0.0813441888192884,0.5813009038083338,0.34224130894914245,0.07645778724252378
9,koen_ai_infrastructure,koen_ai_infrastructure:DAT-006,통상수용,0.0,통상수용,통상수용,True,False,True,통상수용,0.5782801061235635,0.3413558793568906,0.08036401451954592,통상수용,0.6441120297313468,0.2946905589357894,0.061197411332863695,통상수용,0.5782801061235687,0.3413558793568853,0.08036401451954601,0.6002240806594931,0.3258007725498551,0.07397514679065187
9,koen_ai_infrastructure,koen_ai_infrastructure:FUN-001,견적반영,0.0,견적반영,견적반영,True,False,True,견적반영,0.3440134352230101,0.4015686499891779,0.25441791478781206,견적반영,0.35951651302710097,0.4084847770447367,0.23199870992816238,견적반영,0.34401343522301325,0.40156864998917235,0.25441791478781445,0.34918112782437477,0.4038740256743623,0.246944846501263
9,koen_ai_infrastructure,koen_ai_infrastructure:FUN-002,견적반영,0.0,견적반영,견적반영,True,False,True,견적반영,0.23980435917111062,0.4955173844845507,0.2646782563443387,견적반영,0.23918874916041188,0.501255484810505,0.2595557660290831,견적반영,0.23980435917111367,0.4955173844845447,0.26467825634434167,0.23959915583421207,0.4974300845932001,0.26297075957258786
9,koen_ai_infrastructure,koen_ai_infrastructure:FUN-003,견적반영,0.0,견적반영,견적반영,True,False,True,견적반영,0.2651208955159683,0.568798731929149,0.16608037255488275,견적반영,0.2380532130175502,0.6182085725860449,0.14373821439640505,견적반영,0.26512089551597245,0.5687987319291424,0.16608037255488514,0.2560983346831636,0.5852686788147787,0.15863298650205768
9,koen_ai_infrastructure,koen_ai_infrastructure:FUN-004,견적반영,0.0,견적반영,견적반영,True,False,True,견적반영,0.3421756383139122,0.4361171336138539,0.22170722807223378,견적반영,0.33994692072632055,0.4364576804007387,0.22359539887294072,견적반영,0.342175638313915,0.43611713361385096,0.22170722807223403,0.34143273245138256,0.4362306492094812,0.2223366183391362
9,koen_ai_infrastructure,koen_ai_infrastructure:FUN-005,통상수용,0.0,통상수용,통상수용,True,False,True,통상수용,0.45713398736939903,0.4029815512157526,0.13988446141484828,통상수용,0.45507018467972415,0.43813774317082255,0.10679207214945327,통상수용,0.45713398736940536,0.40298155121574497,0.13988446141484984,0.45644605313950953,0.41470028186744007,0.12885366499305048
9,koen_ai_infrastructure,koen_ai_infrastructure:FUN-007,통상수용,0.0,견적반영,견적반영,True,True,False,견적반영,0.21774206819743427,0.7034260721810627,0.07883185962150308,견적반영,0.19405176550002318,0.738751260107465,0.06719697439251184,견적반영,0.2177420681974405,0.7034260721810545,0.07883185962150492,0.20984530063163265,0.715201134823194,0.07495356454517327
9,koen_ai_infrastructure,koen_ai_infrastructure:FUN-008,견적반영,0.0,견적반영,견적반영,True,False,True,견적반영,0.34746203641724505,0.5428699222478731,0.10966804133488188,견적반영,0.3505950554090111,0.5565812430263765,0.09282370156461242,견적반영,0.34746203641725265,0.5428699222478635,0.10966804133488399,0.3485063760811696,0.547440362507371,0.10405326141145943
9,koen_ai_infrastructure,koen_ai_infrastructure:FUN-009,통상수용,0.0,통상수용,통상수용,True,False,True,통상수용,0.5782483349988525,0.3732449843203207,0.048506680680826746,통상수용,0.6341266672942583,0.3301900256603385,0.03568330704540314,통상수용,0.5782483349988619,0.3732449843203105,0.04850668068082753,0.5968744457639908,0.3588933314336566,0.04423222280235247
9,koen_ai_infrastructure,koen_ai_infrastructure:FUN-010,통상수용,0.0,견적반영,견적반영,True,True,False,견적반영,0.42219876245748184,0.4545609024729916,0.12324033506952663,견적반영,0.4301791780539971,0.46315365018722077,0.10666717175878229,견적반영,0.4221987624574914,0.45456090247298003,0.12324033506952858,0.4248589009896568,0.4574251517110641,0.11771594729927916
9,koen_ai_infrastructure,koen_ai_infrastructure:FUN-011,통상수용,0.0,견적반영,견적반영,True,True,False,견적반영,0.3493971824925964,0.49786947706814877,0.1527333404392548,견적반영,0.3515039976040076,0.518826238035588,0.12966976436040453,견적반영,0.3493971824926007,0.4978694770681425,0.15273334043925677,0.35009945419640154,0.5048550640572931,0.14504548174630538
9,koen_ai_infrastructure,koen_ai_infrastructure:FUN-014,통상수용,0.0,견적반영,견적반영,True,True,False,견적반영,0.2082280667328915,0.555700281433036,0.2360716518340725,견적반영,0.19554905955650764,0.6034048530171239,0.2010460874263685,견적반영,0.20822806673289226,0.555700281433033,0.2360716518340748,0.20400173100743046,0.5716018052943975,0.22439646369817193
9,koen_ai_infrastructure,koen_ai_infrastructure:FUN-015,통상수용,0.0,통상수용,통상수용,True,False,True,통상수용,0.46001878301417914,0.4290771563482697,0.11090406063755122,통상수용,0.46244427556859646,0.4454007007857177,0.09215502364568577,통상수용,0.46001878301418414,0.4290771563482633,0.11090406063755251,0.4608272805323199,0.4345183378274169,0.10465438164026315
9,koen_ai_infrastructure,koen_ai_infrastructure:FUN-016,통상수용,0.0,견적반영,견적반영,True,True,False,견적반영,0.3974805915583552,0.40867648811762186,0.193842920324023,견적반영,0.39961317485750264,0.4459477763393382,0.1544390488031592,견적반영,0.3974805915583594,0.4086764881176161,0.1938429203240245,0.3981914526580724,0.421100250858192,0.18070829648373557
9,koen_ai_infrastructure,koen_ai_infrastructure:FUN-017,통상수용,0.0,통상수용,통상수용,True,False,True,통상수용,0.48451666137025556,0.4184571950512909,0.09702614357845353,통상수용,0.5416360794347886,0.3905819504880644,0.06778197007714705,통상수용,0.4845166613702626,0.41845719505128254,0.09702614357845485,0.503556467391769,0.40916544686354595,0.08727808574468514
9,koen_ai_infrastructure,koen_ai_infrastructure:FUN-018,통상수용,0.0,견적반영,견적반영,True,True,False,견적반영,0.36968529718010934,0.4780342106114235,0.15228049220846723,견적반영,0.396667209924589,0.4776054324863523,0.12572735758905867,견적반영,0.36968529718011434,0.47803421061141554,0.15228049220847026,0.37867926809493757,0.47789128456973046,0.14342944733533206
9,koen_ai_infrastructure,koen_ai_infrastructure:FUN-019,통상수용,0.0,견적반영,견적반영,True,True,False,견적반영,0.2399120907673667,0.5584698481305624,0.20161806110207078,견적반영,0.2944029214394682,0.5171200003080545,0.18847707825247725,견적반영,0.23991209076737194,0.5584698481305543,0.20161806110207364,0.2580757009914023,0.5446865655230572,0.19723773348554055
9,koen_ai_infrastructure,koen_ai_infrastructure:FUN-020,견적반영,0.0,견적반영,견적반영,True,False,True,견적반영,0.254902604115262,0.5137673502378719,0.23133004564686618,견적반영,0.30335553837869034,0.4825974140212339,0.21404704760007578,견적반영,0.25490260411526583,0.5137673502378642,0.23133004564686996,0.2710535822030727,0.5033773714989901,0.2255690462979373
9,koen_ai_infrastructure,koen_ai_infrastructure:FUN-021,견적반영,0.0,견적반영,견적반영,True,False,True,견적반영,0.14578219110377752,0.491792851530506,0.3624249573657165,견적반영,0.12440115675037167,0.4948819370783406,0.3807169061712878,견적반영,0.14578219110377863,0.49179285153050234,0.36242495736571906,0.13865517965264262,0.49282254671311626,0.3685222736342411
9,koen_ai_infrastructure,koen_ai_infrastructure:FUN-022,통상수용,0.0,견적반영,견적반영,True,True,False,견적반영,0.1624769124399016,0.6505717026250417,0.18695138493505664,견적반영,0.15213462817866572,0.6650149395057712,0.18285043231556314,견적반영,0.1624769124399042,0.6505717026250365,0.1869513849350593,0.15902948435282385,0.6553861149186164,0.18558440072855972
9,koen_ai_infrastructure,koen_ai_infrastructure:INT-001,통상수용,0.0,통상수용,통상수용,True,False,True,통상수용,0.4124044203807965,0.30810491249016764,0.2794906671290358,통상수용,0.4326494324403222,0.2956996052867009,0.2716509622729768,통상수용,0.4124044203808033,0.3081049124901597,0.27949066712903686,0.419152757733974,0.3039698100890094,0.2768774321770165
9,koen_ai_infrastructure,koen_ai_infrastructure:INT-002,통상수용,0.0,견적반영,견적반영,True,True,False,견적반영,0.33162526109844237,0.40914030291733383,0.2592344359842238,견적반영,0.3433964337597135,0.40259947367039245,0.254004092569894,견적반영,0.33162526109844875,0.40914030291732656,0.2592344359842247,0.33554898531886823,0.40696002650168434,0.2574909881794475
9,koen_ai_infrastructure,koen_ai_infrastructure:INT-003,통상수용,0.0,견적반영,견적반영,True,True,False,견적반영,0.32772449656376,0.47603919080757956,0.19623631262866034,견적반영,0.3435307799966719,0.45354614359530754,0.20292307640802063,견적반영,0.32772449656376806,0.4760391908075682,0.19623631262866373,0.3329932577080667,0.468541508403485,0.19846523388844825
9,koen_ai_infrastructure,koen_ai_infrastructure:PER-001,통상수용,0.0,견적반영,견적반영,True,True,False,견적반영,0.1983851174739792,0.43456126679853563,0.367053615727485,견적반영,0.21267008226182957,0.4061504428038373,0.38117947493433324,견적반영,0.19838511747398233,0.43456126679853135,0.3670536157274863,0.2031467724032637,0.42509099213363477,0.37176223546310155
9,koen_ai_infrastructure,koen_ai_infrastructure:PER-002,견적반영,0.0,계약·질의검토,계약·질의검토,True,True,False,계약·질의검토,0.17998217468624095,0.3321649821110316,0.48785284320272737,계약·질의검토,0.1472049425595032,0.28330522453117224,0.5694898329093245,계약·질의검토,0.17998217468624275,0.3321649821110279,0.4878528432027293,0.16905643064399564,0.3158783962510772,0.515065173104927
9,koen_ai_infrastructure,koen_ai_infrastructure:PER-003,견적반영,0.0,견적반영,견적반영,True,False,True,견적반영,0.24158895345240267,0.561236621380483,0.19717442516711436,견적반영,0.20953661231091394,0.6093436944286051,0.1811196932604809,견적반영,0.24158895345240813,0.5612366213804756,0.19717442516711622,0.23090483973857492,0.5772723123965212,0.19182284786490386
9,koen_ai_infrastructure,koen_ai_infrastructure:PER-004,견적반영,0.0,견적반영,견적반영,True,False,True,견적반영,0.1354971309403743,0.5764341015479632,0.28806876751166255,견적반영,0.10276851947457019,0.6466946078130742,0.2505368727123556,견적반영,0.13549713094037633,0.5764341015479557,0.2880687675116678,0.12458759378510693,0.5998542703029978,0.2755581359118953
9,koen_ai_infrastructure,koen_ai_infrastructure:PMR-001,통상수용,0.0,통상수용,통상수용,True,False,True,통상수용,0.4951643494518097,0.24420791552289417,0.2606277350252962,통상수용,0.5409791455389251,0.2210721059526246,0.23794874850845021,통상수용,0.4951643494518087,0.2442079155228954,0.26062773502529585,0.5104359481475146,0.2364959789994714,0.2530680728530141
9,koen_ai_infrastructure,koen_ai_infrastructure:PMR-002,통상수용,0.0,통상수용,통상수용,True,False,True,통상수용,0.6979640878495729,0.14405131367587157,0.15798459847455562,통상수용,0.7731917287631462,0.11114746077888508,0.11566081045796864,통상수용,0.6979640878495714,0.14405131367587273,0.15798459847455598,0.7230399681540969,0.1330833627102098,0.1438766691356934
9,koen_ai_infrastructure,koen_ai_infrastructure:PMR-003,통상수용,0.0,통상수용,통상수용,True,False,True,통상수용,0.44905490261058145,0.15839562985947464,0.39254946752994396,통상수용,0.47871489353243213,0.15264374774713013,0.36864135872043785,통상수용,0.4490549026105787,0.15839562985947644,0.39254946752994485,0.4589415662511975,0.15647833582202708,0.38458009792677555
9,koen_ai_infrastructure,koen_ai_infrastructure:PMR-005,통상수용,0.0,통상수용,통상수용,True,False,True,통상수용,0.5975099984302402,0.1871580174484328,0.2153319841213271,통상수용,0.6766033031595531,0.1446862561676188,0.17871044067282812,통상수용,0.5975099984302403,0.1871580174484339,0.21533198412132576,0.6238744333400112,0.17300076368816186,0.20312480297182697
9,koen_ai_infrastructure,koen_ai_infrastructure:PMR-006,통상수용,0.0,통상수용,통상수용,True,False,True,통상수용,0.7224139664320908,0.10847193691124868,0.16911409665666047,통상수용,0.8105089253934621,0.08254716109240005,0.10694391351413782,통상수용,0.7224139664320882,0.10847193691124962,0.16911409665666205,0.751778952752547,0.09983034497163279,0.1483907022758201
9,koen_ai_infrastructure,koen_ai_infrastructure:PMR-009,통상수용,0.0,통상수용,통상수용,True,False,True,통상수용,0.6342586541707305,0.15667085173367618,0.20907049409559345,통상수용,0.6943067844601023,0.126433390804551,0.17925982473534677,통상수용,0.634258654170727,0.15667085173367815,0.20907049409559475,0.6542746976005199,0.1465916980906351,0.19913360430884497
9,koen_ai_infrastructure,koen_ai_infrastructure:PMR-010,통상수용,0.0,통상수용,통상수용,True,False,True,통상수용,0.5424504503559077,0.13077544006837213,0.32677410957572023,통상수용,0.6251842798671091,0.09827108480063831,0.27654463533225254,통상수용,0.542450450355902,0.13077544006837463,0.3267741095757233,0.5700283935263063,0.11994065497912836,0.31003095149456533
9,koen_ai_infrastructure,koen_ai_infrastructure:PMR-011,통상수용,0.0,통상수용,통상수용,True,False,True,통상수용,0.7619792578423592,0.1124501153195393,0.12557062683810152,통상수용,0.8295936472966988,0.08031126227115258,0.0900950904321486,통상수용,0.7619792578423563,0.11245011531954108,0.12557062683810263,0.7845173876604715,0.101737164303411,0.1137454480361176
9,koen_ai_infrastructure,koen_ai_infrastructure:PMR-012,견적반영,0.0,통상수용,통상수용,True,True,False,통상수용,0.6697958949022297,0.13550268041431393,0.19470142468345647,통상수용,0.7764053812572083,0.09036054239888928,0.13323407634390255,통상수용,0.6697958949022299,0.13550268041431382,0.19470142468345625,0.7053323903538892,0.12045530107583902,0.17421230857027173
9,koen_ai_infrastructure,koen_ai_infrastructure:PMR-013,통상수용,0.0,통상수용,통상수용,True,False,True,통상수용,0.6388204339874691,0.13828809599070638,0.2228914700218244,통상수용,0.6848798186615498,0.12808707135009162,0.18703310998835868,통상수용,0.638820433987469,0.1382880959907071,0.22289147002182386,0.6541735622121626,0.13488775444383505,0.21093868334400231
9,koen_ai_infrastructure,koen_ai_infrastructure:PMR-014,통상수용,0.0,통상수용,통상수용,True,False,True,통상수용,0.6434982367380827,0.2025043164750134,0.15399744678690383,통상수용,0.6841077685519493,0.18740127589330335,0.12849095555474743,통상수용,0.6434982367380842,0.20250431647501252,0.15399744678690325,0.6570347473427054,0.1974699696144431,0.1454952830428515
9,koen_ai_infrastructure,koen_ai_infrastructure:PMR-015,계약·질의검토,0.0,통상수용,통상수용,True,True,False,통상수용,0.5034183965405248,0.11773596371434228,0.37884563974513297,통상수용,0.485416397901267,0.11274428506421669,0.40183931703451636,통상수용,0.5034183965405242,0.11773596371434326,0.3788456397451325,0.4974177303274387,0.11607207083096742,0.38651019884159393
9,koen_ai_infrastructure,koen_ai_infrastructure:PMR-016,계약·질의검토,0.0,계약·질의검토,계약·질의검토,True,False,True,계약·질의검토,0.3014826928629026,0.11077487714098111,0.5877424299961164,계약·질의검토,0.32478387021228,0.09182199037438296,0.5833941394133372,계약·질의검토,0.30148269286290086,0.11077487714098305,0.5877424299961161,0.30924975197936116,0.10445724821878237,0.5862929998018566
9,koen_ai_infrastructure,koen_ai_infrastructure:PMR-017,계약·질의검토,0.0,계약·질의검토,계약·질의검토,True,False,True,계약·질의검토,0.3959024999409221,0.1249939151773973,0.4791035848816807,계약·질의검토,0.4419794264249917,0.09266352957579337,0.46535704399921496,계약·질의검토,0.39590249994092247,0.12499391517739948,0.4791035848816782,0.4112614754356121,0.11421711997686339,0.4745214045875246
9,koen_ai_infrastructure,koen_ai_infrastructure:PMR-018,통상수용,0.0,통상수용,통상수용,True,False,True,통상수용,0.6682559077507625,0.1480705268245156,0.18367356542472194,통상수용,0.76055144143638,0.10756219058127639,0.13188636798234363,통상수용,0.6682559077507574,0.14807052682451874,0.18367356542472382,0.6990210856459665,0.13456774807677022,0.16641116627726313
9,koen_ai_infrastructure,koen_ai_infrastructure:PMR-019,통상수용,0.0,통상수용,통상수용,True,False,True,통상수용,0.5472962057791806,0.10638545592751594,0.3463183382933035,통상수용,0.6688406046388404,0.07685676173430311,0.2543026336268564,통상수용,0.547296205779177,0.10638545592751836,0.3463183382933046,0.587811005399066,0.09654255786311246,0.3156464367378215
9,koen_ai_infrastructure,koen_ai_infrastructure:PMR-020,통상수용,0.0,통상수용,통상수용,True,False,True,통상수용,0.5380824796766681,0.15898605428296167,0.3029314660403702,통상수용,0.6092475107421612,0.13375412791922564,0.2569983613386131,통상수용,0.5380824796766644,0.15898605428296436,0.3029314660403712,0.5618041566984978,0.15057541216171724,0.2876204311397848
9,koen_ai_infrastructure,koen_ai_infrastructure:PMR-021,통상수용,0.0,통상수용,통상수용,True,False,True,통상수용,0.4507970735691684,0.30795152087478156,0.24125140555605,통상수용,0.4880494277699493,0.2851294603594207,0.22682111187063003,통상수용,0.45079707356916654,0.30795152087478517,0.24125140555604827,0.4632145249694281,0.30034416736966246,0.23644130766090943
9,koen_ai_infrastructure,koen_ai_infrastructure:PMR-022,견적반영,0.0,통상수용,통상수용,True,True,False,통상수용,0.38318243247973327,0.3512775425397736,0.2655400249804932,통상수용,0.40982564883266465,0.33955812538190255,0.2506162257854329,통상수용,0.3831824324797299,0.3512775425397766,0.26554002498049356,0.39206350459737593,0.3473710701538176,0.26056542524880655
9,koen_ai_infrastructure,koen_ai_infrastructure:PMR-07,통상수용,0.0,통상수용,통상수용,True,False,True,통상수용,0.6128458346875888,0.16458518511981154,0.22256898019259974,통상수용,0.6614101762756727,0.14205650751133864,0.19653331621298872,통상수용,0.6128458346875896,0.1645851851198118,0.22256898019259866,0.6290339485502837,0.15707562591698732,0.21389042553272905
9,koen_ai_infrastructure,koen_ai_infrastructure:PMR-08,통상수용,0.0,통상수용,통상수용,True,False,True,통상수용,0.7079373385792571,0.12979203739454578,0.16227062402619696,통상수용,0.8021127209204022,0.08710051106683421,0.11078676801276355,통상수용,0.7079373385792533,0.1297920373945479,0.16227062402619877,0.739329132692971,0.11556152861864262,0.1451093386883864
9,koen_ai_infrastructure,koen_ai_infrastructure:PSR-001,통상수용,0.0,통상수용,통상수용,True,False,True,통상수용,0.6252174001766598,0.18687709522074278,0.18790550460259742,통상수용,0.7202980781708728,0.13649875320104135,0.14320316862808588,통상수용,0.6252174001766607,0.1868770952207441,0.1879055046025952,0.6569109595080644,0.1700843145475094,0.17300472594442615
9,koen_ai_infrastructure,koen_ai_infrastructure:PSR-002,통상수용,0.0,통상수용,통상수용,True,False,True,통상수용,0.4636421927395115,0.1840232400985185,0.35233456716196987,통상수용,0.5306180676661076,0.1527671493520356,0.3166147829818567,통상수용,0.46364219273951224,0.184023240098521,0.3523345671619668,0.4859674843817105,0.173604543183025,0.3404279724352645
9,koen_ai_infrastructure,koen_ai_infrastructure:PSR-003,통상수용,0.0,통상수용,통상수용,True,False,True,통상수용,0.6375744423837345,0.12823824218332053,0.23418731543294502,통상수용,0.7218250848502789,0.08604134482430248,0.19213357032541864,통상수용,0.6375744423837341,0.12823824218332222,0.23418731543294377,0.6656579898725825,0.11417260973031507,0.2201694003971025
9,koen_ai_infrastructure,koen_ai_infrastructure:PSR-004,계약·질의검토,0.0,계약·질의검토,계약·질의검토,True,False,True,계약·질의검토,0.3190782414832219,0.17921644466940786,0.5017053138473702,계약·질의검토,0.30573363881587845,0.15183164996129705,0.5424347112228245,계약·질의검토,0.3190782414832199,0.1792164446694105,0.5017053138473696,0.3146300405941067,0.17008817976670518,0.5152817796391881
9,koen_ai_infrastructure,koen_ai_infrastructure:PSR-005,통상수용,0.0,통상수용,통상수용,True,False,True,통상수용,0.6494270431442022,0.1902466459862741,0.16032631086952365,통상수용,0.6924799978946987,0.16377305631766967,0.14374694578763159,통상수용,0.6494270431442011,0.19024664598627464,0.16032631086952429,0.663778028061034,0.18142211609673944,0.15479985584222652
9,koen_ai_infrastructure,koen_ai_infrastructure:PSR-006,통상수용,0.0,통상수용,통상수용,True,False,True,통상수용,0.5571938637614398,0.27985868491988725,0.162947451318673,통상수용,0.6433721017922824,0.2217546650949946,0.13487323311272284,통상수용,0.557193863761442,0.27985868491988536,0.16294745131867266,0.5859199431050547,0.26049067831158906,0.15358937858335617
9,koen_ai_infrastructure,koen_ai_infrastructure:PSR-008,통상수용,0.0,계약·질의검토,계약·질의검토,True,True,False,계약·질의검토,0.3428940505802056,0.14895793202284,0.5081480173969544,계약·질의검토,0.3705711495396983,0.12647063830475103,0.5029582121555507,계약·질의검토,0.3428940505802055,0.14895793202284202,0.5081480173969525,0.3521197502333698,0.14146216745014437,0.5064180823164858
9,koen_ai_infrastructure,koen_ai_infrastructure:PSR-009,통상수용,0.0,통상수용,통상수용,True,False,True,통상수용,0.5982427768307226,0.18804910846356693,0.21370811470571044,통상수용,0.6352759620185424,0.15892510352009484,0.20579893446136283,통상수용,0.5982427768307234,0.18804910846356637,0.21370811470571036,0.6105871718933295,0.1783411068157427,0.21107172129092788
9,koen_ai_infrastructure,koen_ai_infrastructure:PSR-010,통상수용,0.0,계약·질의검토,계약·질의검토,True,True,False,계약·질의검토,0.21416299209398804,0.15199437311270186,0.63384263479331,계약·질의검토,0.2004404839357452,0.15110297229490377,0.648456543769351,계약·질의검토,0.2141629920939877,0.15199437311270467,0.6338426347933077,0.209588822707907,0.15169723950677008,0.6387139377853229
9,koen_ai_infrastructure,koen_ai_infrastructure:PSR-07,계약·질의검토,0.0,계약·질의검토,계약·질의검토,True,False,True,계약·질의검토,0.23872807813744643,0.13999066589417555,0.6212812559683779,계약·질의검토,0.18509888463581192,0.11355700348654935,0.7013441118776387,계약·질의검토,0.23872807813744892,0.1399906658941791,0.621281255968372,0.22085168030356908,0.13117944509163468,0.6479688746047962
9,koen_ai_infrastructure,koen_ai_infrastructure:QUR-001,통상수용,0.0,통상수용,통상수용,True,False,True,통상수용,0.7203771810751304,0.09510340822677237,0.18451941069809727,통상수용,0.8270229600583792,0.05875713193474841,0.1142199080068724,통상수용,0.72037718107513,0.09510340822677277,0.18451941069809724,0.7559257740695465,0.08298798279609786,0.16108624313435563
9,koen_ai_infrastructure,koen_ai_infrastructure:QUR-002,통상수용,0.0,통상수용,통상수용,True,False,True,통상수용,0.5853935691883849,0.1781915664335038,0.2364148643781112,통상수용,0.7095227459490262,0.11539647443379021,0.17508077961718344,통상수용,0.585393569188388,0.17819156643350445,0.23641486437810752,0.626769961441933,0.15725986910026615,0.2159701694578007
9,koen_ai_infrastructure,koen_ai_infrastructure:QUR-003,통상수용,0.0,통상수용,통상수용,True,False,True,통상수용,0.7577137443972759,0.12681137251898902,0.11547488308373494,통상수용,0.8347685491420759,0.0890632217511306,0.07616822910679352,통상수용,0.7577137443972765,0.12681137251898836,0.1154748830837352,0.7833986793122095,0.11422865559636934,0.10237266509142122
9,koen_ai_infrastructure,koen_ai_infrastructure:QUR-004,통상수용,0.0,통상수용,통상수용,True,False,True,통상수용,0.5400063936444558,0.25083793376962465,0.2091556725859196,통상수용,0.5470209919035286,0.22852968235201224,0.22444932574445914,통상수용,0.5400063936444546,0.2508379337696252,0.20915567258592033,0.5423445930641463,0.24340184996375402,0.2142535569720997
9,koen_ai_infrastructure,koen_ai_infrastructure:QUR-005,통상수용,0.0,통상수용,통상수용,True,False,True,통상수용,0.6489330339251914,0.13698745004272486,0.21407951603208375,통상수용,0.7295824175732283,0.10082676330882209,0.1695908191179495,통상수용,0.6489330339251934,0.13698745004272478,0.21407951603208183,0.675816161807871,0.12493388779809057,0.19924995039403837
9,koen_ai_infrastructure,koen_ai_infrastructure:QUR-006,통상수용,0.0,통상수용,통상수용,True,False,True,통상수용,0.7353499032989367,0.11041418867150164,0.1542359080295618,통상수용,0.8259215505960874,0.07414282421310153,0.09993562519081095,통상수용,0.73534990329894,0.11041418867150027,0.1542359080295597,0.7655404523979881,0.09832373385203448,0.1361358137499775
9,koen_ai_infrastructure,koen_ai_infrastructure:QUR-008,통상수용,0.0,통상수용,통상수용,True,False,True,통상수용,0.46547722667714014,0.13925626203924318,0.39526651128361673,통상수용,0.569464617797224,0.09480398609374975,0.33573139610902625,통상수용,0.46547722667714553,0.13925626203924457,0.3952665112836098,0.5001396903838365,0.12443883672407917,0.3754214728920842
9,koen_ai_infrastructure,koen_ai_infrastructure:QUR-009,통상수용,0.0,통상수용,통상수용,True,False,True,통상수용,0.7472490620969257,0.18112628225140903,0.07162465565166529,통상수용,0.7894124986879872,0.14688889018667842,0.06369861112533443,통상수용,0.7472490620969279,0.18112628225140656,0.07162465565166563,0.7613035409606136,0.16971381822983134,0.06898264080955512
9,koen_ai_infrastructure,koen_ai_infrastructure:QUR-010,통상수용,0.0,통상수용,통상수용,True,False,True,통상수용,0.708690743126783,0.16470202813863105,0.126607228734586,통상수용,0.7607242465995303,0.12921247757164936,0.11006327582882047,통상수용,0.708690743126782,0.16470202813863116,0.12660722873458682,0.7260352442843652,0.1528721779496372,0.12109257776599776
9,koen_ai_infrastructure,koen_ai_infrastructure:QUR-011,통상수용,0.0,통상수용,통상수용,True,False,True,통상수용,0.7644958237423005,0.15976470796912867,0.0757394682885708,통상수용,0.7845087821242381,0.16404624163330922,0.05144497624245263,통상수용,0.7644958237423015,0.15976470796912748,0.07573946828857091,0.7711668098696135,0.16119188585718847,0.0676413042731981
9,koen_ai_infrastructure,koen_ai_infrastructure:QUR-012,통상수용,0.0,통상수용,통상수용,True,False,True,통상수용,0.45678747986888396,0.35163634709324243,0.19157617303787347,통상수용,0.49046402506591324,0.3431477200302791,0.16638825490380774,통상수용,0.45678747986888857,0.3516363470932385,0.19157617303787283,0.4680129949345619,0.34880680473891995,0.18318020032651802
9,koen_ai_infrastructure,koen_ai_infrastructure:SER-001,통상수용,0.0,통상수용,통상수용,True,False,True,통상수용,0.4580672338676966,0.1779169935202614,0.36401577261204193,통상수용,0.49649696812177485,0.15316469053498205,0.35033834134324304,통상수용,0.45806723386769327,0.17791699352026405,0.3640157726120427,0.4708771452857216,0.16966622585850252,0.3594566288557759
9,koen_ai_infrastructure,koen_ai_infrastructure:SER-002,통상수용,0.0,통상수용,통상수용,True,False,True,통상수용,0.4504399938707521,0.36501674527651334,0.18454326085273456,통상수용,0.5143460277703207,0.31878703596026725,0.16686693626941204,통상수용,0.45043999387075123,0.36501674527651223,0.18454326085273645,0.47174200517060805,0.3496068421710976,0.17865115265829434
9,koen_ai_infrastructure,koen_ai_infrastructure:SER-003,통상수용,0.0,계약·질의검토,계약·질의검토,False,False,True,계약·질의검토,0.40188768000996156,0.15861152230708192,0.43950079768295663,통상수용,0.4389801071002546,0.1314393808917481,0.4295805120079973,계약·질의검토,0.401887680009956,0.1586115223070844,0.43950079768295947,0.4142518223733907,0.1495541418353048,0.4361940357913045
9,koen_ai_infrastructure,koen_ai_infrastructure:SER-005,통상수용,0.0,통상수용,통상수용,True,False,True,통상수용,0.47502004101536954,0.2568779397202033,0.2681020192644273,통상수용,0.5098370116852274,0.2422128946498832,0.24795009366488946,통상수용,0.4750200410153706,0.25687793972020156,0.26810201926442784,0.4866256979053225,0.25198959136342935,0.2613847107312482
9,koen_ai_infrastructure,koen_ai_infrastructure:SER-008,통상수용,0.0,통상수용,통상수용,True,False,True,통상수용,0.7005545203630302,0.16397894205206423,0.13546653758490557,통상수용,0.7683418399522339,0.12565609427334468,0.10600206577442131,통상수용,0.7005545203630279,0.16397894205206565,0.13546653758490648,0.7231502935594308,0.15120465945915817,0.12564504698141113
9,koen_ai_infrastructure,koen_ai_infrastructure:SER-009,통상수용,0.0,통상수용,통상수용,True,False,True,통상수용,0.5058204589710389,0.23049100477232298,0.2636885362566382,통상수용,0.4930573838818295,0.20710463230182038,0.2998379838163502,통상수용,0.5058204589710356,0.23049100477232456,0.26368853625663985,0.501566100607968,0.222695547282156,0.27573835210987613
9,koen_ai_infrastructure,koen_ai_infrastructure:SER-06,통상수용,0.0,통상수용,통상수용,True,False,True,통상수용,0.6807057914256922,0.15036480947172634,0.16892939910258142,통상수용,0.7551262667494149,0.11332667294848542,0.13154706030209973,통상수용,0.6807057914256904,0.15036480947172715,0.16892939910258245,0.7055126165335991,0.13801876396397963,0.1564686195024212
9,koen_ai_infrastructure,koen_ai_infrastructure:TST-002,계약·질의검토,0.0,견적반영,계약·질의검토,False,False,True,견적반영,0.21580892160014112,0.39624220946874544,0.3879488689311135,계약·질의검토,0.20429134204620414,0.391825323841545,0.40388333411225086,견적반영,0.2158089216001429,0.39624220946874267,0.3879488689311144,0.21196972841549602,0.3947699142596777,0.3932603573248263
9,koen_ai_infrastructure,koen_ai_infrastructure:TST-003,통상수용,0.0,통상수용,통상수용,True,False,True,통상수용,0.5711853056114938,0.24688618833934536,0.18192850604916083,통상수용,0.5550174260014212,0.2669038927578498,0.178078681240729,통상수용,0.5711853056114944,0.24688618833934425,0.18192850604916133,0.5657960124081365,0.25355875647884646,0.18064523111301703
10,korail_genai_isp_ismp,korail_genai_isp_ismp:COR-001,통상수용,0.0,계약·질의검토,계약·질의검토,True,True,False,계약·질의검토,0.41153077122471365,0.13131568705212357,0.45715354172316286,계약·질의검토,0.36966003987004414,0.10253948918636864,0.5278004709435873,계약·질의검토,0.41153077122471315,0.1313156870521235,0.4571535417231632,0.397573860773157,0.1217236210968719,0.4807025181299711
10,korail_genai_isp_ismp,korail_genai_isp_ismp:COR-002,계약·질의검토,0.0,통상수용,통상수용,True,True,False,통상수용,0.5023778576312004,0.17837160197105098,0.3192505403977486,통상수용,0.570915507680116,0.16194155804011437,0.2671429342797695,통상수용,0.5023778576312002,0.17837160197105068,0.3192505403977491,0.5252237409808389,0.17289492066073867,0.3018813383584224
10,korail_genai_isp_ismp,korail_genai_isp_ismp:COR-003,계약·질의검토,0.0,계약·질의검토,계약·질의검토,True,False,True,계약·질의검토,0.2557463954801564,0.13051035857900317,0.6137432459408404,계약·질의검토,0.21082845336191333,0.10937994432743345,0.6797916023106532,계약·질의검토,0.25574639548015604,0.13051035857900317,0.6137432459408407,0.2407737481074086,0.12346688716181327,0.6357593647307781
10,korail_genai_isp_ismp,korail_genai_isp_ismp:CSR-002,통상수용,0.0,견적반영,견적반영,False,False,True,통상수용,0.3514074321939598,0.33813679895612186,0.3104557688499184,견적반영,0.31777137685785195,0.3669897871279461,0.31523883601420194,통상수용,0.3514074321939601,0.33813679895612103,0.3104557688499189,0.3401954137485907,0.347754461680063,0.3120501245713464
10,korail_genai_isp_ismp,korail_genai_isp_ismp:CSR-004,통상수용,0.0,견적반영,견적반영,True,True,False,견적반영,0.36293633719671997,0.4355162672339405,0.20154739556933945,견적반영,0.35272205615359814,0.4707334475697914,0.17654449627661045,견적반영,0.36293633719672086,0.43551626723393905,0.20154739556933995,0.359531576849013,0.4472553273458903,0.19321309580509663
10,korail_genai_isp_ismp,korail_genai_isp_ismp:CSR-005,통상수용,0.0,통상수용,통상수용,True,False,True,통상수용,0.4742942013511066,0.22168793909849124,0.30401785955040217,통상수용,0.48534015529913505,0.2020374506004996,0.3126223941003654,통상수용,0.4742942013511069,0.22168793909849063,0.30401785955040245,0.4779761860004495,0.21513777626582717,0.3068860377337233
10,korail_genai_isp_ismp,korail_genai_isp_ismp:CSR-006,통상수용,0.0,통상수용,통상수용,True,False,True,통상수용,0.42533454924704106,0.31114355804031757,0.2635218927126415,통상수용,0.39625107140811844,0.3196398608209701,0.28410906777091144,통상수용,0.42533454924704195,0.31114355804031624,0.2635218927126418,0.41564005663406717,0.3139756589672013,0.2703842843987316
10,korail_genai_isp_ismp,korail_genai_isp_ismp:CSR-007,견적반영,0.0,통상수용,통상수용,True,True,False,통상수용,0.4147481307789557,0.299282749469736,0.28596911975130823,통상수용,0.46876100426113254,0.25322376919413025,0.2780152265447372,통상수용,0.41474813077895617,0.29928274946973515,0.2859691197513087,0.4327524219396815,0.2839297560445338,0.2833178220157847
10,korail_genai_isp_ismp,korail_genai_isp_ismp:CSR-008,견적반영,0.0,견적반영,견적반영,True,False,True,견적반영,0.24498119654941972,0.4538050511843399,0.30121375226624025,견적반영,0.18300729896669993,0.5440877517308629,0.2729049493024372,견적반영,0.24498119654942038,0.4538050511843387,0.301213752266241,0.22432323068851334,0.48389928469984717,0.2917774846116395
10,korail_genai_isp_ismp,korail_genai_isp_ismp:CSR-010,통상수용,0.0,통상수용,통상수용,True,False,True,통상수용,0.4901156103157577,0.2718093762028229,0.23807501348141927,통상수용,0.5043664891193398,0.28571531986102905,0.20991819101963116,통상수용,0.49011561031575834,0.271809376202822,0.23807501348141957,0.4948659032502853,0.276444690755558,0.22868940599415666
10,korail_genai_isp_ismp,korail_genai_isp_ismp:CSR-012,견적반영,0.0,계약·질의검토,계약·질의검토,True,True,False,계약·질의검토,0.3244600882623684,0.21471501990574168,0.4608248918318898,계약·질의검토,0.34517295174693374,0.15851002129148134,0.49631702696158475,계약·질의검토,0.324460088262368,0.21471501990574146,0.46082489183189057,0.3313643760905567,0.19598002036765483,0.47265560354178837
10,korail_genai_isp_ismp,korail_genai_isp_ismp:CSR-013,통상수용,0.0,통상수용,통상수용,True,False,True,통상수용,0.5037867217356207,0.2809501188697269,0.21526315939465243,통상수용,0.5680305448065743,0.231316905277459,0.20065254991596668,통상수용,0.5037867217356211,0.28095011886972626,0.2152631593946526,0.5252013294259387,0.2644057143389707,0.21039295623509058
10,korail_genai_isp_ismp,korail_genai_isp_ismp:DAR-001,통상수용,0.0,통상수용,통상수용,True,False,True,통상수용,0.5914995371014811,0.3070292301126122,0.10147123278590676,통상수용,0.6565368372569474,0.279998821773002,0.06346434097005059,통상수용,0.5914995371014816,0.3070292301126115,0.10147123278590696,0.6131786371533035,0.29801909399940857,0.0888022688472881
10,korail_genai_isp_ismp,korail_genai_isp_ismp:DAR-002,통상수용,0.0,통상수용,통상수용,True,False,True,통상수용,0.6102841261069939,0.2947633237270473,0.09495255016595884,통상수용,0.6927786186885224,0.24618590371052138,0.06103547760095622,통상수용,0.6102841261069946,0.2947633237270465,0.094952550165959,0.6377822903008369,0.27857085038820506,0.08364685931095801
10,korail_genai_isp_ismp,korail_genai_isp_ismp:DAR-003,통상수용,0.0,통상수용,통상수용,True,False,True,통상수용,0.6361392512997328,0.23326286010766198,0.13059788859260515,통상수용,0.716024322721657,0.18454938478362615,0.09942629249471689,통상수용,0.6361392512997331,0.2332628601076616,0.1305978885926053,0.6627676084403743,0.2170250349996499,0.12020735655997578
10,korail_genai_isp_ismp,korail_genai_isp_ismp:DAR-004,통상수용,0.0,통상수용,통상수용,True,False,True,통상수용,0.5361460511288973,0.2801980586938876,0.183655890177215,통상수용,0.634780444248503,0.2309433897002349,0.13427616605126197,통상수용,0.5361460511288981,0.2801980586938868,0.1836558901772151,0.5690241821687662,0.2637798356960031,0.16719598213523068
10,korail_genai_isp_ismp,korail_genai_isp_ismp:DAR-005,통상수용,0.0,통상수용,통상수용,True,False,True,통상수용,0.6316912061220099,0.2611248564824786,0.10718393739551152,통상수용,0.6750908848598639,0.2423642485043442,0.08254486663579179,통상수용,0.6316912061220105,0.2611248564824778,0.10718393739551167,0.6461577657012948,0.25487132048976685,0.09897091380893834
10,korail_genai_isp_ismp,korail_genai_isp_ismp:DAR-007,견적반영,0.0,견적반영,견적반영,True,False,True,견적반영,0.18050339365102525,0.6251800152803052,0.19431659106866953,견적반영,0.12643996173358946,0.7447318896163374,0.12882814865007308,견적반영,0.18050339365102544,0.6251800152803048,0.19431659106866975,0.16248224967854671,0.6650306400589825,0.17248711026247077
10,korail_genai_isp_ismp,korail_genai_isp_ismp:DAR-008,통상수용,0.0,통상수용,통상수용,True,False,True,통상수용,0.7337904338164458,0.1607227561141982,0.10548681006935597,통상수용,0.8169342686593257,0.11579014941212092,0.06727558192855333,통상수용,0.7337904338164459,0.16072275611419784,0.1054868100693561,0.7615050454307392,0.145745220546839,0.0927497340224218
10,korail_genai_isp_ismp,korail_genai_isp_ismp:DAR-009,통상수용,0.0,통상수용,통상수용,True,False,True,통상수용,0.607168447973011,0.2550684671090728,0.13776308491791628,통상수용,0.7090603893914326,0.19107925142142257,0.09986035918714493,통상수용,0.6071684479730114,0.2550684671090722,0.1377630849179164,0.6411324284458183,0.23373872854652253,0.1251288430076592
10,korail_genai_isp_ismp,korail_genai_isp_ismp:PMR-001,통상수용,0.0,통상수용,통상수용,True,False,True,통상수용,0.42355909663756514,0.30269997085138484,0.2737409325110499,통상수용,0.45571100768681694,0.27987929695965047,0.26440969535353254,통상수용,0.42355909663756514,0.30269997085138456,0.2737409325110503,0.434276400320649,0.29509307955413994,0.2706305201252109
10,korail_genai_isp_ismp,korail_genai_isp_ismp:PMR-002,견적반영,0.0,통상수용,통상수용,True,True,False,통상수용,0.4833292622564075,0.32628408131858,0.19038665642501237,통상수용,0.5263651392868585,0.3354427623596246,0.138192098353517,통상수용,0.4833292622564075,0.3262840813185797,0.19038665642501276,0.49767455459989113,0.3293369749989281,0.1729884704011807
10,korail_genai_isp_ismp,korail_genai_isp_ismp:PMR-003,통상수용,0.0,통상수용,통상수용,True,False,True,통상수용,0.5550655706472084,0.2601173540932298,0.18481707525956184,통상수용,0.6226016289143255,0.2350096883530099,0.14238868273266467,통상수용,0.5550655706472083,0.2601173540932295,0.18481707525956215,0.5775775900695808,0.25174813217982306,0.1706742777505962
10,korail_genai_isp_ismp,korail_genai_isp_ismp:PMR-004,통상수용,0.0,통상수용,통상수용,True,False,True,통상수용,0.5313060971008357,0.173136643027577,0.29555725987158743,통상수용,0.5820826860566156,0.1720681854256895,0.24584912851769483,통상수용,0.5313060971008357,0.17313664302757686,0.29555725987158743,0.5482316267527624,0.17278049049361446,0.27898788275362324
10,korail_genai_isp_ismp,korail_genai_isp_ismp:PMR-006,통상수용,0.0,통상수용,통상수용,True,False,True,통상수용,0.5729231298982363,0.21487284887477934,0.21220402122698434,통상수용,0.6499589330720683,0.18037584969977014,0.1696652172281616,통상수용,0.5729231298982362,0.21487284887477903,0.21220402122698462,0.5986017309561803,0.20337384914977616,0.1980244198940435
10,korail_genai_isp_ismp,korail_genai_isp_ismp:PMR-007,통상수용,0.0,통상수용,통상수용,True,False,True,통상수용,0.47926376714391583,0.11937809589179582,0.4013581369642883,통상수용,0.532198897766376,0.10072905840070037,0.36707204383292374,통상수용,0.47926376714391533,0.11937809589179596,0.4013581369642887,0.4969088106847357,0.11316175006143071,0.38992943925383355
10,korail_genai_isp_ismp,korail_genai_isp_ismp:PMR-008,통상수용,0.0,통상수용,통상수용,True,False,True,통상수용,0.6816747329792808,0.10553609309974829,0.21278917392097085,통상수용,0.7702698506292281,0.08260275138692989,0.14712739798384195,통상수용,0.6816747329792804,0.10553609309974837,0.21278917392097133,0.7112064388625964,0.09789164586214218,0.19090191527526137
10,korail_genai_isp_ismp,korail_genai_isp_ismp:PMR-009,통상수용,0.0,통상수용,통상수용,True,False,True,통상수용,0.6550234320885784,0.16957640643242858,0.17540016147899307,통상수용,0.7544606641669859,0.11485028968623955,0.13068904614677465,통상수용,0.6550234320885786,0.1695764064324282,0.1754001614789932,0.6881691761147143,0.1513343675170321,0.16049645636825363
10,korail_genai_isp_ismp,korail_genai_isp_ismp:PMR-011,통상수용,0.0,통상수용,통상수용,True,False,True,통상수용,0.6953312622309294,0.08822465858266589,0.2164440791864046,통상수용,0.7501330456833285,0.06666545919682361,0.1832014951198478,통상수용,0.6953312622309289,0.08822465858266594,0.21644407918640507,0.7135985233817289,0.08103825878738515,0.20536321783088582
10,korail_genai_isp_ismp,korail_genai_isp_ismp:PSR-002,계약·질의검토,0.0,계약·질의검토,계약·질의검토,True,False,True,계약·질의검토,0.36050133033165427,0.15014187114073935,0.4893567985276064,계약·질의검토,0.36875958488549115,0.10841837009876978,0.5228220450157389,계약·질의검토,0.3605013303316542,0.1501418711407394,0.4893567985276065,0.3632540818495999,0.13623403746008286,0.5005118806903174
10,korail_genai_isp_ismp,korail_genai_isp_ismp:QUR-001,통상수용,0.0,통상수용,통상수용,True,False,True,통상수용,0.5235269321307137,0.18035186882556828,0.29612119904371803,통상수용,0.5097422183244621,0.18617749491423496,0.304080286761303,통상수용,0.5235269321307133,0.1803518688255684,0.29612119904371825,0.5189320275286297,0.18229374418845723,0.2987742282829131
10,korail_genai_isp_ismp,korail_genai_isp_ismp:QUR-002,통상수용,0.0,통상수용,통상수용,True,False,True,통상수용,0.7628206769030019,0.11117151023422207,0.12600781286277604,통상수용,0.7907842511250978,0.09262879238450561,0.11658695649039662,통상수용,0.762820676903002,0.1111715102342219,0.1260078128627761,0.7721418683103672,0.10499060428431652,0.12286752740531626
10,korail_genai_isp_ismp,korail_genai_isp_ismp:QUR-003,통상수용,0.0,통상수용,통상수용,True,False,True,통상수용,0.6059460732759311,0.24220388057903786,0.15185004614503098,통상수용,0.6120337784512834,0.24020176923743922,0.14776445231127747,통상수용,0.6059460732759319,0.24220388057903708,0.1518500461450311,0.6079753083343821,0.24153651013183805,0.15048818153377985
10,korail_genai_isp_ismp,korail_genai_isp_ismp:SAR-001,계약·질의검토,0.0,계약·질의검토,계약·질의검토,True,False,True,계약·질의검토,0.41579975598969465,0.15786955627205243,0.42633068773825294,계약·질의검토,0.4201069401915593,0.11631986457126935,0.46357319523717144,계약·질의검토,0.41579975598969443,0.1578695562720525,0.4263306877382531,0.4172354840569828,0.1440196590384581,0.43874485690455917
10,korail_genai_isp_ismp,korail_genai_isp_ismp:SAR-002,통상수용,0.0,통상수용,통상수용,True,False,True,통상수용,0.4598028895438117,0.3004268057213711,0.23977030473481717,통상수용,0.4781083288784306,0.2834736789066803,0.2384179922148891,통상수용,0.4598028895438119,0.30042680572137054,0.2397703047348175,0.46590470265535133,0.2947757634498073,0.23931953389484126
10,korail_genai_isp_ismp,korail_genai_isp_ismp:SER-003,계약·질의검토,0.0,통상수용,통상수용,True,True,False,통상수용,0.4538516161555746,0.3180248250367137,0.22812355880771173,통상수용,0.46032465100051084,0.36400819965089926,0.17566714934858985,통상수용,0.4538516161555746,0.31802482503671314,0.22812355880771218,0.45600929443722005,0.33335261657477533,0.2106380889880046
10,korail_genai_isp_ismp,korail_genai_isp_ismp:SER-004,통상수용,0.0,통상수용,통상수용,True,False,True,통상수용,0.5961812894942267,0.19321900306086032,0.21059970744491305,통상수용,0.7058987440293543,0.14816875729907963,0.1459324986715661,통상수용,0.5961812894942261,0.19321900306086034,0.2105997074449135,0.6327537743392689,0.17820225447360008,0.1890439711871309
11,mfds_drug_ai_review,mfds_drug_ai_review:COR-001,계약·질의검토,0.25,견적반영,견적반영,True,True,False,견적반영,0.2881172150765164,0.38319005658669003,0.32869272833679364,견적반영,0.2477578596444518,0.43091237997351034,0.3213297603820378,견적반영,0.28191976660262485,0.38474085094648575,0.33333938245088945,0.27259828044119766,0.3996144291688954,0.327787290389907
11,mfds_drug_ai_review,mfds_drug_ai_review:COR-002,통상수용,0.25,통상수용,통상수용,True,False,True,통상수용,0.6344908460496529,0.19040601817884342,0.1751031357715037,통상수용,0.6873871595774,0.15552791063436008,0.15708492978823982,통상수용,0.6387034193790847,0.18892014244028463,0.17237643818063064,0.6535271416687126,0.17828469041782938,0.16818816791345803
11,mfds_drug_ai_review,mfds_drug_ai_review:COR-003,통상수용,0.25,통상수용,통상수용,True,False,True,통상수용,0.547507611929162,0.19413637874451048,0.2583560093263275,통상수용,0.6392548780129815,0.16265952435063213,0.19808559763638628,통상수용,0.5537932663114399,0.19164887451060858,0.25455785917795154,0.5801852520845278,0.18281492586858375,0.23699982204688844
11,mfds_drug_ai_review,mfds_drug_ai_review:COR-004,통상수용,0.25,통상수용,통상수용,True,False,True,통상수용,0.6040222850528726,0.25305491171095695,0.14292280323617057,통상수용,0.6640972216288762,0.23409988069076404,0.10180289768035967,통상수용,0.6134314782314315,0.24625722280851023,0.14031129896005828,0.6271836616377268,0.24447067173674375,0.12834566662552951
11,mfds_drug_ai_review,mfds_drug_ai_review:COR-005,통상수용,0.25,통상수용,통상수용,True,False,True,통상수용,0.601000984180702,0.21064038364874915,0.18835863217054885,통상수용,0.7243309011701778,0.1390020414837838,0.1366670573460382,통상수용,0.6063155881745534,0.2076559843251631,0.1860284275002834,0.6438824911751445,0.18576613648589868,0.1703513723389568
11,mfds_drug_ai_review,mfds_drug_ai_review:COR-006,통상수용,0.25,통상수용,통상수용,True,False,True,통상수용,0.44797316311906527,0.2679367452954551,0.28409009158547976,통상수용,0.5296307909182782,0.2178562840996071,0.2525129249821147,통상수용,0.4705969224682238,0.2525839086208891,0.2768191689108872,0.4827336255018558,0.24612564600531708,0.2711407284928272
11,mfds_drug_ai_review,mfds_drug_ai_review:COR-007,통상수용,0.25,통상수용,통상수용,True,False,True,통상수용,0.591626576137389,0.13079011237309784,0.27758331148951315,통상수용,0.6563849207812784,0.09890123612685323,0.2447138430918683,통상수용,0.6010906279395388,0.1261451425895835,0.27276422947087764,0.6163673749527354,0.11861216369651152,0.265020461350753
11,mfds_drug_ai_review,mfds_drug_ai_review:COR-010,통상수용,0.25,통상수용,통상수용,True,False,True,통상수용,0.7301218874494747,0.105800544361272,0.1640775681892533,통상수용,0.8246205344546294,0.0702705593771018,0.10510890616826885,통상수용,0.73890100512959,0.10061402000452305,0.16048497486588698,0.7645478090112313,0.09222837458096562,0.14322381640780305
11,mfds_drug_ai_review,mfds_drug_ai_review:COR-011,통상수용,0.25,통상수용,통상수용,True,False,True,통상수용,0.4614276106154951,0.18717989956698192,0.3513924898175231,통상수용,0.485589031961952,0.14797061050695823,0.3664403575310896,통상수용,0.47492409919495526,0.18312555038354655,0.34195035042149813,0.47398024725746746,0.17275868681916226,0.3532610659233703
11,mfds_drug_ai_review,mfds_drug_ai_review:COR-012,통상수용,0.25,통상수용,통상수용,True,False,True,통상수용,0.7135144584601788,0.14452338544018742,0.1419621560996338,통상수용,0.7847420949941754,0.1006206735832754,0.1146372314225493,통상수용,0.7144414069566895,0.14275603981922838,0.14280255322408217,0.7375659868036811,0.12930003294756373,0.13313398024875508
11,mfds_drug_ai_review,mfds_drug_ai_review:COR-013,통상수용,0.25,통상수용,통상수용,True,False,True,통상수용,0.5939638832742927,0.19526249931424078,0.21077361741146652,통상수용,0.7019415114640885,0.13820687709325305,0.1598516114426585,통상수용,0.5981701084960268,0.19242453946946844,0.2094053520345047,0.631358501078136,0.17529797195898744,0.19334352696287657
11,mfds_drug_ai_review,mfds_drug_ai_review:COR-014,통상수용,0.25,통상수용,통상수용,True,False,True,통상수용,0.6873522813075288,0.16242878852946044,0.15021893016301086,통상수용,0.769177227880064,0.11710754904800644,0.11371522307192952,통상수용,0.6952533862477663,0.15801223714698517,0.14673437660524843,0.7172609651451197,0.1458495249081507,0.13688950994672963
11,mfds_drug_ai_review,mfds_drug_ai_review:DAR-001,견적반영,0.25,견적반영,견적반영,True,False,True,견적반영,0.2762802663369978,0.48600406022112863,0.23771567344187353,견적반영,0.29853765405013427,0.4678997614822721,0.2335625844675935,견적반영,0.2777255558259922,0.48616092157497354,0.23611352259903448,0.2841811587377081,0.4800215810927914,0.2357972601695005
11,mfds_drug_ai_review,mfds_drug_ai_review:DAR-002,견적반영,0.25,통상수용,통상수용,True,True,False,통상수용,0.3877885160698296,0.36515360280187437,0.24705788112829596,통상수용,0.39242538956581013,0.37392667683173436,0.2336479336024555,통상수용,0.39476915725586187,0.36530464978093613,0.23992619296320192,0.3916610209638339,0.3681283098048483,0.2402106692313178
11,mfds_drug_ai_review,mfds_drug_ai_review:DAR-003,통상수용,0.25,통상수용,통상수용,True,False,True,통상수용,0.53776210856014,0.23030245049004291,0.2319354409498172,통상수용,0.5907025319458945,0.2306038157389861,0.17869365231511936,통상수용,0.543549880569496,0.2304355857953932,0.22601453363511068,0.5573381736918436,0.23044728400814074,0.21221454230001577
11,mfds_drug_ai_review,mfds_drug_ai_review:DAR-004,견적반영,0.25,통상수용,통상수용,True,True,False,통상수용,0.5270121994553815,0.23804672924066408,0.23494107130395453,통상수용,0.6473589113863549,0.1788179417522916,0.17382314686135347,통상수용,0.518965465188465,0.24201522254038177,0.23901931227115328,0.5644455253434005,0.21962663117777914,0.21592784347882044
11,mfds_drug_ai_review,mfds_drug_ai_review:DAR-005,견적반영,0.25,통상수용,통상수용,True,True,False,통상수용,0.45799202796950594,0.29288711815804047,0.24912085387245356,통상수용,0.5014835642782973,0.25618175164912843,0.2423346840725742,통상수용,0.4503936926739098,0.2956135633674936,0.2539927439585966,0.4699564283072377,0.28156081105822084,0.24848276063454144
11,mfds_drug_ai_review,mfds_drug_ai_review:DAR-006,견적반영,0.25,통상수용,통상수용,False,False,True,통상수용,0.34871456776515386,0.3453502578210357,0.3059351744138104,통상수용,0.38483052493768344,0.3373042008809544,0.27786527418136214,견적반영,0.34213529686860716,0.3499616892148852,0.30790301391650765,0.35856012985714814,0.3442053826389584,0.2972344875038934
11,mfds_drug_ai_review,mfds_drug_ai_review:DAR-007,견적반영,0.25,계약·질의검토,계약·질의검토,True,True,False,계약·질의검토,0.3227843297814846,0.27592324392821327,0.4012924262903022,계약·질의검토,0.33468196041906373,0.24120440360795697,0.42411363597297935,계약·질의검토,0.3198025767590037,0.27523364218338336,0.4049637810576129,0.3257562889865174,0.26412042990651785,0.41012328110696483
11,mfds_drug_ai_review,mfds_drug_ai_review:DAR-008,견적반영,0.25,계약·질의검토,계약·질의검토,True,True,False,계약·질의검토,0.30055348666978077,0.3064332577400783,0.39301325559014094,계약·질의검토,0.3062824467403773,0.30567605939238085,0.3880414938672419,계약·질의검토,0.2916832224095,0.30873440592424556,0.3995823716662545,0.2995063852732194,0.3069479076855683,0.39354570704121244
11,mfds_drug_ai_review,mfds_drug_ai_review:DAR-009,견적반영,0.25,계약·질의검토,계약·질의검토,True,True,False,계약·질의검토,0.2646960739627544,0.33841471639052256,0.3968892096467229,계약·질의검토,0.23485867742851071,0.3676089296431483,0.397532392928341,계약·질의검토,0.26837967378635175,0.3383954978420675,0.3932248283715807,0.2559781417258723,0.3481397146252461,0.3958821436488815
11,mfds_drug_ai_review,mfds_drug_ai_review:DAR-010,견적반영,0.25,통상수용,통상수용,True,True,False,통상수용,0.46947350518529246,0.28724213474321864,0.24328436007148901,통상수용,0.5144689812148312,0.262369267438393,0.22316175134677577,통상수용,0.47832848561190217,0.2855985718260258,0.2360729425620721,0.4874236573373419,0.2784033246692125,0.23417301799344561
11,mfds_drug_ai_review,mfds_drug_ai_review:DAR-011,통상수용,0.25,견적반영,견적반영,True,True,False,견적반영,0.3850354150471923,0.46012035312169447,0.15484423183111323,견적반영,0.37571441846998055,0.48474046370340795,0.13954511782661147,견적반영,0.391475615227678,0.45773098439799315,0.15079340037432892,0.384075149581617,0.4675306004076985,0.14839425001068454
11,mfds_drug_ai_review,mfds_drug_ai_review:DAR-012,계약·질의검토,0.25,계약·질의검토,계약·질의검토,True,False,True,계약·질의검토,0.27736619780341526,0.3277661641901701,0.39486763800641467,계약·질의검토,0.23247587339945605,0.3707488214957272,0.39677530510481684,계약·질의검토,0.2854969760199544,0.32552116297995726,0.3889818610000884,0.26511301574094187,0.34134538288861815,0.39354160137044
11,mfds_drug_ai_review,mfds_drug_ai_review:DAR-013,통상수용,0.25,통상수용,통상수용,True,False,True,통상수용,0.6669455494362979,0.23931934691948367,0.09373510364421832,통상수용,0.6621515012205711,0.25652043448232675,0.08132806429710214,통상수용,0.6771576966269277,0.23206738867579899,0.09077491469727325,0.6687515824279323,0.24263572335920314,0.08861269421286457
11,mfds_drug_ai_review,mfds_drug_ai_review:DAR-014,견적반영,0.25,견적반영,견적반영,True,False,True,견적반영,0.2121794714073376,0.5476932722862562,0.24012725630640633,견적반영,0.17028157210009714,0.6457719641841949,0.18394646371570783,견적반영,0.20821975604990148,0.5541411830434794,0.23763906090661924,0.1968935998524454,0.5825354731713102,0.22057092697624447
11,mfds_drug_ai_review,mfds_drug_ai_review:DAR-015,통상수용,0.25,견적반영,견적반영,True,True,False,견적반영,0.27906206028663155,0.42733393022569216,0.2936040094876762,견적반영,0.21474806222210957,0.5283209949504174,0.25693094282747303,견적반영,0.2804066536300878,0.4280083507560282,0.2915849956138839,0.258072258712943,0.4612210919773792,0.2807066493096777
11,mfds_drug_ai_review,mfds_drug_ai_review:DAR-016,통상수용,0.25,견적반영,견적반영,True,True,False,견적반영,0.34687445185789323,0.4834658913691724,0.16965965677293435,견적반영,0.3507010099158563,0.499780151776465,0.14951883830767856,견적반영,0.3606031888278169,0.47354001084979597,0.16585680032238703,0.3527262168671888,0.48559535133181114,0.16167843180099997
11,mfds_drug_ai_review,mfds_drug_ai_review:DAR-017,통상수용,0.25,통상수용,통상수용,True,False,True,통상수용,0.7292281300954507,0.15525270075588754,0.11551916914866177,통상수용,0.8092146631245516,0.10742683607155581,0.08335850080389255,통상수용,0.7381146514412634,0.15084128016536813,0.11104406839336858,0.7588524815537553,0.13784027233093718,0.10330724611530763
11,mfds_drug_ai_review,mfds_drug_ai_review:DAR-018,통상수용,0.25,통상수용,통상수용,True,False,True,통상수용,0.7187418706437527,0.11299816254599115,0.16825996681025612,통상수용,0.789744002280213,0.08683071120287911,0.12342528651690787,통상수용,0.7255689637906021,0.10995477382090676,0.1644762623884912,0.7446849455715226,0.10326121585659236,0.15205383857188506
11,mfds_drug_ai_review,mfds_drug_ai_review:DAR-020,통상수용,0.25,통상수용,통상수용,True,False,True,통상수용,0.5175634146673649,0.2528528621112382,0.22958372322139695,통상수용,0.6072482546558888,0.20835122100212447,0.18440052434198664,통상수용,0.521469753808324,0.25248164854575367,0.22604859764592233,0.5487604743771927,0.2378952438863721,0.2133442817364353
11,mfds_drug_ai_review,mfds_drug_ai_review:DAR-021,통상수용,0.25,통상수용,통상수용,True,False,True,통상수용,0.5946651645825741,0.22482267151879673,0.18051216389862915,통상수용,0.700058954750524,0.16891636685219313,0.1310246783972829,통상수용,0.5997530368728458,0.22366154087733908,0.17658542224981513,0.6314923854019813,0.20580019308277633,0.1627074215152424
11,mfds_drug_ai_review,mfds_drug_ai_review:DAR-022,통상수용,0.25,통상수용,통상수용,True,False,True,통상수용,0.6715381644583517,0.2291945905419503,0.09926724499969804,통상수용,0.754131847852492,0.17661983373470955,0.0692483184127985,통상수용,0.6800401292932784,0.22464141897483103,0.09531845173189059,0.7019033805347074,0.21015194775049695,0.08794467171479571
11,mfds_drug_ai_review,mfds_drug_ai_review:DAR-023,통상수용,0.25,통상수용,통상수용,True,False,True,통상수용,0.6383246724404655,0.1491727877445117,0.21250253981502268,통상수용,0.6898204453801641,0.13770996139592465,0.17246959322391126,통상수용,0.650106774787862,0.14432909466362417,0.20556413054851366,0.659417297536164,0.14373728126802018,0.19684542119581586
11,mfds_drug_ai_review,mfds_drug_ai_review:DAR-024,통상수용,0.25,통상수용,통상수용,True,False,True,통상수용,0.7166467269313526,0.1461816667790194,0.13717160628962805,통상수용,0.8216426755294975,0.09216375610407213,0.08619356836643022,통상수용,0.7173274414624121,0.1464330731828413,0.13623948535474653,0.7518722813077541,0.12825949868864428,0.1198682200036016
11,mfds_drug_ai_review,mfds_drug_ai_review:DAR-025,통상수용,0.25,통상수용,통상수용,True,False,True,통상수용,0.6517165624170962,0.21438499627449292,0.13389844130841097,통상수용,0.7632036378445527,0.1465547774781559,0.09024158467729138,통상수용,0.6633325646265542,0.20819855356049236,0.1284688818129534,0.6927509216294011,0.18971277577104706,0.1175363025995519
11,mfds_drug_ai_review,mfds_drug_ai_review:DAR-026,통상수용,0.25,통상수용,통상수용,True,False,True,통상수용,0.4530399212530943,0.3363232346533256,0.21063684409358016,통상수용,0.48894063369572494,0.3011708695842403,0.20988849672003476,통상수용,0.4710893468758546,0.326920811228883,0.20198984189526237,0.47102330060822456,0.3214716384888163,0.2075050609029591
11,mfds_drug_ai_review,mfds_drug_ai_review:PER-001,통상수용,0.25,통상수용,통상수용,True,False,True,통상수용,0.4528888842141821,0.22555814907845134,0.32155296670736644,통상수용,0.5626582278388144,0.18506861658390586,0.2522731555772797,통상수용,0.4639879337074644,0.219837232200333,0.3161748340922027,0.49317834858682025,0.21015466595423007,0.2966669854589496
11,mfds_drug_ai_review,mfds_drug_ai_review:PER-002,계약·질의검토,0.25,계약·질의검토,계약·질의검토,True,False,True,계약·질의검토,0.23184240390792688,0.1869610591277336,0.5811965369643396,계약·질의검토,0.22099923288165574,0.1632494954768671,0.6157512716414771,계약·질의검토,0.23311452570634625,0.18469923979336073,0.5821862345002929,0.22865205416530962,0.1783032647993205,0.5930446810353699
11,mfds_drug_ai_review,mfds_drug_ai_review:PER-003,계약·질의검토,0.25,계약·질의검토,계약·질의검토,True,False,True,계약·질의검토,0.3446449925954786,0.24196570577620424,0.41338930162831716,계약·질의검토,0.36431246991578775,0.2250727473073521,0.41061478277686025,계약·질의검토,0.3471742254134015,0.23943808626241936,0.41338768832417916,0.3520438959748893,0.2354921797819919,0.4124639242431189
11,mfds_drug_ai_review,mfds_drug_ai_review:PER-004,계약·질의검토,0.25,통상수용,통상수용,True,True,False,통상수용,0.37624779640928374,0.3403956661868897,0.2833565374038265,통상수용,0.42902207175196505,0.3103156153311982,0.26066231291683667,통상수용,0.3768207892670639,0.34044069688852996,0.2827385138444062,0.3940302191427709,0.330383992802206,0.2755857880550231
11,mfds_drug_ai_review,mfds_drug_ai_review:PER-005,계약·질의검토,0.25,계약·질의검토,계약·질의검토,True,False,True,계약·질의검토,0.23914741937034972,0.13873798038111465,0.6221146002485357,계약·질의검토,0.19134501401932,0.10707160899418182,0.7015833769864982,계약·질의검토,0.24078047451465567,0.13642767602056452,0.6227918494647798,0.22375763596810846,0.12741242179862033,0.6488299422332712
11,mfds_drug_ai_review,mfds_drug_ai_review:PER-006,계약·질의검토,0.25,계약·질의검토,계약·질의검토,True,False,True,계약·질의검토,0.3537034885172288,0.14160732534441497,0.5046891861383562,계약·질의검토,0.3482998021549292,0.11693224594431541,0.5347679519007554,계약·질의검토,0.3588883659892641,0.1365605502801473,0.5045510837305885,0.35363055222047407,0.13170004052295922,0.5146694072565667
11,mfds_drug_ai_review,mfds_drug_ai_review:PER-007,계약·질의검토,0.25,계약·질의검토,계약·질의검토,True,False,True,계약·질의검토,0.2535932189707447,0.19094500543820814,0.555461775591047,계약·질의검토,0.24171795641417426,0.14715779351563377,0.611124250070192,계약·질의검토,0.2504853778288566,0.18880965327967136,0.5607049688914719,0.24859885107125854,0.17563748407783775,0.5757636648509036
11,mfds_drug_ai_review,mfds_drug_ai_review:PER-008,계약·질의검토,0.25,계약·질의검토,계약·질의검토,True,False,True,계약·질의검토,0.3351922402752838,0.3111625347879992,0.353645224936717,계약·질의검토,0.3459071931640709,0.28945209504933966,0.36464071178658947,계약·질의검토,0.3376142366977236,0.30902038688822514,0.35336537641405125,0.33957122337902607,0.3032116722418547,0.35721710437911924
11,mfds_drug_ai_review,mfds_drug_ai_review:PER-009,계약·질의검토,0.25,견적반영,견적반영,True,True,False,견적반영,0.2978815490966961,0.3652327837470517,0.3368856671562522,견적반영,0.2749719593129039,0.38119741697787607,0.3438306237092201,견적반영,0.30143478175385374,0.360659047959742,0.33790617028640413,0.2914294300544846,0.3690297495615566,0.3395408203839588
11,mfds_drug_ai_review,mfds_drug_ai_review:PER-010,계약·질의검토,0.25,통상수용,통상수용,True,True,False,통상수용,0.3912747071924988,0.2823980670934464,0.3263272257140548,통상수용,0.4121831821574596,0.24019247998445648,0.34762433785808394,통상수용,0.39956634786086836,0.2784186454459267,0.32201500669320493,0.40100807907027564,0.2670030641746099,0.3319888567551145
11,mfds_drug_ai_review,mfds_drug_ai_review:PMR-001,통상수용,0.25,통상수용,통상수용,True,False,True,통상수용,0.5527593350115845,0.26124201053565455,0.185998654452761,통상수용,0.6398504011489808,0.22467053263316142,0.13547906621785774,통상수용,0.5677388694372959,0.2518530796208483,0.18040805094185583,0.5867828685326204,0.24592187426322143,0.1672952572041582
11,mfds_drug_ai_review,mfds_drug_ai_review:PMR-002,통상수용,0.25,통상수용,통상수용,True,False,True,통상수용,0.6847797360265345,0.16510337795263177,0.15011688602083365,통상수용,0.7850250306365283,0.11390875528195649,0.10106621408151528,통상수용,0.6935266592034076,0.15878521829396894,0.14768812250262348,0.7211104752888234,0.14593245050951908,0.13295707420165745
11,mfds_drug_ai_review,mfds_drug_ai_review:PMR-003,통상수용,0.25,통상수용,통상수용,True,False,True,통상수용,0.6592010653338979,0.13332482700913184,0.20747410765697027,통상수용,0.7271571975863075,0.10843958535085563,0.16440321706283684,통상수용,0.6653390941059514,0.12903892014092797,0.20562198575312063,0.683899119008719,0.12360111083363849,0.1924997701576426
11,mfds_drug_ai_review,mfds_drug_ai_review:PMR-004,통상수용,0.25,통상수용,통상수용,True,False,True,통상수용,0.6767457487970676,0.15175458070871709,0.17149967049421538,통상수용,0.7696980428440898,0.11248293215661853,0.11781902499929167,통상수용,0.6873428041217368,0.14625059921051262,0.16640659666775068,0.7112621985876314,0.13682937069194942,0.15190843072041926
11,mfds_drug_ai_review,mfds_drug_ai_review:PMR-005,통상수용,0.25,통상수용,통상수용,True,False,True,통상수용,0.7243233194776841,0.14204422266448177,0.13363245785783404,통상수용,0.7901546484780282,0.10869065007031162,0.10115470145166006,통상수용,0.735377455955162,0.13571405285682966,0.12890849118800837,0.7499518079702915,0.12881630853054102,0.12123188349916748
11,mfds_drug_ai_review,mfds_drug_ai_review:PMR-006,통상수용,0.25,통상수용,통상수용,True,False,True,통상수용,0.5603909323646781,0.26748352207252757,0.17212554556279436,통상수용,0.6447958652799741,0.22653666215537394,0.12866747256465205,통상수용,0.5715557409784948,0.2604720350324529,0.16797222398905232,0.5922475128743824,0.25149740642011814,0.15625508070549957
11,mfds_drug_ai_review,mfds_drug_ai_review:PMR-007,통상수용,0.25,통상수용,통상수용,True,False,True,통상수용,0.6678941039080125,0.1611968676279272,0.1709090284640603,통상수용,0.7307814153204011,0.1285649775607877,0.14065360711881128,통상수용,0.6733101085325985,0.15792205124825245,0.16876784021914895,0.6906618759203372,0.14922796547898912,0.16011015860067349
11,mfds_drug_ai_review,mfds_drug_ai_review:PMR-008,통상수용,0.25,통상수용,통상수용,True,False,True,통상수용,0.718657398802175,0.13990660365652158,0.14143599754130345,통상수용,0.7245433884139427,0.12124988984380151,0.15420672174225572,통상수용,0.7311866107972975,0.13426521641659883,0.1345481727861036,0.7247957993378051,0.13180723663897398,0.1433969640232209
11,mfds_drug_ai_review,mfds_drug_ai_review:PMR-009,통상수용,0.25,통상수용,통상수용,True,False,True,통상수용,0.5888629790287601,0.16612393295690717,0.24501308801433275,통상수용,0.6179191141905056,0.13891222177629425,0.24316866403320006,통상수용,0.6000556651772591,0.1609394873094813,0.23900484751325973,0.6022792527988415,0.15532521401422758,0.24239553318693083
11,mfds_drug_ai_review,mfds_drug_ai_review:PMR-010,통상수용,0.25,통상수용,통상수용,True,False,True,통상수용,0.6163944573714667,0.1808738617547877,0.2027316808737456,통상수용,0.6802557841593418,0.14095943898643554,0.17878477685422262,통상수용,0.6216953840669038,0.17957607232659156,0.1987285436065046,0.639448541865904,0.16713645768927163,0.1934150004448243
11,mfds_drug_ai_review,mfds_drug_ai_review:PMR-011,통상수용,0.25,통상수용,통상수용,True,False,True,통상수용,0.7787341493576473,0.1180644098653653,0.1032014407769874,통상수용,0.8534097298105549,0.08686812648602257,0.0597221437034226,통상수용,0.7867488941022788,0.11363756005527328,0.09961354584244793,0.8062975910901603,0.10619003213555371,0.08751237677428597
11,mfds_drug_ai_review,mfds_drug_ai_review:PMR-012,통상수용,0.25,통상수용,통상수용,True,False,True,통상수용,0.6829842491402913,0.1496050843550749,0.16741066650463376,통상수용,0.7775366517664638,0.1044077079968148,0.11805564023672141,통상수용,0.6966927661391858,0.1432148037223188,0.1600924301384954,0.7190712223486471,0.13240919869140286,0.1485195789599502
11,mfds_drug_ai_review,mfds_drug_ai_review:PMR-013,통상수용,0.25,통상수용,통상수용,True,False,True,통상수용,0.7140683677447701,0.14341175585634555,0.14251987639888422,통상수용,0.8013388641728058,0.10092102781238914,0.09774010801480515,통상수용,0.7275027538224438,0.13533706584779984,0.13716018032975627,0.74763666191334,0.1265566165055115,0.12580672158114856
11,mfds_drug_ai_review,mfds_drug_ai_review:PMR-014,통상수용,0.25,통상수용,통상수용,True,False,True,통상수용,0.6909520754282633,0.17720059114566183,0.1318473334260748,통상수용,0.7766509719051751,0.13079416295349575,0.09255486514132913,통상수용,0.6958061349380275,0.17152448577248963,0.13266937928948302,0.7211363940904887,0.1598397466238824,0.11902385928562897
11,mfds_drug_ai_review,mfds_drug_ai_review:PMR-015,통상수용,0.25,통상수용,통상수용,True,False,True,통상수용,0.6279656946739655,0.15567125415519298,0.21636305117084156,통상수용,0.7069160715394799,0.12570642960563025,0.16737749885488984,통상수용,0.6379438469588828,0.14935771301020365,0.21269844003091354,0.6576085377241094,0.1435784655903423,0.1988129966855483
11,mfds_drug_ai_review,mfds_drug_ai_review:PMR-016,통상수용,0.25,통상수용,통상수용,True,False,True,통상수용,0.7536431972264159,0.10485408258094477,0.14150272019263924,통상수용,0.8263865182238934,0.07668143496848288,0.09693204680762357,통상수용,0.7597208062899434,0.10175847112662027,0.1385207225834363,0.7799168405800843,0.09443132955868265,0.12565182986123305
11,mfds_drug_ai_review,mfds_drug_ai_review:PMR-017,통상수용,0.25,통상수용,통상수용,True,False,True,통상수용,0.69926560730843,0.14138844280344093,0.1593459498881291,통상수용,0.7878609200419894,0.09558809834472137,0.11655098161328926,통상수용,0.7134543572283465,0.13392198428115548,0.15262365849049803,0.7335269615262553,0.12363284180977259,0.14284019666397213
11,mfds_drug_ai_review,mfds_drug_ai_review:PMR-018,계약·질의검토,0.25,계약·질의검토,계약·질의검토,True,False,True,계약·질의검토,0.3548000098380057,0.21286695251776344,0.43233303764423087,계약·질의검토,0.35473757382191706,0.18186328714182476,0.4633991390362582,계약·질의검토,0.3559956503895235,0.21259689634505166,0.43140745326542485,0.3551777446831488,0.20244237866821327,0.442379876648638
11,mfds_drug_ai_review,mfds_drug_ai_review:PMR-019,통상수용,0.25,통상수용,통상수용,True,False,True,통상수용,0.44685486736982744,0.12893976179998679,0.4242053708301859,통상수용,0.508687420556987,0.12530052816365128,0.3660120512793617,통상수용,0.4475551972890402,0.12705565241212755,0.4253891502988322,0.4676991617386182,0.12709864745858854,0.40520219080279324
11,mfds_drug_ai_review,mfds_drug_ai_review:PMR-020,통상수용,0.25,통상수용,통상수용,True,False,True,통상수용,0.6946508458344685,0.11586417084566711,0.18948498331986452,통상수용,0.8092313905547682,0.0732767573450009,0.11749185210023089,통상수용,0.7009376489185097,0.11146125210276346,0.18760109897872682,0.7349399617692488,0.10020072676447717,0.16485931146627408
11,mfds_drug_ai_review,mfds_drug_ai_review:PMR-021,통상수용,0.25,통상수용,통상수용,True,False,True,통상수용,0.6586368871684355,0.15440703152423857,0.18695608130732597,통상수용,0.7612995195224275,0.1091299202147902,0.1295705602627823,통상수용,0.6645894390221808,0.14908752845475248,0.1863230325230667,0.6948419485710146,0.1375414933979271,0.16761655803105832
11,mfds_drug_ai_review,mfds_drug_ai_review:PMR-022,통상수용,0.25,통상수용,통상수용,True,False,True,통상수용,0.6706569492294148,0.1578828083004102,0.1714602424701751,통상수용,0.7549395144100889,0.1233961017415965,0.12166438384831457,통상수용,0.6835143328665342,0.1508533441242785,0.16563232300918745,0.7030369321686792,0.14404408472209507,0.15291898310922572
11,mfds_drug_ai_review,mfds_drug_ai_review:PMR-023,통상수용,0.25,통상수용,통상수용,True,False,True,통상수용,0.4801060047337157,0.26450502379342555,0.2553889714728589,통상수용,0.5010439613956894,0.28631001412418877,0.21264602448012188,통상수용,0.4908308155187371,0.25761449476451065,0.2515546897167523,0.49066026054938067,0.2694765108940416,0.23986322855657768
11,mfds_drug_ai_review,mfds_drug_ai_review:PMR-024,통상수용,0.25,통상수용,통상수용,True,False,True,통상수용,0.6077852705448316,0.18913789802919245,0.20307683142597588,통상수용,0.7038369516226425,0.14225285609880314,0.15391019227855435,통상수용,0.6138811538840816,0.1843292374648211,0.20178960865109738,0.6418344586838519,0.17190666386427222,0.18625887745187586
11,mfds_drug_ai_review,mfds_drug_ai_review:PMR-025,통상수용,0.25,통상수용,통상수용,True,False,True,통상수용,0.7454092484221859,0.1407131169005389,0.11387763467727519,통상수용,0.8337812569541301,0.09470114816979676,0.07151759487607325,통상수용,0.754561518442201,0.13467808389993702,0.11076039765786198,0.777917341272839,0.12336411632342421,0.0987185424037368
11,mfds_drug_ai_review,mfds_drug_ai_review:PMR-026,통상수용,0.25,통상수용,통상수용,True,False,True,통상수용,0.5542433655065294,0.2679230136165018,0.1778336208769688,통상수용,0.5785699508526035,0.2581648664655036,0.16326518268189294,통상수용,0.5610857918677965,0.2632868619948808,0.17562734613732256,0.5646330360756432,0.2631249140256287,0.17224204989872813
11,mfds_drug_ai_review,mfds_drug_ai_review:PSR-001,통상수용,0.25,통상수용,통상수용,True,False,True,통상수용,0.45085038860458204,0.13788129184132364,0.4112683195540943,통상수용,0.5131626554314571,0.13140858759516147,0.35542875697338144,통상수용,0.45421862174196215,0.13293025588847643,0.41285112236956145,0.4727438885926671,0.13407337844165382,0.393182732965679
11,mfds_drug_ai_review,mfds_drug_ai_review:PSR-002,통상수용,0.25,통상수용,통상수용,True,False,True,통상수용,0.6345725555758834,0.23760546783044129,0.12782197659367533,통상수용,0.6738020698351562,0.22007759699263554,0.10612033317220827,통상수용,0.6418368092776936,0.23519147793664244,0.12297171278566389,0.6500704782295778,0.23095818091990641,0.11897134085051582
11,mfds_drug_ai_review,mfds_drug_ai_review:PSR-003,통상수용,0.25,계약·질의검토,계약·질의검토,True,True,False,계약·질의검토,0.41018708482136845,0.12196697740317948,0.467845937775452,계약·질의검토,0.4411136624453367,0.09582583490233913,0.46306050265232424,계약·질의검토,0.42134299062902125,0.11692951072132848,0.46172749864965024,0.4242145792985754,0.11157410767561571,0.4642113130258088
11,mfds_drug_ai_review,mfds_drug_ai_review:PSR-004,통상수용,0.25,통상수용,통상수용,True,False,True,통상수용,0.6127845549346067,0.18830236907340467,0.19891307599198868,통상수용,0.6624819366422465,0.16670657547057338,0.17081148788718012,통상수용,0.6201469009195542,0.18392409575650684,0.195929003323939,0.6318044641654691,0.17964434676682828,0.1885511890677026
11,mfds_drug_ai_review,mfds_drug_ai_review:PSR-005,통상수용,0.25,통상수용,통상수용,True,False,True,통상수용,0.55585177758185,0.14190907438630293,0.3022391480318471,통상수용,0.6373941406038793,0.10317706345928768,0.259428795936833,통상수용,0.5611292926403788,0.13948789439419348,0.2993828129654277,0.584791736942036,0.12819134407992802,0.2870169189780359
11,mfds_drug_ai_review,mfds_drug_ai_review:PSR-006,계약·질의검토,0.25,계약·질의검토,계약·질의검토,True,False,True,계약·질의검토,0.33174126982035795,0.30316672921572657,0.36509200096391553,계약·질의검토,0.3300835012459321,0.33076089157603084,0.33915560717803706,계약·질의검토,0.34427134329383263,0.29400625843120787,0.36172239827495944,0.33536537145337425,0.30931129307432176,0.355323335472304
11,mfds_drug_ai_review,mfds_drug_ai_review:PSR-007,통상수용,0.25,통상수용,통상수용,True,False,True,통상수용,0.5535898618384011,0.17996170264749436,0.2664484355141046,통상수용,0.5500852249155154,0.19046388010227236,0.2594508949822123,통상수용,0.5653791087910902,0.17341197852777512,0.2612089126811346,0.5563513985150023,0.18127918709251398,0.2623694143924838
11,mfds_drug_ai_review,mfds_drug_ai_review:PSR-008,통상수용,0.25,통상수용,통상수용,True,False,True,통상수용,0.650770000278767,0.15480550790003098,0.19442449182120206,통상수용,0.68255008948335,0.13218552332405312,0.18526438719259683,통상수용,0.6576959357807795,0.15045946140823502,0.1918446028109855,0.6636720085142988,0.1458168308774397,0.19051116060826145
11,mfds_drug_ai_review,mfds_drug_ai_review:PSR-009,견적반영,0.25,통상수용,통상수용,True,True,False,통상수용,0.6513642452968388,0.16641725704965896,0.1822184976535022,통상수용,0.7317959794399508,0.1229943129318253,0.14520970762822383,통상수용,0.6648270019504949,0.15873364240133986,0.17643935564816518,0.6826624088957615,0.14938173746094138,0.16795585364329704
11,mfds_drug_ai_review,mfds_drug_ai_review:PSR-010,계약·질의검토,0.25,통상수용,통상수용,True,True,False,통상수용,0.579171212403879,0.227529926353293,0.19329886124282802,통상수용,0.6236965877703429,0.19656996617730454,0.17973344605235259,통상수용,0.5771325438602873,0.2273561971573761,0.19551125898233654,0.593333448011503,0.21715202989599122,0.18951452209250572
11,mfds_drug_ai_review,mfds_drug_ai_review:PSR-011,계약·질의검토,0.25,계약·질의검토,계약·질의검토,True,False,True,계약·질의검토,0.35585808581848527,0.1582285349548976,0.48591337922661704,계약·질의검토,0.3507105530828355,0.11830734909461164,0.5309820978225529,계약·질의검토,0.3644079048490912,0.1566340263328796,0.47895806881802927,0.3569921812501373,0.14438997012746294,0.4986178486223997
11,mfds_drug_ai_review,mfds_drug_ai_review:PSR-012,통상수용,0.25,통상수용,통상수용,True,False,True,통상수용,0.47717792603968934,0.1795313787518726,0.3432906952084379,통상수용,0.46582590652661354,0.16194357881564894,0.3722305146577376,통상수용,0.4871795960629625,0.17450407309542115,0.3383163308416164,0.47672780954308847,0.1719930102209809,0.3512791802359307
11,mfds_drug_ai_review,mfds_drug_ai_review:PSR-013,통상수용,0.25,통상수용,통상수용,True,False,True,통상수용,0.47124401205982946,0.2962087455990184,0.23254724234115215,통상수용,0.5069207027952677,0.2681328296762152,0.22494646752851713,통상수용,0.4850562496819435,0.2846942844287252,0.2302494658893314,0.48774032151234686,0.28301195323465295,0.22924772525300022
11,mfds_drug_ai_review,mfds_drug_ai_review:PSR-014,통상수용,0.25,견적반영,견적반영,True,True,False,견적반영,0.3971304607943797,0.4830555091846569,0.11981403002096347,견적반영,0.367849275303223,0.5517526000627777,0.08039812463399923,견적반영,0.4005767037236836,0.48084505994680693,0.1185782363295096,0.3885188132737621,0.5052177230647472,0.10626346366149077
11,mfds_drug_ai_review,mfds_drug_ai_review:PSR-015,계약·질의검토,0.25,통상수용,통상수용,True,True,False,통상수용,0.4888308817320116,0.2488421527179466,0.26232696555004176,통상수용,0.5311612138085137,0.2226471455268722,0.2461916406646141,통상수용,0.4803990546047385,0.2541263924307705,0.26547455296449096,0.5001303833817546,0.2418718968918631,0.25799771972638225
11,mfds_drug_ai_review,mfds_drug_ai_review:QUR-001,통상수용,0.25,통상수용,통상수용,True,False,True,통상수용,0.637920437128014,0.1717690339469511,0.19031052892503492,통상수용,0.774770626003546,0.10726898309112101,0.117960390905333,통상수용,0.6407637417402836,0.17118376117802778,0.18805249708168859,0.6844849349572812,0.1500739260720333,0.1654411389706855
11,mfds_drug_ai_review,mfds_drug_ai_review:QUR-003,통상수용,0.25,통상수용,통상수용,True,False,True,통상수용,0.6669366519137157,0.17525389648751602,0.1578094515987682,통상수용,0.7528266708636593,0.1319126824833569,0.11526064665298379,통상수용,0.6757537354326336,0.17024100649217253,0.15400525807519383,0.6985056860700029,0.15913586182101516,0.14235845210898193
11,mfds_drug_ai_review,mfds_drug_ai_review:QUR-004,통상수용,0.25,통상수용,통상수용,True,False,True,통상수용,0.6991183842630891,0.13308343616671814,0.16779817957019275,통상수용,0.7843742882668938,0.0890203102485237,0.1266054014845825,통상수용,0.7073073569473509,0.12942168478370733,0.16327095826894172,0.7302666764924446,0.11717514373298306,0.15255817977457234
11,mfds_drug_ai_review,mfds_drug_ai_review:QUR-005,통상수용,0.25,통상수용,통상수용,True,False,True,통상수용,0.667706185448143,0.14680235207980002,0.18549146247205694,통상수용,0.7878621826246681,0.09531151539157373,0.11682630198375822,통상수용,0.6695635913635489,0.1454190742898038,0.1850173343466472,0.70837731981212,0.12917764725372585,0.1624450329341541
11,mfds_drug_ai_review,mfds_drug_ai_review:SER-001,계약·질의검토,0.25,통상수용,통상수용,True,True,False,통상수용,0.431238914282009,0.17175800458652118,0.39700308113146976,통상수용,0.47846756115709904,0.13604295715436543,0.3854894816885356,통상수용,0.4445631203474022,0.165715888754517,0.3897209908980809,0.45142319859550345,0.15783895016513452,0.39073785123936206
11,mfds_drug_ai_review,mfds_drug_ai_review:SER-003,통상수용,0.25,통상수용,통상수용,True,False,True,통상수용,0.5168985404077312,0.1578357610990802,0.32526569849318854,통상수용,0.5299600401628868,0.13929486268548083,0.3307450971516324,통상수용,0.5227062015887041,0.15595720234407276,0.3213365960672232,0.5231882607197741,0.15102927537621125,0.3257824639040147
11,mfds_drug_ai_review,mfds_drug_ai_review:SER-004,통상수용,0.25,통상수용,통상수용,True,False,True,통상수용,0.45283436761423623,0.24023187316145944,0.30693375922430444,통상수용,0.5304634741202122,0.20400965175855673,0.26552687412123105,통상수용,0.458976892822591,0.2359444117210429,0.305078695456366,0.4807582448523465,0.22672864554701969,0.29251310960063387
11,mfds_drug_ai_review,mfds_drug_ai_review:SER-005,통상수용,0.25,견적반영,견적반영,True,True,False,견적반영,0.37984079824775385,0.43944955652190326,0.18070964523034289,견적반영,0.37032683182511694,0.46199815952247186,0.16767500865241128,견적반영,0.3928330877927718,0.43260465607665677,0.1745622561305714,0.3810002392885476,0.444684124040344,0.17431563667110853
11,mfds_drug_ai_review,mfds_drug_ai_review:SER-006,통상수용,0.25,통상수용,통상수용,True,False,True,통상수용,0.44988145037739313,0.20162329749547034,0.34849525212713645,통상수용,0.4992867240181032,0.18644207211971445,0.3142712038621823,통상수용,0.4561154635794206,0.1978892295454048,0.34599530687517455,0.4684278793249723,0.1953181997201965,0.33625392095483103
11,mfds_drug_ai_review,mfds_drug_ai_review:SER-007,통상수용,0.25,통상수용,통상수용,True,False,True,통상수용,0.6185003524007344,0.18943549563314965,0.19206415196611598,통상수용,0.7000360083975098,0.14033674844593497,0.1596272431565553,통상수용,0.6286787787186704,0.18484670345998994,0.1864745178213397,0.6490717131723048,0.17153964917969153,0.17938863764800364
11,mfds_drug_ai_review,mfds_drug_ai_review:SER-008,계약·질의검토,0.25,통상수용,통상수용,True,True,False,통상수용,0.4542033824403925,0.2707513698257052,0.2750452477339024,통상수용,0.49067354862860196,0.2732966896645301,0.23602976170686807,통상수용,0.45248704159747205,0.27199719273224665,0.2755157656702814,0.4657879908888221,0.27201508407416064,0.2621969250370173
11,mfds_drug_ai_review,mfds_drug_ai_review:SER-009,통상수용,0.25,통상수용,통상수용,True,False,True,통상수용,0.6152648612141947,0.2017898613474227,0.1829452774383826,통상수용,0.7008626834985396,0.1502580205781752,0.1488792959232852,통상수용,0.616178666944298,0.20087742794732613,0.18294390510837585,0.6441020705523441,0.184308436624308,0.1715894928233479
11,mfds_drug_ai_review,mfds_drug_ai_review:SER-010,통상수용,0.25,통상수용,통상수용,True,False,True,통상수용,0.49592995758370895,0.2647086029139522,0.23936143950233899,통상수용,0.5327089908013385,0.2422470570260548,0.22504395217260664,통상수용,0.5085201065412605,0.25911426164776274,0.2323656318109767,0.5123863516421027,0.2553566405292566,0.23225700782864078
11,mfds_drug_ai_review,mfds_drug_ai_review:SER-011,통상수용,0.25,통상수용,통상수용,True,False,True,통상수용,0.5648039528361372,0.2971808564468003,0.13801519071706247,통상수용,0.6689065623406826,0.22087848514073385,0.11021495251858356,통상수용,0.5736879204961581,0.29273691423590503,0.13357516526793686,0.602466145224326,0.27026541860781306,0.12726843616786096
11,mfds_drug_ai_review,mfds_drug_ai_review:SER-012,통상수용,0.25,통상수용,통상수용,True,False,True,통상수용,0.4488797840071831,0.2157891039794509,0.33533111201336596,통상수용,0.48093885251384766,0.1925204908139246,0.3265406566722276,통상수용,0.4555761497721307,0.21435929620433097,0.33006455402353824,0.4617982620977205,0.2075562969992355,0.33064544090304393
11,mfds_drug_ai_review,mfds_drug_ai_review:SER-014,통상수용,0.25,통상수용,통상수용,True,False,True,통상수용,0.48566398515824144,0.3033275905306929,0.21100842431106562,통상수용,0.5520122819348211,0.25265776360167463,0.1953299544635042,통상수용,0.4907424408403431,0.2996303432676763,0.20962721589198047,0.5094729026444685,0.28520523246668134,0.2053218648888501
11,mfds_drug_ai_review,mfds_drug_ai_review:SER-015,통상수용,0.25,통상수용,통상수용,True,False,True,통상수용,0.4796056417127554,0.25096487467717876,0.2694294836100658,통상수용,0.4946561826201981,0.23503023969258116,0.2703135776872208,통상수용,0.4839291910974313,0.2479034090721847,0.26816739983038396,0.4860636718101283,0.24463284114731487,0.26930348704255685
11,mfds_drug_ai_review,mfds_drug_ai_review:SER-016,통상수용,0.25,통상수용,통상수용,True,False,True,통상수용,0.5074487179196941,0.29558210022213866,0.19696918185816728,통상수용,0.5369441880056222,0.257423750485617,0.2056320615087608,통상수용,0.508556071173327,0.2938492226966549,0.197594706130018,0.5176496590328811,0.28228502446813686,0.200065316498982
11,mfds_drug_ai_review,mfds_drug_ai_review:SER-017,통상수용,0.25,통상수용,통상수용,True,False,True,통상수용,0.43833920654313807,0.2799458179957298,0.28171497546113206,통상수용,0.4561887691758884,0.2419855938549408,0.30182563696917086,통상수용,0.44316776870898555,0.27375913102022337,0.28307310027079113,0.4458985814760041,0.26523018095696466,0.2888712375670313
11,mfds_drug_ai_review,mfds_drug_ai_review:SER-018,통상수용,0.25,통상수용,통상수용,True,False,True,통상수용,0.5099267881366424,0.20758657096025437,0.28248664090310316,통상수용,0.560010195546506,0.18831057057762,0.251679233875874,통상수용,0.5167792888134377,0.20325561267122808,0.2799650985153342,0.5289054241655288,0.19971758473636747,0.2713769910981038
11,mfds_drug_ai_review,mfds_drug_ai_review:SFR-003,견적반영,0.25,계약·질의검토,계약·질의검토,True,True,False,계약·질의검토,0.3436478392973468,0.3073577048670022,0.348994455835651,계약·질의검토,0.3237038668365185,0.31701591555128295,0.35928021761219847,계약·질의검토,0.3355371335069612,0.3137918305393152,0.3506710359537236,0.3342962798802755,0.31272181698586676,0.3529819031338577
11,mfds_drug_ai_review,mfds_drug_ai_review:SFR-004,계약·질의검토,0.25,통상수용,통상수용,True,True,False,통상수용,0.437650703571421,0.30547913382563097,0.2568701626029481,통상수용,0.5089026784198237,0.27350499872433287,0.21759232285584343,통상수용,0.439159134909978,0.3052941633906135,0.2555467016994085,0.4619041723004076,0.29475943198019244,0.24333639571940002
11,mfds_drug_ai_review,mfds_drug_ai_review:SFR-005,견적반영,0.25,통상수용,통상수용,True,True,False,통상수용,0.4749120077677483,0.32937313954586794,0.19571485268638367,통상수용,0.5172647082705776,0.30487831233841634,0.17785697939100611,통상수용,0.4762806393927147,0.3288748896741586,0.19484447093312665,0.4894857851436802,0.32104211385281434,0.18947210100350545
11,mfds_drug_ai_review,mfds_drug_ai_review:SFR-006,계약·질의검토,0.25,통상수용,통상수용,True,True,False,통상수용,0.4700897879064742,0.3235074723275462,0.20640273976597973,통상수용,0.5273006143835078,0.30389064829804074,0.1688087373184515,통상수용,0.4673353114025911,0.3268499386702117,0.20581474992719725,0.48824190456419103,0.3180826864319329,0.19367540900387617
11,mfds_drug_ai_review,mfds_drug_ai_review:SFR-007,계약·질의검토,0.25,계약·질의검토,계약·질의검토,True,False,True,계약·질의검토,0.33080975660980255,0.2984823044290219,0.37070793896117554,계약·질의검토,0.32895586002805216,0.31816595967950584,0.352878180292442,계약·질의검토,0.32944948649050015,0.29943785743660967,0.3711126560728901,0.32973836770945164,0.30536204051504584,0.3648995917755025
11,mfds_drug_ai_review,mfds_drug_ai_review:SFR-008,통상수용,0.25,견적반영,견적반영,True,True,False,견적반영,0.32235892132571364,0.5597759035745838,0.11786517509970253,견적반영,0.35151504495125896,0.5633331852223964,0.08515176982634479,견적반영,0.32140020711914874,0.5621480100111839,0.11645178286966741,0.3317580577987071,0.5617523662693881,0.1064895759319049
11,mfds_drug_ai_review,mfds_drug_ai_review:SFR-009,통상수용,0.25,견적반영,견적반영,False,False,True,견적반영,0.41043887387231937,0.4276371062118211,0.16192401991585945,통상수용,0.4265811867576058,0.41972189006042987,0.1536969231819643,견적반영,0.4133785895536946,0.4309780109644666,0.15564339948183883,0.41679955006120656,0.4261123357455725,0.15708811419322086
11,mfds_drug_ai_review,mfds_drug_ai_review:SFR-010,통상수용,0.25,통상수용,통상수용,True,False,True,통상수용,0.4845400873762006,0.4299820466512597,0.08547786597253976,통상수용,0.4849754485209055,0.44855762630144275,0.0664669251776517,통상수용,0.4892209278958513,0.4289098578941674,0.08186921420998121,0.4862454879309858,0.43581651028228996,0.07793800178672422
11,mfds_drug_ai_review,mfds_drug_ai_review:SFR-011,통상수용,0.25,통상수용,통상수용,True,False,True,통상수용,0.4408516373273983,0.3207395485391468,0.23840881413345474,통상수용,0.46692116007236417,0.32745407509421104,0.20562476483342465,통상수용,0.43885373372237974,0.32175185994624306,0.23939440633137724,0.4488755103740474,0.3233151611932003,0.22780932843275223
11,mfds_drug_ai_review,mfds_drug_ai_review:SFR-012,견적반영,0.25,통상수용,통상수용,True,True,False,통상수용,0.3965846131674556,0.25969788513879244,0.3437175016937519,통상수용,0.4213959301518528,0.25416734754701553,0.32443672230113174,통상수용,0.39326143349127,0.25820847675521763,0.3485300897535124,0.40374732560352616,0.2573579031470085,0.3388947712494654
11,mfds_drug_ai_review,mfds_drug_ai_review:SFR-013,통상수용,0.25,통상수용,통상수용,True,False,True,통상수용,0.4313583050028805,0.34677091909635743,0.221870775900762,통상수용,0.4563767552576375,0.3554949942434784,0.18812825049888404,통상수용,0.43696886053727935,0.3432772022002343,0.21975393726248638,0.44156797359926586,0.3485143718466901,0.20991765455404413
11,mfds_drug_ai_review,mfds_drug_ai_review:SFR-014,견적반영,0.25,통상수용,통상수용,True,True,False,통상수용,0.4520820154148306,0.3301730800741526,0.21774490451101675,통상수용,0.483089984726782,0.33280972813211457,0.1841002871411034,통상수용,0.4491768914837575,0.3318161065133947,0.2190070020028478,0.46144963054179006,0.3315996382398873,0.20695073121832266
11,mfds_drug_ai_review,mfds_drug_ai_review:SFR-015,견적반영,0.25,견적반영,견적반영,True,False,True,견적반영,0.3589434272295691,0.4104855863027581,0.23057098646767288,견적반영,0.36300784889923904,0.4331189999289697,0.2038731511717912,견적반영,0.3574969105181092,0.4100072057512848,0.23249588373060603,0.35981606221563917,0.4178705973276709,0.22231334045669005
11,mfds_drug_ai_review,mfds_drug_ai_review:SFR-016,통상수용,0.25,견적반영,견적반영,False,False,True,견적반영,0.3844760952399904,0.3850268688599863,0.23049703590002332,견적반영,0.33056618764276197,0.4753017703575718,0.1941320419996662,통상수용,0.38607387508163377,0.3824629099744614,0.2314632149439049,0.367038719321462,0.4142638497306732,0.21869743094786478
11,mfds_drug_ai_review,mfds_drug_ai_review:SFR-017,계약·질의검토,0.25,통상수용,통상수용,True,True,False,통상수용,0.37467828693838423,0.33160870025413663,0.2937130128074791,통상수용,0.3933558708724602,0.33573211563150396,0.27091201349603583,통상수용,0.370305000877937,0.334611066501007,0.29508393262105603,0.3794463862295938,0.33398396079554926,0.286569652974857
11,mfds_drug_ai_review,mfds_drug_ai_review:SFR-018,견적반영,0.25,견적반영,견적반영,True,False,True,견적반영,0.3719803704225371,0.40331436079004584,0.22470526878741692,견적반영,0.3419315542819148,0.4706571050161354,0.18741134070194976,견적반영,0.3714988872856108,0.40522064490506127,0.22328046780932798,0.3618036039966876,0.42639737023708085,0.21179902576623155
11,mfds_drug_ai_review,mfds_drug_ai_review:SFR-019,견적반영,0.25,통상수용,통상수용,True,True,False,통상수용,0.41243692834130435,0.3452964314578175,0.24226664020087813,통상수용,0.4187874320623398,0.38474207195996296,0.19647049597769733,통상수용,0.4098587782097202,0.3492611375300954,0.24088008426018434,0.41369437953778815,0.3597665469826253,0.2265390734795866
11,mfds_drug_ai_review,mfds_drug_ai_review:SFR-021,통상수용,0.25,통상수용,통상수용,True,False,True,통상수용,0.48710727487716216,0.3325632088850927,0.18032951623774518,통상수용,0.5221622220771751,0.2875836990573681,0.1902540788654568,통상수용,0.4993475308499419,0.32418730295790227,0.17646516619215585,0.5028723426014263,0.31477807030012106,0.18234958709845261
11,mfds_drug_ai_review,mfds_drug_ai_review:SFR-022,통상수용,0.25,통상수용,통상수용,True,False,True,통상수용,0.5146622445407903,0.24177873427895644,0.2435590211802532,통상수용,0.5432046823779016,0.23268755595372645,0.2241077616683719,통상수용,0.5315959111242676,0.23105730572753724,0.2373467831481951,0.5298209460143198,0.23517453198674007,0.23500452199894006
11,mfds_drug_ai_review,mfds_drug_ai_review:SFR-023,통상수용,0.25,통상수용,통상수용,True,False,True,통상수용,0.4874491902902906,0.3163717737665449,0.1961790359431645,통상수용,0.5220137909310439,0.31017313103418176,0.16781307803477427,통상수용,0.5013596746443756,0.3071142046415356,0.1915261207140889,0.5036075519552367,0.31121970314742076,0.18517274489734256
11,mfds_drug_ai_review,mfds_drug_ai_review:SFR-024,통상수용,0.25,통상수용,통상수용,True,False,True,통상수용,0.5152882516826293,0.3402450592116319,0.1444666891057388,통상수용,0.5689538208853768,0.3234119910197107,0.1076341880949125,통상수용,0.5191781997064759,0.3363177728895404,0.14450402740398363,0.534473424091494,0.3333249410402943,0.13220163486821165
11,mfds_drug_ai_review,mfds_drug_ai_review:SFR-025,통상수용,0.25,통상수용,통상수용,True,False,True,통상수용,0.5621317525294236,0.33551836351762976,0.10234988395294661,통상수용,0.621614284296123,0.3048804204016888,0.07350529530218819,통상수용,0.5775011520918457,0.32433251475670916,0.09816633315144517,0.5870823963057975,0.3215770995586759,0.09134050413552665
11,mfds_drug_ai_review,mfds_drug_ai_review:SFR-026,통상수용,0.25,통상수용,통상수용,True,False,True,통상수용,0.47488712505255815,0.36691552409560235,0.15819735085183953,통상수용,0.4876767671748832,0.37668251493846255,0.13564071788665436,통상수용,0.4809539200974359,0.3640353550829089,0.15501072481965517,0.48117260410829243,0.3692111313723246,0.149616264519383
11,mfds_drug_ai_review,mfds_drug_ai_review:SFR-027,견적반영,0.25,견적반영,계약·질의검토,False,False,True,견적반영,0.2546447513834035,0.39833694280960036,0.347018305806996,계약·질의검토,0.22508754538081902,0.37770291971889863,0.3972095349002824,견적반영,0.2488507720114036,0.4054404408971724,0.345708787091424,0.2428610229252087,0.39382676780855713,0.36331220926623414
11,mfds_drug_ai_review,mfds_drug_ai_review:SFR-028,견적반영,0.25,통상수용,통상수용,True,True,False,통상수용,0.3583735462138275,0.34784737130011323,0.2937790824860592,통상수용,0.39894863712915934,0.325146545432823,0.2759048174380177,통상수용,0.3590724684052561,0.35175882942966363,0.2891687021650803,0.37213155058274766,0.3415842487208666,0.28628420069638577
11,mfds_drug_ai_review,mfds_drug_ai_review:SFR-029,통상수용,0.25,견적반영,견적반영,True,True,False,견적반영,0.3348605548505952,0.37523162695120554,0.28990781819819933,견적반영,0.3525543632840836,0.36697160476317675,0.2804740319527398,견적반영,0.33591624167329415,0.37845652494900933,0.28562723337769663,0.34111038660265763,0.3735532522211305,0.2853363611762119
11,mfds_drug_ai_review,mfds_drug_ai_review:SFR-030,통상수용,0.25,견적반영,견적반영,True,True,False,견적반영,0.3534143073197989,0.3699583593879468,0.27662733329225425,견적반영,0.36839050060144113,0.3736536574901941,0.25795584190836474,견적반영,0.3496585858668091,0.37627704380065874,0.2740643703325323,0.35715446459601635,0.37329635355959984,0.26954918184438376
11,mfds_drug_ai_review,mfds_drug_ai_review:SFR-031,통상수용,0.25,견적반영,견적반영,True,True,False,견적반영,0.3133756506462114,0.42664605885531304,0.2599782904984756,견적반영,0.34244707716612666,0.42019232101481163,0.23736060181906174,견적반영,0.30949586846592925,0.43126787764204144,0.25923625389202926,0.3217728654260891,0.426035419170722,0.2521917154031889
11,mfds_drug_ai_review,mfds_drug_ai_review:SFR-032,통상수용,0.25,통상수용,통상수용,True,False,True,통상수용,0.3745764156434099,0.3378160215858241,0.28760756277076616,통상수용,0.39345890817270257,0.3178481562365454,0.28869293559075204,통상수용,0.37690527496135584,0.3377867333484522,0.28530799169019194,0.38164686625915606,0.33115030372360726,0.28720283001723673
11,mfds_drug_ai_review,mfds_drug_ai_review:SFR-033,통상수용,0.25,통상수용,통상수용,True,False,True,통상수용,0.5594057213203996,0.22025835120856482,0.22033592747103564,통상수용,0.6300739847800129,0.17300555590621414,0.19692045931377292,통상수용,0.5631941160162706,0.21657369089814182,0.2202321930855876,0.5842246073722276,0.20327919933764027,0.21249619329013206
11,mfds_drug_ai_review,mfds_drug_ai_review:SFR-034,통상수용,0.25,통상수용,통상수용,True,False,True,통상수용,0.3918958110618548,0.3817711241236322,0.22633306481451293,통상수용,0.4060553008848196,0.3720708262103789,0.22187387290480143,통상수용,0.3895940340422186,0.38395526633295146,0.2264506996248299,0.3958483819962977,0.3792657388889875,0.22488587911471472
11,mfds_drug_ai_review,mfds_drug_ai_review:SFR-035,견적반영,0.25,통상수용,통상수용,True,True,False,통상수용,0.47118732529568474,0.22735824407548216,0.30145443062883326,통상수용,0.5237745709565753,0.18064596209443165,0.29557946694899306,통상수용,0.47431904955348525,0.2263731421543305,0.2993078082921842,0.4897603152685817,0.21145911610808144,0.29878056862333685
11,mfds_drug_ai_review,mfds_drug_ai_review:SFR-036,통상수용,0.25,통상수용,통상수용,True,False,True,통상수용,0.587605445877298,0.26350801146569014,0.14888654265701187,통상수용,0.603033332014881,0.2729105373860054,0.12405613059911369,통상수용,0.5903058469263036,0.26418410898414635,0.14551004408954998,0.5936482082728275,0.2668675526119473,0.13948423911522517
11,mfds_drug_ai_review,mfds_drug_ai_review:SFR-037,통상수용,0.25,통상수용,통상수용,True,False,True,통상수용,0.5010851111130824,0.3422212014125748,0.1566936874743428,통상수용,0.5614696066092882,0.31211849501061234,0.1264118983800995,통상수용,0.5073640305926959,0.3397860491071861,0.15284992030011796,0.5233062494383555,0.3313752485101244,0.1453185020515201
11,mfds_drug_ai_review,mfds_drug_ai_review:SFR-038,통상수용,0.25,통상수용,통상수용,True,False,True,통상수용,0.5433218846656295,0.2975382887413337,0.15913982659303683,통상수용,0.5738498028410406,0.2942604552496063,0.13188974190935307,통상수용,0.5517716409747764,0.2939749039725223,0.15425345505270133,0.5563144428271488,0.29525788265448744,0.14842767451836375
11,mfds_drug_ai_review,mfds_drug_ai_review:SFR-039,통상수용,0.25,견적반영,견적반영,True,True,False,견적반영,0.32336599410522826,0.38533008734883184,0.29130391854593995,견적반영,0.3130762526212371,0.41548948041589717,0.27143426696286566,견적반영,0.3202437824537031,0.38656043276153107,0.29319578478476593,0.3188953430600562,0.39579333350875334,0.28531132343119053
11,mfds_drug_ai_review,mfds_drug_ai_review:SFR-040,통상수용,0.25,통상수용,통상수용,True,False,True,통상수용,0.45476695915300946,0.3168964562925034,0.2283365845544872,통상수용,0.46043690004430815,0.3282609537227097,0.2113021462329822,통상수용,0.4611665116212541,0.3151002737268078,0.223733214651938,0.4587901236061906,0.32008589458067366,0.22112398181313578
11,mfds_drug_ai_review,mfds_drug_ai_review:SFR-041,통상수용,0.25,통상수용,통상수용,True,False,True,통상수용,0.5403631329726288,0.33197575926795025,0.12766110775942083,통상수용,0.580328421806917,0.33217390828616467,0.08749766990691833,통상수용,0.5522782416205205,0.3229475113264289,0.1247742470530505,0.557656598800022,0.3290323929601813,0.11331100823979656
11,mfds_drug_ai_review,mfds_drug_ai_review:SFR-042,통상수용,0.25,통상수용,통상수용,True,False,True,통상수용,0.602483066756665,0.2923591320993904,0.10515780114394467,통상수용,0.636141157053739,0.28257262557939494,0.0812862173668662,통상수용,0.6111451775735187,0.2861792976583652,0.10267552476811607,0.6165898004613076,0.2870370184457169,0.09637318109297566
11,mfds_drug_ai_review,mfds_drug_ai_review:SFR-043,통상수용,0.25,통상수용,통상수용,False,False,True,견적반영,0.4164827624141216,0.4345044959605748,0.14901274162530362,통상수용,0.4560403902858872,0.4038727761281967,0.1400868335859161,견적반영,0.4219337927971914,0.4312750042775088,0.14679120292529985,0.43148564849906673,0.4232174254554268,0.1452969260455065
11,mfds_drug_ai_review,mfds_drug_ai_review:SFR-044,통상수용,0.25,통상수용,통상수용,True,False,True,통상수용,0.6213887534731284,0.2768290722288267,0.1017821742980449,통상수용,0.6878191371412006,0.24412506315847846,0.06805579970032088,통상수용,0.6233667999885469,0.27554911284495376,0.10108408716649939,0.644191563534292,0.2655010827440863,0.09030735372162173
11,mfds_drug_ai_review,mfds_drug_ai_review:SFR-045,계약·질의검토,0.25,견적반영,견적반영,True,True,False,견적반영,0.16530898668409932,0.516684692799841,0.3180063205160597,견적반영,0.14952111055609263,0.519781371600973,0.3306975178429344,견적반영,0.16064605769803147,0.5217310042058999,0.3176229380960687,0.15849205164607447,0.5193990228689046,0.3221089254850209
11,mfds_drug_ai_review,mfds_drug_ai_review:SFR-047,통상수용,0.25,통상수용,통상수용,True,False,True,통상수용,0.3963417090676095,0.3944142371630104,0.20924405376938002,통상수용,0.4071900348036499,0.39258960392750664,0.20022036126884346,통상수용,0.39994873096082567,0.39311609125732483,0.20693517778184964,0.4011601582773617,0.393373310782614,0.2054665309400244
11,mfds_drug_ai_review,mfds_drug_ai_review:SFR-048,통상수용,0.25,견적반영,견적반영,False,False,True,견적반영,0.40824349299556145,0.41817820080333706,0.1735783062011014,통상수용,0.43439969213656043,0.42115044454003686,0.14444986332340268,견적반영,0.40488639139293786,0.4215077489799176,0.1736058596271446,0.4158431921750199,0.42027879810776386,0.16387800971721622
11,mfds_drug_ai_review,mfds_drug_ai_review:SFR-049,통상수용,0.25,견적반영,견적반영,True,True,False,견적반영,0.3252288906180141,0.49643988502314396,0.17833122435884188,견적반영,0.3392485798779718,0.5147460326271341,0.14600538749489408,견적반영,0.3236924119120559,0.49839504433305704,0.1779125437548871,0.3293899608026806,0.5031936539944452,0.16741638520287436
11,mfds_drug_ai_review,mfds_drug_ai_review:SFR-050,통상수용,0.25,통상수용,통상수용,True,False,True,통상수용,0.42103059445632723,0.4022949972273583,0.17667440831631442,통상수용,0.48114509240290143,0.369063140993341,0.14979176660375745,통상수용,0.42771524998052146,0.3969853837965296,0.1752993662229491,0.4432969789465833,0.3894478406724096,0.16725518038100698
11,mfds_drug_ai_review,mfds_drug_ai_review:SFR-051,통상수용,0.25,견적반영,견적반영,True,True,False,견적반영,0.35491871850139983,0.49439753746823956,0.15068374403036075,견적반영,0.3916456390414389,0.48343916265662723,0.12491519830193379,견적반영,0.3571889723325268,0.4945578373524033,0.14825319031507003,0.3679177766251218,0.49079817915909,0.1412840442157882
11,mfds_drug_ai_review,mfds_drug_ai_review:SFR-052,통상수용,0.25,견적반영,견적반영,True,True,False,견적반영,0.3696642976254206,0.42922362770385153,0.20111207467072792,견적반영,0.38552133368611347,0.4276159578353462,0.1868627084785404,견적반영,0.3724387466067764,0.4284745431907097,0.1990867102025138,0.3758747926394368,0.4284380429099692,0.19568716445059406
11,mfds_drug_ai_review,mfds_drug_ai_review:SFR-053,통상수용,0.25,견적반영,견적반영,True,True,False,견적반영,0.34175475569311303,0.5037360822447172,0.1545091620621697,견적반영,0.3642380581124165,0.5109356990401286,0.124826242847455,견적반영,0.3424128354774564,0.5053106975860867,0.15227646693645694,0.3494685497609953,0.5066608262903108,0.14387062394869388
11,mfds_drug_ai_review,mfds_drug_ai_review:SFR-054,계약·질의검토,0.25,계약·질의검토,계약·질의검토,False,False,True,견적반영,0.17475235677738654,0.4225868403626629,0.4026608028599505,계약·질의검토,0.15965939626887585,0.3919696496959569,0.44837095403516736,견적반영,0.16835967631783255,0.4261201784119252,0.40552014527024227,0.1675904764546983,0.4135588894901816,0.4188506340551201
11,mfds_drug_ai_review,mfds_drug_ai_review:SFR-055,통상수용,0.25,통상수용,통상수용,True,False,True,통상수용,0.5271509095804169,0.3244051982797483,0.14844389213983475,통상수용,0.6117163457788061,0.2805122969307431,0.10777135729045083,통상수용,0.5361484047381431,0.3197458721644161,0.14410572309744094,0.5583385533657886,0.3082211224583025,0.13344032417590881
11,mfds_drug_ai_review,mfds_drug_ai_review:SFR-056,견적반영,0.25,계약·질의검토,계약·질의검토,True,True,False,계약·질의검토,0.1395808839849506,0.382207186156146,0.4782119298589034,계약·질의검토,0.1005565151437504,0.38629616055140403,0.5131473243048456,계약·질의검토,0.138494389232054,0.3814936697748946,0.48001194099305144,0.12621059612025168,0.3833323388274816,0.4904570650522668
11,mfds_drug_ai_review,mfds_drug_ai_review:SFR-057,견적반영,0.25,통상수용,통상수용,True,True,False,통상수용,0.3704491705862757,0.35728828472708984,0.27226254468663447,통상수용,0.36770142379987286,0.34813989507950066,0.28415868112062653,통상수용,0.3713130206385677,0.3570546805675916,0.27163229879384065,0.3698212050082388,0.3541609534580607,0.2760178415337005
11,mfds_drug_ai_review,mfds_drug_ai_review:SFR-058,통상수용,0.25,통상수용,통상수용,True,False,True,통상수용,0.49672843575651493,0.2538214404638878,0.24945012377959722,통상수용,0.5246779809510284,0.2520336634188897,0.22328835563008187,통상수용,0.5111142496480321,0.24784120469543086,0.24104454565653702,0.5108402221185252,0.25123210285940284,0.23792767502207202
11,mfds_drug_ai_review,mfds_drug_ai_review:SFR-059,통상수용,0.25,통상수용,통상수용,True,False,True,통상수용,0.4779048528298759,0.3685556057045513,0.15353954146557278,통상수용,0.5164470107591752,0.3765625196700977,0.10699046957072716,통상수용,0.49233924075650304,0.35897784748867234,0.14868291175482454,0.4955637014485181,0.3680319909544405,0.13640430759704147
11,mfds_drug_ai_review,mfds_drug_ai_review:SFR-060,통상수용,0.25,통상수용,통상수용,True,False,True,통상수용,0.5253346172919173,0.3039476358069326,0.17071774690115002,통상수용,0.5556794268576443,0.3217913919755956,0.12252918116676016,통상수용,0.5397253232805732,0.2964467781240321,0.1638278985953947,0.5402464558100449,0.3073952686355201,0.15235827555443496
11,mfds_drug_ai_review,mfds_drug_ai_review:SFR-061,통상수용,0.25,통상수용,통상수용,True,False,True,통상수용,0.42295240519124766,0.3264468871447193,0.2506007076640329,통상수용,0.4764980936753257,0.29136860778655155,0.2321332985381228,통상수용,0.4225478388279111,0.3258035926527935,0.2516485685192954,0.4406661125648281,0.31453969586135483,0.24479419157381707
11,mfds_drug_ai_review,mfds_drug_ai_review:SIR-001,통상수용,0.25,통상수용,통상수용,True,False,True,통상수용,0.6805293539894727,0.15115549912891796,0.16831514688160942,통상수용,0.7781249172360218,0.09335670215954335,0.12851838060443488,통상수용,0.6838328156840164,0.14876931595798762,0.16739786835799586,0.7141623623031704,0.13109383908214964,0.15474379861468004
11,mfds_drug_ai_review,mfds_drug_ai_review:SIR-002,통상수용,0.25,통상수용,통상수용,True,False,True,통상수용,0.40609108042505815,0.2614261650276728,0.33248275454726894,통상수용,0.4065012073073232,0.2503958055333239,0.34310298715935295,통상수용,0.4202769513553069,0.2544847412870022,0.3252383073576909,0.4109564130292294,0.25543557061599964,0.33360801635477094
11,mfds_drug_ai_review,mfds_drug_ai_review:SIR-003,통상수용,0.25,통상수용,통상수용,True,False,True,통상수용,0.4239767643401427,0.3867493125263093,0.18927392313354807,통상수용,0.44525696517062,0.3958841889485986,0.1588588458807814,통상수용,0.4263842696313353,0.38346077573138626,0.19015495463727858,0.4318726663806993,0.388698092402098,0.1794292412172027
11,mfds_drug_ai_review,mfds_drug_ai_review:SIR-004,통상수용,0.25,통상수용,통상수용,True,False,True,통상수용,0.5879688538822312,0.1612699602853541,0.2507611858324148,통상수용,0.6184748989714836,0.1472956321275562,0.2342294689009602,통상수용,0.5946736078755946,0.15659073446084135,0.24873565766356392,0.6003724535764364,0.1550521089579172,0.24457543746564628
11,mfds_drug_ai_review,mfds_drug_ai_review:SIR-005,통상수용,0.25,통상수용,통상수용,True,False,True,통상수용,0.5490124726430562,0.19647830264251723,0.2545092247144266,통상수용,0.5998983432650148,0.17555855041037866,0.22454310632460658,통상수용,0.5511792789518857,0.19520901424643197,0.2536117068016823,0.5666966982866523,0.18908195576644263,0.24422134594690517
11,mfds_drug_ai_review,mfds_drug_ai_review:SIR-006,계약·질의검토,0.25,계약·질의검토,계약·질의검토,False,False,True,통상수용,0.4065498329584732,0.19885648344092755,0.39459368360059927,계약·질의검토,0.35352672043182054,0.17613436569874788,0.4703389138694317,통상수용,0.41285512551647113,0.1959228335774396,0.39122204090608914,0.390977226302255,0.190304560905705,0.4187182127920401
11,mfds_drug_ai_review,mfds_drug_ai_review:SIR-007,통상수용,0.25,통상수용,통상수용,True,False,True,통상수용,0.3835707569082461,0.28761821258742964,0.3288110305043242,통상수용,0.4055324336037187,0.26146203075339464,0.3330055356428866,통상수용,0.3890409854026167,0.2820769645083874,0.3288820500889959,0.39271472530486046,0.2770524026164039,0.3302328720787356
11,mfds_drug_ai_review,mfds_drug_ai_review:SIR-008,계약·질의검토,0.25,통상수용,통상수용,True,True,False,통상수용,0.44781536478996253,0.2798440659746202,0.27234056923541733,통상수용,0.4498012948039857,0.251079797103408,0.2991189080926063,통상수용,0.44558331995788364,0.28447674637935555,0.2699399336627608,0.4477333265172773,0.2718002031524613,0.28046647033026145
11,mfds_drug_ai_review,mfds_drug_ai_review:SIR-009,통상수용,0.25,통상수용,통상수용,True,False,True,통상수용,0.48931865069167596,0.3698686663093003,0.1408126829990236,통상수용,0.5285739998499869,0.34960124378486285,0.12182475636515024,통상수용,0.4986689171013812,0.3653269896984153,0.13600409320020343,0.5055205225476813,0.36159896659752616,0.13288051085479244
11,mfds_drug_ai_review,mfds_drug_ai_review:SIR-010,계약·질의검토,0.25,통상수용,계약·질의검토,False,False,True,통상수용,0.41535499611317683,0.17634417402617306,0.40830082986065014,계약·질의검토,0.4274762289744975,0.13912330204965132,0.43340046897585127,통상수용,0.4259088552004344,0.17135993184309622,0.4027312129564693,0.42291336009603625,0.1622758026396402,0.41481083726432355
11,mfds_drug_ai_review,mfds_drug_ai_review:TER-001,통상수용,0.25,통상수용,통상수용,True,False,True,통상수용,0.7140313980182804,0.13400811649390035,0.15196048548781924,통상수용,0.8020823266714562,0.08763420212128423,0.1102834712072597,통상수용,0.7226155771074397,0.12862398077308437,0.14876044211947584,0.7462431005990587,0.11675543312942298,0.13700146627151824
11,mfds_drug_ai_review,mfds_drug_ai_review:TER-002,통상수용,0.25,통상수용,통상수용,True,False,True,통상수용,0.5767423941737385,0.163815484006266,0.2594421218199955,통상수용,0.6448293082321649,0.1352554950864688,0.21991519668136644,통상수용,0.5821005604339641,0.16129276853414012,0.2566066710318958,0.6012240876132892,0.15345458254229163,0.24532132984441923
11,mfds_drug_ai_review,mfds_drug_ai_review:TER-003,통상수용,0.25,통상수용,통상수용,True,False,True,통상수용,0.6264824168685583,0.13899677307900277,0.23452081005243883,통상수용,0.6960106331675961,0.10070108693226472,0.20328827990013912,통상수용,0.6297691066785029,0.1379503320882243,0.23228056123327281,0.6507540522382191,0.12588273069983058,0.22336321706195025
11,mfds_drug_ai_review,mfds_drug_ai_review:TER-004,계약·질의검토,0.25,계약·질의검토,계약·질의검토,True,False,True,계약·질의검토,0.3858886545918983,0.1430347925530302,0.4710765528550715,계약·질의검토,0.36925707997231516,0.1152873533290669,0.5154555666986179,계약·질의검토,0.39290055789113965,0.13967004015827658,0.46742940195058386,0.3826820974851177,0.1326640620134579,0.4846538405014244
11,mfds_drug_ai_review,mfds_drug_ai_review:TER-005,견적반영,0.25,통상수용,통상수용,True,True,False,통상수용,0.3923875645436566,0.2444834351196823,0.3631290003366611,통상수용,0.4503292500437083,0.23382190508729664,0.3158488448689951,통상수용,0.39058237535191115,0.24526671268212527,0.36415091196596355,0.4110997299797587,0.24119068429636806,0.3477095857238733
11,mfds_drug_ai_review,mfds_drug_ai_review:TER-006,계약·질의검토,0.25,계약·질의검토,계약·질의검토,True,False,True,계약·질의검토,0.36652562089625207,0.12357167328699437,0.5099027058167536,계약·질의검토,0.32843078383731156,0.10422576826401489,0.5673434478986736,계약·질의검토,0.3690332863094073,0.12225272020002008,0.5087139934905727,0.35466323034765695,0.1166833872503431,0.528653382402
12,supreme_court_sentencing,supreme_court_sentencing:COM-001,계약·질의검토,0.5,계약·질의검토,계약·질의검토,True,False,True,계약·질의검토,0.3693372590373266,0.15794699008584834,0.47271575087682494,계약·질의검토,0.38829356845745183,0.1237490551223442,0.4879573764202039,계약·질의검토,0.3833606639633798,0.155807773976338,0.46083156206028214,0.38033049715271944,0.1458346063948435,0.473834896452437
12,supreme_court_sentencing,supreme_court_sentencing:COM-002,계약·질의검토,0.5,통상수용,통상수용,True,True,False,통상수용,0.40953162811476446,0.27547608007191543,0.31499229181332017,통상수용,0.41965658457088145,0.2504325681996608,0.32991084722945774,통상수용,0.41065929600056505,0.2652425928179011,0.3240981111815339,0.4132825028954037,0.2637170803631591,0.3230004167414373
12,supreme_court_sentencing,supreme_court_sentencing:COR-001,통상수용,0.5,통상수용,통상수용,True,False,True,통상수용,0.5901727339639707,0.1235995909878679,0.2862276750481613,통상수용,0.6701939317342019,0.07460804470821256,0.2551980235575854,통상수용,0.606499052716565,0.113473621013536,0.28002732626989907,0.6222885728049126,0.10389375223653881,0.2738176749585486
12,supreme_court_sentencing,supreme_court_sentencing:COR-002,통상수용,0.5,통상수용,통상수용,True,False,True,통상수용,0.7182246929826456,0.09188551545053816,0.18988979156681637,통상수용,0.8088115931260783,0.059885729799044954,0.13130267707487678,통상수용,0.7440985754687834,0.07758911264907392,0.17831231188214255,0.757044953859169,0.07645345263288568,0.16650159350794524
12,supreme_court_sentencing,supreme_court_sentencing:COR-003,통상수용,0.5,통상수용,통상수용,True,False,True,통상수용,0.6399368088561456,0.1580970537950841,0.20196613734877034,통상수용,0.732584425957139,0.11503676848234702,0.15237880556051403,통상수용,0.6568410107958442,0.14845460786557105,0.19470438133858473,0.6764540818697097,0.14052947671433405,0.18301644141595638
12,supreme_court_sentencing,supreme_court_sentencing:COR-004,통상수용,0.5,통상수용,통상수용,True,False,True,통상수용,0.6285756098793649,0.21043396281557714,0.16099042730505805,통상수용,0.7294157951358959,0.14763024244071246,0.12295396242339161,통상수용,0.6423037665091383,0.2151566783275181,0.14253955516334352,0.6667650571747997,0.19107362786126925,0.14216131496393106
12,supreme_court_sentencing,supreme_court_sentencing:COR-005,통상수용,0.5,계약·질의검토,계약·질의검토,True,True,False,계약·질의검토,0.34092256873259247,0.11413428414739163,0.5449431471200159,계약·질의검토,0.31436733536913275,0.08872915984923743,0.5969035047816298,계약·질의검토,0.35485086975691077,0.10178010039577748,0.5433690298473116,0.33671359128621203,0.10154784813080218,0.5617385605829858
12,supreme_court_sentencing,supreme_court_sentencing:COR-006,계약·질의검토,0.5,계약·질의검토,계약·질의검토,True,False,True,계약·질의검토,0.3529601443245621,0.1485067530335996,0.4985331026418384,계약·질의검토,0.4010143022751223,0.11743603069957385,0.4815496670253037,계약·질의검토,0.361066295639222,0.12795221460625408,0.5109814897545238,0.3716802474129688,0.13129833277980918,0.49702141980722203
12,supreme_court_sentencing,supreme_court_sentencing:COR-007,계약·질의검토,0.5,계약·질의검토,계약·질의검토,True,False,True,계약·질의검토,0.2952000828263927,0.10086161575458183,0.6039383014190255,계약·질의검토,0.3109088696327901,0.07143190575589001,0.61765922461132,계약·질의검토,0.31100347341418816,0.09074006346285408,0.5982564631229578,0.30570414195779033,0.0876778616577753,0.6066179963844345
12,supreme_court_sentencing,supreme_court_sentencing:COR-008,계약·질의검토,0.5,계약·질의검토,계약·질의검토,True,False,True,계약·질의검토,0.215437807977746,0.11056123278716885,0.6740009592350852,계약·질의검토,0.16154494477652753,0.07677306433008242,0.7616819908933901,계약·질의검토,0.22005768447610344,0.10699617124383584,0.6729461442800607,0.19901347907679232,0.09811015612036238,0.7028763648028454
12,supreme_court_sentencing,supreme_court_sentencing:CSR-001,통상수용,0.5,견적반영,견적반영,True,True,False,견적반영,0.3197900907251901,0.3823892840915973,0.2978206251832126,견적반영,0.3239355547886503,0.40924426427419813,0.26682018093715143,견적반영,0.3274725703347012,0.3801591031394699,0.29236832652582895,0.32373273861618057,0.3905975505017551,0.28566971088206433
12,supreme_court_sentencing,supreme_court_sentencing:CSR-002,계약·질의검토,0.5,통상수용,통상수용,True,True,False,통상수용,0.5540788708741698,0.1965438718363447,0.2493772572894854,통상수용,0.6178508688516229,0.15748616715446673,0.22466296399391045,통상수용,0.5903360293708471,0.17645587327088896,0.23320809735826406,0.5874219230322132,0.1768286374205668,0.23574943954721997
12,supreme_court_sentencing,supreme_court_sentencing:DAR-001,통상수용,0.5,통상수용,통상수용,True,False,True,통상수용,0.7256198638468208,0.13512562829413813,0.13925450785904114,통상수용,0.8039340219991217,0.09418952620639647,0.10187645179448192,통상수용,0.7620543509226645,0.11320276654290798,0.12474288253442747,0.7638694122562022,0.1141726403478142,0.1219579473959835
12,supreme_court_sentencing,supreme_court_sentencing:DAR-002,통상수용,0.5,통상수용,통상수용,True,False,True,통상수용,0.6936752461067368,0.18508940901056467,0.12123534488269858,통상수용,0.7921247947479867,0.12571048396342213,0.0821647212885913,통상수용,0.7258667980253549,0.17177953790904296,0.10235366406560223,0.7372222796266928,0.16085981029434326,0.10191791007896404
12,supreme_court_sentencing,supreme_court_sentencing:DAR-003,통상수용,0.5,통상수용,통상수용,True,False,True,통상수용,0.6550438672338206,0.2333269058909963,0.11162922687518306,통상수용,0.7814473108595655,0.14955327052709674,0.06899941861333776,통상수용,0.658631499215825,0.23793946968520585,0.10342903109896909,0.698374225769737,0.20693988203443295,0.09468589219582997
12,supreme_court_sentencing,supreme_court_sentencing:DAR-004,통상수용,0.5,통상수용,통상수용,True,False,True,통상수용,0.6468224867672207,0.19550018560320465,0.15767732762957465,통상수용,0.7114391104042262,0.1676080243506272,0.12095286524514648,통상수용,0.6959100568756897,0.1629169105913489,0.14117303253296137,0.6847238846823789,0.1753417068483936,0.1399344084692275
12,supreme_court_sentencing,supreme_court_sentencing:DAR-005,통상수용,0.5,견적반영,견적반영,True,True,False,견적반영,0.1897338930881387,0.6284599432389426,0.18180616367291874,견적반영,0.1889154192596571,0.62791104279703,0.18317353794331284,견적반영,0.1876009842155314,0.6396821296987467,0.17271688608572197,0.18875009885444238,0.6320177052449064,0.1792321959006512
12,supreme_court_sentencing,supreme_court_sentencing:DAR-006,통상수용,0.5,견적반영,견적반영,True,True,False,견적반영,0.33610190052051087,0.3821066129914342,0.2817914864880549,견적반영,0.2972041829953876,0.42681998830817974,0.27597582869643267,견적반영,0.3350081623175852,0.3925586567391116,0.2724331809433032,0.3227714152778279,0.40049508601290845,0.27673349870926356
12,supreme_court_sentencing,supreme_court_sentencing:DAR-007,통상수용,0.5,통상수용,통상수용,True,False,True,통상수용,0.6668616104730943,0.22080276825129444,0.11233562127561135,통상수용,0.7007959416718789,0.19455890381408983,0.10464515451403128,통상수용,0.6843321471415665,0.21270911675868936,0.10295873609974415,0.6839965664288465,0.20935692960802454,0.10664650396312893
12,supreme_court_sentencing,supreme_court_sentencing:DAR-008,견적반영,0.5,견적반영,견적반영,True,False,True,견적반영,0.2646105384065004,0.563248616821623,0.17214084477187655,견적반영,0.2100126268791014,0.6726408798962555,0.11734649322464297,견적반영,0.2504372336968362,0.5779238199124207,0.1716389463907431,0.24168679966081266,0.6046044388767665,0.15370876146242085
12,supreme_court_sentencing,supreme_court_sentencing:DAR-009,통상수용,0.5,통상수용,통상수용,False,False,True,통상수용,0.4250913966772924,0.40899463287088694,0.16591397045182069,통상수용,0.434230326836,0.41842711246723757,0.1473425606967625,견적반영,0.4157397493782321,0.42387438946225975,0.1603858611595082,0.42502049096384154,0.41709871160012807,0.15788079743603048
12,supreme_court_sentencing,supreme_court_sentencing:DAR-010,통상수용,0.5,통상수용,통상수용,True,False,True,통상수용,0.7154494300059838,0.18525476520047945,0.09929580479353665,통상수용,0.8117091968850916,0.12662948782645975,0.061661315288448725,통상수용,0.7182269882397967,0.1868235355198281,0.09494947624037516,0.7484618717102908,0.1662359295155891,0.08530219877412017
12,supreme_court_sentencing,supreme_court_sentencing:DAR-011,통상수용,0.5,견적반영,견적반영,True,True,False,견적반영,0.36530790511238753,0.4446012740238198,0.1900908208637927,견적반영,0.31636697453373075,0.5335795863803438,0.15005343908592544,견적반영,0.3950885500014469,0.43855877231218166,0.16635267768637158,0.35892114321585505,0.47224654423878176,0.16883231254536324
12,supreme_court_sentencing,supreme_court_sentencing:DAR-012,견적반영,0.5,견적반영,견적반영,True,False,True,견적반영,0.3254969821072503,0.4904420421846928,0.184060975708057,견적반영,0.2681569109155308,0.5739236975427291,0.15791939154174023,견적반영,0.3296013299538136,0.4981035886779377,0.17229508136824878,0.3077517409921982,0.5208231094684532,0.17142514953934865
12,supreme_court_sentencing,supreme_court_sentencing:DAR-013,견적반영,0.5,통상수용,통상수용,True,True,False,통상수용,0.45371239178729367,0.2983957562606501,0.24789185195205624,통상수용,0.4591868787465823,0.3059202236568384,0.23489289759657925,통상수용,0.48077230676196664,0.2922387351638987,0.22698895807413455,0.46455719243194754,0.2988515716937958,0.23659123587425668
12,supreme_court_sentencing,supreme_court_sentencing:DAR-014,통상수용,0.5,통상수용,통상수용,True,False,True,통상수용,0.6747464676479744,0.12979796193532506,0.19545557041670047,통상수용,0.718596958846852,0.09714113423488292,0.18426190691826508,통상수용,0.7035656366550743,0.11643149217918547,0.1800028711657401,0.6989696877166335,0.11445686278313115,0.18657344950023522
12,supreme_court_sentencing,supreme_court_sentencing:DAR-015,통상수용,0.5,견적반영,견적반영,True,True,False,견적반영,0.3517406577268343,0.5271029909415946,0.121156351331571,견적반영,0.3308371155261898,0.5666661096501437,0.10249677482366656,견적반영,0.36385803188711674,0.517470693840562,0.11867127427232116,0.3488119350467136,0.5370799314774335,0.11410813347585291
12,supreme_court_sentencing,supreme_court_sentencing:ECR-001,계약·질의검토,0.5,계약·질의검토,계약·질의검토,True,False,True,계약·질의검토,0.04887763810970199,0.11296440064846672,0.8381579612418313,계약·질의검토,0.02427438769096262,0.06513632893964504,0.9105892833693924,계약·질의검토,0.0442466410747759,0.114461814299126,0.8412915446260981,0.03913288895848017,0.09752084796241257,0.8633462630791072
12,supreme_court_sentencing,supreme_court_sentencing:ECR-002,계약·질의검토,0.5,계약·질의검토,계약·질의검토,True,False,True,계약·질의검토,0.210634503216085,0.11255949315880823,0.6768060036251067,계약·질의검토,0.19569131498248307,0.09236711804440458,0.7119415669731123,계약·질의검토,0.21349756344665338,0.10318557308564304,0.6833168634677035,0.20660779388174047,0.10270406142961862,0.6906881446886408
12,supreme_court_sentencing,supreme_court_sentencing:ECR-003,통상수용,0.5,통상수용,통상수용,True,False,True,통상수용,0.3625335223142382,0.3228894259044011,0.3145770517813607,통상수용,0.40236052925067917,0.2879441434568405,0.3096953272924804,통상수용,0.3877645968698734,0.30411886266609695,0.3081165404640297,0.38421954947826364,0.30498414400911283,0.31079630651262363
12,supreme_court_sentencing,supreme_court_sentencing:ECR-004,견적반영,0.5,통상수용,통상수용,True,True,False,통상수용,0.402165092325884,0.3156625801118234,0.2821723275622926,통상수용,0.4289676227678548,0.33477781307576226,0.23625456415638296,통상수용,0.3773510858808117,0.3342110545783638,0.28843785954082446,0.4028279336581835,0.32821714925531653,0.26895491708650004
12,supreme_court_sentencing,supreme_court_sentencing:ECR-005,견적반영,0.5,견적반영,견적반영,True,False,True,견적반영,0.2890649277278368,0.3989728865025301,0.3119621857696331,견적반영,0.2852830309114005,0.40769149641949554,0.3070254726691039,견적반영,0.2724746427595289,0.40520014096376306,0.32232521627670807,0.28227420046625534,0.40395484129526293,0.3137709582384817
12,supreme_court_sentencing,supreme_court_sentencing:ECR-006,견적반영,0.5,견적반영,견적반영,True,False,True,견적반영,0.28329637495510096,0.36821842131047033,0.3484852037344286,견적반영,0.2603393682683574,0.41270571606395784,0.32695491566768475,견적반영,0.2553747547525336,0.3827917453076363,0.36183349993983005,0.266336832658664,0.38790529422735487,0.34575787311398115
12,supreme_court_sentencing,supreme_court_sentencing:ECR-007,계약·질의검토,0.5,견적반영,견적반영,True,True,False,견적반영,0.05788665657545744,0.5487978808672521,0.39331546255729033,견적반영,0.031160466328084984,0.6270627671748721,0.3417767664970428,견적반영,0.053530657494277996,0.553190572244694,0.39327877026102803,0.04752592679927348,0.5763504067622728,0.37612366643845374
12,supreme_court_sentencing,supreme_court_sentencing:ECR-008,계약·질의검토,0.5,계약·질의검토,계약·질의검토,False,False,True,계약·질의검토,0.031519566078100844,0.4599924811995336,0.5084879527223656,견적반영,0.015310907761222391,0.5285391813585644,0.4561499108802132,계약·질의검토,0.035459397992131686,0.44030086580592115,0.5242397362019472,0.02742995727715164,0.476277509454673,0.49629253326817535
12,supreme_court_sentencing,supreme_court_sentencing:ECR-009,견적반영,0.5,계약·질의검토,계약·질의검토,True,True,False,계약·질의검토,0.09344827183038316,0.36208703080679877,0.544464697362818,계약·질의검토,0.06435841767812213,0.359016955964157,0.5766246263577209,계약·질의검토,0.08582561440048525,0.35826752459169214,0.5559068610078226,0.08121076796966352,0.3597905037875493,0.5589987282427872
12,supreme_court_sentencing,supreme_court_sentencing:INR-001,통상수용,0.5,통상수용,통상수용,True,False,True,통상수용,0.6443597894954436,0.13267377522447255,0.2229664352800838,통상수용,0.7089059439592166,0.08719198315565924,0.20390207288512432,통상수용,0.6530075446760304,0.12354199475462999,0.22345046056933973,0.6687577593768967,0.1144692510449206,0.2167729895781826
12,supreme_court_sentencing,supreme_court_sentencing:INR-002,계약·질의검토,0.5,견적반영,견적반영,True,True,False,견적반영,0.24156354894300103,0.4337747976732394,0.3246616533837596,견적반영,0.2756131114449565,0.4270031177579978,0.2973837707970457,견적반영,0.23220655364898002,0.4248938835545313,0.34289956279648864,0.24979440467897918,0.4285572663285895,0.3216483289924313
12,supreme_court_sentencing,supreme_court_sentencing:INR-003,통상수용,0.5,통상수용,통상수용,True,False,True,통상수용,0.6032516776749903,0.19642583962222065,0.20032248270278907,통상수용,0.7184784891210091,0.14476058376059972,0.13676092711839122,통상수용,0.628666602469769,0.18412882836242206,0.18720456916780898,0.6501322564219228,0.1751050839150808,0.17476265966299642
12,supreme_court_sentencing,supreme_court_sentencing:INR-004,통상수용,0.5,통상수용,통상수용,True,False,True,통상수용,0.5428003648462885,0.18679587526694746,0.270403759886764,통상수용,0.648575326323354,0.14557350790738868,0.20585116576925735,통상수용,0.6076654352987462,0.16658694852326641,0.22574761617798736,0.5996803754894628,0.1663187772325342,0.23400084727800288
12,supreme_court_sentencing,supreme_court_sentencing:INR-005,통상수용,0.5,통상수용,통상수용,True,False,True,통상수용,0.5987796515832406,0.20452133806406267,0.1966990103526966,통상수용,0.666660906295608,0.17833952361144004,0.15499957009295204,통상수용,0.6285008701938833,0.1927332864352471,0.17876584337086965,0.6313138093575774,0.1918647160369166,0.1768214746055061
12,supreme_court_sentencing,supreme_court_sentencing:INR-006,통상수용,0.5,통상수용,통상수용,True,False,True,통상수용,0.4899091070475025,0.21199834140463747,0.29809255154785996,통상수용,0.540600834668653,0.16203305288511713,0.29736611244622985,통상수용,0.5062955455621577,0.21889079766275935,0.27481365677508296,0.5122684957594378,0.19764073065083798,0.29009077358972424
12,supreme_court_sentencing,supreme_court_sentencing:INR-007,통상수용,0.5,통상수용,통상수용,True,False,True,통상수용,0.5479235971226991,0.21431565389489363,0.23776074898240732,통상수용,0.5952550209406666,0.18510529238874887,0.21963968667058453,통상수용,0.584506478140971,0.19177386150554246,0.22371966035348662,0.5758950320681122,0.19706493592972832,0.2270400320021595
12,supreme_court_sentencing,supreme_court_sentencing:INR-008,통상수용,0.5,계약·질의검토,계약·질의검토,True,True,False,계약·질의검토,0.3373291601539947,0.1534097126441255,0.5092611272018798,계약·질의검토,0.2894404921667936,0.12946091085125008,0.5810985969819564,계약·질의검토,0.34414883427695886,0.14320812815117734,0.5126430375718638,0.32363949553258237,0.14202625054885099,0.5343342539185667
12,supreme_court_sentencing,supreme_court_sentencing:PER-001,통상수용,0.5,계약·질의검토,계약·질의검토,False,False,True,통상수용,0.3705753916676106,0.2656835554474327,0.3637410528849567,계약·질의검토,0.3484426419206395,0.21602249612192956,0.4355348619574308,계약·질의검토,0.36478762569995604,0.26937400967154745,0.36583836462849645,0.3612685530960687,0.2503600204136366,0.38837142649029466
12,supreme_court_sentencing,supreme_court_sentencing:PER-002,통상수용,0.5,통상수용,통상수용,False,False,True,견적반영,0.37959924085642704,0.3816291637303653,0.23877159541320772,통상수용,0.459722005132849,0.37212273663522794,0.1681552582319231,통상수용,0.3996767518682198,0.3757212403136798,0.22460200781810036,0.41299933261916527,0.37649104689309104,0.21050962048774371
12,supreme_court_sentencing,supreme_court_sentencing:PER-003,계약·질의검토,0.5,계약·질의검토,계약·질의검토,True,False,True,계약·질의검토,0.23519398874910447,0.35192510799808163,0.41288090325281385,계약·질의검토,0.24041468700216664,0.37243207775448056,0.3871532352433527,계약·질의검토,0.2166999010248668,0.3571397285852221,0.42616037038991106,0.23076952559204597,0.3604989714459281,0.4087315029620259
12,supreme_court_sentencing,supreme_court_sentencing:PER-004,견적반영,0.5,계약·질의검토,계약·질의검토,True,True,False,계약·질의검토,0.26825971368878876,0.21840611586338177,0.5133341704478294,계약·질의검토,0.297879397072138,0.20043126144094908,0.5016893414869129,계약·질의검토,0.2633774690963254,0.2153125408486461,0.5213099900550285,0.27650552661908406,0.21138330605099231,0.5121111673299237
12,supreme_court_sentencing,supreme_court_sentencing:PMR-001,통상수용,0.5,통상수용,통상수용,True,False,True,통상수용,0.5019927772747834,0.16938144035080221,0.3286257823744145,통상수용,0.4726045311144082,0.16164962527826243,0.3657458436073293,통상수용,0.47864134814912884,0.17384975438890243,0.34750889746196867,0.48441288551277345,0.1682936066726557,0.34729350781457086
12,supreme_court_sentencing,supreme_court_sentencing:PMR-002,통상수용,0.5,통상수용,통상수용,True,False,True,통상수용,0.508688739407511,0.18187868691384057,0.30943257367864835,통상수용,0.5680320543599502,0.15887886742305066,0.2730890782169991,통상수용,0.5188865088347898,0.18154492314118817,0.29956856802402204,0.531869100867417,0.17410082582602648,0.29403007330655656
12,supreme_court_sentencing,supreme_court_sentencing:PMR-003,계약·질의검토,0.5,계약·질의검토,계약·질의검토,True,False,True,계약·질의검토,0.22714506597559062,0.0828236042696711,0.6900313297547384,계약·질의검토,0.18974089006317277,0.06586194746619614,0.7443971624706311,계약·질의검토,0.23234141152394838,0.07570338089917274,0.6919552075768789,0.21640912252090394,0.07479631087834665,0.7087945666007495
12,supreme_court_sentencing,supreme_court_sentencing:PMR-004,통상수용,0.5,통상수용,통상수용,True,False,True,통상수용,0.45967284743413667,0.13597173175360952,0.4043554208122539,통상수용,0.4713229336281451,0.11792036183913157,0.41075670453272334,통상수용,0.48989361198837117,0.1217454012505026,0.38836098676112624,0.473629797683551,0.12521249828108125,0.4011577040353678
12,supreme_court_sentencing,supreme_court_sentencing:PMR-005,통상수용,0.5,통상수용,통상수용,True,False,True,통상수용,0.44896935491376055,0.37215823469116033,0.17887241039507926,통상수용,0.4619636487454065,0.39197612699753726,0.1460602242570562,통상수용,0.45231472172664794,0.369962168656355,0.17772310961699705,0.45441590846193836,0.37803217678168416,0.1675519147563775
12,supreme_court_sentencing,supreme_court_sentencing:PMR-006,계약·질의검토,0.5,통상수용,계약·질의검토,False,False,True,통상수용,0.40417925857535636,0.22761155644681777,0.36820918497782584,계약·질의검토,0.3884984517906945,0.21190701687278737,0.3995945313365182,통상수용,0.42802008195591207,0.22228485390601493,0.34969506413807294,0.40689926410732097,0.22060114240854004,0.372499593484139
12,supreme_court_sentencing,supreme_court_sentencing:PMR-007,계약·질의검토,0.5,통상수용,계약·질의검토,False,False,True,통상수용,0.4687368262499488,0.07063246636506888,0.4606307073849824,통상수용,0.5321181379300125,0.049111617237222085,0.41877024483276537,계약·질의검토,0.45190916484919813,0.06986551842011056,0.4782253167306913,0.4842547096763865,0.06320320067413383,0.4525420896494797
12,supreme_court_sentencing,supreme_court_sentencing:PMR-008,통상수용,0.5,통상수용,통상수용,True,False,True,통상수용,0.6161850976195723,0.2546327282219012,0.1291821741585265,통상수용,0.6797273917031751,0.22691964632632858,0.09335296197049633,통상수용,0.6470502804171409,0.23482726252560895,0.11812245705725019,0.6476542565799628,0.23879321235794623,0.11355253106209101
12,supreme_court_sentencing,supreme_court_sentencing:PMR-009,견적반영,0.5,계약·질의검토,계약·질의검토,True,True,False,계약·질의검토,0.3216973187342799,0.19036545441741878,0.4879372268483014,계약·질의검토,0.30189716884005713,0.19301532566948532,0.5050875054904576,계약·질의검토,0.33483389578770517,0.1890381370398942,0.47612796717240075,0.3194761277873474,0.19080630570893278,0.4897175665037199
12,supreme_court_sentencing,supreme_court_sentencing:PMR-010,통상수용,0.5,통상수용,통상수용,True,False,True,통상수용,0.5658552016052255,0.1240687466885875,0.3100760517061871,통상수용,0.610693342837816,0.10118303717690748,0.2881236199852766,통상수용,0.5589672132305916,0.11900624355724267,0.3220265432121657,0.5785052525578777,0.11475267580757921,0.3067420716345431
12,supreme_court_sentencing,supreme_court_sentencing:PMR-011,통상수용,0.5,통상수용,통상수용,True,False,True,통상수용,0.6242712350073527,0.19855577052999024,0.17717299446265708,통상수용,0.702759123376642,0.15233981286746942,0.14490106375588863,통상수용,0.6592438639038629,0.1796151610848676,0.16114097501126956,0.6620914074292858,0.17683691482744243,0.16107167774327177
12,supreme_court_sentencing,supreme_court_sentencing:PMR-012,통상수용,0.5,통상수용,통상수용,True,False,True,통상수용,0.5518942774034805,0.1518814089345152,0.2962243136620042,통상수용,0.569109150277773,0.1263232706767497,0.30456757904547727,통상수용,0.5405183599618543,0.1541457525927093,0.30533588744543644,0.5538405958810358,0.14411681073465807,0.302042593384306
12,supreme_court_sentencing,supreme_court_sentencing:PMR-013,통상수용,0.5,통상수용,통상수용,True,False,True,통상수용,0.4769778284652674,0.10217702839998188,0.42084514313475063,통상수용,0.553153909684665,0.08065831242766087,0.36618777788767404,통상수용,0.4843266876853592,0.09607205261006767,0.4196012597045732,0.5048194752784305,0.09296913114590348,0.402211393575666
12,supreme_court_sentencing,supreme_court_sentencing:PMR-014,통상수용,0.5,통상수용,통상수용,True,False,True,통상수용,0.4719205092986598,0.18290805397423118,0.34517143672710887,통상수용,0.5072875452883197,0.18632746878264567,0.3063849859290347,통상수용,0.48135758467956596,0.1820264711562615,0.33661594416417256,0.48685521308884844,0.1837539979710461,0.3293907889401054
12,supreme_court_sentencing,supreme_court_sentencing:PSR-001,통상수용,0.5,통상수용,통상수용,True,False,True,통상수용,0.3983615620344837,0.2952663319360348,0.30637210602948156,통상수용,0.41141907341335526,0.2878902769035298,0.300690649683115,통상수용,0.40153083138007317,0.28887079617560624,0.30959837244432054,0.4037704889426374,0.29067580167172363,0.305553709385639
12,supreme_court_sentencing,supreme_court_sentencing:PSR-002,통상수용,0.5,통상수용,통상수용,True,False,True,통상수용,0.5181438461913886,0.206852238231553,0.2750039155770584,통상수용,0.5258795788075956,0.17329990419855446,0.30082051699384993,통상수용,0.5249558799606096,0.2095181342437914,0.265525985795599,0.5229931016531979,0.19655675889129962,0.2804501394555024
12,supreme_court_sentencing,supreme_court_sentencing:PSR-003,통상수용,0.5,통상수용,통상수용,True,False,True,통상수용,0.5593033509908426,0.06142411855737528,0.3792725304517821,통상수용,0.5855215796622987,0.04614197438074002,0.36833644595696147,통상수용,0.5386485338088901,0.06199343504038734,0.3993580311507225,0.5611578214873437,0.05651984265950088,0.38232233585315534
12,supreme_court_sentencing,supreme_court_sentencing:PSR-004,통상수용,0.5,통상수용,통상수용,True,False,True,통상수용,0.4392266489860837,0.318138947306228,0.24263440370768835,통상수용,0.42191924829053035,0.37493672259745836,0.20314402911201138,통상수용,0.4463672195911793,0.3196397358290474,0.23399304457977327,0.43583770562259777,0.3375718019109113,0.226590492466491
12,supreme_court_sentencing,supreme_court_sentencing:PSR-005,견적반영,0.5,견적반영,견적반영,False,False,True,견적반영,0.373306290835164,0.3767680313354835,0.24992567782935246,견적반영,0.3656684763163176,0.42590524783723993,0.20842627584644252,통상수용,0.3765050092874931,0.3642826523130745,0.25921233839943236,0.37182659214632485,0.3889853104952659,0.2391880973584091
12,supreme_court_sentencing,supreme_court_sentencing:PSR-006,통상수용,0.5,통상수용,통상수용,True,False,True,통상수용,0.4460563262213109,0.31758674652301905,0.23635692725566995,통상수용,0.48507330555429745,0.31215511075583996,0.2027715836898625,통상수용,0.4631171569195894,0.30307748891409686,0.23380535416631376,0.4647489295650659,0.31093978206431866,0.2243112883706154
12,supreme_court_sentencing,supreme_court_sentencing:PSR-007,통상수용,0.5,계약·질의검토,계약·질의검토,True,True,False,계약·질의검토,0.3455994493099133,0.1235303903750811,0.5308701603150056,계약·질의검토,0.3639105202640964,0.10140227457335617,0.5346872051625473,계약·질의검토,0.3558042473622094,0.115976768214155,0.5282189844236356,0.3551047389787397,0.11363647772086409,0.5312587833003961
12,supreme_court_sentencing,supreme_court_sentencing:PSR-008,통상수용,0.5,계약·질의검토,계약·질의검토,True,True,False,계약·질의검토,0.32236156404493743,0.11137705088927766,0.566261385065785,계약·질의검토,0.2936928521712214,0.09755276818246619,0.6087543796463124,계약·질의검토,0.3273879516212102,0.10604750426737619,0.5665645441114135,0.314480789279123,0.10499244111304001,0.580526769607837
12,supreme_court_sentencing,supreme_court_sentencing:PSR-009,계약·질의검토,0.5,견적반영,계약·질의검토,False,False,True,견적반영,0.2746069074273837,0.37108734533087356,0.3543057472417427,계약·질의검토,0.24525834365999094,0.3758653452519867,0.37887631108802233,견적반영,0.2523030963562812,0.3947914296379108,0.3529054740058079,0.25738944914788525,0.3805813734069237,0.362029177445191
12,supreme_court_sentencing,supreme_court_sentencing:PSR-010,계약·질의검토,0.5,계약·질의검토,계약·질의검토,True,False,True,계약·질의검토,0.25773980412705433,0.11677543606313782,0.6254847598098079,계약·질의검토,0.2538596698521348,0.08998106388367406,0.6561592662641912,계약·질의검토,0.2636249853665705,0.11018942061176693,0.6261855940216626,0.25840815311525317,0.10564864018619295,0.6359432066985539
12,supreme_court_sentencing,supreme_court_sentencing:PSR-011,통상수용,0.5,통상수용,통상수용,True,False,True,통상수용,0.4510428297269075,0.22625374621759012,0.32270342405550223,통상수용,0.44747072512197766,0.17404496379326267,0.37848431108475966,통상수용,0.4772643672041151,0.21906667407059596,0.3036689587252888,0.4585926406843334,0.2064551280271496,0.3349522312885169
12,supreme_court_sentencing,supreme_court_sentencing:PSR-012,통상수용,0.5,통상수용,통상수용,True,False,True,통상수용,0.5994840577869499,0.18329843919694255,0.21721750301610754,통상수용,0.7037090294974001,0.1351354439103954,0.1611555265922045,통상수용,0.6334109125241444,0.17027150583660974,0.19631758163924587,0.6455346666028315,0.1629017963146492,0.1915635370825193
12,supreme_court_sentencing,supreme_court_sentencing:PSR-013,견적반영,0.5,계약·질의검토,계약·질의검토,True,True,False,계약·질의검토,0.3865103009196691,0.20701018513983518,0.40647951394049575,계약·질의검토,0.4044330657779013,0.18171980329680512,0.41384713092529357,계약·질의검토,0.3972737556033381,0.18834370627970456,0.41438253811695736,0.39607237410030277,0.1923578982387816,0.4115697276609156
12,supreme_court_sentencing,supreme_court_sentencing:PSR-014,통상수용,0.5,통상수용,통상수용,True,False,True,통상수용,0.4626749156453348,0.2782971003288341,0.25902798402583105,통상수용,0.5362738095360128,0.2378399185930012,0.2258862718709861,통상수용,0.4799252849315539,0.2764160880603527,0.2436586270080935,0.4929580033709671,0.26418436899406267,0.2428576276349702
12,supreme_court_sentencing,supreme_court_sentencing:PSR-015,계약·질의검토,0.5,계약·질의검토,계약·질의검토,True,False,True,계약·질의검토,0.334664026090437,0.15951808427775957,0.5058178896318034,계약·질의검토,0.29797521305546976,0.14483428112674301,0.5571905058177873,계약·질의검토,0.3536129728609029,0.15134021052572938,0.4950468166133679,0.3287507373356032,0.15189752531007733,0.5193517373543196
12,supreme_court_sentencing,supreme_court_sentencing:QUR-001,통상수용,0.5,통상수용,통상수용,True,False,True,통상수용,0.6525620501648063,0.14242461391016156,0.20501333592503215,통상수용,0.732601728617133,0.0981843504561517,0.16921392092671525,통상수용,0.677677506823543,0.1327851468567473,0.18953734631970978,0.687613761868494,0.12446470374102019,0.18792153439048573
12,supreme_court_sentencing,supreme_court_sentencing:QUR-002,통상수용,0.5,통상수용,통상수용,True,False,True,통상수용,0.665461207104232,0.11451691812391027,0.22002187477185775,통상수용,0.7461322517060464,0.08128150900517613,0.17258623928877756,통상수용,0.6809763395824215,0.10494485729296865,0.21407880312460978,0.6975232661308999,0.10024776147401836,0.20222897239508172
12,supreme_court_sentencing,supreme_court_sentencing:QUR-003,견적반영,0.5,통상수용,통상수용,True,True,False,통상수용,0.4421327296585013,0.32881239511647553,0.22905487522502324,통상수용,0.4071007216304966,0.3891801700573982,0.2037191083121052,통상수용,0.46934990335133225,0.31747338843764933,0.21317670821101842,0.43952778488011,0.3451553178705076,0.2153168972493823
12,supreme_court_sentencing,supreme_court_sentencing:QUR-004,통상수용,0.5,통상수용,통상수용,True,False,True,통상수용,0.4846012686827129,0.1596832883864046,0.3557154429308825,통상수용,0.5322931843751101,0.12007325132166069,0.3476335643032292,통상수용,0.4862136900896899,0.158648231860258,0.35513807805005204,0.5010360477158377,0.14613492385610777,0.3528290284280546
12,supreme_court_sentencing,supreme_court_sentencing:QUR-005,통상수용,0.5,통상수용,통상수용,True,False,True,통상수용,0.5159113029358825,0.19944344025219876,0.28464525681191877,통상수용,0.5388471846971586,0.17258588521610904,0.28856693008673223,통상수용,0.5643047586159657,0.17255417250413269,0.2631410688799017,0.539687748749669,0.18152783265748015,0.2787844185928509
12,supreme_court_sentencing,supreme_court_sentencing:QUR-006,통상수용,0.5,통상수용,통상수용,True,False,True,통상수용,0.7381375698858109,0.09259549838155313,0.16926693173263593,통상수용,0.8031362305016662,0.06644726199401237,0.1304165075043214,통상수용,0.7625164618299684,0.08210587214472707,0.15537766602530456,0.7679300874058151,0.08038287750676419,0.15168703508742062
12,supreme_court_sentencing,supreme_court_sentencing:QUR-007,계약·질의검토,0.5,통상수용,통상수용,True,True,False,통상수용,0.530517239969942,0.1828772588202712,0.28660550120978673,통상수용,0.6157640283113027,0.14343579598514003,0.24080017570355722,통상수용,0.5186625005187331,0.188879748914157,0.29245775056710993,0.5549812562666593,0.17173093457318941,0.27328780916015133
12,supreme_court_sentencing,supreme_court_sentencing:QUR-008,통상수용,0.5,계약·질의검토,계약·질의검토,True,True,False,계약·질의검토,0.33272538349799635,0.19565992175292357,0.4716146947490801,계약·질의검토,0.3574158884125379,0.14209037976036515,0.500493731827097,계약·질의검토,0.35889256130593483,0.1894851124893112,0.45162232620475384,0.34967794440548966,0.17574513800086664,0.4745769175936436
12,supreme_court_sentencing,supreme_court_sentencing:QUR-009,통상수용,0.5,통상수용,통상수용,True,False,True,통상수용,0.6923960409106588,0.09572271768641703,0.21188124140292414,통상수용,0.7587161646746285,0.06326662035047335,0.17801721497489817,통상수용,0.7224619165264163,0.08478969698200035,0.19274838649158324,0.7245247073705677,0.08125967833963026,0.19421561428980183
12,supreme_court_sentencing,supreme_court_sentencing:SER-001,계약·질의검토,0.5,통상수용,계약·질의검토,False,False,True,계약·질의검토,0.4217326405686452,0.14899124832424154,0.4292761111071132,통상수용,0.45785388192410376,0.13614536766691493,0.4060007504089813,계약·질의검토,0.4153686988576551,0.14980058978241056,0.4348307113599344,0.4316517404501347,0.144979068591189,0.4233691909586763
12,supreme_court_sentencing,supreme_court_sentencing:SER-002,견적반영,0.5,계약·질의검토,계약·질의검토,True,True,False,계약·질의검토,0.28528357347001515,0.21140005900203418,0.5033163675279507,계약·질의검토,0.23293540472390134,0.2189688749956761,0.5480957202804225,계약·질의검토,0.2611000498140403,0.2200425109602714,0.5188574392256883,0.25977300933598557,0.21680381498599388,0.5234231756780204
12,supreme_court_sentencing,supreme_court_sentencing:SER-003,통상수용,0.5,통상수용,통상수용,True,False,True,통상수용,0.6227320127379117,0.144788890165671,0.23247909709641743,통상수용,0.7107943576479167,0.1056089061381731,0.1835967362139102,통상수용,0.6266304934061513,0.1440188770983658,0.22935062949548285,0.6533856212639931,0.1314722244674033,0.21514215426860347
12,supreme_court_sentencing,supreme_court_sentencing:SER-004,통상수용,0.5,통상수용,통상수용,True,False,True,통상수용,0.5123949863146109,0.15717061566967905,0.33043439801571006,통상수용,0.5709638354499812,0.11822450913419759,0.3108116554158212,통상수용,0.49148721568681564,0.16306298748122863,0.3454497968319556,0.5249486791504693,0.14615270409503509,0.3288986167544956
12,supreme_court_sentencing,supreme_court_sentencing:SER-005,통상수용,0.5,통상수용,계약·질의검토,False,False,True,통상수용,0.43763880011936673,0.16446765432152272,0.39789354555911055,계약·질의검토,0.42322862926713,0.1342259445538688,0.4425454261790012,통상수용,0.4415474838903666,0.14695824789064493,0.41149426821898855,0.43413830442562107,0.1485506155886788,0.4173110799857001
12,supreme_court_sentencing,supreme_court_sentencing:SER-006,계약·질의검토,0.5,통상수용,통상수용,True,True,False,통상수용,0.4722224740492659,0.13634136343936634,0.39143616251136787,통상수용,0.47153708741124456,0.11158711038182348,0.41687580220693177,통상수용,0.48531638744555744,0.12803835461405874,0.38664525794038374,0.47635864963535596,0.12532227614508284,0.3983190742195612
12,supreme_court_sentencing,supreme_court_sentencing:SER-007,통상수용,0.5,견적반영,계약·질의검토,False,True,False,계약·질의검토,0.253395124258287,0.3726912021600395,0.37391367358167343,견적반영,0.22479778964437172,0.3944094850007032,0.3807927253549252,견적반영,0.25408003219360803,0.3803283084493513,0.36559165935704063,0.2440909820320889,0.3824763318700313,0.3734326860978798
12,supreme_court_sentencing,supreme_court_sentencing:SER-008,통상수용,0.5,견적반영,견적반영,True,True,False,견적반영,0.31628097636601255,0.3677810351659769,0.3159379884680107,견적반영,0.2715600961268728,0.43122529338902116,0.29721461048410597,견적반영,0.32874081089562857,0.3687820794252873,0.30247710967908426,0.30552729446283794,0.3892628026600951,0.305209902877067
12,supreme_court_sentencing,supreme_court_sentencing:SER-009,견적반영,0.5,통상수용,통상수용,True,True,False,통상수용,0.37190367923132023,0.273710026137842,0.3543862946308377,통상수용,0.3793852218972875,0.27714431978159126,0.34347045832112116,통상수용,0.39528801820601794,0.26168444942899244,0.34302753236498973,0.3821923064448752,0.2708462651161419,0.3469614284389828
12,supreme_court_sentencing,supreme_court_sentencing:SER-010,통상수용,0.5,통상수용,통상수용,True,False,True,통상수용,0.4959729810116343,0.21410783968215813,0.28991917930620764,통상수용,0.5595323267041352,0.1821039087686903,0.25836376452717447,통상수용,0.479709477025474,0.22630259446071585,0.2939879285138103,0.5117382615804145,0.2075047809705214,0.2807569574490641
12,supreme_court_sentencing,supreme_court_sentencing:SER-011,통상수용,0.5,통상수용,통상수용,True,False,True,통상수용,0.40325213055078923,0.356260109327936,0.24048776012127482,통상수용,0.3948175016482422,0.3599094714051606,0.24527302694659708,통상수용,0.40978241832319434,0.35953793457330235,0.23067964710350336,0.4026173501740753,0.3585691717687996,0.23881347805712508
12,supreme_court_sentencing,supreme_court_sentencing:SER-012,통상수용,0.5,통상수용,통상수용,True,False,True,통상수용,0.37084151750283767,0.3255359387665712,0.3036225437305911,통상수용,0.412438131715499,0.3131260916493023,0.2744357766351988,통상수용,0.38790719876822116,0.3263057148047348,0.28578708642704403,0.3903956159955193,0.3216559150735361,0.2879484689309446
12,supreme_court_sentencing,supreme_court_sentencing:SER-013,통상수용,0.5,통상수용,통상수용,True,False,True,통상수용,0.4778546354004103,0.3767227632559377,0.14542260134365195,통상수용,0.4747629912945667,0.4077927079340056,0.11744430077142763,통상수용,0.5325576171292523,0.34081638761870436,0.12662599525204327,0.4950584146080765,0.3751106196028826,0.12983096578904094
12,supreme_court_sentencing,supreme_court_sentencing:SER-014,통상수용,0.5,통상수용,통상수용,True,False,True,통상수용,0.6452332672005541,0.16485510063101533,0.1899116321684306,통상수용,0.6697526313898193,0.13595042020318965,0.19429694840699094,통상수용,0.6444167996823289,0.16044043095405763,0.19514276936361352,0.6531342327575674,0.15374865059608753,0.193117116646345
12,supreme_court_sentencing,supreme_court_sentencing:SER-015,통상수용,0.5,통상수용,통상수용,True,False,True,통상수용,0.545275859069006,0.2762816881250564,0.1784424528059377,통상수용,0.6339436262895212,0.2238978891185582,0.14215848459192054,통상수용,0.5628020796774438,0.2787155041996003,0.15848241612295605,0.5806738550119903,0.259631693814405,0.15969445117360476
12,supreme_court_sentencing,supreme_court_sentencing:SFR-LDA-001,견적반영,0.5,견적반영,계약·질의검토,False,False,True,견적반영,0.32112375259787074,0.35083195989182936,0.32804428751029985,계약·질의검토,0.3039935652606918,0.3426184743672548,0.3533879603720534,견적반영,0.32607733029015706,0.353443465243033,0.32047920446680994,0.31706488271623984,0.34896463316737236,0.33397048411638774
12,supreme_court_sentencing,supreme_court_sentencing:SFR-LDA-002,계약·질의검토,0.5,견적반영,견적반영,False,True,False,통상수용,0.37073527964647474,0.35128322930711997,0.27798149104640535,견적반영,0.3062140216459877,0.41501976491049747,0.2787662134435148,통상수용,0.3662403930245531,0.3498067994937144,0.28395280748173257,0.34772989810567184,0.37203659790377724,0.2802335039905509
12,supreme_court_sentencing,supreme_court_sentencing:SFR-LDA-003,통상수용,0.5,통상수용,통상수용,True,False,True,통상수용,0.5661946487179336,0.2770959364265571,0.15670941485550924,통상수용,0.6030122413376369,0.2585347615091743,0.13845299715318884,통상수용,0.6007318205023028,0.25696467164064535,0.14230350785705184,0.5899795701859577,0.2641984565254589,0.1458219732885833
12,supreme_court_sentencing,supreme_court_sentencing:SFR-LDA-004,계약·질의검토,0.5,통상수용,통상수용,True,True,False,통상수용,0.46648284384972244,0.23129954466345334,0.30221761148682424,통상수용,0.530371114735022,0.1952827452356674,0.2743461400293107,통상수용,0.494966150568219,0.2202547738243352,0.2847790756074458,0.4972733697176545,0.21561235457448533,0.28711427570786024
12,supreme_court_sentencing,supreme_court_sentencing:SFR-LDA-005,계약·질의검토,0.5,계약·질의검토,계약·질의검토,False,False,True,계약·질의검토,0.3923938305495137,0.20047043481076798,0.4071357346397183,계약·질의검토,0.3734797756285098,0.1829307060111639,0.44358951836032634,통상수용,0.4104261639962706,0.18913646788869826,0.4004373681150311,0.39209992339143135,0.19084586957021007,0.41705420703835855
12,supreme_court_sentencing,supreme_court_sentencing:SFR-LDA-006,통상수용,0.5,통상수용,통상수용,True,False,True,통상수용,0.6347213401435371,0.2604855285773957,0.1047931312790672,통상수용,0.6899803992864225,0.2353838555288188,0.07463574518475866,통상수용,0.6466081886851758,0.2523044430673935,0.10108736824743064,0.6571033093717118,0.249391275724536,0.09350541490375215
12,supreme_court_sentencing,supreme_court_sentencing:SFR-LDA-007,통상수용,0.5,견적반영,견적반영,True,True,False,견적반영,0.3102474839084739,0.4853156295040721,0.20443688658745401,견적반영,0.28073945174363035,0.5569009040037227,0.162359644252647,견적반영,0.33876655391242005,0.46213936172544456,0.19909408436213547,0.30991782985484145,0.5014519650777465,0.18863020506741215
12,supreme_court_sentencing,supreme_court_sentencing:SFR-NSS-001,통상수용,0.5,통상수용,통상수용,False,False,True,통상수용,0.35390957102655923,0.3461827847355478,0.299907644237893,통상수용,0.3706481676705008,0.3092332617001,0.3201185706293991,견적반영,0.3494938770121488,0.36147871408905985,0.2890274088987914,0.35801720523640296,0.33896492017490254,0.3030178745886945
12,supreme_court_sentencing,supreme_court_sentencing:SFR-NSS-002,계약·질의검토,0.5,계약·질의검토,계약·질의검토,True,False,True,계약·질의검토,0.22666370201524244,0.28235038996269163,0.4909859080220658,계약·질의검토,0.19449519319057884,0.26221790986577753,0.5432868969436436,계약·질의검토,0.2121934274163006,0.29091015112973845,0.496896421453961,0.2111174408740406,0.2784928169860692,0.5103897421398902
12,supreme_court_sentencing,supreme_court_sentencing:SFR-NSS-003,통상수용,0.5,통상수용,통상수용,True,False,True,통상수용,0.6058859766811425,0.1515523469779284,0.242561676340929,통상수용,0.6998502912855384,0.09909057341557949,0.20105913529888209,통상수용,0.6560972684311881,0.1327997247703968,0.21110300679841515,0.653944512132623,0.1278142150546349,0.21824127281274208
12,supreme_court_sentencing,supreme_court_sentencing:SFR-NSS-004,계약·질의검토,0.5,계약·질의검토,계약·질의검토,True,False,True,계약·질의검토,0.2711681874374812,0.2729772175117927,0.4558545950507261,계약·질의검토,0.2363407887297432,0.2378081449540315,0.5258510663162252,계약·질의검토,0.2404617803230145,0.2740726214930793,0.4854655981839062,0.2493235854967463,0.26161932798630116,0.48905708651695257
12,supreme_court_sentencing,supreme_court_sentencing:SFR-NSS-005,통상수용,0.5,통상수용,통상수용,True,False,True,통상수용,0.38552570604118713,0.2658794523406231,0.3485948416181897,통상수용,0.3997386235681145,0.25914790960994566,0.34111346682193977,통상수용,0.38861303936855707,0.2544248303918258,0.3569621302396171,0.39129245632595283,0.25981739744746485,0.34889014622658215
12,supreme_court_sentencing,supreme_court_sentencing:SFR-NSS-006,견적반영,0.5,계약·질의검토,계약·질의검토,True,True,False,계약·질의검토,0.2058940904866071,0.21643906628200876,0.5776668432313842,계약·질의검토,0.14998761003807376,0.1940128209883623,0.6559995689735639,계약·질의검토,0.18812985710761862,0.21788326984148748,0.5939868730508939,0.18133718587743317,0.2094450523706195,0.6092177617519473
12,supreme_court_sentencing,supreme_court_sentencing:SFR-NSS-007,통상수용,0.5,통상수용,통상수용,True,False,True,통상수용,0.5469107394426158,0.19804718548103978,0.25504207507634435,통상수용,0.6116848473633185,0.18010526233337187,0.20820989030330966,통상수용,0.6013228150698439,0.17003303062740463,0.2286441543027514,0.5866394672919261,0.18272849281393877,0.23063203989413514
12,supreme_court_sentencing,supreme_court_sentencing:SFR-SCF-001,계약·질의검토,0.5,통상수용,통상수용,False,True,False,통상수용,0.3814718316336749,0.35788271760705676,0.2606454507592684,견적반영,0.37999735876278845,0.40086148366522295,0.2191411575719887,견적반영,0.3748264286049234,0.3750994643490365,0.25007410704604005,0.37876520633379557,0.37794788854043876,0.2432869051257657
12,supreme_court_sentencing,supreme_court_sentencing:SFR-SCF-002,통상수용,0.5,통상수용,통상수용,True,False,True,통상수용,0.5608019262665328,0.28470814845008885,0.15448992528337832,통상수용,0.6746280357588064,0.19714035767379248,0.1282316065674011,통상수용,0.5645817749241931,0.2804720441015825,0.15494618097422438,0.6000039123165108,0.2541068500751546,0.1458892376083346
12,supreme_court_sentencing,supreme_court_sentencing:SFR-SCF-003,통상수용,0.5,견적반영,견적반영,False,False,True,견적반영,0.35497892792268265,0.4323648929058827,0.2126561791714346,통상수용,0.38544457578066826,0.3846533386165633,0.2299020856027685,견적반영,0.3684300371373317,0.4220121368768576,0.20955782598581074,0.3696178469468942,0.41301012279976784,0.21737203025333796
12,supreme_court_sentencing,supreme_court_sentencing:SFR-SCF-004,통상수용,0.5,통상수용,통상수용,True,False,True,통상수용,0.49874183627339386,0.3232062344710911,0.17805192925551502,통상수용,0.5690412626846882,0.2841152657311606,0.14684347158415118,통상수용,0.5447537416437677,0.29846996006270027,0.15677629829353212,0.5375122802006166,0.30193048675498396,0.16055723304439942
12,supreme_court_sentencing,supreme_court_sentencing:SFR-SCF-005,견적반영,0.5,통상수용,통상수용,True,True,False,통상수용,0.3937048923419417,0.3713402035313395,0.2349549041267187,통상수용,0.42763757014376536,0.3604526691987094,0.2119097606575253,통상수용,0.423546420575102,0.36600524418768265,0.21044833523721523,0.4149629610202697,0.36593270563924385,0.21910433334048643
12,supreme_court_sentencing,supreme_court_sentencing:SFR-SCF-006,견적반영,0.5,견적반영,견적반영,True,False,True,견적반영,0.34236703442568106,0.4969226786954925,0.16071028687882652,견적반영,0.318175988964802,0.5507246888396915,0.13109932219550652,견적반영,0.3591147735417771,0.48588559096085066,0.15499963549737214,0.3398859323107534,0.5111776528320116,0.14893641485723508
12,supreme_court_sentencing,supreme_court_sentencing:SFR-SGS-001,계약·질의검토,0.5,계약·질의검토,계약·질의검토,True,False,True,계약·질의검토,0.25222203830024725,0.23307154211448627,0.5147064195852665,계약·질의검토,0.20950160221167202,0.20707567983969047,0.5834227179486375,계약·질의검토,0.24121726173874475,0.2344927739490175,0.5242899643122378,0.23431363408355468,0.2248799986343981,0.5408063672820472
12,supreme_court_sentencing,supreme_court_sentencing:SFR-SGS-002,통상수용,0.5,통상수용,통상수용,True,False,True,통상수용,0.3883907295703782,0.31970972218370297,0.2918995482459188,통상수용,0.43280439098594853,0.3039474021047891,0.26324820690926237,통상수용,0.40460730602441164,0.3136855769194655,0.2817071170561229,0.40860080886024613,0.3124475670693192,0.27895162407043467
12,supreme_court_sentencing,supreme_court_sentencing:SFR-SGS-003,견적반영,0.5,통상수용,통상수용,True,True,False,통상수용,0.3986688918835242,0.27537662373686783,0.3259544843796079,통상수용,0.43959187572419617,0.248854665214687,0.31155345906111687,통상수용,0.40057461342369016,0.27739571986465483,0.3220296667116549,0.4129451270104702,0.26720900293873656,0.3198458700507932
12,supreme_court_sentencing,supreme_court_sentencing:SFR-SGS-004,견적반영,0.5,통상수용,통상수용,True,True,False,통상수용,0.35395579843071834,0.30376591206758796,0.34227828950169376,통상수용,0.376369088163018,0.290333850761859,0.33329706107512297,통상수용,0.35348770852056666,0.3001280486008668,0.34638424287856656,0.3612708650381011,0.2980759371434379,0.3406531978184611
12,supreme_court_sentencing,supreme_court_sentencing:SFR-SGS-005,통상수용,0.5,계약·질의검토,계약·질의검토,False,False,True,계약·질의검토,0.3883830296411956,0.21552108535626968,0.39609588500253484,계약·질의검토,0.35589874609872046,0.19572672946039316,0.4483745244408865,통상수용,0.44039479151986466,0.18733167314004953,0.37227353534008584,0.39489218908659357,0.1995264959855708,0.4055813149278357
12,supreme_court_sentencing,supreme_court_sentencing:SFR-SIE-001,견적반영,0.5,계약·질의검토,계약·질의검토,True,True,False,계약·질의검토,0.19282699577264578,0.37446029599729097,0.43271270823006325,계약·질의검토,0.17968539475854112,0.32405017930740887,0.49626442593405007,계약·질의검토,0.1792647399733447,0.3803172886608376,0.4404179713658176,0.1839257101681772,0.3596092546551792,0.45646503517664366
12,supreme_court_sentencing,supreme_court_sentencing:SFR-SIE-002,견적반영,0.5,계약·질의검토,계약·질의검토,True,True,False,계약·질의검토,0.3409660637266614,0.2197265326034278,0.4393074036699108,계약·질의검토,0.30409961319217393,0.15969012369518742,0.5362102631126386,계약·질의검토,0.33215639358781096,0.23044856537007552,0.4373950410421135,0.32574069016888213,0.2032884072228969,0.47097090260822094
12,supreme_court_sentencing,supreme_court_sentencing:SFR-SIE-003,견적반영,0.5,계약·질의검토,계약·질의검토,True,True,False,계약·질의검토,0.31280783161129794,0.2545690880623509,0.43262308032635116,계약·질의검토,0.2916316568082959,0.20655686130615614,0.5018114818855479,계약·질의검토,0.31238557912709974,0.2575387141195772,0.4300757067533231,0.30560835584889784,0.2395548878293614,0.45483675632174075
12,supreme_court_sentencing,supreme_court_sentencing:SFR-SIE-004,계약·질의검토,0.5,통상수용,통상수용,True,True,False,통상수용,0.34693776861367637,0.3103497983207106,0.3427124330656131,통상수용,0.35169306850713633,0.30917876880819284,0.3391281626846709,통상수용,0.39091227728492667,0.3051606410093621,0.30392708170571114,0.3631810381352465,0.30822973604608855,0.32858922581866506
12,supreme_court_sentencing,supreme_court_sentencing:SFR-SIM-001,계약·질의검토,0.5,계약·질의검토,계약·질의검토,True,False,True,계약·질의검토,0.2167704883975622,0.36646393135899863,0.4167655802434391,계약·질의검토,0.20263215095091613,0.3540557415310653,0.44331210751801864,계약·질의검토,0.2075440286115733,0.36902459297800455,0.4234313784104222,0.20898222265335054,0.3631814219560228,0.42783635539062664
12,supreme_court_sentencing,supreme_court_sentencing:SFR-SIM-002,계약·질의검토,0.5,계약·질의검토,계약·질의검토,True,False,True,계약·질의검토,0.35011214009709785,0.2142959645468873,0.43559189535601484,계약·질의검토,0.33811386133185967,0.17708410656783194,0.4848020321003085,계약·질의검토,0.33747550660765646,0.21605378843130263,0.44647070496104085,0.3419005026788713,0.20247795318200726,0.45562154413912137
12,supreme_court_sentencing,supreme_court_sentencing:SFR-SIM-003,견적반영,0.5,계약·질의검토,계약·질의검토,True,True,False,계약·질의검토,0.2567810380932356,0.3706838735102204,0.372535088396544,계약·질의검토,0.20361495865919313,0.393762033859261,0.40262300748154584,계약·질의검토,0.24562464113618981,0.37006677533238136,0.38430858353142877,0.2353402126295395,0.3781708942339543,0.3864888931365062
12,supreme_court_sentencing,supreme_court_sentencing:SFR-SIM-004,통상수용,0.5,통상수용,통상수용,True,False,True,통상수용,0.5412342580681044,0.25720932732604207,0.2015564146058535,통상수용,0.5740057054584023,0.22639508881030856,0.19959920573128903,통상수용,0.6014079574685642,0.22649139323325745,0.1721006492981783,0.5722159736650237,0.2366986031232027,0.1910854232117736
12,supreme_court_sentencing,supreme_court_sentencing:SFR-SIM-005,견적반영,0.5,통상수용,계약·질의검토,False,True,False,통상수용,0.42535406516290436,0.21261099642572354,0.3620349384113721,계약·질의검토,0.3874244564696897,0.1913722515698373,0.421203291960473,통상수용,0.43043565535055817,0.21580807699513208,0.3537562676543098,0.41440472566105074,0.20659710833023096,0.3789981660087183
12,supreme_court_sentencing,supreme_court_sentencing:SFR-SIM-006,견적반영,0.5,통상수용,통상수용,True,True,False,통상수용,0.41428880542268415,0.36950230577528304,0.21620888880203273,통상수용,0.4286317610678725,0.36711107726089554,0.20425716167123198,통상수용,0.45872816403934275,0.3413434857112543,0.1999283502494031,0.4338829101766331,0.3593189562491443,0.2067981335742226
12,supreme_court_sentencing,supreme_court_sentencing:SFR-SIM-007,계약·질의검토,0.5,통상수용,계약·질의검토,False,False,True,계약·질의검토,0.33793676836355957,0.299109552927518,0.3629536787089225,통상수용,0.39231198769662196,0.2692434513520872,0.3384445609512909,통상수용,0.37438112143002306,0.2839212814637435,0.3416975971062335,0.36820995916340155,0.28409142858111625,0.3476986122554823
12,supreme_court_sentencing,supreme_court_sentencing:SFR-SIM-008,통상수용,0.5,견적반영,견적반영,True,True,False,견적반영,0.3048934053928391,0.49326110326711714,0.2018454913400438,견적반영,0.33450286685180747,0.4979496689709598,0.16754746417723257,견적반영,0.3053399746957926,0.49597859572918435,0.19868142957502286,0.3149120823134797,0.49572978932242046,0.18935812836409974
12,supreme_court_sentencing,supreme_court_sentencing:SFR-SIM-009,계약·질의검토,0.5,통상수용,통상수용,True,True,False,통상수용,0.46294658787116943,0.18619633594097118,0.3508570761878593,통상수용,0.49249482164253244,0.17541429987828466,0.3320908784791828,통상수용,0.4638325596187158,0.1821698261635442,0.3539976142177401,0.4730913230441392,0.18126015399426668,0.34564852296159404
12,supreme_court_sentencing,supreme_court_sentencing:SFR-SIM-010,계약·질의검토,0.5,통상수용,통상수용,True,True,False,통상수용,0.3412072616574554,0.3262439945882637,0.33254874375428095,통상수용,0.3633311607538297,0.31980738066208797,0.3168614585840823,통상수용,0.3470392260905869,0.3156077851879551,0.3373529887214579,0.3505258828339574,0.3205530534794356,0.32892106368660706
12,supreme_court_sentencing,supreme_court_sentencing:SFR-SIM-011,계약·질의검토,0.5,계약·질의검토,계약·질의검토,True,False,True,계약·질의검토,0.3833564299398743,0.18966221564091312,0.42698135441921264,계약·질의검토,0.3395679639044615,0.13569829079776694,0.5247337452977715,계약·질의검토,0.376291675336497,0.19571291967714496,0.4279954049863581,0.36640535639361094,0.17369114203860836,0.45990350156778076
12,supreme_court_sentencing,supreme_court_sentencing:SFR-SIM-012,통상수용,0.5,통상수용,통상수용,True,False,True,통상수용,0.5601960140406861,0.2779056146025845,0.16189837135672938,통상수용,0.6297451625093271,0.22521100716230424,0.1450438303283687,통상수용,0.5950955530275446,0.2678449440951196,0.13705950287733581,0.5950122431925192,0.2569871886200028,0.14800056818747798
12,supreme_court_sentencing,supreme_court_sentencing:SFR-SIM-013,통상수용,0.5,통상수용,통상수용,True,False,True,통상수용,0.6160870142251084,0.262370031507613,0.12154295426727872,통상수용,0.6892548982934017,0.2071651370906038,0.10357996461599443,통상수용,0.6568033607463162,0.23858347047492695,0.10461316877875677,0.6540484244216087,0.2360395463577146,0.10991202922067665
12,supreme_court_sentencing,supreme_court_sentencing:SFR-SIM-014,통상수용,0.5,통상수용,통상수용,True,False,True,통상수용,0.641295163717598,0.20295447595258145,0.1557503603298206,통상수용,0.7242657199616273,0.1559870279607938,0.11974725207757889,통상수용,0.6948606245169756,0.17726132000414588,0.12787805547887846,0.6868071693987337,0.1787342746391737,0.13445855596209264
12,supreme_court_sentencing,supreme_court_sentencing:SFR-SIS-001,통상수용,0.5,통상수용,통상수용,True,False,True,통상수용,0.4674258522159454,0.2688122214686745,0.26376192631538004,통상수용,0.49564821599420256,0.2524771399841761,0.2518746440216214,통상수용,0.480153183496739,0.2643509518234075,0.25549586467985347,0.4810757505689623,0.26188010442541937,0.2570441450056183
12,supreme_court_sentencing,supreme_court_sentencing:SFR-SIS-002,통상수용,0.5,통상수용,통상수용,True,False,True,통상수용,0.47268673742252165,0.4054735631250022,0.1218396994524762,통상수용,0.4855448068541796,0.430903684483835,0.08355150866198548,통상수용,0.4774929758470635,0.4160366171798613,0.10647040697307512,0.478574840041255,0.4174712882628995,0.10395387169584559
12,supreme_court_sentencing,supreme_court_sentencing:SFR-SIS-003,통상수용,0.5,견적반영,견적반영,True,True,False,견적반영,0.2769263372080595,0.5368521356283152,0.18622152716362517,견적반영,0.23545022867615714,0.5971408517764117,0.16740891954743115,견적반영,0.2825749738566658,0.5545378789141167,0.16288714722921743,0.2649838465802941,0.5628436221062812,0.17217253131342458
12,supreme_court_sentencing,supreme_court_sentencing:SFR-SIS-004,견적반영,0.5,통상수용,통상수용,True,True,False,통상수용,0.6060861099869577,0.22787144629665596,0.16604244371638632,통상수용,0.7334617598915488,0.14780193511165318,0.11873630499679795,통상수용,0.5666643617871487,0.25169784602668754,0.18163779218616372,0.6354040772218851,0.20912374247833224,0.15547218029978266
12,supreme_court_sentencing,supreme_court_sentencing:TER-001,계약·질의검토,0.5,계약·질의검토,계약·질의검토,True,False,True,계약·질의검토,0.40286822804482253,0.16147037491122535,0.4356613970439522,계약·질의검토,0.42944046416751386,0.13438137748975312,0.4361781583427331,계약·질의검토,0.3559069508632896,0.17219125303706753,0.4719017960996429,0.3960718810252087,0.15601433514601534,0.44791378382877606
12,supreme_court_sentencing,supreme_court_sentencing:TER-002,계약·질의검토,0.5,통상수용,통상수용,True,True,False,통상수용,0.44758901913087923,0.21060092777564896,0.34181005309347184,통상수용,0.4656220740989156,0.20893698892327198,0.32544093697781235,통상수용,0.4593814040326136,0.2053676124655717,0.33525098350181465,0.4575308324208028,0.20830184305483088,0.3341673245243663
12,supreme_court_sentencing,supreme_court_sentencing:TER-003,계약·질의검토,0.5,계약·질의검토,계약·질의검토,True,False,True,계약·질의검토,0.2528249553534718,0.16944389006463031,0.5777311545818978,계약·질의검토,0.21647955727187151,0.12234145535329068,0.6611789873748378,계약·질의검토,0.23155100353802038,0.17334504463515335,0.5951039518268263,0.23361850538778792,0.15504346335102479,0.6113380312611874
12,supreme_court_sentencing,supreme_court_sentencing:TER-004,계약·질의검토,0.5,계약·질의검토,계약·질의검토,True,False,True,계약·질의검토,0.2061160654657403,0.19202271194841108,0.6018612225858485,계약·질의검토,0.15944306591006022,0.18177682837045311,0.6587801057194866,계약·질의검토,0.19235364013662676,0.17942256756377956,0.6282237922995937,0.18597092383747574,0.1844073692942146,0.6296217068683095
12,supreme_court_sentencing,supreme_court_sentencing:TER-005,계약·질의검토,0.5,계약·질의검토,계약·질의검토,True,False,True,계약·질의검토,0.2382623381049473,0.12556516873458343,0.6361724931604693,계약·질의검토,0.22202467103547538,0.09873796114386235,0.6792373678206624,계약·질의검토,0.25758884177474145,0.11809832870609618,0.6243128295191623,0.2392919503050547,0.11413381952818065,0.6465742301667646
12,supreme_court_sentencing,supreme_court_sentencing:TER-006,견적반영,0.5,통상수용,통상수용,True,True,False,통상수용,0.4123183079011281,0.28453754674108245,0.3031441453577894,통상수용,0.451954114187596,0.2540519707897838,0.2939939150226203,통상수용,0.3989041527294043,0.3046081638004497,0.29648768347014604,0.4210588582727095,0.28106589377710534,0.2978752479501852
12,supreme_court_sentencing,supreme_court_sentencing:TER-007,계약·질의검토,0.5,계약·질의검토,계약·질의검토,True,False,True,계약·질의검토,0.1984823066635396,0.1955136063090111,0.6060040870274493,계약·질의검토,0.16059517424383107,0.17172340748884155,0.6676814182673274,계약·질의검토,0.19373033827553227,0.1916942867673473,0.6145753749571204,0.18426927306096763,0.1863104335217333,0.629420293417299
