fold,test_document,requirement_uid,gold,tfidf_e5_weight,soft_vote_pred,review_union_pred,all_agree,all_wrong,at_least_one_correct,char_logistic_pred,char_logistic_p_통상수용,char_logistic_p_견적반영,char_logistic_p_계약·질의검토,word_char_logistic_pred,word_char_logistic_p_통상수용,word_char_logistic_p_견적반영,word_char_logistic_p_계약·질의검토,tfidf_e5_hybrid_pred,tfidf_e5_hybrid_p_통상수용,tfidf_e5_hybrid_p_견적반영,tfidf_e5_hybrid_p_계약·질의검토,soft_vote_p_통상수용,soft_vote_p_견적반영,soft_vote_p_계약·질의검토
0,ccrs_ai_platform,ccrs_ai_platform:CNR-001,통상수용,1.0,견적반영,계약·질의검토,False,True,False,견적반영,0.29888621831812073,0.3656006184072689,0.3355131632746104,견적반영,0.2859500255655541,0.37087436430853066,0.34317561012591513,계약·질의검토,0.23914515487143334,0.36715308140711395,0.3937017637214528,0.2746604662517027,0.3678760213743045,0.3574635123739928
0,ccrs_ai_platform,ccrs_ai_platform:CNR-002,통상수용,1.0,통상수용,통상수용,False,False,True,통상수용,0.41384580033877916,0.3681296125370266,0.21802458712419423,견적반영,0.39560103305841365,0.42164097863593,0.18275798830565637,통상수용,0.4641689624355076,0.3402754439748133,0.19555559358967914,0.4245385986109001,0.3766820117159233,0.19877938967317657
0,ccrs_ai_platform,ccrs_ai_platform:COR-001,통상수용,1.0,계약·질의검토,계약·질의검토,True,True,False,계약·질의검토,0.3690086339003948,0.2228270160853715,0.4081643500142336,계약·질의검토,0.33709091911976946,0.2098387068044651,0.4530703740757655,계약·질의검토,0.35195562936056546,0.20581848972510405,0.4422258809143304,0.35268506079357653,0.2128280708716469,0.4344868683347765
0,ccrs_ai_platform,ccrs_ai_platform:COR-002,통상수용,1.0,통상수용,통상수용,True,False,True,통상수용,0.5679716272234804,0.18551034329717528,0.24651802947934445,통상수용,0.6744663997856026,0.14762038818627377,0.1779132120281236,통상수용,0.6805558486776486,0.1248885970160349,0.1945555543063164,0.6409979585622438,0.15267310949982799,0.20632893193792815
0,ccrs_ai_platform,ccrs_ai_platform:COR-003,통상수용,1.0,통상수용,통상수용,True,False,True,통상수용,0.41927553108086074,0.16333642896003656,0.41738803995910273,통상수용,0.48732488761768017,0.13610131490717256,0.3765737974751473,통상수용,0.44404647176389705,0.1319211507460326,0.42403237749007017,0.450215630154146,0.1437862982044139,0.40599807164144003
0,ccrs_ai_platform,ccrs_ai_platform:COR-004,계약·질의검토,1.0,계약·질의검토,계약·질의검토,True,False,True,계약·질의검토,0.2814795985374269,0.12936332813318377,0.5891570733293894,계약·질의검토,0.2855015295090991,0.09893467834840786,0.6155637921424931,계약·질의검토,0.29414194204717786,0.11585621270041178,0.5900018452524104,0.28704102336456794,0.1147180730606678,0.5982409035747643
0,ccrs_ai_platform,ccrs_ai_platform:COR-005,계약·질의검토,1.0,통상수용,계약·질의검토,False,False,True,계약·질의검토,0.37338892049235506,0.22859361837671469,0.3980174611309303,계약·질의검토,0.3681644692863812,0.23442334237399998,0.3974121883396189,통상수용,0.4542677077972303,0.17983145851565735,0.36590083368711235,0.3986070325253222,0.21428280642212397,0.3871101610525538
0,ccrs_ai_platform,ccrs_ai_platform:COR-006,견적반영,1.0,통상수용,계약·질의검토,False,True,False,통상수용,0.43880443419070697,0.21056757830281797,0.350627987506475,통상수용,0.4800263781912334,0.16858201797935982,0.3513916038294069,계약·질의검토,0.3507370552790591,0.2252044909086589,0.424058453812282,0.4231892892203331,0.20145136239694558,0.37535934838272134
0,ccrs_ai_platform,ccrs_ai_platform:COR-007,계약·질의검토,1.0,계약·질의검토,계약·질의검토,True,False,True,계약·질의검토,0.30005510098385196,0.1980268907848643,0.5019180082312836,계약·질의검토,0.2886918469762682,0.15349435275824252,0.5578138002654892,계약·질의검토,0.28480730630629186,0.17432926387702113,0.540863429816687,0.29118475142213734,0.17528350247337598,0.5335317461044866
0,ccrs_ai_platform,ccrs_ai_platform:COR-008,통상수용,1.0,통상수용,통상수용,True,False,True,통상수용,0.5315683308397515,0.1551522478696397,0.31327942129060876,통상수용,0.5825516440513209,0.13777553483492072,0.2796728211137584,통상수용,0.49380157908044037,0.1395513090489636,0.36664711187059595,0.5359738513238376,0.1441596972511747,0.3198664514249877
0,ccrs_ai_platform,ccrs_ai_platform:DAR-002,통상수용,1.0,통상수용,통상수용,True,False,True,통상수용,0.3671679105407973,0.3334961204479297,0.299335969011273,통상수용,0.3931010489502317,0.31498117330510284,0.29191777774466554,통상수용,0.45887714899401355,0.2972258863491691,0.2438969646568174,0.40638203616168084,0.3152343933674005,0.27838357047091866
0,ccrs_ai_platform,ccrs_ai_platform:DAR-003,통상수용,1.0,통상수용,통상수용,True,False,True,통상수용,0.4745047144164306,0.22689352107290278,0.29860176451066667,통상수용,0.5058502745940251,0.21346714782854723,0.28068257757742765,통상수용,0.6052256497293717,0.17161314790291096,0.22316120236771725,0.5285268795799425,0.2039912722681203,0.2674818481519372
0,ccrs_ai_platform,ccrs_ai_platform:DAR-004,통상수용,1.0,통상수용,통상수용,True,False,True,통상수용,0.5417030573147251,0.2205509750726353,0.23774596761263958,통상수용,0.6213398840603047,0.1881341309070707,0.19052598503262458,통상수용,0.6097368810047844,0.18234423692402155,0.207918882071194,0.5909266074599381,0.1970097809679092,0.21206361157215273
0,ccrs_ai_platform,ccrs_ai_platform:ECR-001,계약·질의검토,1.0,계약·질의검토,계약·질의검토,True,False,True,계약·질의검토,0.26565114493398734,0.20884046148325314,0.5255083935827596,계약·질의검토,0.26065949143462575,0.20665574948988483,0.5326847590754894,계약·질의검토,0.2178048165899768,0.20577137913513077,0.5764238042748925,0.24803848431952993,0.20708919670275625,0.5448723189777138
0,ccrs_ai_platform,ccrs_ai_platform:ECR-002,계약·질의검토,1.0,견적반영,견적반영,True,True,False,견적반영,0.20444580033632606,0.4908896765166298,0.3046645231470442,견적반영,0.19048730987412868,0.5269804455735606,0.28253224455231063,견적반영,0.19095554508493112,0.5203291027456904,0.28871535216937855,0.19529621843179532,0.5127330749452936,0.29197070662291114
0,ccrs_ai_platform,ccrs_ai_platform:ECR-003,견적반영,1.0,견적반영,견적반영,True,False,True,견적반영,0.10756933619993028,0.5404481517690304,0.35198251203103936,견적반영,0.06540648253756423,0.5919161750976424,0.34267734236479347,견적반영,0.06844893644996658,0.5709388575967068,0.36061220595332655,0.08047491839582037,0.5677677281544599,0.3517573534497198
0,ccrs_ai_platform,ccrs_ai_platform:ECR-004,견적반영,1.0,견적반영,견적반영,True,False,True,견적반영,0.17488466946165665,0.5358243268442143,0.289291003694129,견적반영,0.1302760803841767,0.6291849166720422,0.24053900294378108,견적반영,0.13091125304922535,0.5631842063318903,0.30590454061888434,0.1453573342983529,0.5760644832827156,0.2785781824189315
0,ccrs_ai_platform,ccrs_ai_platform:ECR-006,계약·질의검토,1.0,견적반영,계약·질의검토,False,False,True,견적반영,0.1122392011651012,0.4844446697508149,0.4033161290840839,견적반영,0.07285761817951629,0.4959973890152309,0.4311449928052529,계약·질의검토,0.06711944881941194,0.46481166890853703,0.46806888227205107,0.08407208938800981,0.4817512425581943,0.43417666805379596
0,ccrs_ai_platform,ccrs_ai_platform:ECR-007,계약·질의검토,1.0,계약·질의검토,계약·질의검토,True,False,True,계약·질의검토,0.21665528079189253,0.3643740036083111,0.4189707155997964,계약·질의검토,0.19470998382069094,0.31559697229957834,0.48969304387973067,계약·질의검토,0.14385625962228252,0.35957939100370145,0.49656434937401606,0.185073841411622,0.3465167889705303,0.46840936961784774
0,ccrs_ai_platform,ccrs_ai_platform:ECR-008,계약·질의검토,1.0,계약·질의검토,계약·질의검토,True,False,True,계약·질의검토,0.1866102172728654,0.3604218382146621,0.4529679445124725,계약·질의검토,0.14071007037512126,0.32902475094659084,0.5302651786782878,계약·질의검토,0.11039162705295487,0.3647208545701652,0.52488751837688,0.1459039715669805,0.3513891479104727,0.5027068805225468
0,ccrs_ai_platform,ccrs_ai_platform:ECR-009,견적반영,1.0,견적반영,견적반영,True,False,True,견적반영,0.32028473220192,0.4060455572356898,0.2736697105623901,견적반영,0.3164348712181626,0.3564035590617816,0.3271615697200558,견적반영,0.24724264856177233,0.4917971257475106,0.260960225690717,0.29465408399395165,0.4180820806816607,0.2872638353243876
0,ccrs_ai_platform,ccrs_ai_platform:INR-001,통상수용,1.0,견적반영,견적반영,True,True,False,견적반영,0.2548322740468319,0.4043606765514563,0.3408070494017118,견적반영,0.22258173241608603,0.408220441709079,0.3691978258748349,견적반영,0.1750864905587222,0.4412140885324287,0.3836994209088491,0.21750016567388006,0.4179317355976547,0.36456809872846524
0,ccrs_ai_platform,ccrs_ai_platform:INR-002,견적반영,1.0,계약·질의검토,계약·질의검토,False,False,True,견적반영,0.2783066668400342,0.36208596896542145,0.35960736419454437,계약·질의검토,0.26028568198273155,0.3438294442629623,0.3958848737543061,견적반영,0.22021959935677898,0.4031940313774609,0.3765863692657602,0.25293731605984826,0.3697031482019482,0.3773595357382036
0,ccrs_ai_platform,ccrs_ai_platform:INR-003,견적반영,1.0,견적반영,견적반영,True,False,True,견적반영,0.24012217425195967,0.5015170146874427,0.2583608110605977,견적반영,0.19334186990223654,0.5774787127023068,0.22917941739545658,견적반영,0.25941729787300505,0.49649838898589066,0.24408431314110435,0.23096044734240043,0.5251647054585468,0.24387484719905286
0,ccrs_ai_platform,ccrs_ai_platform:INR-004,통상수용,1.0,견적반영,견적반영,False,False,True,통상수용,0.3591732558991155,0.3483397648135356,0.2924869792873489,견적반영,0.37230895422982013,0.37897968615904193,0.24871135961113788,견적반영,0.3314066133815189,0.3644326891385807,0.3041606974799005,0.35429627450348483,0.36391738003705276,0.2817863454594624
0,ccrs_ai_platform,ccrs_ai_platform:INR-005,통상수용,1.0,견적반영,견적반영,True,True,False,견적반영,0.3093368337250715,0.39504748417314395,0.2956156821017846,견적반영,0.2876265517656773,0.40746872747016605,0.30490472076415664,견적반영,0.27855991650975115,0.3993254369353236,0.3221146465549254,0.29184110066683333,0.4006138828595445,0.3075450164736222
0,ccrs_ai_platform,ccrs_ai_platform:INR-006,통상수용,1.0,통상수용,계약·질의검토,False,False,True,통상수용,0.40765520552533985,0.21002594900015012,0.38231884547450995,통상수용,0.4706449340700707,0.18353826542159857,0.3458168005083307,계약·질의검토,0.3788874675611904,0.18959712220281805,0.4315154102359916,0.41906253571886704,0.1943871122081889,0.3865503520729441
0,ccrs_ai_platform,ccrs_ai_platform:INR-007,계약·질의검토,1.0,견적반영,계약·질의검토,False,False,True,견적반영,0.31230910279964125,0.3546659525098892,0.33302494469046956,계약·질의검토,0.290230045009147,0.34172827072276296,0.36804168426809,견적반영,0.2817566967401093,0.38847050780870407,0.3297727954511866,0.29476528151629916,0.3616215770137854,0.34361314146991534
0,ccrs_ai_platform,ccrs_ai_platform:PER-001,계약·질의검토,1.0,계약·질의검토,계약·질의검토,True,False,True,계약·질의검토,0.2108717905111725,0.32016375380429146,0.4689644556845361,계약·질의검토,0.17805112030263576,0.3184018079242422,0.5035470717731221,계약·질의검토,0.1684847742311188,0.32412281410935107,0.5073924116595301,0.18580256168164233,0.32089612527929495,0.4933013130390627
0,ccrs_ai_platform,ccrs_ai_platform:PER-002,계약·질의검토,1.0,계약·질의검토,계약·질의검토,True,False,True,계약·질의검토,0.16268088691316931,0.28997828904503303,0.5473408240417977,계약·질의검토,0.12051088216670505,0.28083963901073455,0.5986494788225604,계약·질의검토,0.09389986397639301,0.29407243705764463,0.6120276989659623,0.12569721101875578,0.2882967883711374,0.5860060006101068
0,ccrs_ai_platform,ccrs_ai_platform:PER-003,계약·질의검토,1.0,계약·질의검토,계약·질의검토,True,False,True,계약·질의검토,0.12613331436131583,0.26391762995906304,0.6099490556796211,계약·질의검토,0.09022071477395198,0.23465597009998523,0.6751233151260628,계약·질의검토,0.06472224382103144,0.28263944006436503,0.6526383161146034,0.09369209098543307,0.26040434670780443,0.6459035623067625
0,ccrs_ai_platform,ccrs_ai_platform:PER-004,계약·질의검토,1.0,계약·질의검토,계약·질의검토,False,False,True,견적반영,0.27923035692387294,0.36179035236744506,0.35897929070868195,계약·질의검토,0.24420937859134761,0.3592505531634956,0.3965400682451568,계약·질의검토,0.24191108773625936,0.3486040071149308,0.4094849051488099,0.2551169410838266,0.35654830421529043,0.38833475470088286
0,ccrs_ai_platform,ccrs_ai_platform:PER-005,계약·질의검토,1.0,견적반영,견적반영,True,True,False,견적반영,0.28620232929053474,0.4272735984181489,0.28652407229131643,견적반영,0.2831072909878261,0.44562578656287183,0.2712669224493021,견적반영,0.3131177500383883,0.42457960654183197,0.2623026434197796,0.2941424567722497,0.4324929971742842,0.27336454605346605
0,ccrs_ai_platform,ccrs_ai_platform:PMR-001,계약·질의검토,1.0,계약·질의검토,계약·질의검토,True,False,True,계약·질의검토,0.321532773748078,0.30956023876632516,0.3689069874855969,계약·질의검토,0.2947932502593919,0.31548491307686743,0.3897218366637406,계약·질의검토,0.24017995044048016,0.3384588220268356,0.42136122753268435,0.28550199148265004,0.3211679912900094,0.3933300172273406
0,ccrs_ai_platform,ccrs_ai_platform:PMR-002,통상수용,1.0,통상수용,통상수용,True,False,True,통상수용,0.6074214646335608,0.1273153051373147,0.26526323022912435,통상수용,0.7023324989045455,0.09967570264268416,0.19799179845277026,통상수용,0.6127023796738483,0.11409502991181732,0.2732025904143345,0.6408187810706516,0.11369534589727205,0.24548587303207636
0,ccrs_ai_platform,ccrs_ai_platform:PMR-003,견적반영,1.0,통상수용,통상수용,True,True,False,통상수용,0.5731689877670926,0.1861194997242262,0.2407115125086812,통상수용,0.6341368689024527,0.16927889231156512,0.19658423878598216,통상수용,0.47976266809740925,0.2216763891441829,0.29856094275840794,0.5623561749223182,0.19235826039332474,0.2452855646843571
0,ccrs_ai_platform,ccrs_ai_platform:PMR-004,견적반영,1.0,통상수용,계약·질의검토,False,True,False,통상수용,0.39623120818544216,0.2906772372801562,0.31309155453440163,통상수용,0.3924814345038382,0.31146168520170175,0.29605688029446015,계약·질의검토,0.2858798629147104,0.3275043307067467,0.38661580637854276,0.35819750186799687,0.3098810843962016,0.33192141373580153
0,ccrs_ai_platform,ccrs_ai_platform:PMR-005,통상수용,1.0,통상수용,통상수용,True,False,True,통상수용,0.6132557471765532,0.16247943454870453,0.22426481827474234,통상수용,0.6848863156582233,0.1410050917990584,0.1741085925427182,통상수용,0.6116862998809082,0.1624369613767792,0.2258767387423126,0.6366094542385615,0.15530716257484736,0.20808338318659106
0,ccrs_ai_platform,ccrs_ai_platform:PSR-001,계약·질의검토,1.0,계약·질의검토,계약·질의검토,True,False,True,계약·질의검토,0.18661494921897903,0.39522165652577756,0.41816339425524335,계약·질의검토,0.13340359132298824,0.43199696168861457,0.4345994469883973,계약·질의검토,0.1553749236565374,0.3777715576991396,0.46685351864432306,0.15846448806616822,0.40166339197117723,0.4398721199626546
0,ccrs_ai_platform,ccrs_ai_platform:PSR-002,계약·질의검토,1.0,계약·질의검토,계약·질의검토,True,False,True,계약·질의검토,0.10132540795034055,0.3565920969764196,0.5420824950732398,계약·질의검토,0.06457098643450614,0.4029292738884481,0.5324997396770458,계약·질의검토,0.08010340714464737,0.38587671322904843,0.5340198796263043,0.08199993384316469,0.3817993613646387,0.5362007047921966
0,ccrs_ai_platform,ccrs_ai_platform:PSR-003,계약·질의검토,1.0,계약·질의검토,계약·질의검토,True,False,True,계약·질의검토,0.19395795919634423,0.3680715727515581,0.4379704680520977,계약·질의검토,0.16396706565520738,0.3812481176667125,0.45478481667808,계약·질의검토,0.11842606008333921,0.3876990944455295,0.4938748454711313,0.15878369497829695,0.37900626162126666,0.46221004340043637
0,ccrs_ai_platform,ccrs_ai_platform:PSR-004,견적반영,1.0,견적반영,견적반영,True,False,True,견적반영,0.16291020751380925,0.5337823459726397,0.30330744651355096,견적반영,0.1408779929483966,0.585692029709048,0.27342997734255553,견적반영,0.12475545118027566,0.549518541943672,0.3257260068760523,0.14284788388082717,0.5563309725417867,0.30082114357738626
0,ccrs_ai_platform,ccrs_ai_platform:QUR-001,통상수용,1.0,통상수용,계약·질의검토,False,False,True,통상수용,0.39878771629548665,0.30074691542717846,0.30046536827733494,통상수용,0.45297329347668625,0.2641150860836128,0.2829116204397011,계약·질의검토,0.29788979186563713,0.34241907015484857,0.35969113797951424,0.38321693387926997,0.30242702388854664,0.31435604223218344
0,ccrs_ai_platform,ccrs_ai_platform:QUR-002,견적반영,1.0,견적반영,견적반영,True,False,True,견적반영,0.19610189569154948,0.47947583783172276,0.3244222664767276,견적반영,0.17722558746354194,0.49058072885172493,0.33219368368473307,견적반영,0.11768642316483108,0.5123537686775566,0.36995980815761237,0.16367130210664085,0.4941367784536681,0.342191919439691
0,ccrs_ai_platform,ccrs_ai_platform:QUR-003,통상수용,1.0,통상수용,통상수용,True,False,True,통상수용,0.4093476859562333,0.3972977334151841,0.19335458062858255,통상수용,0.43674174211750316,0.4069050195193406,0.15635323836315637,통상수용,0.4301184053595878,0.36706049750539815,0.20282109713501406,0.4254026111444414,0.39042108347997423,0.18417630537558435
0,ccrs_ai_platform,ccrs_ai_platform:QUR-004,통상수용,1.0,통상수용,계약·질의검토,False,False,True,통상수용,0.3567707054880931,0.3294714733500984,0.31375782116180845,통상수용,0.38580368983190677,0.3192328493704535,0.29496346079763974,계약·질의검토,0.3437590372436705,0.3028303358663211,0.3534106268900083,0.36211114418789014,0.31717821952895764,0.32071063628315216
0,ccrs_ai_platform,ccrs_ai_platform:QUR-005,통상수용,1.0,통상수용,통상수용,True,False,True,통상수용,0.5786483069860499,0.210049174606532,0.21130251840741807,통상수용,0.5902180040997026,0.223280350071519,0.18650164582877843,통상수용,0.5193150223041598,0.2468451376058126,0.23383984009002753,0.5627271111299708,0.22672488742795452,0.21054800144207467
0,ccrs_ai_platform,ccrs_ai_platform:SER-001,견적반영,1.0,견적반영,견적반영,True,False,True,견적반영,0.26951951901142124,0.39847725332479333,0.3320032276637854,견적반영,0.26031858684700043,0.3726469289497338,0.36703448420326573,견적반영,0.2098046080940364,0.43758426723092114,0.3526111246750426,0.24654757131748598,0.4029028165018161,0.3505496121806979
0,ccrs_ai_platform,ccrs_ai_platform:SER-002,계약·질의검토,1.0,계약·질의검토,계약·질의검토,True,False,True,계약·질의검토,0.19193729532881582,0.3485959852252948,0.4594667194458895,계약·질의검토,0.156875011462024,0.3618187266278061,0.48130626191016995,계약·질의검토,0.13400620451495796,0.3778153203246501,0.4881784751603921,0.16093950376859925,0.3627433440592503,0.47631715217215054
0,ccrs_ai_platform,ccrs_ai_platform:SER-003,견적반영,1.0,견적반영,견적반영,True,False,True,견적반영,0.24087825562285622,0.426056311699532,0.33306543267761174,견적반영,0.20182657670337337,0.4283154883497294,0.36985793494689717,견적반영,0.17598919582815328,0.46503328688512097,0.3589775172867258,0.20623134271812762,0.4398016956447941,0.3539669616370782
0,ccrs_ai_platform,ccrs_ai_platform:SER-004,계약·질의검토,1.0,견적반영,견적반영,True,True,False,견적반영,0.24377860195942072,0.4404929677760636,0.31572843026451575,견적반영,0.21451279849163196,0.45199473803218565,0.3334924634761824,견적반영,0.18017124559309333,0.4748384532127286,0.34499030119417806,0.21282088201471536,0.45577538634032594,0.33140373164495873
0,ccrs_ai_platform,ccrs_ai_platform:SER-005,견적반영,1.0,견적반영,견적반영,True,False,True,견적반영,0.2537178181686032,0.40794375732533084,0.3383384245060658,견적반영,0.24008231917599696,0.39632098079223654,0.36359670003176653,견적반영,0.2140281313148566,0.4597381582391712,0.3262337104459723,0.23594275621981894,0.42133429878557954,0.3427229449946016
0,ccrs_ai_platform,ccrs_ai_platform:SER-006,계약·질의검토,1.0,계약·질의검토,계약·질의검토,True,False,True,계약·질의검토,0.1957387823194596,0.35329816254588203,0.45096305513465834,계약·질의검토,0.15263645147013727,0.3138382096035255,0.5335253389263372,계약·질의검토,0.12325300085662691,0.36316659625861264,0.5135804028847604,0.15720941154874127,0.34343432280267333,0.4993562656485853
0,ccrs_ai_platform,ccrs_ai_platform:SER-007,계약·질의검토,1.0,견적반영,견적반영,True,True,False,견적반영,0.3021078478068585,0.3561507669764629,0.3417413852166786,견적반영,0.2443762587622012,0.41081116216505914,0.3448125790727397,견적반영,0.23286200354797285,0.4089238862697104,0.3582141101823167,0.2597820367056775,0.3919619384704108,0.34825602482391166
0,ccrs_ai_platform,ccrs_ai_platform:SER-008,통상수용,1.0,계약·질의검토,계약·질의검토,True,True,False,계약·질의검토,0.30100673031586683,0.3143033304066845,0.38468993927744866,계약·질의검토,0.3508845269969873,0.2438345957126861,0.40528087729032664,계약·질의검토,0.2778866746283473,0.312707652212996,0.4094056731586567,0.3099259773137338,0.2902818594441222,0.39979216324214395
0,ccrs_ai_platform,ccrs_ai_platform:SER-009,계약·질의검토,1.0,견적반영,견적반영,True,True,False,견적반영,0.2574464121193373,0.4565799331957458,0.28597365468491676,견적반영,0.24525749821962664,0.47468273405502903,0.2800597677253442,견적반영,0.2045291956282684,0.5257075839063184,0.2697632204654132,0.2357443686557441,0.48565675038569783,0.27859888095855806
0,ccrs_ai_platform,ccrs_ai_platform:SER-010,통상수용,1.0,계약·질의검토,계약·질의검토,True,True,False,계약·질의검토,0.3765021967677984,0.20180702244156237,0.4216907807906392,계약·질의검토,0.3824472535551554,0.1675036309679836,0.45004911547686094,계약·질의검토,0.36049485848652235,0.19532894082460667,0.44417620068887104,0.37314810293649203,0.1882131980780509,0.4386386989854571
0,ccrs_ai_platform,ccrs_ai_platform:SER-011,통상수용,1.0,통상수용,통상수용,True,False,True,통상수용,0.4245019471720273,0.19322860417454332,0.38226944865342943,통상수용,0.4372167686486723,0.16483208240126832,0.3979511489500594,통상수용,0.4043410075657697,0.19520316356086487,0.4004558288733654,0.42201990779548976,0.18442128337889216,0.3935588088256181
0,ccrs_ai_platform,ccrs_ai_platform:SFR-002,견적반영,1.0,견적반영,견적반영,True,False,True,견적반영,0.15304689001165,0.5360714083614403,0.31088170162690965,견적반영,0.11471973292016249,0.5981683709243902,0.28711189615544724,견적반영,0.10098103286929559,0.5690718055440054,0.329947161586699,0.12291588526703605,0.567770528276612,0.309313586456352
0,ccrs_ai_platform,ccrs_ai_platform:SFR-003,계약·질의검토,1.0,견적반영,견적반영,True,True,False,견적반영,0.1390295287280717,0.6301877923394087,0.23078267893251958,견적반영,0.09265668523659439,0.7245141992689842,0.18282911549442146,견적반영,0.13516415550362673,0.6040731237415184,0.26076272075485485,0.12228345648943095,0.6529250384499704,0.22479150506059864
0,ccrs_ai_platform,ccrs_ai_platform:SFR-004,견적반영,1.0,견적반영,견적반영,True,False,True,견적반영,0.2849979424155198,0.517576375635045,0.19742568194943516,견적반영,0.2863604452861335,0.5390241490560189,0.1746154056578477,견적반영,0.23100291988531654,0.5407517154715298,0.22824536464315368,0.2674537691956566,0.5324507467208646,0.20009548408347885
0,ccrs_ai_platform,ccrs_ai_platform:SFR-005,통상수용,1.0,견적반영,견적반영,True,True,False,견적반영,0.20181040333622177,0.4765247275306818,0.32166486913309644,견적반영,0.20973118707470056,0.4899176605057799,0.3003511524195196,견적반영,0.12552163346267275,0.4992129613159129,0.37526540522141427,0.17902107462453168,0.48855178311745817,0.3324271422580101
0,ccrs_ai_platform,ccrs_ai_platform:SFR-006,계약·질의검토,1.0,견적반영,견적반영,True,True,False,견적반영,0.3030228259916972,0.45217313217926114,0.24480404182904164,견적반영,0.3160555053713871,0.47252301857663986,0.21142147605197295,견적반영,0.24849684626327231,0.4748142677767535,0.27668888595997426,0.2891917258754522,0.46650347284421817,0.24430480128032964
0,ccrs_ai_platform,ccrs_ai_platform:SFR-007,견적반영,1.0,견적반영,견적반영,True,False,True,견적반영,0.29599339720743545,0.4119884768033368,0.29201812598922783,견적반영,0.32743570238544284,0.3978707743614407,0.27469352325311636,견적반영,0.20662990623889427,0.47359809969373107,0.3197719940673746,0.2766863352772575,0.4278191169528362,0.29549454776990625
0,ccrs_ai_platform,ccrs_ai_platform:SFR-008,견적반영,1.0,견적반영,견적반영,True,False,True,견적반영,0.20498187719095382,0.44235117761425213,0.352666945194794,견적반영,0.18445589563282003,0.459933732225414,0.3556103721417659,견적반영,0.1496358159071627,0.4503627407776338,0.4000014433152036,0.17969119624364552,0.4508825502057667,0.3694262535505879
0,ccrs_ai_platform,ccrs_ai_platform:SFR-009,견적반영,1.0,견적반영,견적반영,True,False,True,견적반영,0.20299407180423534,0.4459330493946751,0.3510728788010895,견적반영,0.18170174171670178,0.4261859474063258,0.3921123108769724,견적반영,0.15993803096291467,0.4527410881437943,0.387320880893291,0.1815446148279506,0.4416200283149318,0.3768353568571176
0,ccrs_ai_platform,ccrs_ai_platform:SFR-010,견적반영,1.0,견적반영,견적반영,True,False,True,견적반영,0.23761475854613998,0.4516193525193115,0.31076588893454843,견적반영,0.21740523739611495,0.46421253835251336,0.31838222425137175,견적반영,0.19960687894369875,0.4871016438589376,0.3132914771973636,0.21820895829531792,0.4676445115769208,0.3141465301277613
0,ccrs_ai_platform,ccrs_ai_platform:SFR-012,계약·질의검토,1.0,견적반영,견적반영,True,True,False,견적반영,0.0999513520565629,0.572259137269213,0.3277895106742241,견적반영,0.06446034591770879,0.6425693613613547,0.2929702927209365,견적반영,0.0697849688536466,0.5900348045305155,0.3401802266158379,0.0780655556093061,0.6016211010536944,0.3203133433369995
0,ccrs_ai_platform,ccrs_ai_platform:SFR-013,견적반영,1.0,견적반영,견적반영,True,False,True,견적반영,0.20223387584418362,0.44794655973013936,0.349819564425677,견적반영,0.18615368263717005,0.4364379526309041,0.37740836473192585,견적반영,0.13378446256194115,0.47923677012752736,0.38697876731053144,0.1740573403477649,0.4545404274961902,0.3714022321560448
0,ccrs_ai_platform,ccrs_ai_platform:SFR-014,견적반영,1.0,견적반영,견적반영,True,False,True,견적반영,0.2002034028481371,0.4184975665671223,0.3812990305847407,견적반영,0.17856360149570702,0.418503013786106,0.402933384718187,견적반영,0.10825569024013819,0.4507149619282753,0.44102934783158654,0.16234089819466077,0.42923851409383457,0.40842058771150475
0,ccrs_ai_platform,ccrs_ai_platform:SFR-016,견적반영,1.0,견적반영,견적반영,True,False,True,견적반영,0.26149236577965423,0.3915876058885507,0.34692002833179514,견적반영,0.25578189533576223,0.4073843858634885,0.33683371880074925,견적반영,0.22397539133885636,0.3932788446206487,0.38274576404049493,0.2470832174847576,0.3974169454575627,0.3554998370576798
0,ccrs_ai_platform,ccrs_ai_platform:SFR-017,견적반영,1.0,견적반영,견적반영,True,False,True,견적반영,0.2694887188550017,0.462301490253619,0.2682097908913794,견적반영,0.2657196354019606,0.451141219900274,0.28313914469776547,견적반영,0.16952012038648967,0.5451107902484974,0.285369089365013,0.23490949154781735,0.4861845001341301,0.2789060083180526
0,ccrs_ai_platform,ccrs_ai_platform:SFR-018,통상수용,1.0,계약·질의검토,계약·질의검토,True,True,False,계약·질의검토,0.26360845587794574,0.296116571011088,0.4402749731109661,계약·질의검토,0.24699883514757634,0.30933687690619827,0.44366428794622537,계약·질의검토,0.23679951177397904,0.3013744775884692,0.46182601063755163,0.24913560093316703,0.3022759751685851,0.44858842389824766
0,ccrs_ai_platform,ccrs_ai_platform:SFR-019,견적반영,1.0,계약·질의검토,계약·질의검토,False,False,True,견적반영,0.22392483680006153,0.3962143309363984,0.37986083226354006,계약·질의검토,0.1636551490110984,0.3773678774753493,0.45897697351355227,견적반영,0.16734527947854855,0.41841181137659045,0.414242909144861,0.18497508842990285,0.397331339929446,0.41769357164065113
0,ccrs_ai_platform,ccrs_ai_platform:SFR-020,계약·질의검토,1.0,통상수용,계약·질의검토,False,False,True,통상수용,0.3423312698676476,0.3366527626927435,0.32101596743960886,계약·질의검토,0.34605086594568846,0.288120942932317,0.3658281911219946,견적반영,0.33026511432850647,0.3831784341333813,0.2865564515381122,0.3395490833806141,0.3359840465861473,0.32446687003323854
0,ccrs_ai_platform,ccrs_ai_platform:SFR-021,견적반영,1.0,견적반영,계약·질의검토,False,False,True,견적반영,0.27793514065989916,0.41053913007285775,0.3115257292672432,계약·질의검토,0.27675564852551116,0.3540826063556011,0.36916174511888783,견적반영,0.2649050944909066,0.43665059558323266,0.2984443099258608,0.27319862789210564,0.4004241106705639,0.32637726143733065
0,ccrs_ai_platform,ccrs_ai_platform:SFR-023,견적반영,1.0,계약·질의검토,계약·질의검토,True,True,False,계약·질의검토,0.22780248611653425,0.32159940410567084,0.45059810977779496,계약·질의검토,0.20172621953058212,0.3164351557664535,0.4818386247029644,계약·질의검토,0.21869049024836373,0.29523894894221253,0.4860705608094238,0.21607306529849338,0.31109116960477895,0.4728357650967277
0,ccrs_ai_platform,ccrs_ai_platform:SFR-024,견적반영,1.0,견적반영,견적반영,True,False,True,견적반영,0.29567690756863535,0.3816981729396672,0.3226249194916975,견적반영,0.28012304887552403,0.40276550731692023,0.3171114438075556,견적반영,0.29123252148970885,0.4010778034005513,0.3076896751097399,0.2890108259779561,0.3951804945523796,0.31580867946966434
0,ccrs_ai_platform,ccrs_ai_platform:SFR-025,견적반영,1.0,견적반영,견적반영,True,False,True,견적반영,0.28534187484012724,0.4071743655402067,0.30748375961966623,견적반영,0.2824018474842127,0.4104174869402208,0.3071806655755665,견적반영,0.26910751058908705,0.431476143223712,0.29941634618720103,0.2789504109711423,0.4163559985680465,0.30469359046081124
0,ccrs_ai_platform,ccrs_ai_platform:SFR-026,견적반영,1.0,견적반영,견적반영,True,False,True,견적반영,0.2651819895186261,0.41547958111029437,0.31933842937107965,견적반영,0.244078671636986,0.437028862980514,0.31889246538250005,견적반영,0.2762953931010991,0.40861217517726867,0.3150924317216322,0.2618520180855704,0.4203735397560257,0.31777444215840395
0,ccrs_ai_platform,ccrs_ai_platform:SFR-027,견적반영,1.0,견적반영,견적반영,True,False,True,견적반영,0.1902554015095529,0.45515784739632137,0.3545867510941257,견적반영,0.15471690067920266,0.4712432081622499,0.37403989115854736,견적반영,0.15518677972412842,0.44353184574635846,0.401281374529513,0.1667196939709613,0.45664430043497656,0.376636005594062
0,ccrs_ai_platform,ccrs_ai_platform:SFR-028,계약·질의검토,1.0,계약·질의검토,계약·질의검토,True,False,True,계약·질의검토,0.2524799436780312,0.3162906775591371,0.43122937876283157,계약·질의검토,0.21431722359225913,0.3021529102378936,0.48352986616984733,계약·질의검토,0.23068767380650118,0.31541010361930344,0.45390222257419527,0.23249494702559717,0.3112845638054447,0.4562204891689581
0,ccrs_ai_platform,ccrs_ai_platform:SFR-029,견적반영,1.0,견적반영,견적반영,True,False,True,견적반영,0.22319657626405404,0.41668170522556763,0.36012171851037833,견적반영,0.1938186026724016,0.40361961871476665,0.40256177861283177,견적반영,0.1972210679981617,0.4117508017861664,0.3910281302156719,0.20474541564487247,0.41068404190883356,0.384570542446294
0,ccrs_ai_platform,ccrs_ai_platform:SFR-030,견적반영,1.0,계약·질의검토,계약·질의검토,True,True,False,계약·질의검토,0.254539783476805,0.33886624024080975,0.40659397628238525,계약·질의검토,0.22758915730576035,0.31091168459438445,0.46149915809985526,계약·질의검토,0.2108866611313741,0.3646536778367731,0.4244596610318528,0.23100520063797983,0.33814386755732245,0.43085093180469775
0,ccrs_ai_platform,ccrs_ai_platform:TER-001,통상수용,1.0,통상수용,통상수용,True,False,True,통상수용,0.3989290920250691,0.23758957481363632,0.3634813331612945,통상수용,0.4539277933101157,0.24345571983219053,0.3026164868576938,통상수용,0.5551798205724353,0.18107100988955335,0.2637491695380113,0.46934556863587334,0.22070543484512672,0.3099489965189999
0,ccrs_ai_platform,ccrs_ai_platform:TER-002,계약·질의검토,1.0,통상수용,통상수용,True,True,False,통상수용,0.4453294293059445,0.19638799544881777,0.3582825752452377,통상수용,0.4867916683218862,0.1655619721807185,0.34764635949739536,통상수용,0.5080248973073728,0.17087663203647496,0.32109847065615227,0.4800486649784011,0.17760886655533706,0.34234246846626176
0,ccrs_ai_platform,ccrs_ai_platform:TER-003,계약·질의검토,1.0,통상수용,계약·질의검토,False,False,True,통상수용,0.3984870071879448,0.3037655250876535,0.2977474677244018,통상수용,0.3989432999845839,0.34002556779013393,0.26103113222528224,계약·질의검토,0.30441448674902427,0.3434922619257302,0.3520932513252455,0.3672815979738509,0.3290944516011725,0.30362395042497653
0,ccrs_ai_platform,ccrs_ai_platform:TER-004,통상수용,1.0,계약·질의검토,계약·질의검토,False,False,True,계약·질의검토,0.3493994260779467,0.2499718776048704,0.4006286963171828,통상수용,0.40213319687798693,0.24146866487247187,0.3563981382495412,계약·질의검토,0.36667905616649205,0.22196396328315257,0.41135698055035536,0.3727372263741419,0.23780150192016494,0.3894612717056931
1,defense_intelligent_platform,defense_intelligent_platform:COR-001,통상수용,0.5,통상수용,통상수용,True,False,True,통상수용,0.6466892329546199,0.12177358488116391,0.2315371821642161,통상수용,0.734780732710706,0.08610571376934688,0.17911355351994712,통상수용,0.6436997866297703,0.12547050235567572,0.2308297110145539,0.6750565840983654,0.1111166003353955,0.21382681556623906
1,defense_intelligent_platform,defense_intelligent_platform:COR-002,통상수용,0.5,통상수용,통상수용,True,False,True,통상수용,0.5771918547410884,0.18727894659564695,0.2355291986632647,통상수용,0.6709613211537198,0.13214223965602068,0.19689643919025954,통상수용,0.5907973587426265,0.17679586439450773,0.23240677686286576,0.6129835115458115,0.16540568354872512,0.22161080490546334
1,defense_intelligent_platform,defense_intelligent_platform:COR-003,통상수용,0.5,통상수용,통상수용,True,False,True,통상수용,0.7155678770667981,0.08953967257512316,0.19489245035807876,통상수용,0.7626386523772491,0.07306285567696558,0.1642984919457854,통상수용,0.7330261823140067,0.07999343630336175,0.18698038138263162,0.7370775705860181,0.0808653215184835,0.1820571078954986
1,defense_intelligent_platform,defense_intelligent_platform:COR-004,계약·질의검토,0.5,계약·질의검토,계약·질의검토,True,False,True,계약·질의검토,0.4338739087114683,0.11804420225476442,0.4480818890337673,계약·질의검토,0.407100269391635,0.09442402785378705,0.49847570275457787,계약·질의검토,0.41887820917043295,0.11742759734736412,0.463694193482203,0.41995079575784544,0.10996527581863853,0.47008392842351604
1,defense_intelligent_platform,defense_intelligent_platform:COR-005,계약·질의검토,0.5,계약·질의검토,계약·질의검토,True,False,True,계약·질의검토,0.2749188696678453,0.1150058391476701,0.6100752911844847,계약·질의검토,0.2501731644075905,0.0985383333057142,0.6512885022866953,계약·질의검토,0.26731602095037343,0.11193701339501226,0.6207469656546144,0.2641360183419364,0.1084937286161322,0.6273702530419315
1,defense_intelligent_platform,defense_intelligent_platform:COR-006,통상수용,0.5,통상수용,통상수용,True,False,True,통상수용,0.5100270750326007,0.32190048412756017,0.16807244083983913,통상수용,0.5262503410638257,0.3196758397937029,0.1540738191424714,통상수용,0.5365283550927917,0.31069809335520426,0.15277355155200395,0.524268590396406,0.3174248057588224,0.1583066038447715
1,defense_intelligent_platform,defense_intelligent_platform:COR-007,통상수용,0.5,통상수용,통상수용,True,False,True,통상수용,0.6846955390832551,0.19287167759983587,0.12243278331690903,통상수용,0.8004115565224381,0.11851118622143383,0.08107725725612819,통상수용,0.7137596944509723,0.17731610937362616,0.10892419617540154,0.7329555966855552,0.16289965773163195,0.10414474558281293
1,defense_intelligent_platform,defense_intelligent_platform:DAR-001,견적반영,0.5,통상수용,통상수용,True,True,False,통상수용,0.3836373805874947,0.2860754212317738,0.3302871981807315,통상수용,0.39000028485776267,0.27352231728488713,0.33647739785735015,통상수용,0.39523769650084706,0.28325941713137803,0.32150288636777496,0.38962512064870153,0.280952385216013,0.3294224941352855
1,defense_intelligent_platform,defense_intelligent_platform:DAR-002,견적반영,0.5,통상수용,통상수용,True,True,False,통상수용,0.5577356324189471,0.21849031340961586,0.22377405417143703,통상수용,0.5934441641982742,0.1959277896224841,0.2106280461792417,통상수용,0.5714337839518747,0.2166232187789879,0.21194299726913735,0.5742045268563652,0.21034710727036263,0.215448365873272
1,defense_intelligent_platform,defense_intelligent_platform:DAR-003,통상수용,0.5,통상수용,통상수용,False,False,True,통상수용,0.4018275391598074,0.3995964031854482,0.19857605765474445,견적반영,0.3899253058891534,0.4402209072055023,0.16985378690534444,통상수용,0.4363697940053726,0.3799414348514438,0.18368877114318355,0.4093742130181111,0.40658624841413143,0.18403953856775748
1,defense_intelligent_platform,defense_intelligent_platform:ECR-002,계약·질의검토,0.5,계약·질의검토,계약·질의검토,True,False,True,계약·질의검토,0.12591901271721812,0.1609617861454115,0.7131192011373704,계약·질의검토,0.07384183249339538,0.11232398220405057,0.8138341853025541,계약·질의검토,0.11697193202020252,0.1605642047075693,0.7224638632722282,0.105577592410272,0.1446166576856771,0.7498057499040508
1,defense_intelligent_platform,defense_intelligent_platform:ECR-003,통상수용,0.5,통상수용,통상수용,True,False,True,통상수용,0.4369462351368072,0.30786175694217205,0.2551920079210208,통상수용,0.43506193144840294,0.32833263660018625,0.2366054319514108,통상수용,0.47945594274186304,0.28681452593285606,0.233729531325281,0.45048803644235774,0.30766963982507145,0.24184232373257086
1,defense_intelligent_platform,defense_intelligent_platform:ECR-004,견적반영,0.5,견적반영,견적반영,False,False,True,통상수용,0.3695738583400949,0.3649581220934627,0.26546801956644245,견적반영,0.3745369654224407,0.3837758189290677,0.2416872156484916,견적반영,0.36403618662984916,0.37211077242138274,0.26385304094876805,0.3693823367974616,0.3736149044813044,0.257002758721234
1,defense_intelligent_platform,defense_intelligent_platform:ECR-005,견적반영,0.5,통상수용,통상수용,True,True,False,통상수용,0.4483031571091581,0.3583574093643887,0.19333943352645322,통상수용,0.50181843933277,0.33446693427073304,0.1637146263964969,통상수용,0.46703041874635015,0.3503905872502197,0.18257899400343014,0.4723840050627594,0.3477383102951139,0.17987768464212675
1,defense_intelligent_platform,defense_intelligent_platform:ECR-007,견적반영,0.5,계약·질의검토,계약·질의검토,True,True,False,계약·질의검토,0.24053334394199724,0.24914168734814654,0.5103249687098561,계약·질의검토,0.22022320384182814,0.2020385130600218,0.5777382830981501,계약·질의검토,0.19865226871363345,0.26034054263894596,0.5410071886474206,0.21980293883248625,0.23717358101570474,0.5430234801518089
1,defense_intelligent_platform,defense_intelligent_platform:ECR-008,견적반영,0.5,계약·질의검토,계약·질의검토,True,True,False,계약·질의검토,0.2619279860415362,0.2663745856412915,0.47169742831717226,계약·질의검토,0.24398825891216214,0.22512349364120188,0.530888247446636,계약·질의검토,0.2186870890705746,0.2778102960963679,0.5035026148330575,0.24153444467475768,0.2564361251262871,0.5020294301989553
1,defense_intelligent_platform,defense_intelligent_platform:ECR-009,견적반영,0.5,계약·질의검토,계약·질의검토,True,True,False,계약·질의검토,0.2523103858927787,0.2602095487522771,0.48748006535494415,계약·질의검토,0.2284023196605499,0.22249105712710424,0.5491066232123458,계약·질의검토,0.2058676297822946,0.2735481276635158,0.5205842425541897,0.22886011177854107,0.2520829111809657,0.5190569770404933
1,defense_intelligent_platform,defense_intelligent_platform:ECR-010,계약·질의검토,0.5,계약·질의검토,계약·질의검토,True,False,True,계약·질의검토,0.1978518351875594,0.2857859195990078,0.5163622452134329,계약·질의검토,0.1648730137240877,0.2566799944409001,0.5784469918350121,계약·질의검토,0.16184726103962285,0.30644643425817353,0.5317063047022035,0.17485736998375664,0.28297078276602716,0.5421718472502162
1,defense_intelligent_platform,defense_intelligent_platform:ECR-011,계약·질의검토,0.5,계약·질의검토,계약·질의검토,True,False,True,계약·질의검토,0.13113345971221232,0.35582312059653437,0.5130434196912533,계약·질의검토,0.09976903641587882,0.35257942272851367,0.5476515408556074,계약·질의검토,0.11491936580213855,0.3681697993927528,0.5169108348051087,0.11527395397674323,0.3588574475726003,0.5258685984506565
1,defense_intelligent_platform,defense_intelligent_platform:ECR-012,계약·질의검토,0.5,계약·질의검토,계약·질의검토,True,False,True,계약·질의검토,0.2127226967915111,0.3711974741563674,0.41607982905212143,계약·질의검토,0.1828512586103772,0.35438544057806515,0.46276330081155764,계약·질의검토,0.18206722280052576,0.3899321135610193,0.42800066363845496,0.19254705940080472,0.37183834276515065,0.43561459783404466
1,defense_intelligent_platform,defense_intelligent_platform:ECR-013,계약·질의검토,0.5,계약·질의검토,계약·질의검토,True,False,True,계약·질의검토,0.33813747016173024,0.23622828113501113,0.4256342487032588,계약·질의검토,0.277882221946283,0.1740665321307415,0.5480512459229755,계약·질의검토,0.32437704603781786,0.24717044412369793,0.4284525098384841,0.3134655793819437,0.21915508579648355,0.46737933482157284
1,defense_intelligent_platform,defense_intelligent_platform:ECR-014,계약·질의검토,0.5,계약·질의검토,계약·질의검토,True,False,True,계약·질의검토,0.33332229836567306,0.2677254987378084,0.39895220289651845,계약·질의검토,0.29583338938377046,0.24467119886638755,0.459495411749842,계약·질의검토,0.3251153149653788,0.27783488829963765,0.3970497967349835,0.3180903342382741,0.2634105286346112,0.4184991371271147
1,defense_intelligent_platform,defense_intelligent_platform:ECR-015,계약·질의검토,0.5,계약·질의검토,계약·질의검토,True,False,True,계약·질의검토,0.2853738719961325,0.2064788231345943,0.5081473048692733,계약·질의검토,0.22390805273901002,0.149881846501429,0.6262101007595609,계약·질의검토,0.2636067002693772,0.21541923939847224,0.5209740603321505,0.25762954166817326,0.1905933030114985,0.5517771553203282
1,defense_intelligent_platform,defense_intelligent_platform:ECR-016,견적반영,0.5,견적반영,견적반영,True,False,True,견적반영,0.23197853072718597,0.4221120972697146,0.3459093720030994,견적반영,0.21338442156570164,0.43698945970347364,0.3496261187308246,견적반영,0.21069692276834343,0.4349468567579715,0.35435622047368504,0.21868662502041034,0.43134947124371986,0.34996390373586966
1,defense_intelligent_platform,defense_intelligent_platform:ECR-017,계약·질의검토,0.5,계약·질의검토,계약·질의검토,True,False,True,계약·질의검토,0.32219655601612945,0.33385499201292734,0.34394845197094315,계약·질의검토,0.2913983458852965,0.33601466850957756,0.3725869856051259,계약·질의검토,0.31639679690047134,0.33708923965930415,0.3465139634402245,0.30999723293396575,0.3356529667272697,0.35434980033876456
1,defense_intelligent_platform,defense_intelligent_platform:ECR-018,계약·질의검토,0.5,계약·질의검토,계약·질의검토,True,False,True,계약·질의검토,0.24227930586130564,0.3402062523832738,0.41751444175542063,계약·질의검토,0.24072983810344628,0.33266759021885345,0.42660257167770027,계약·질의검토,0.22283267356803751,0.3504002341237364,0.426767092308226,0.23528060584426314,0.34109135890862124,0.4236280352471156
1,defense_intelligent_platform,defense_intelligent_platform:ECR-020,계약·질의검토,0.5,통상수용,통상수용,True,True,False,통상수용,0.4476268373844362,0.2510523896078894,0.3013207730076744,통상수용,0.50175459553353,0.21101695637346143,0.28722844809300857,통상수용,0.4519611482658777,0.24931975238625537,0.29871909934786695,0.46711419372794794,0.23712969945586873,0.2957561068161833
1,defense_intelligent_platform,defense_intelligent_platform:ECR-021,계약·질의검토,0.5,견적반영,견적반영,False,True,False,통상수용,0.3494326250831054,0.34836312255715557,0.3022042523597389,통상수용,0.3422295100513203,0.31855985755741123,0.3392106323912686,견적반영,0.3379738073185391,0.3670481318616722,0.2949780608197888,0.34321198081765497,0.34465703732541303,0.31213098185693205
1,defense_intelligent_platform,defense_intelligent_platform:ECR-022,견적반영,0.5,견적반영,견적반영,True,False,True,견적반영,0.22894312899270627,0.4445278076727916,0.32652906333450205,견적반영,0.21498301573761686,0.4183217422889684,0.36669524197341474,견적반영,0.21088355265313136,0.4588588482141483,0.33025759913272024,0.21826989912781816,0.4405694660586361,0.34116063481354564
1,defense_intelligent_platform,defense_intelligent_platform:ECR-023,계약·질의검토,0.5,견적반영,견적반영,True,True,False,견적반영,0.23236678889945409,0.42854524455865806,0.33908796654188783,견적반영,0.20340047752186383,0.44547306223225974,0.35112646024587635,견적반영,0.2328123716145469,0.4315946567895957,0.3355929715958573,0.22285987934528828,0.43520432119350444,0.34193579946120717
1,defense_intelligent_platform,defense_intelligent_platform:ECR-024,계약·질의검토,0.5,견적반영,견적반영,True,True,False,견적반영,0.3129578714062249,0.3568336448930175,0.33020848370075767,견적반영,0.3335563459815357,0.34047375901755894,0.3259698950009054,견적반영,0.27182697630460323,0.37336387749016203,0.35480914620523474,0.30611373123078794,0.3568904271335795,0.3369958416356326
1,defense_intelligent_platform,defense_intelligent_platform:ECR-025,계약·질의검토,0.5,견적반영,견적반영,True,True,False,견적반영,0.26829930672995417,0.4151047033194472,0.31659598995059857,견적반영,0.3094251503651284,0.3972054687015484,0.29336938093332315,견적반영,0.23828288767914488,0.44099439148128317,0.320722720839572,0.2720024482580758,0.41776818783409286,0.31022936390783123
1,defense_intelligent_platform,defense_intelligent_platform:ECR-026,견적반영,0.5,견적반영,견적반영,True,False,True,견적반영,0.2064534365013581,0.4866829733429452,0.30686359015569664,견적반영,0.17634870316829385,0.5085644863988544,0.3150868104328517,견적반영,0.18290149087661398,0.5016246989645504,0.3154738101588357,0.1885678768487553,0.49895738623545,0.3124747369157947
1,defense_intelligent_platform,defense_intelligent_platform:ECR-027,견적반영,0.5,견적반영,견적반영,False,False,True,견적반영,0.3247760595716467,0.3718494060814292,0.30337453434692413,통상수용,0.363682138205232,0.34664772017152845,0.28967014162323956,견적반영,0.31096231307197075,0.38178039059813496,0.30725729632989435,0.3331401702829498,0.36675917228369753,0.3001006574333527
1,defense_intelligent_platform,defense_intelligent_platform:ECR-028,견적반영,0.5,계약·질의검토,계약·질의검토,True,True,False,계약·질의검토,0.2694142222376724,0.3032965427478721,0.42728923501445554,계약·질의검토,0.2738112323890584,0.2993702192209132,0.4268185483900284,계약·질의검토,0.24833415791104269,0.3146839560570491,0.4369818860319083,0.26385320417925784,0.30578357267527817,0.4303632231454641
1,defense_intelligent_platform,defense_intelligent_platform:INR-001,통상수용,0.5,통상수용,통상수용,True,False,True,통상수용,0.6639036876815074,0.1418872091591769,0.1942091031593156,통상수용,0.7599214803706497,0.10259765324560216,0.13748086638374818,통상수용,0.633139724412838,0.15281644314439857,0.21404383244276354,0.6856549641549984,0.13243376851639255,0.1819112673286091
1,defense_intelligent_platform,defense_intelligent_platform:INR-002,통상수용,0.5,통상수용,통상수용,True,False,True,통상수용,0.6403804689477364,0.13675736421754317,0.22286216683472057,통상수용,0.7239018109113833,0.09395461254318908,0.18214357654542776,통상수용,0.6728779078404199,0.11975636548193293,0.20736572667764722,0.6790533958998465,0.11682278074755505,0.20412382335259852
1,defense_intelligent_platform,defense_intelligent_platform:INR-004,계약·질의검토,0.5,통상수용,통상수용,True,True,False,통상수용,0.4223325013268286,0.24107325875536545,0.336594239917806,통상수용,0.3787534024331061,0.27122679703980224,0.35001980052709175,통상수용,0.409142585614154,0.2439820391490144,0.3468753752368316,0.40340949645802954,0.2520940316480607,0.3444964718939098
1,defense_intelligent_platform,defense_intelligent_platform:PER-001,통상수용,0.5,통상수용,통상수용,True,False,True,통상수용,0.5016930684275275,0.2383810559490258,0.25992587562344666,통상수용,0.6375198315198596,0.16826123312921856,0.1942189353509219,통상수용,0.5218058405652907,0.22652228219684492,0.2516718772378643,0.5536729135042259,0.21105485709169644,0.23527222940407763
1,defense_intelligent_platform,defense_intelligent_platform:PER-002,계약·질의검토,0.5,계약·질의검토,계약·질의검토,True,False,True,계약·질의검토,0.1673043741427341,0.08705233995778702,0.7456432858994787,계약·질의검토,0.11017674121364768,0.05760041912652808,0.8322228396598244,계약·질의검토,0.15941514398471968,0.08344805305684326,0.7571368029584372,0.14563208644703382,0.07603360404705278,0.7783343095059134
1,defense_intelligent_platform,defense_intelligent_platform:PER-003,계약·질의검토,0.5,계약·질의검토,계약·질의검토,True,False,True,계약·질의검토,0.2893044802881221,0.15956492957487955,0.5511305901369984,계약·질의검토,0.24175405099353048,0.11293426115963942,0.6453116878468301,계약·질의검토,0.28921916059854835,0.14929074712837234,0.5614900922730793,0.27342589729340033,0.1405966459542971,0.5859774567523027
1,defense_intelligent_platform,defense_intelligent_platform:PER-004,계약·질의검토,0.5,계약·질의검토,계약·질의검토,True,False,True,계약·질의검토,0.26947843847937597,0.18173694941383434,0.5487846121067897,계약·질의검토,0.2584438444977517,0.13890632392195684,0.6026498315802915,계약·질의검토,0.27602394881282155,0.16693394580341006,0.5570421053837683,0.2679820772633164,0.16252573971306708,0.5694921830236166
1,defense_intelligent_platform,defense_intelligent_platform:PER-005,계약·질의검토,0.5,계약·질의검토,계약·질의검토,True,False,True,계약·질의검토,0.26571705743709123,0.2791583482599676,0.45512459430294105,계약·질의검토,0.2632282213183464,0.29092777733520736,0.4458440013464462,계약·질의검토,0.2557728907974346,0.2752540938997848,0.4689730153027807,0.26157272318429076,0.2817800731649866,0.4566472036507226
1,defense_intelligent_platform,defense_intelligent_platform:PER-006,계약·질의검토,0.5,계약·질의검토,계약·질의검토,True,False,True,계약·질의검토,0.2523923487264399,0.2983087027745363,0.4492989484990238,계약·질의검토,0.24146230634544388,0.23707613469183048,0.5214615589627256,계약·질의검토,0.22592217663751318,0.30473050266766005,0.4693473206948269,0.23992561056979897,0.2800384467113423,0.48003594271885874
1,defense_intelligent_platform,defense_intelligent_platform:PMR-001,계약·질의검토,0.5,통상수용,통상수용,True,True,False,통상수용,0.6747714438985352,0.14309665866742133,0.18213189743404362,통상수용,0.7709985420632478,0.10683599135392947,0.12216546658282271,통상수용,0.6691008121452084,0.14448486515414044,0.18641432270065106,0.7049569327023305,0.13147250505849709,0.16357056223917246
1,defense_intelligent_platform,defense_intelligent_platform:PMR-002,통상수용,0.5,통상수용,통상수용,True,False,True,통상수용,0.5851680047697289,0.13999159318381116,0.27484040204645993,통상수용,0.627352671155909,0.15684458854404937,0.21580274030004165,통상수용,0.5858936934321324,0.13336490179636226,0.2807414047715053,0.59947145645259,0.14340036117474095,0.25712818237266893
1,defense_intelligent_platform,defense_intelligent_platform:PMR-003,견적반영,0.5,계약·질의검토,계약·질의검토,True,True,False,계약·질의검토,0.3292901720046711,0.2185263262807247,0.4521835017146043,계약·질의검토,0.33430807145946667,0.219062448623768,0.4466294799167653,계약·질의검토,0.3055506221825112,0.21829599224811536,0.47615338556937337,0.3230496218822163,0.218628255717536,0.45832212240024767
1,defense_intelligent_platform,defense_intelligent_platform:PMR-004,통상수용,0.5,통상수용,통상수용,True,False,True,통상수용,0.5444869290967611,0.28222134666013093,0.17329172424310796,통상수용,0.5224091210472338,0.3253627519957059,0.15222812695706017,통상수용,0.5346764544764553,0.29462105502346725,0.17070249050007752,0.5338575015401501,0.3007350512264347,0.16540744723341522
1,defense_intelligent_platform,defense_intelligent_platform:PMR-005,통상수용,0.5,통상수용,통상수용,True,False,True,통상수용,0.5733695974737758,0.11678951523587273,0.30984088729035136,통상수용,0.6701075739175211,0.08521934301500964,0.24467308306746932,통상수용,0.523101926803317,0.12573403568103025,0.3511640375156528,0.5888596993982046,0.10924763131063754,0.3018926692911578
1,defense_intelligent_platform,defense_intelligent_platform:PMR-006,통상수용,0.5,통상수용,통상수용,True,False,True,통상수용,0.7067561423503029,0.15791342674159348,0.13533043090810354,통상수용,0.801423954315511,0.11440476415197548,0.08417128153251367,통상수용,0.7127366323532994,0.15625030805071777,0.1310130595959828,0.7403055763397045,0.14285616631476225,0.11683825734553334
1,defense_intelligent_platform,defense_intelligent_platform:PMR-007,계약·질의검토,0.5,통상수용,통상수용,True,True,False,통상수용,0.5446066135000971,0.13708363727730807,0.31830974922259486,통상수용,0.6051497740142683,0.11257836372865387,0.28227186225707795,통상수용,0.5305870517146911,0.14312037295795352,0.32629257532735545,0.5601144797430189,0.1309274579879718,0.3089580622690094
1,defense_intelligent_platform,defense_intelligent_platform:PMR-008,계약·질의검토,0.5,통상수용,통상수용,True,True,False,통상수용,0.5176825489493061,0.17708244039844254,0.3052350106522513,통상수용,0.5556166383778023,0.1540171821922084,0.2903661794299893,통상수용,0.5101673816855679,0.17707253313742197,0.31276008517701015,0.5278221896708921,0.1693907185760243,0.3027870917530836
1,defense_intelligent_platform,defense_intelligent_platform:PMR-009,계약·질의검토,0.5,통상수용,통상수용,True,True,False,통상수용,0.46158195112053574,0.2279311910488968,0.31048685783056756,통상수용,0.4799137639074556,0.21893514150859295,0.30115109458395145,통상수용,0.45255592745712137,0.22599982689266088,0.3214442456502178,0.4646838808283709,0.22428871981671686,0.31102739935491225
1,defense_intelligent_platform,defense_intelligent_platform:PMR-010,통상수용,0.5,통상수용,통상수용,True,False,True,통상수용,0.574167996398774,0.17681699948758986,0.24901500411363608,통상수용,0.5857519508851449,0.14238104945135513,0.2718669996635,통상수용,0.5931686478269115,0.16501818016327896,0.24181317200980956,0.5843628650369435,0.16140540970074133,0.2542317252623152
1,defense_intelligent_platform,defense_intelligent_platform:PMR-011,통상수용,0.5,통상수용,통상수용,True,False,True,통상수용,0.5711483321484194,0.14722417978131147,0.2816274880702691,통상수용,0.6256852065211062,0.1364797181291716,0.23783507534972234,통상수용,0.5900854958942036,0.13781815553293758,0.2720963485728588,0.5956396781879097,0.14050735114780688,0.2638529706642834
1,defense_intelligent_platform,defense_intelligent_platform:PMR-012,통상수용,0.5,통상수용,통상수용,True,False,True,통상수용,0.6893142989777308,0.1087871407649238,0.20189856025734557,통상수용,0.7935060652734711,0.08573955213119534,0.12075438259533357,통상수용,0.7098531313838801,0.09545727969000017,0.19468958892611968,0.730891165211694,0.0966613241953731,0.17244751059293295
1,defense_intelligent_platform,defense_intelligent_platform:PMR-013,계약·질의검토,0.5,통상수용,통상수용,True,True,False,통상수용,0.4856899409428575,0.16224690020060714,0.3520631588565355,통상수용,0.5479089492678807,0.12882206745124186,0.32326898328087744,통상수용,0.47873126206974675,0.15688821830605873,0.36438051962419443,0.5041100507601617,0.14931906198596923,0.34657088725386914
1,defense_intelligent_platform,defense_intelligent_platform:PMR-014,통상수용,0.5,통상수용,통상수용,True,False,True,통상수용,0.5850851342121377,0.2055214903686381,0.20939337541922412,통상수용,0.6211150871792064,0.2042170727620158,0.17466784005877775,통상수용,0.6327887292605067,0.17480631734212193,0.19240495339737146,0.6129963168839502,0.19484829349092528,0.19215538962512446
1,defense_intelligent_platform,defense_intelligent_platform:PMR-015,통상수용,0.5,통상수용,통상수용,True,False,True,통상수용,0.6956641411241068,0.13140294669205968,0.17293291218383358,통상수용,0.7671553759025197,0.10826650993103067,0.1245781141664496,통상수용,0.7218914645555229,0.1140587113663653,0.16404982407811178,0.7282369938607164,0.11790938932981855,0.15385361680946497
1,defense_intelligent_platform,defense_intelligent_platform:PMR-016,계약·질의검토,0.5,계약·질의검토,계약·질의검토,True,False,True,계약·질의검토,0.3061720123761906,0.13187546762272248,0.5619525200010869,계약·질의검토,0.28779653209868755,0.10511504508942225,0.6070884228118901,계약·질의검토,0.30942759078060605,0.1231168914909508,0.5674555177284432,0.3011320450851614,0.12003580140103183,0.5788321535138067
1,defense_intelligent_platform,defense_intelligent_platform:PMR-017,통상수용,0.5,통상수용,통상수용,True,False,True,통상수용,0.6419219293656381,0.11297035310957168,0.24510771752479033,통상수용,0.7091732408691588,0.09927690539376258,0.19154985373707867,통상수용,0.6170893042956376,0.11604985540950481,0.2668608402948576,0.6560614915101448,0.10943237130427969,0.23450613718557553
1,defense_intelligent_platform,defense_intelligent_platform:PMR-018,계약·질의검토,0.5,계약·질의검토,계약·질의검토,True,False,True,계약·질의검토,0.3873510917700463,0.21671370443082053,0.39593520379913316,계약·질의검토,0.3438181245766329,0.19474563553959207,0.4614362398837749,계약·질의검토,0.37638592745582594,0.22128654101816045,0.40232753152601364,0.36918504793416834,0.2109152936628577,0.41989965840297394
1,defense_intelligent_platform,defense_intelligent_platform:PMR-019,견적반영,0.5,통상수용,통상수용,True,True,False,통상수용,0.4780776855818049,0.2733214738646279,0.24860084055356718,통상수용,0.4782243622752502,0.2627352189587522,0.25904041876599776,통상수용,0.48957864659592026,0.2601513689133347,0.25026998449074506,0.48196023148432515,0.2654026872455716,0.2526370812701033
1,defense_intelligent_platform,defense_intelligent_platform:PSR-002,견적반영,0.5,견적반영,견적반영,True,False,True,견적반영,0.24237880231058592,0.5219495381579676,0.23567165953144642,견적반영,0.21580036950743856,0.5660613723123692,0.21813825818019222,견적반영,0.23238475949617488,0.5308066422307032,0.23680859827312192,0.23018797710473313,0.5396058509003466,0.2302061719949202
1,defense_intelligent_platform,defense_intelligent_platform:PSR-003,계약·질의검토,0.5,계약·질의검토,계약·질의검토,True,False,True,계약·질의검토,0.24099770069763043,0.17696788718077708,0.5820344121215925,계약·질의검토,0.19390893020575545,0.13095780758516223,0.6751332622090823,계약·질의검토,0.21760264429372048,0.17919909789258068,0.603198257813699,0.2175030917323688,0.16237493088617336,0.6201219773814579
1,defense_intelligent_platform,defense_intelligent_platform:PSR-004,견적반영,0.5,통상수용,통상수용,True,True,False,통상수용,0.49206282740041246,0.2209045656846184,0.2870326069149691,통상수용,0.5043387988516997,0.23574626651191904,0.2599149346363812,통상수용,0.494746009628062,0.21658238866065974,0.28867160171127815,0.4970492119600581,0.22441107361906573,0.27853971442087616
1,defense_intelligent_platform,defense_intelligent_platform:PSR-005,통상수용,0.5,통상수용,통상수용,True,False,True,통상수용,0.433222304789756,0.31452087412052343,0.2522568210897206,통상수용,0.44201757846099726,0.32666088024322854,0.23132154129577423,통상수용,0.40668762210980464,0.32913320027007215,0.2641791776201233,0.4273091684535193,0.3234383182112747,0.249252513335206
1,defense_intelligent_platform,defense_intelligent_platform:PSR-006,계약·질의검토,0.5,통상수용,계약·질의검토,False,False,True,통상수용,0.4082483328306986,0.23136447059578297,0.3603871965735184,통상수용,0.414713107081378,0.23163354589289667,0.35365334702572526,계약·질의검토,0.37285673627922633,0.23866210178138714,0.38848116193938653,0.3986060587304343,0.23388670609002227,0.36750723517954337
1,defense_intelligent_platform,defense_intelligent_platform:PSR-007,통상수용,0.5,통상수용,통상수용,True,False,True,통상수용,0.46442247353969446,0.1632534263046129,0.37232410015569256,통상수용,0.5010012940062669,0.13973263492371515,0.3592660710700179,통상수용,0.5059205746976915,0.145301278973114,0.3487781463291945,0.4904481140812176,0.14942911340048068,0.36012277251830166
1,defense_intelligent_platform,defense_intelligent_platform:PSR-008,통상수용,0.5,통상수용,통상수용,True,False,True,통상수용,0.46105396095902157,0.38134380850697436,0.15760223053400407,통상수용,0.46667260698358864,0.3927862319014974,0.14054116111491405,통상수용,0.4538775618804055,0.3952519800208216,0.15087045809877275,0.46053470994100526,0.3897940068097645,0.1496712832492303
1,defense_intelligent_platform,defense_intelligent_platform:PSR-009,통상수용,0.5,통상수용,통상수용,True,False,True,통상수용,0.4419277801939104,0.22021755771430485,0.33785466209178466,통상수용,0.5011233031345078,0.1926299290227812,0.30624676784271093,통상수용,0.4951418754190246,0.18850336832448342,0.316354756256492,0.4793976529158143,0.20045028502052317,0.32015206206366253
1,defense_intelligent_platform,defense_intelligent_platform:PSR-010,통상수용,0.5,통상수용,통상수용,True,False,True,통상수용,0.48558777331148606,0.19243504798007863,0.3219771787084354,통상수용,0.5474828758561716,0.14966188826990265,0.30285523587392565,통상수용,0.5147579534616774,0.18791755431130308,0.2973244922270195,0.5159428675431118,0.17667149685376146,0.30738563560312687
1,defense_intelligent_platform,defense_intelligent_platform:QUR-002,통상수용,0.5,통상수용,통상수용,True,False,True,통상수용,0.6171046391841141,0.1147244376398047,0.2681709231760812,통상수용,0.6946729464132305,0.0890945713791484,0.21623248220762112,통상수용,0.6273605393740086,0.10904894056789866,0.2635905200580927,0.6463793749904511,0.10428931652895058,0.24933130848059834
1,defense_intelligent_platform,defense_intelligent_platform:QUR-003,계약·질의검토,0.5,통상수용,통상수용,True,True,False,통상수용,0.5529563205013189,0.1471721002969882,0.29987157920169294,통상수용,0.5959887225426787,0.13655081587965984,0.26746046157766157,통상수용,0.5635935980260174,0.14528259147696904,0.29112381049701364,0.570846213690005,0.14300183588453902,0.28615195042545605
1,defense_intelligent_platform,defense_intelligent_platform:QUR-004,통상수용,0.5,통상수용,통상수용,True,False,True,통상수용,0.5804188657293446,0.21507569448951716,0.2045054397811382,통상수용,0.6437987782759474,0.2061719179791133,0.15002930374493934,통상수용,0.5618804033234652,0.22406873492958382,0.21405086174695093,0.5953660157762525,0.2151054491327381,0.1895285350910095
1,defense_intelligent_platform,defense_intelligent_platform:QUR-005,계약·질의검토,0.5,통상수용,통상수용,True,True,False,통상수용,0.5503278329489864,0.16001820786910684,0.2896539591819068,통상수용,0.5948936487201355,0.15171345410509532,0.2533928971747692,통상수용,0.5866288945602567,0.1346854467347606,0.2786856587049827,0.5772834587431261,0.14880570290298759,0.2739108383538862
1,defense_intelligent_platform,defense_intelligent_platform:QUR-006,통상수용,0.5,통상수용,통상수용,True,False,True,통상수용,0.6496961239851614,0.12989546571858088,0.22040841029625777,통상수용,0.7436107109498363,0.09612418216944522,0.1602651068807185,통상수용,0.6717628415904113,0.11731218003284437,0.2109249783767443,0.6883565588418031,0.11444394264029016,0.19719949851790686
1,defense_intelligent_platform,defense_intelligent_platform:SER-001,계약·질의검토,0.5,통상수용,통상수용,True,True,False,통상수용,0.5018339436159376,0.11288338566311487,0.3852826707209476,통상수용,0.511463842831713,0.0974130750488879,0.39112308211939906,통상수용,0.5159981282290976,0.1004629666064011,0.38353890516450134,0.5097653048922495,0.10358647577280128,0.38664821933494936
1,defense_intelligent_platform,defense_intelligent_platform:SER-002,견적반영,0.5,통상수용,통상수용,True,True,False,통상수용,0.5222458528079248,0.14590354739542688,0.33185059979664827,통상수용,0.5046896837347096,0.14709363654472868,0.3482166797205618,통상수용,0.5163850212432254,0.13720403188442912,0.3464109468723456,0.51444018592862,0.14340040527486156,0.3421594087965185
1,defense_intelligent_platform,defense_intelligent_platform:SER-003,계약·질의검토,0.5,통상수용,통상수용,True,True,False,통상수용,0.46227674698633536,0.15851958358383703,0.37920366942982764,통상수용,0.49518865302020454,0.13796278376430443,0.36684856321549103,통상수용,0.45222898493128905,0.15209833752092344,0.39567267754778734,0.46989812831260963,0.14952690162302165,0.38057497006436874
1,defense_intelligent_platform,defense_intelligent_platform:SER-004,견적반영,0.5,통상수용,통상수용,True,True,False,통상수용,0.4144763609687291,0.2214668505600503,0.3640567884712207,통상수용,0.39310435094435264,0.2277524161356821,0.3791432329199652,통상수용,0.435198965069861,0.19823478149805177,0.3665662534320874,0.41425989232764754,0.21581801606459472,0.36992209160775774
1,defense_intelligent_platform,defense_intelligent_platform:SER-007,견적반영,0.5,계약·질의검토,계약·질의검토,True,True,False,계약·질의검토,0.34196154470620227,0.16092347821229305,0.49711497708150465,계약·질의검토,0.36433282072014433,0.1589801829473518,0.476686996332504,계약·질의검토,0.3600784182688667,0.14234607671842622,0.49757550501270703,0.3554575945650711,0.15408324595935705,0.4904591594755719
1,defense_intelligent_platform,defense_intelligent_platform:SER-008,통상수용,0.5,통상수용,통상수용,True,False,True,통상수용,0.5408152309223875,0.2021450330540259,0.25703973602358654,통상수용,0.5479107399698688,0.21387624967728014,0.23821301035285106,통상수용,0.557215120390651,0.18733598875838312,0.25544889085096584,0.5486470304276357,0.20111909049656304,0.25023387907580114
1,defense_intelligent_platform,defense_intelligent_platform:SER-009,통상수용,0.5,통상수용,통상수용,True,False,True,통상수용,0.4803523102652251,0.2641776066851556,0.2554700830496192,통상수용,0.5100428725295449,0.242637581445106,0.247319546025349,통상수용,0.47955842775393637,0.2622890804978093,0.2581524917482542,0.48998453684956883,0.2563680895426903,0.25364737360774087
1,defense_intelligent_platform,defense_intelligent_platform:SFR-001,통상수용,0.5,통상수용,통상수용,True,False,True,통상수용,0.42379751457488907,0.3528967808031037,0.22330570462200727,통상수용,0.43497050399206827,0.3624052145129358,0.2026242814949959,통상수용,0.4523165434405393,0.3435598226055621,0.2041236339538986,0.4370281873358322,0.35295393930720054,0.21001787335696723
1,defense_intelligent_platform,defense_intelligent_platform:SFR-003,계약·질의검토,0.5,통상수용,통상수용,True,True,False,통상수용,0.5183939252001244,0.2700041971823315,0.21160187761754415,통상수용,0.586708061772209,0.22941868583450103,0.18387325239328986,통상수용,0.5056392660921628,0.2835097435103275,0.2108509903975097,0.5369137510214989,0.26097754217572,0.20210870680278123
1,defense_intelligent_platform,defense_intelligent_platform:SFR-004,통상수용,0.5,통상수용,통상수용,True,False,True,통상수용,0.5904285426501656,0.24728042449108373,0.16229103285875063,통상수용,0.6965832315581366,0.19940214853355376,0.10401461990830954,통상수용,0.6031511554062999,0.2425191347044788,0.1543297098892213,0.6300543098715341,0.22973390257637208,0.14021178755209382
1,defense_intelligent_platform,defense_intelligent_platform:SFR-005,통상수용,0.5,통상수용,통상수용,True,False,True,통상수용,0.44740139036234544,0.3141708103589793,0.23842779927867522,통상수용,0.4780682123690887,0.3150958094356731,0.20683597819523822,통상수용,0.43162411984804977,0.3287674427445501,0.23960843740740015,0.4523645741931613,0.3193446875130675,0.2282907382937712
1,defense_intelligent_platform,defense_intelligent_platform:SFR-006,통상수용,0.5,통상수용,통상수용,True,False,True,통상수용,0.6246831078568488,0.257072655977779,0.11824423616537218,통상수용,0.6805289545006008,0.2295256011584283,0.08994544434097092,통상수용,0.667178886841824,0.2335114004531315,0.09930971270504449,0.6574636497330911,0.24003655252977962,0.1024997977371292
1,defense_intelligent_platform,defense_intelligent_platform:SFR-007,견적반영,0.5,견적반영,견적반영,True,False,True,견적반영,0.27929286641375434,0.44846402110524447,0.27224311248100114,견적반영,0.23279713524726242,0.5223051207522044,0.24489774400053316,견적반영,0.2557303530425204,0.4715781487797608,0.2726914981777187,0.2559401182345124,0.48078243021240324,0.2632774515530843
1,defense_intelligent_platform,defense_intelligent_platform:SFR-008,통상수용,0.5,견적반영,견적반영,True,True,False,견적반영,0.33089413990744915,0.4304748756491399,0.23863098444341105,견적반영,0.33298627977296624,0.4729537857459871,0.19405993448104664,견적반영,0.3251858416147059,0.44814631824361806,0.22666784014167596,0.3296887537650404,0.450524993212915,0.21978625302204455
1,defense_intelligent_platform,defense_intelligent_platform:SFR-009,통상수용,0.5,통상수용,통상수용,True,False,True,통상수용,0.46628769781675433,0.38043889038756107,0.15327341179568468,통상수용,0.4709830575988767,0.38603024734282365,0.14298669505829956,통상수용,0.5174670678293202,0.35305037138124085,0.12948256078943904,0.484912607748317,0.3731731697038752,0.14191422254780775
1,defense_intelligent_platform,defense_intelligent_platform:SFR-010,통상수용,0.5,통상수용,통상수용,True,False,True,통상수용,0.3786418377765405,0.3471688144626458,0.27418934776081366,통상수용,0.39734127537645386,0.3615699535185048,0.2410887711050414,통상수용,0.3656420649965525,0.3628537460871317,0.2715041889163158,0.380541726049849,0.3571975046894274,0.2622607692607236
1,defense_intelligent_platform,defense_intelligent_platform:SFR-011,통상수용,0.5,통상수용,통상수용,True,False,True,통상수용,0.4146974159467365,0.35517793533979986,0.23012464871346375,통상수용,0.4405286697832092,0.3652753659369095,0.19419596427988126,통상수용,0.420268615584669,0.3606518948712142,0.21907948954411688,0.4251649004382048,0.36036839871597454,0.21446670084582062
1,defense_intelligent_platform,defense_intelligent_platform:SFR-012,계약·질의검토,0.5,계약·질의검토,계약·질의검토,True,False,True,계약·질의검토,0.3618353809857929,0.22499273761646021,0.41317188139774685,계약·질의검토,0.36587061176009394,0.22667946021642596,0.4074499280234802,계약·질의검토,0.3733357968036658,0.2194654144016105,0.4071987887947236,0.36701392984985093,0.22371253741149888,0.40927353273865014
1,defense_intelligent_platform,defense_intelligent_platform:SFR-013,통상수용,0.5,견적반영,견적반영,True,True,False,견적반영,0.3589629022901402,0.41188666179458505,0.22915043591527465,견적반영,0.33630510403578884,0.42443445315621364,0.23926044280799744,견적반영,0.35359569992155665,0.4214580920005782,0.22494620807786506,0.34962123541582857,0.419259735650459,0.2311190289337124
1,defense_intelligent_platform,defense_intelligent_platform:SFR-014,통상수용,0.5,견적반영,견적반영,True,True,False,견적반영,0.28125223493979623,0.48317370791435893,0.23557405714584478,견적반영,0.2501452567290847,0.5273248349597028,0.22252990831121258,견적반영,0.292387200607876,0.4835970065428495,0.22401579284927456,0.2745948974255856,0.4980318498056371,0.2273732527687773
1,defense_intelligent_platform,defense_intelligent_platform:SFR-015,통상수용,0.5,견적반영,견적반영,True,True,False,견적반영,0.26106365157178957,0.5278754837980945,0.21106086463011597,견적반영,0.23969821079080747,0.5742055763475217,0.18609621286167094,견적반영,0.2453138365015174,0.5627149541305257,0.1919712093679568,0.24869189962137148,0.554932004758714,0.19637609561991456
1,defense_intelligent_platform,defense_intelligent_platform:SFR-017,통상수용,0.5,견적반영,견적반영,False,False,True,견적반영,0.38880402244595735,0.4061421235381558,0.20505385401588683,통상수용,0.4270781447051971,0.38625499078673725,0.18666686450806547,견적반영,0.3787537880544859,0.4265548990311492,0.19469131291436498,0.39821198506854677,0.40631733778534745,0.19547067714610575
1,defense_intelligent_platform,defense_intelligent_platform:SFR-018,통상수용,0.5,견적반영,견적반영,True,True,False,견적반영,0.38174967214218,0.4662906517105209,0.15195967614729905,견적반영,0.42984027425799726,0.4422802414350974,0.1278794843069054,견적반영,0.3713854050948183,0.4850698179771443,0.1435447769280374,0.3943251171649986,0.46454690370758756,0.14112797912741396
1,defense_intelligent_platform,defense_intelligent_platform:SFR-019,통상수용,0.5,통상수용,통상수용,True,False,True,통상수용,0.4312375928378042,0.4162630337961898,0.15249937336600605,통상수용,0.48212132951216513,0.4225526626966166,0.09532600779121819,통상수용,0.42912092215313746,0.42751943566285616,0.14335964218400632,0.4474932815010357,0.4221117107185542,0.1303950077804102
1,defense_intelligent_platform,defense_intelligent_platform:SFR-020,견적반영,0.5,견적반영,견적반영,True,False,True,견적반영,0.23640122417116827,0.4485714868619414,0.3150272889668904,견적반영,0.2185253251604351,0.42503117039960686,0.35644350443995804,견적반영,0.20661793998119582,0.469414706646926,0.3239673533718782,0.22051482977093306,0.4476724546361581,0.33181271559290887
1,defense_intelligent_platform,defense_intelligent_platform:SFR-021,견적반영,0.5,견적반영,견적반영,True,False,True,견적반영,0.3055343143547754,0.5076159816133812,0.18684970403184342,견적반영,0.2879610013887482,0.5420760254064968,0.1699629732047551,견적반영,0.28947872459102814,0.540656560270823,0.1698647151381488,0.2943246801115173,0.5301161890969003,0.17555913079158245
1,defense_intelligent_platform,defense_intelligent_platform:SFR-022,견적반영,0.5,통상수용,통상수용,True,True,False,통상수용,0.5770466083265093,0.22977751745492764,0.19317587421856303,통상수용,0.6130887103435169,0.2106480696309485,0.1762632200255347,통상수용,0.5700081842955552,0.24504738093037498,0.1849444347740699,0.5867145009885272,0.22849098933875037,0.1847945096727225
1,defense_intelligent_platform,defense_intelligent_platform:SFR-023,견적반영,0.5,견적반영,견적반영,False,False,True,견적반영,0.40399348959209147,0.4451836562708491,0.15082285413705943,통상수용,0.46122230369578965,0.42901404711314806,0.10976364919106235,견적반영,0.36530855243271576,0.4832372255464675,0.15145422202081688,0.4101747819068657,0.4524783096434882,0.13734690844964623
1,defense_intelligent_platform,defense_intelligent_platform:SFR-024,견적반영,0.5,통상수용,통상수용,True,True,False,통상수용,0.43380291900534956,0.4094788293058399,0.1567182516888105,통상수용,0.47755578138935295,0.40084238511530634,0.12160183349534066,통상수용,0.4245390150348927,0.4194147451400616,0.15604623982504573,0.44529923847653174,0.4099119865204026,0.14478877500306564
1,defense_intelligent_platform,defense_intelligent_platform:SFR-025,견적반영,0.5,견적반영,견적반영,True,False,True,견적반영,0.23434233858568326,0.5502258018240288,0.21543185959028785,견적반영,0.21268341466532242,0.617769831069414,0.16954675426526378,견적반영,0.22104145784485218,0.5584452670750658,0.22051327508008184,0.22268907036528596,0.5754802999895029,0.20183062964521117
1,defense_intelligent_platform,defense_intelligent_platform:SFR-026,견적반영,0.5,견적반영,계약·질의검토,False,False,True,계약·질의검토,0.25943441190624184,0.3654006723658316,0.3751649157279266,견적반영,0.23336607712379023,0.3881832151434991,0.37845070773271056,견적반영,0.2560176150885764,0.3742447528249331,0.36973763208649046,0.2496060347062028,0.3759428801114213,0.3744510851823759
1,defense_intelligent_platform,defense_intelligent_platform:SFR-027,통상수용,0.5,통상수용,통상수용,True,False,True,통상수용,0.5246464227720465,0.353235816217566,0.12211776101038757,통상수용,0.5649934692701423,0.3662103424955916,0.06879618823426613,통상수용,0.5280737484987357,0.3546838258898972,0.11724242561136707,0.5392378801803082,0.35804332820101825,0.10271879161867359
1,defense_intelligent_platform,defense_intelligent_platform:SFR-028,견적반영,0.5,견적반영,견적반영,True,False,True,견적반영,0.327415001140387,0.43093789186959575,0.24164710699001718,견적반영,0.3255642783928058,0.4510950708396265,0.22334065076756776,견적반영,0.3113021652408221,0.46266207506488133,0.22603575969429654,0.32142714825800495,0.44823167925803453,0.2303411724839605
1,defense_intelligent_platform,defense_intelligent_platform:SFR-029,견적반영,0.5,견적반영,견적반영,True,False,True,견적반영,0.1577763655411098,0.5247847782638492,0.317438856195041,견적반영,0.12909649178069663,0.5792984939213215,0.29160501429798186,견적반영,0.14382498038931568,0.5447902106620849,0.3113848089485993,0.1435659459037074,0.5496244942824186,0.30680955981387403
1,defense_intelligent_platform,defense_intelligent_platform:SFR-030,견적반영,0.5,견적반영,견적반영,True,False,True,견적반영,0.1572689569026335,0.604674176572024,0.23805686652534247,견적반영,0.13221822865994756,0.6554937017788752,0.21228806956117716,견적반영,0.13630740252468843,0.6302616385920762,0.23343095888323528,0.14193152936242318,0.630143172314325,0.22792529832325162
1,defense_intelligent_platform,defense_intelligent_platform:SFR-031,견적반영,0.5,견적반영,견적반영,True,False,True,견적반영,0.3562815759395636,0.4754831138978471,0.1682353101625893,견적반영,0.36097764159467005,0.4934139146793972,0.1456084437259328,견적반영,0.35089327521260427,0.4926738967109587,0.15643282807643707,0.3560508309156127,0.487190308429401,0.15675886065498637
1,defense_intelligent_platform,defense_intelligent_platform:SFR-032,견적반영,0.5,견적반영,견적반영,True,False,True,견적반영,0.28888524531229187,0.5268139976383196,0.18430075704938848,견적반영,0.2702553363313008,0.551188690867753,0.17855597280094623,견적반영,0.27454236540303606,0.5403463770222408,0.18511125757472305,0.27789431568220957,0.5394496885094379,0.18265599580835257
1,defense_intelligent_platform,defense_intelligent_platform:SFR-033,계약·질의검토,0.5,견적반영,견적반영,True,True,False,견적반영,0.22199395661373456,0.4973037499232657,0.28070229346299963,견적반영,0.18456954339744622,0.5510920326799115,0.26433842392264245,견적반영,0.20637550863863685,0.5090459816460358,0.2845785097153273,0.20431300288327256,0.5191472547497377,0.2765397423669898
1,defense_intelligent_platform,defense_intelligent_platform:SFR-034,견적반영,0.5,견적반영,견적반영,True,False,True,견적반영,0.2593301080183686,0.4558290441671212,0.2848408478145102,견적반영,0.25398852846470976,0.4849675281419675,0.2610439433933227,견적반영,0.22115503939789688,0.4887105755563959,0.2901343850457073,0.2448245586269918,0.4765023826218282,0.27867305875118004
1,defense_intelligent_platform,defense_intelligent_platform:SFR-035,계약·질의검토,0.5,견적반영,견적반영,True,True,False,견적반영,0.16990976016793996,0.5407757052585564,0.2893145345735036,견적반영,0.1309891379362924,0.5744435791014564,0.29456728296225126,견적반영,0.14791620229928457,0.5661819185412758,0.28590187915943976,0.14960503346783896,0.5604670676337629,0.2899278988983982
1,defense_intelligent_platform,defense_intelligent_platform:SFR-036,견적반영,0.5,견적반영,견적반영,True,False,True,견적반영,0.23549139699509733,0.4797090137538742,0.28479958925102866,견적반영,0.22224815257007308,0.5205047647968151,0.2572470826331118,견적반영,0.2185266489148221,0.4973025228189826,0.2841708282661954,0.2254220661599975,0.4991721004565573,0.27540583338344526
1,defense_intelligent_platform,defense_intelligent_platform:SFR-038,계약·질의검토,0.5,견적반영,견적반영,True,True,False,견적반영,0.2959659038812074,0.4191628807072199,0.28487121541157273,견적반영,0.25388208476038243,0.4940664915122674,0.2520514237273502,견적반영,0.27237255022733553,0.45311312539494086,0.27451432437772344,0.2740735129563085,0.4554474992048094,0.2704789878388821
1,defense_intelligent_platform,defense_intelligent_platform:SFR-039,견적반영,0.5,견적반영,견적반영,True,False,True,견적반영,0.22031515708127555,0.5695316979575719,0.21015314496115253,견적반영,0.22843380444975764,0.5908372602989925,0.1807289352512499,견적반영,0.1946681598137318,0.598328111323947,0.20700372886232124,0.21447237378158834,0.5862323565268371,0.19929526969157454
1,defense_intelligent_platform,defense_intelligent_platform:SFR-040,통상수용,0.5,견적반영,견적반영,True,True,False,견적반영,0.3002449432792228,0.4221984589510445,0.2775565977697326,견적반영,0.2441007778344235,0.47583924724743437,0.2800599749181423,견적반영,0.28148272026156823,0.44001333007839605,0.2785039496600358,0.27527614712507154,0.44601701209229166,0.2787068407826369
1,defense_intelligent_platform,defense_intelligent_platform:SFR-041,견적반영,0.5,견적반영,견적반영,True,False,True,견적반영,0.25141331093181973,0.49091332048027925,0.2576733685879011,견적반영,0.21945187107243316,0.5414877058678637,0.2390604230597032,견적반영,0.2167347283287346,0.5232992446750451,0.2599660269962204,0.22919997011099583,0.5185667570077294,0.2522332728812749
1,defense_intelligent_platform,defense_intelligent_platform:SFR-042,계약·질의검토,0.5,견적반영,견적반영,True,True,False,견적반영,0.18940697960704292,0.5392497853331646,0.2713432350597925,견적반영,0.18298411902682435,0.5655998759709707,0.25141600500220485,견적반영,0.16348075747128596,0.5593014998723158,0.27721774265639826,0.17862395203505108,0.5547170537254836,0.2666589942394652
1,defense_intelligent_platform,defense_intelligent_platform:SFR-043,견적반영,0.5,견적반영,견적반영,True,False,True,견적반영,0.18928823597761477,0.5904263816527252,0.22028538236966003,견적반영,0.18843678932151664,0.5919980590908913,0.21956515158759196,견적반영,0.1721951376185988,0.6249336229413738,0.20287123944002747,0.18330672097257675,0.6024526878949967,0.21424059113242647
1,defense_intelligent_platform,defense_intelligent_platform:SFR-044,견적반영,0.5,견적반영,견적반영,True,False,True,견적반영,0.2733698483563072,0.5437851273021971,0.18284502434149572,견적반영,0.2471543961274648,0.5792677712364703,0.1735778326360649,견적반영,0.24263617864525241,0.570885499033905,0.18647832232084263,0.2543868077096748,0.5646461325241908,0.1809670597661344
1,defense_intelligent_platform,defense_intelligent_platform:SFR-045,견적반영,0.5,견적반영,견적반영,True,False,True,견적반영,0.24291700797405882,0.4943578258079882,0.26272516621795294,견적반영,0.22793983393714706,0.5250647243704425,0.2469954416924104,견적반영,0.21580802049872347,0.5337441375160076,0.2504478419852689,0.22888828746997647,0.5177222292314795,0.2533894832985441
1,defense_intelligent_platform,defense_intelligent_platform:SFR-046,통상수용,0.5,견적반영,견적반영,True,True,False,견적반영,0.3879102092038926,0.4102933571324858,0.20179643366362168,견적반영,0.359075442638707,0.46585864467416405,0.1750659126871289,견적반영,0.35013464638075276,0.45044474109564253,0.19942061252360468,0.3657067660744508,0.44219891430076413,0.19209431962478507
1,defense_intelligent_platform,defense_intelligent_platform:SFR-047,견적반영,0.5,견적반영,견적반영,True,False,True,견적반영,0.14468906524706154,0.5604357117094473,0.2948752230434911,견적반영,0.10491703029522643,0.6498648968950775,0.24521807280969618,견적반영,0.12512744313137966,0.5812163260568798,0.2936562308117405,0.12491117955788922,0.5971723115538015,0.27791650888830927
1,defense_intelligent_platform,defense_intelligent_platform:SFR-048,견적반영,0.5,견적반영,견적반영,True,False,True,견적반영,0.1803079779607702,0.5008929451883309,0.3187990768508988,견적반영,0.14495328924539091,0.5170424827041072,0.33800422805050184,견적반영,0.1683886709940326,0.5197174861523138,0.31189384285365357,0.16454997940006458,0.5125509713482507,0.3228990492516847
1,defense_intelligent_platform,defense_intelligent_platform:SFR-049,계약·질의검토,0.5,견적반영,견적반영,True,True,False,견적반영,0.20468085557593066,0.49994633327680005,0.2953728111472692,견적반영,0.1653299915470121,0.5652971645349837,0.26937284391800415,견적반영,0.18005043865441223,0.5188542126917133,0.3010953486538745,0.183353761925785,0.5280325701678323,0.28861366790638265
1,defense_intelligent_platform,defense_intelligent_platform:SFR-050,계약·질의검토,0.5,견적반영,견적반영,False,True,False,견적반영,0.3300916970264426,0.3580169303296946,0.31189137264386274,통상수용,0.3628066389247648,0.35901771790838927,0.278175643166846,견적반영,0.3013953826784098,0.3836781912296424,0.31492642609194776,0.3314312395432057,0.3669042798225754,0.30166448063421886
1,defense_intelligent_platform,defense_intelligent_platform:SFR-051,계약·질의검토,0.5,견적반영,견적반영,True,True,False,견적반영,0.14869161500362682,0.5106968132089578,0.3406115717874154,견적반영,0.11092696896121808,0.5814612018411751,0.30761182919760677,견적반영,0.12167484428722539,0.5331388132781125,0.3451863424346622,0.12709780941735674,0.5417656094427484,0.3311365811398948
1,defense_intelligent_platform,defense_intelligent_platform:SFR-052,견적반영,0.5,견적반영,견적반영,True,False,True,견적반영,0.2841716268733981,0.46202986890404185,0.2537985042225602,견적반영,0.2588137937290614,0.49140757899400894,0.2497786272769295,견적반영,0.2508796333934415,0.49391895895822213,0.25520140764833643,0.2646216846653003,0.4824521356187576,0.25292617971594206
1,defense_intelligent_platform,defense_intelligent_platform:SFR-053,통상수용,0.5,통상수용,통상수용,True,False,True,통상수용,0.4103640874080955,0.3219327405980665,0.26770317199383814,통상수용,0.4714145903143661,0.2758109472603001,0.2527744624253338,통상수용,0.41281939437856546,0.3366447586926925,0.250535846928742,0.43153269070034234,0.3114628155170197,0.25700449378263795
1,defense_intelligent_platform,defense_intelligent_platform:SFR-054,견적반영,0.5,견적반영,견적반영,True,False,True,견적반영,0.242704751930349,0.5368583300616321,0.22043691800801893,견적반영,0.24758293473969348,0.5743127624119542,0.17810430284835238,견적반영,0.2158976795281417,0.5632177706153285,0.22088454985652964,0.2353951220660614,0.5581296210296383,0.20647525690430032
1,defense_intelligent_platform,defense_intelligent_platform:SFR-055,견적반영,0.5,계약·질의검토,계약·질의검토,False,False,True,계약·질의검토,0.2593575770203391,0.3657303158100356,0.37491210716962514,계약·질의검토,0.2498451496163897,0.36315634381744916,0.38699850656616114,견적반영,0.23073984530659702,0.39542610088400604,0.3738340538093969,0.24664752398110865,0.37477092017049696,0.3785815558483944
1,defense_intelligent_platform,defense_intelligent_platform:SFR-056,견적반영,0.5,견적반영,견적반영,True,False,True,견적반영,0.3356211064200725,0.3789736953926849,0.2854051981872425,견적반영,0.35588366671726607,0.38757042584304613,0.2565459074396878,견적반영,0.3247900857621683,0.4044330328793073,0.27077688135852435,0.3387649529665023,0.3903257180383461,0.2709093289951516
1,defense_intelligent_platform,defense_intelligent_platform:SFR-057,통상수용,0.5,견적반영,견적반영,False,False,True,견적반영,0.407741135744723,0.4124049285505627,0.17985393570471428,견적반영,0.39769319538938125,0.44590985585901727,0.1563969487516015,통상수용,0.42057622158096003,0.41736837604986604,0.16205540236917407,0.4086701842383547,0.4252277201531487,0.16610209560849662
1,defense_intelligent_platform,defense_intelligent_platform:SFR-058,견적반영,0.5,견적반영,견적반영,True,False,True,견적반영,0.2392221177600749,0.562024422598622,0.1987534596413031,견적반영,0.195970092477291,0.6432187119135407,0.16081119560916837,견적반영,0.2176539072176449,0.5935274530221001,0.18881863976025504,0.2176153724850036,0.5995901958447543,0.18279443167024215
1,defense_intelligent_platform,defense_intelligent_platform:SFR-059,견적반영,0.5,견적반영,견적반영,True,False,True,견적반영,0.2775744888893201,0.5187294694447628,0.203696041665917,견적반영,0.31071013804061254,0.5366776979705705,0.15261216398881694,견적반영,0.24001867465629878,0.5559447073118858,0.2040366180318153,0.2761011005287438,0.5371172915757397,0.18678160789551643
1,defense_intelligent_platform,defense_intelligent_platform:SFR-060,견적반영,0.5,견적반영,견적반영,True,False,True,견적반영,0.31387044546222803,0.44654480269977515,0.23958475183799682,견적반영,0.33286888316151647,0.4717840619332613,0.1953470549052222,견적반영,0.28357211177414765,0.470514784285721,0.24591310394013124,0.31010381346596405,0.46294788297291917,0.22694830356111675
1,defense_intelligent_platform,defense_intelligent_platform:SFR-061,견적반영,0.5,견적반영,견적반영,True,False,True,견적반영,0.37679394645927644,0.44549291990086065,0.17771313363986302,견적반영,0.3714022468892387,0.5031967345308977,0.1254010185798636,견적반영,0.3521394414277819,0.4769457324342186,0.17091482613799955,0.3667785449254323,0.47521179562199234,0.1580096594525754
1,defense_intelligent_platform,defense_intelligent_platform:SFR-062,계약·질의검토,0.5,견적반영,견적반영,True,True,False,견적반영,0.1975962954757736,0.5784467606264452,0.22395694389778123,견적반영,0.176806695896034,0.6366027412955142,0.18659056280845182,견적반영,0.15907085309452698,0.6134119774974606,0.22751716940801256,0.17782461482211154,0.6094871598064734,0.2126882253714152
1,defense_intelligent_platform,defense_intelligent_platform:SFR-063,계약·질의검토,0.5,견적반영,견적반영,True,True,False,견적반영,0.18230286670551418,0.6107112509778049,0.20698588231668089,견적반영,0.17790381375046554,0.6571740253965774,0.16492216085295694,견적반영,0.15261742904012715,0.6358881752730615,0.21149439568681133,0.1709413698320356,0.6345911505491478,0.19446747961881639
1,defense_intelligent_platform,defense_intelligent_platform:SFR-064,통상수용,0.5,견적반영,견적반영,True,True,False,견적반영,0.2913748352625295,0.4959639740512298,0.21266119068624068,견적반영,0.3231154759801631,0.5029737996999198,0.17391072431991708,견적반영,0.2836997940305049,0.5136040583996464,0.20269614756984866,0.29939670175773253,0.504180610716932,0.19642268752533545
1,defense_intelligent_platform,defense_intelligent_platform:SFR-065,견적반영,0.5,견적반영,견적반영,True,False,True,견적반영,0.14343167093621803,0.5498163394618276,0.30675198960195443,견적반영,0.10632378621080746,0.6227306601191286,0.27094555367006395,견적반영,0.12132765986160496,0.5723936555341589,0.3062786846042362,0.12369437233621015,0.5816468850383717,0.2946587426254182
1,defense_intelligent_platform,defense_intelligent_platform:SFR-066,견적반영,0.5,통상수용,통상수용,True,True,False,통상수용,0.4951184651315154,0.2314641509529285,0.2734173839155561,통상수용,0.5717508618733549,0.20402801709547497,0.22422112103117015,통상수용,0.4796820926628575,0.2380062362701779,0.28231167106696464,0.5155171398892426,0.22449946810619378,0.2599833920045636
1,defense_intelligent_platform,defense_intelligent_platform:SFR-067,통상수용,0.5,통상수용,통상수용,True,False,True,통상수용,0.47002585425599847,0.29908535528009894,0.23088879046390273,통상수용,0.5670040127004496,0.24867746889810163,0.18431851840144864,통상수용,0.4532588592098992,0.31137241496856727,0.2353687258215336,0.49676290872211576,0.2863784130489226,0.21685867822896165
1,defense_intelligent_platform,defense_intelligent_platform:TER-002,통상수용,0.5,통상수용,통상수용,True,False,True,통상수용,0.49922271151136377,0.18864222554834592,0.3121350629402903,통상수용,0.5229901739037895,0.16017869726773665,0.3168311288284738,통상수용,0.4921003489952034,0.1895253767749557,0.3183742742298409,0.5047710781367856,0.1794487665303461,0.31578015533286835
1,defense_intelligent_platform,defense_intelligent_platform:TER-003,통상수용,0.5,계약·질의검토,계약·질의검토,False,False,True,계약·질의검토,0.3761865509185646,0.239186678494576,0.38462677058685935,통상수용,0.4138948524349024,0.18978200097622355,0.3963231465888741,계약·질의검토,0.3671356860432337,0.23850328251142053,0.3943610314453457,0.3857390297989003,0.22249065399407333,0.39177031620702635
1,defense_intelligent_platform,defense_intelligent_platform:TER-004,계약·질의검토,0.5,계약·질의검토,계약·질의검토,True,False,True,계약·질의검토,0.20741349770584463,0.15992990728913856,0.6326565950050167,계약·질의검토,0.14917476421061016,0.11954911788513989,0.7312761179042501,계약·질의검토,0.1899094484572777,0.15197808127629497,0.6581124702664273,0.18216590345791084,0.14381903548352448,0.6740150610585647
1,defense_intelligent_platform,defense_intelligent_platform:TER-005,계약·질의검토,0.5,계약·질의검토,계약·질의검토,True,False,True,계약·질의검토,0.34866224346020525,0.295085718458645,0.3562520380811498,계약·질의검토,0.3495138472786127,0.25417414022971224,0.396312012491675,계약·질의검토,0.34471170441456866,0.28430329938560805,0.3709849961998232,0.34762926505112884,0.2778543860246551,0.37451634892421604
1,defense_intelligent_platform,defense_intelligent_platform:TER-006,계약·질의검토,0.5,계약·질의검토,계약·질의검토,True,False,True,계약·질의검토,0.2775627431014796,0.1310869315279844,0.591350325370536,계약·질의검토,0.292446655920118,0.09497804642216438,0.6125752976577177,계약·질의검토,0.279695396051258,0.12525236538974713,0.5950522385589949,0.2832349316909519,0.11710578111329865,0.5996592871957496
1,defense_intelligent_platform,defense_intelligent_platform:TER-007,계약·질의검토,0.5,계약·질의검토,계약·질의검토,True,False,True,계약·질의검토,0.27885858376561723,0.19928480701253753,0.5218566092218454,계약·질의검토,0.2619512542862652,0.17460352369611287,0.5634452220176219,계약·질의검토,0.22984525229903394,0.21274839870729267,0.5574063489936734,0.2568850301169721,0.19554557647198104,0.5475693934110469
1,defense_intelligent_platform,defense_intelligent_platform:TER-008,계약·질의검토,0.5,견적반영,견적반영,True,True,False,견적반영,0.2781249497638967,0.518426328204211,0.2034487220318923,견적반영,0.22440636852705462,0.6110439324228932,0.16454969905005215,견적반영,0.2617907800061238,0.5366001745833037,0.2016090454105725,0.2547740327656917,0.5553568117368027,0.1898691554975057
1,defense_intelligent_platform,defense_intelligent_platform:TER-009,계약·질의검토,0.5,통상수용,통상수용,True,True,False,통상수용,0.4897802080333947,0.20580433961790814,0.3044154523486971,통상수용,0.5152234903836462,0.18043341771202204,0.30434309190433173,통상수용,0.4919221407038135,0.21191804563978286,0.29615981365640354,0.4989752797069515,0.19938526765657102,0.30163945263647746
2,genai_incident_response,genai_incident_response:CNR-001,견적반영,0.0,견적반영,견적반영,True,False,True,견적반영,0.33624683265083055,0.38510919185447356,0.27864397549469583,견적반영,0.3197266846282274,0.43571238021134695,0.24456093516042568,견적반영,0.3362468326508301,0.38510919185447373,0.27864397549469616,0.330740116643296,0.40197692130676477,0.26728296204993923
2,genai_incident_response,genai_incident_response:DAR-001,계약·질의검토,0.0,통상수용,통상수용,True,True,False,통상수용,0.43874387263900494,0.3569201828929117,0.2043359444680834,통상수용,0.4139307474732019,0.3913768263626097,0.19469242616418836,통상수용,0.4387438726390048,0.3569201828929118,0.20433594446808348,0.4304728309170705,0.3684057307161444,0.2011214383667851
2,genai_incident_response,genai_incident_response:DAR-002,견적반영,0.0,견적반영,견적반영,True,False,True,견적반영,0.39194579506781296,0.43422044348232225,0.17383376144986493,견적반영,0.42273816731535774,0.4314076883123601,0.14585414437228209,견적반영,0.3919457950678129,0.43422044348232225,0.17383376144986498,0.4022099191503279,0.4332828584256682,0.16450722242400398
2,genai_incident_response,genai_incident_response:DAR-003,견적반영,0.0,견적반영,견적반영,False,False,True,견적반영,0.3792847736977058,0.44070499471419117,0.18001023158810311,통상수용,0.43319243363488036,0.40486310545845783,0.16194446090666173,견적반영,0.37928477369770575,0.440704994714191,0.18001023158810317,0.3972539936767639,0.42875769829561333,0.17398830802762266
2,genai_incident_response,genai_incident_response:DAR-004,통상수용,0.0,견적반영,견적반영,True,True,False,견적반영,0.2513137496465572,0.5486185392158732,0.20006771113756947,견적반영,0.239619199268163,0.5891405154057513,0.17124028532608576,견적반영,0.25131374964655673,0.5486185392158734,0.20006771113756977,0.24741556618709235,0.5621258646124994,0.1904585692004083
2,genai_incident_response,genai_incident_response:DAR-005,견적반영,0.0,견적반영,계약·질의검토,False,False,True,견적반영,0.3038252526369344,0.35821898979843814,0.3379557575646274,계약·질의검토,0.2919783355416516,0.3496098147252604,0.358411849733088,견적반영,0.30382525263693405,0.35821898979843814,0.3379557575646278,0.29987628027184,0.35534926477404555,0.34477445495411435
2,genai_incident_response,genai_incident_response:INR-001,계약·질의검토,0.0,견적반영,견적반영,True,True,False,견적반영,0.22705729415257708,0.44380469504012665,0.32913801080729627,견적반영,0.2008467205183552,0.4474164203712497,0.3517368591103951,견적반영,0.22705729415257683,0.4438046950401265,0.32913801080729665,0.21832043627450304,0.44500860348383425,0.3366709602416627
2,genai_incident_response,genai_incident_response:INR-002,견적반영,0.0,견적반영,견적반영,True,False,True,견적반영,0.3013760774553367,0.410844808487232,0.2877791140574314,견적반영,0.3143043963882521,0.3616067694840246,0.32408883412772327,견적반영,0.3013760774553365,0.4108448084872315,0.287779114057432,0.30568551709964176,0.3944321288194961,0.2998823540808622
2,genai_incident_response,genai_incident_response:INR-003,통상수용,0.0,견적반영,견적반영,False,False,True,견적반영,0.3614362342744416,0.3950589132190091,0.2435048525065494,통상수용,0.3884986012906579,0.3758459085233413,0.23565549018600085,견적반영,0.3614362342744415,0.3950589132190089,0.24350485250654963,0.370457023279847,0.38865457832045314,0.24088839839969997
2,genai_incident_response,genai_incident_response:INR-004,통상수용,0.0,통상수용,통상수용,True,False,True,통상수용,0.3977755601654847,0.3079603382763524,0.29426410155816296,통상수용,0.4586968229118718,0.2777575078956225,0.26354566919250566,통상수용,0.39777556016548465,0.30796033827635194,0.29426410155816346,0.41808264774761367,0.2978927281494423,0.28402462410294405
2,genai_incident_response,genai_incident_response:INR-005,계약·질의검토,0.0,견적반영,견적반영,True,True,False,견적반영,0.28164944905155626,0.5138888411900391,0.20446170975840472,견적반영,0.3369384902598092,0.4956453675043665,0.16741614223582424,견적반영,0.28164944905155614,0.513888841190039,0.2044617097584049,0.3000791294543072,0.507807683294815,0.19211318725087798
2,genai_incident_response,genai_incident_response:INR-006,통상수용,0.0,견적반영,견적반영,True,True,False,견적반영,0.260304641602948,0.5611470741113814,0.17854828428567068,견적반영,0.24858482303646812,0.608472455930859,0.14294272103267294,견적반영,0.26030464160294775,0.5611470741113814,0.17854828428567074,0.25639803541412126,0.5769222013845406,0.16667976320133812
2,genai_incident_response,genai_incident_response:INR-007,통상수용,0.0,통상수용,통상수용,True,False,True,통상수용,0.4225131849310184,0.4041874774112503,0.17329933765773137,통상수용,0.44890165044321273,0.40068918996366265,0.15040915959312467,통상수용,0.4225131849310187,0.4041874774112499,0.1732993376577315,0.43130934010175,0.4030213815953876,0.16566927830286252
2,genai_incident_response,genai_incident_response:INR-008,통상수용,0.0,견적반영,견적반영,True,True,False,견적반영,0.3161569338824783,0.45132178004229045,0.2325212860752313,견적반영,0.3146577417652705,0.4856347154138667,0.19970754282086287,견적반영,0.31615693388247823,0.4513217800422904,0.23252128607523148,0.31565720317674234,0.46275942516614915,0.22158337165710854
2,genai_incident_response,genai_incident_response:INR-009,통상수용,0.0,통상수용,통상수용,True,False,True,통상수용,0.38976748998671795,0.3123173056476515,0.2979152043656305,통상수용,0.4337093070503468,0.2729551500965659,0.2933355428530873,통상수용,0.38976748998671784,0.3123173056476512,0.29791520436563096,0.40441476234126084,0.29919658713062286,0.2963886505281163
2,genai_incident_response,genai_incident_response:INR-010,통상수용,0.0,통상수용,통상수용,True,False,True,통상수용,0.3631389180021928,0.3339190884261345,0.3029419935716728,통상수용,0.40945208403502387,0.2817778212198366,0.3087700947451396,통상수용,0.36313891800219256,0.3339190884261341,0.30294199357167334,0.37857664001313635,0.316538666024035,0.3048846939628285
2,genai_incident_response,genai_incident_response:PER-001,계약·질의검토,0.0,계약·질의검토,계약·질의검토,True,False,True,계약·질의검토,0.19678412637867015,0.26679607893841056,0.5364197946829193,계약·질의검토,0.1572973981836684,0.2442765816308287,0.598426020185503,계약·질의검토,0.1967841263786698,0.2667960789384101,0.5364197946829201,0.1836218836470028,0.25928957983588313,0.5570885365171142
2,genai_incident_response,genai_incident_response:PER-002,계약·질의검토,0.0,계약·질의검토,계약·질의검토,True,False,True,계약·질의검토,0.23849577032929095,0.28893122351409617,0.47257300615661285,계약·질의검토,0.21460095933332202,0.24426554778433804,0.54113349288234,계약·질의검토,0.23849577032929048,0.28893122351409584,0.47257300615661363,0.23053083333063448,0.27404266493751,0.4954265017318555
2,genai_incident_response,genai_incident_response:PER-003,견적반영,0.0,견적반영,견적반영,True,False,True,견적반영,0.28524314243853865,0.4199201568707624,0.2948367006906989,견적반영,0.3013074746117522,0.40360448112795516,0.2950880442602927,견적반영,0.2852431424385385,0.41992015687076234,0.2948367006906992,0.2905979198296098,0.4144815982898266,0.29492048188056363
2,genai_incident_response,genai_incident_response:PMR-001,견적반영,0.0,계약·질의검토,계약·질의검토,True,True,False,계약·질의검토,0.24656647878081703,0.23882034746091071,0.5146131737582722,계약·질의검토,0.20458631547567369,0.2510755230708412,0.544338161453485,계약·질의검토,0.24656647878081614,0.238820347460911,0.5146131737582729,0.23257309101243562,0.24290540599755428,0.52452150299001
2,genai_incident_response,genai_incident_response:PMR-002,통상수용,0.0,통상수용,통상수용,True,False,True,통상수용,0.5278132380749921,0.1478572689906455,0.3243294929343623,통상수용,0.546053141753739,0.14427855548907337,0.30966830275718765,통상수용,0.527813238074992,0.1478572689906454,0.32432949293436264,0.5338932059679077,0.14666436449012143,0.31944242954197083
2,genai_incident_response,genai_incident_response:PMR-003,통상수용,0.0,통상수용,통상수용,True,False,True,통상수용,0.5999909592873977,0.1334358538316703,0.26657318688093207,통상수용,0.603450075897451,0.1380567401426226,0.25849318395992643,통상수용,0.5999909592873978,0.1334358538316701,0.2665731868809321,0.6011439981574155,0.13497614926865434,0.2638798525739302
2,genai_incident_response,genai_incident_response:PMR-004,계약·질의검토,0.0,계약·질의검토,계약·질의검토,False,False,True,계약·질의검토,0.3875479671491571,0.11178048710549199,0.5006715457453509,통상수용,0.4674502901984529,0.09041006433527218,0.442139645466275,계약·질의검토,0.3875479671491565,0.11178048710549189,0.5006715457453517,0.4141820748322555,0.10465701284875202,0.48116091231899255
2,genai_incident_response,genai_incident_response:PMR-005,통상수용,0.0,통상수용,통상수용,True,False,True,통상수용,0.5020644396394386,0.20378330068361072,0.2941522596769507,통상수용,0.5448725744822948,0.17611970807094707,0.2790077174467581,통상수용,0.5020644396394386,0.2037833006836107,0.29415225967695074,0.5163338179203906,0.19456210314605615,0.2891040789335532
2,genai_incident_response,genai_incident_response:PSR-001,통상수용,0.0,계약·질의검토,계약·질의검토,True,True,False,계약·질의검토,0.3280707714190069,0.16299036900575878,0.5089388595752342,계약·질의검토,0.3383523335821159,0.14466481468883813,0.516982851729046,계약·질의검토,0.3280707714190063,0.16299036900575853,0.5089388595752351,0.33149795880670974,0.15688185090011847,0.5116201902931717
2,genai_incident_response,genai_incident_response:PSR-002,통상수용,0.0,계약·질의검토,계약·질의검토,True,True,False,계약·질의검토,0.3377578776643511,0.20150825055170857,0.4607338717839404,계약·질의검토,0.32483136987445527,0.1721328184205942,0.5030358117049505,계약·질의검토,0.3377578776643509,0.20150825055170848,0.46073387178394076,0.3334490417343858,0.1917164398413371,0.47483451842427726
2,genai_incident_response,genai_incident_response:PSR-003,견적반영,0.0,계약·질의검토,계약·질의검토,True,True,False,계약·질의검토,0.23893816414846764,0.3783911268459087,0.38267070900562367,계약·질의검토,0.19734480341879346,0.3868868935923828,0.4157683029888237,계약·질의검토,0.2389381641484671,0.37839112684590853,0.38267070900562444,0.2250737105719094,0.3812230490947333,0.3937032403333573
2,genai_incident_response,genai_incident_response:PSR-004,통상수용,0.0,통상수용,통상수용,True,False,True,통상수용,0.35306225938722036,0.34971457726457267,0.297223163348207,통상수용,0.3761118211788387,0.36561820301391507,0.2582699758072462,통상수용,0.3530622593872202,0.3497145772645726,0.29722316334820725,0.3607454466510931,0.3550157858476868,0.2842387675012201
2,genai_incident_response,genai_incident_response:PSR-005,견적반영,0.0,견적반영,견적반영,True,False,True,견적반영,0.1929595801695831,0.47961257621491793,0.32742784361549904,견적반영,0.16052814269888785,0.524368757985044,0.31510309931606806,견적반영,0.19295958016958248,0.47961257621491793,0.32742784361549965,0.18214910101268447,0.4945313034716266,0.3233195955156889
2,genai_incident_response,genai_incident_response:PSR-006,통상수용,0.0,견적반영,견적반영,True,True,False,견적반영,0.3706224372236521,0.45760294702159826,0.17177461575474962,견적반영,0.40342917623707386,0.4712630995347886,0.12530772422813755,견적반영,0.3706224372236513,0.45760294702159937,0.17177461575474934,0.38155801689479246,0.46215633119266214,0.15628565191254548
2,genai_incident_response,genai_incident_response:QUR-002,통상수용,0.0,통상수용,통상수용,True,False,True,통상수용,0.7754138602094778,0.10715646352018432,0.11742967627033789,통상수용,0.8013577906545888,0.1021089781422786,0.09653323120313265,통상수용,0.7754138602094783,0.1071564635201841,0.1174296762703377,0.7840618370245149,0.10547396839421568,0.1104641945812694
2,genai_incident_response,genai_incident_response:QUR-003,견적반영,0.0,견적반영,견적반영,True,False,True,견적반영,0.31788443739298294,0.508487564917406,0.1736279976896111,견적반영,0.28781353741029797,0.5598714797972338,0.1523149827924682,견적반영,0.3178844373929829,0.508487564917406,0.17362799768961115,0.30786080406542127,0.5256155365440153,0.16652365939056346
2,genai_incident_response,genai_incident_response:QUR-004,계약·질의검토,0.0,견적반영,견적반영,True,True,False,견적반영,0.3162610999550303,0.45189720354301627,0.23184169650195346,견적반영,0.29345618498205067,0.4772652033190244,0.2292786116989249,견적반영,0.3162610999550299,0.45189720354301643,0.23184169650195377,0.3086594616307036,0.4603532034683524,0.23098733490094403
2,genai_incident_response,genai_incident_response:SER-002,견적반영,0.0,견적반영,견적반영,True,False,True,견적반영,0.31489187833900534,0.37067906566255865,0.31442905599843596,견적반영,0.3266503508656326,0.35091180541535594,0.3224378437190114,견적반영,0.3148918783390047,0.37067906566255887,0.31442905599843646,0.3188113691812142,0.3640899789134912,0.31709865190529457
2,genai_incident_response,genai_incident_response:SER-004,견적반영,0.0,계약·질의검토,계약·질의검토,True,True,False,계약·질의검토,0.31518959130251595,0.11341906768101247,0.5713913410164716,계약·질의검토,0.25983277915723446,0.09033938959592003,0.6498278312468454,계약·질의검토,0.3151895913025149,0.11341906768101218,0.5713913410164729,0.29673732058742175,0.10572584165264821,0.59753683775993
2,genai_incident_response,genai_incident_response:SER-005,견적반영,0.0,계약·질의검토,계약·질의검토,True,True,False,계약·질의검토,0.40954347007401526,0.11871582822506682,0.471740701700918,계약·질의검토,0.435817229415837,0.09612284341604539,0.46805992716811745,계약·질의검토,0.4095434700740144,0.1187158282250666,0.47174070170091886,0.41830138985462223,0.11118483328872626,0.4705137768566514
2,genai_incident_response,genai_incident_response:SER-006,견적반영,0.0,견적반영,견적반영,True,False,True,견적반영,0.3235122669739031,0.41074089691084303,0.26574683611525385,견적반영,0.30667206399623537,0.4154721862679352,0.27785574973582955,견적반영,0.3235122669739028,0.41074089691084303,0.2657468361152543,0.3178988659813471,0.41231799336320707,0.2697831406554459
2,genai_incident_response,genai_incident_response:SER-007,견적반영,0.0,계약·질의검토,계약·질의검토,True,True,False,계약·질의검토,0.33277732511156743,0.19579915573475787,0.47142351915367464,계약·질의검토,0.32059292240850906,0.17893107036217185,0.5004760072293192,계약·질의검토,0.33277732511156694,0.19579915573475767,0.4714235191536754,0.3287158575438811,0.19017646061056248,0.4811076818455564
2,genai_incident_response,genai_incident_response:SER-008,통상수용,0.0,견적반영,견적반영,True,True,False,견적반영,0.30198306445569023,0.4012784223307481,0.2967385132135617,견적반영,0.30936976350289536,0.422691190171272,0.2679390463258327,견적반영,0.30198306445569,0.40127842233074773,0.29673851321356226,0.3044452974714252,0.4084160116109226,0.28713869091765226
2,genai_incident_response,genai_incident_response:SER-009,통상수용,0.0,계약·질의검토,계약·질의검토,True,True,False,계약·질의검토,0.31026917222286676,0.30149011925285585,0.3882407085242773,계약·질의검토,0.30857337923788525,0.2784621392469615,0.41296448151515314,계약·질의검토,0.31026917222286643,0.30149011925285585,0.38824070852427767,0.3097039078945395,0.29381412591755773,0.39648196618790266
2,genai_incident_response,genai_incident_response:SFR-002,통상수용,0.0,견적반영,견적반영,True,True,False,견적반영,0.3537020725832953,0.3792551042675893,0.2670428231491155,견적반영,0.36627362156806403,0.3788069955100287,0.25491938292190724,견적반영,0.35370207258329506,0.3792551042675891,0.26704282314911587,0.35789258891155146,0.3791057346817357,0.26300167640671285
2,genai_incident_response,genai_incident_response:SFR-003,계약·질의검토,0.0,견적반영,견적반영,True,True,False,견적반영,0.2184735278246802,0.46124563423345116,0.32028083794186857,견적반영,0.18869329098885437,0.49702723511590957,0.3142794738952362,견적반영,0.2184735278246796,0.4612456342334512,0.3202808379418692,0.20854678221273804,0.473172834527604,0.31828038325965796
2,genai_incident_response,genai_incident_response:SFR-004,견적반영,0.0,견적반영,견적반영,True,False,True,견적반영,0.2565392559943568,0.43450863268200113,0.30895211132364203,견적반영,0.22038729063124396,0.47809015378560704,0.30152255558314894,견적반영,0.25653925599435634,0.43450863268200096,0.30895211132364264,0.24448860087331903,0.449035806383203,0.30647559274347785
2,genai_incident_response,genai_incident_response:SFR-006,견적반영,0.0,견적반영,견적반영,True,False,True,견적반영,0.34900273307303503,0.430033816622181,0.22096345030478395,견적반영,0.3555299485230621,0.44754258872768726,0.19692746274925071,견적반영,0.3490027330730349,0.4300338166221809,0.22096345030478415,0.3511784715563773,0.43587007399068306,0.21295145445293961
2,genai_incident_response,genai_incident_response:SFR-007,견적반영,0.0,견적반영,견적반영,True,False,True,견적반영,0.3073637877691633,0.5463935693819297,0.146242642848907,견적반영,0.2955826206037656,0.5983096498913282,0.10610772950490616,견적반영,0.3073637877691631,0.5463935693819301,0.14624264284890687,0.30343673204736404,0.5636989295517294,0.1328643384009067
2,genai_incident_response,genai_incident_response:SFR-008,계약·질의검토,0.0,견적반영,견적반영,True,True,False,견적반영,0.2535875665684917,0.4510797739443143,0.29533265948719395,견적반영,0.2574995865549263,0.4311674114792144,0.3113330019658594,견적반영,0.2535875665684912,0.45107977394431437,0.29533265948719456,0.25489157323063644,0.44444231978928106,0.3006661069800826
2,genai_incident_response,genai_incident_response:SFR-009,계약·질의검토,0.0,견적반영,견적반영,True,True,False,견적반영,0.23978668544737075,0.5031409605294505,0.2570723540231788,견적반영,0.24393116030865014,0.5156421709561508,0.24042666873519905,견적반영,0.23978668544737047,0.5031409605294505,0.2570723540231792,0.24116817706779714,0.507308030671684,0.251523792260519
2,genai_incident_response,genai_incident_response:SFR-010,계약·질의검토,0.0,견적반영,견적반영,True,True,False,견적반영,0.28045374803832296,0.5056343555006433,0.21391189646103373,견적반영,0.3016643039452593,0.5101166031518507,0.18821909290289005,견적반영,0.2804537480383227,0.5056343555006433,0.21391189646103398,0.287523933340635,0.5071284380510458,0.20534762860831926
2,genai_incident_response,genai_incident_response:SFR-011,계약·질의검토,0.0,견적반영,견적반영,True,True,False,견적반영,0.24384862609873936,0.3942721142588064,0.36187925964245415,견적반영,0.24333604251153015,0.3905852511090911,0.3660787063793787,견적반영,0.24384862609873925,0.3942721142588059,0.3618792596424549,0.24367776490300294,0.39304315987556776,0.36327907522142927
2,genai_incident_response,genai_incident_response:SFR-012,계약·질의검토,0.0,견적반영,견적반영,True,True,False,견적반영,0.30407098645256714,0.46078495236768796,0.23514406117974487,견적반영,0.30562499696277706,0.465038132692611,0.2293368703446118,견적반영,0.3040709864525672,0.46078495236768763,0.23514406117974532,0.30458898995597045,0.46220267914266217,0.2332083309013673
2,genai_incident_response,genai_incident_response:SFR-013,계약·질의검토,0.0,견적반영,견적반영,True,True,False,견적반영,0.22801124611249546,0.47618499507887346,0.29580375880863097,견적반영,0.21574368002168293,0.49139216307564954,0.29286415690266754,견적반영,0.228011246112495,0.47618499507887324,0.29580375880863163,0.2239220574155578,0.48125405107779873,0.2948238915066434
2,genai_incident_response,genai_incident_response:SFR-014,계약·질의검토,0.0,견적반영,견적반영,True,True,False,견적반영,0.29203522175923324,0.46777851371672347,0.24018626452404324,견적반영,0.291157368295101,0.483086402657555,0.22575622904734402,견적반영,0.2920352217592332,0.4677785137167232,0.2401862645240435,0.29174260393785584,0.4728811433636672,0.23537625269847692
2,genai_incident_response,genai_incident_response:SFR-015,견적반영,0.0,견적반영,견적반영,True,False,True,견적반영,0.2484965506206567,0.4482342238378519,0.3032692255414915,견적반영,0.24492266918748784,0.4652012848806676,0.2898760459318445,견적반영,0.24849655062065631,0.44823422383785166,0.3032692255414921,0.24730525680960028,0.4538899108521237,0.2988048323382761
2,genai_incident_response,genai_incident_response:SFR-016,견적반영,0.0,견적반영,견적반영,True,False,True,견적반영,0.2449993848479907,0.5202381453433521,0.23476246980865714,견적반영,0.25282180918396985,0.5315540085327646,0.21562418228326563,견적반영,0.2449993848479905,0.5202381453433519,0.23476246980865756,0.24760685962665038,0.5240100997398228,0.22838304063352677
2,genai_incident_response,genai_incident_response:SFR-017,견적반영,0.0,견적반영,견적반영,True,False,True,견적반영,0.3919369366617058,0.4213187877650255,0.18674427557326873,견적반영,0.39494350384512744,0.4461621622720813,0.1588943338827913,견적반영,0.39193693666170576,0.42131878776502535,0.18674427557326878,0.39293912572284634,0.4295999126007107,0.17746096167644296
2,genai_incident_response,genai_incident_response:SFR-019,계약·질의검토,0.0,견적반영,견적반영,True,True,False,견적반영,0.2719931882108568,0.5214506331496784,0.2065561786394648,견적반영,0.25269818736721333,0.5994210950928632,0.14788071753992357,견적반영,0.2719931882108566,0.5214506331496784,0.20655617863946493,0.26556152126297555,0.54744078713074,0.18699769160628443
2,genai_incident_response,genai_incident_response:TER-001,계약·질의검토,0.0,견적반영,견적반영,True,True,False,견적반영,0.2153935002279319,0.44384797668603854,0.34075852308602966,견적반영,0.18999962363987344,0.4932134976621975,0.3167868786979291,견적반영,0.21539350022793158,0.4438479766860381,0.3407585230860302,0.20692887469857899,0.46030315034475805,0.332767974956663
2,genai_incident_response,genai_incident_response:TER-002,견적반영,0.0,통상수용,통상수용,True,True,False,통상수용,0.4552706891657254,0.24173775971179787,0.3029915511224768,통상수용,0.5193572059216783,0.2084079557196151,0.2722348383587066,통상수용,0.4552706891657253,0.24173775971179762,0.30299155112247705,0.4766328614177096,0.23062782504773685,0.29273931353455346
2,genai_incident_response,genai_incident_response:TER-003,견적반영,0.0,계약·질의검토,계약·질의검토,True,True,False,계약·질의검토,0.30867659408230114,0.3210977071055913,0.3702256988121076,계약·질의검토,0.313393292428534,0.29153809147935866,0.39506861609210736,계약·질의검토,0.30867659408230075,0.32109770710559105,0.3702256988121082,0.31024882686437866,0.311244501896847,0.3785066712387744
3,incheon_airport_digital_work,incheon_airport_digital_work:COR-001,통상수용,1.0,계약·질의검토,계약·질의검토,True,True,False,계약·질의검토,0.33334010366126365,0.12056082083990295,0.5460990754988333,계약·질의검토,0.3821814679217944,0.09378255796094202,0.5240359741172635,계약·질의검토,0.3163309922091753,0.1056659270819847,0.5780030807088401,0.3439508545974111,0.10666976862760989,0.549379376774979
3,incheon_airport_digital_work,incheon_airport_digital_work:COR-002,통상수용,1.0,통상수용,통상수용,True,False,True,통상수용,0.5328841782605664,0.25821728892009893,0.2088985328193346,통상수용,0.5830103128425997,0.22931257084433856,0.18767711631306172,통상수용,0.7767155328957348,0.10902887371295554,0.11425559339130974,0.6308700079996337,0.19885291115913103,0.17027708084123536
3,incheon_airport_digital_work,incheon_airport_digital_work:COR-003,통상수용,1.0,계약·질의검토,계약·질의검토,False,False,True,계약·질의검토,0.3950825446628756,0.1386450240293198,0.4662724313078046,통상수용,0.4521195053638689,0.13026039074217513,0.4176201038939559,계약·질의검토,0.3670395799958997,0.11106261362656872,0.5218978063775316,0.40474721000754804,0.1266560094660212,0.46859678052643067
3,incheon_airport_digital_work,incheon_airport_digital_work:COR-004,통상수용,1.0,통상수용,통상수용,True,False,True,통상수용,0.4690415368342431,0.2332256699044243,0.2977327932613326,통상수용,0.45316421096387305,0.217574577047095,0.32926121198903197,통상수용,0.604821392102322,0.1845225297834089,0.21065607811426912,0.5090090466334795,0.21177425891164273,0.2792166944548779
3,incheon_airport_digital_work,incheon_airport_digital_work:CUR-CM-001,계약·질의검토,1.0,견적반영,견적반영,True,True,False,견적반영,0.2512760310830078,0.37502167633208316,0.373702292584909,견적반영,0.19495331007624514,0.4072495763375771,0.3977971135861778,견적반영,0.17464824400373224,0.42831836133201284,0.39703339466425486,0.2069591950543284,0.40352987133389107,0.3895109336117806
3,incheon_airport_digital_work,incheon_airport_digital_work:DAR-001,통상수용,1.0,견적반영,견적반영,False,False,True,통상수용,0.4227659260076624,0.4154641897345948,0.1617698842577427,통상수용,0.4503383580219975,0.4282335891280363,0.12142805284996619,견적반영,0.4038944890916835,0.4541145330985166,0.14199097780979994,0.42566625770711447,0.43260410398704924,0.1417296383058363
3,incheon_airport_digital_work,incheon_airport_digital_work:DAR-002,통상수용,1.0,견적반영,견적반영,True,True,False,견적반영,0.3539339900037922,0.39678370654384065,0.2492823034523671,견적반영,0.3741692132797123,0.3830041048159776,0.24282668190431017,견적반영,0.41356389127182214,0.42294951760318306,0.16348659112499492,0.38055569818510887,0.4009124429876671,0.21853185882722403
3,incheon_airport_digital_work,incheon_airport_digital_work:DAR-003,통상수용,1.0,통상수용,통상수용,True,False,True,통상수용,0.5663985856553655,0.2111646921063178,0.22243672223831668,통상수용,0.6021257287781666,0.16574998216901785,0.2321242890528155,통상수용,0.6837775383639485,0.16564738296374976,0.15057507867230174,0.6174339509324936,0.18085401907969514,0.20171202998781132
3,incheon_airport_digital_work,incheon_airport_digital_work:DAR-004,통상수용,1.0,견적반영,견적반영,True,True,False,견적반영,0.3833604183886991,0.4557474448831145,0.16089213672818636,견적반영,0.41782033800319157,0.4347565880988811,0.1474230738979272,견적반영,0.4470323868618322,0.4487956976876404,0.1041719154505274,0.416071047751241,0.4464332435565453,0.13749570869221364
3,incheon_airport_digital_work,incheon_airport_digital_work:DAR-005,통상수용,1.0,통상수용,통상수용,True,False,True,통상수용,0.46777259369209107,0.2734179669197842,0.2588094393881248,통상수용,0.5425922917425864,0.22497309706612087,0.2324346111912928,통상수용,0.5769861275110182,0.2052823027142307,0.21773156977475114,0.5291170043152319,0.23455778890004528,0.2363252067847229
3,incheon_airport_digital_work,incheon_airport_digital_work:DAR-006,견적반영,1.0,견적반영,견적반영,True,False,True,견적반영,0.2541874559975775,0.46852163150316023,0.2772909124992623,견적반영,0.2565568159914613,0.497017017590057,0.24642616641848164,견적반영,0.22293866377014765,0.5113605113730134,0.265700824856839,0.2445609785863955,0.4922997201554102,0.2631393012581943
3,incheon_airport_digital_work,incheon_airport_digital_work:DAR-007,견적반영,1.0,통상수용,계약·질의검토,False,False,True,견적반영,0.3143073480927566,0.34852914240833105,0.33716350949891244,계약·질의검토,0.31566298535770904,0.32475274864144077,0.35958426600085014,통상수용,0.43473942064236115,0.31201420837572347,0.2532463709819153,0.3549032513642756,0.3284320331418317,0.31666471549389263
3,incheon_airport_digital_work,incheon_airport_digital_work:DAR-008,견적반영,1.0,견적반영,견적반영,True,False,True,견적반영,0.27318232809140675,0.52951987119694,0.19729780071165318,견적반영,0.23178485621927178,0.593253097974508,0.1749620458062203,견적반영,0.2868871470492522,0.5439158092497608,0.16919704370098695,0.2639514437866436,0.5555629261404028,0.18048563007295348
3,incheon_airport_digital_work,incheon_airport_digital_work:ECR-002,계약·질의검토,1.0,계약·질의검토,계약·질의검토,True,False,True,계약·질의검토,0.1416242044731547,0.24958840740982005,0.6087873881170252,계약·질의검토,0.12069701165207576,0.22165599294752467,0.6576469954003997,계약·질의검토,0.11357891987960982,0.23603932855737808,0.650381751563012,0.12530004533494676,0.23576124297157428,0.6389387116934789
3,incheon_airport_digital_work,incheon_airport_digital_work:ECR-003,계약·질의검토,1.0,계약·질의검토,계약·질의검토,True,False,True,계약·질의검토,0.1694640320554498,0.24412487923018683,0.5864110887143634,계약·질의검토,0.1432350095310388,0.2516227259893601,0.6051422644796011,계약·질의검토,0.13691637165423182,0.24759016618661187,0.6154934621591562,0.14987180441357348,0.24777925713538626,0.6023489384510402
3,incheon_airport_digital_work,incheon_airport_digital_work:INR-001,통상수용,1.0,통상수용,통상수용,True,False,True,통상수용,0.47473511991264755,0.2431640608778635,0.28210081920948893,통상수용,0.5526658247213752,0.216356405502376,0.23097776977624881,통상수용,0.5450720807353181,0.23159756828918598,0.22333035097549592,0.5241576751231136,0.2303726782231418,0.24546964665374457
3,incheon_airport_digital_work,incheon_airport_digital_work:INR-002,통상수용,1.0,통상수용,통상수용,True,False,True,통상수용,0.4840347166259754,0.1996129652236053,0.31635231815041936,통상수용,0.5326961008303923,0.16856068609587804,0.2987432130737296,통상수용,0.4967740243750066,0.18012664906753753,0.32309932655745593,0.5045016139437916,0.1827667667956736,0.31273161926053494
3,incheon_airport_digital_work,incheon_airport_digital_work:INR-003,통상수용,1.0,통상수용,통상수용,True,False,True,통상수용,0.5534117331657684,0.19532108982046495,0.2512671770137667,통상수용,0.645005216013909,0.15951134768344932,0.19548343630264167,통상수용,0.7034372969399333,0.11814674850771058,0.17841595455235615,0.6339514153732035,0.1576597286705416,0.20838885595625486
3,incheon_airport_digital_work,incheon_airport_digital_work:INR-004,계약·질의검토,1.0,계약·질의검토,계약·질의검토,True,False,True,계약·질의검토,0.4159784047738266,0.15792588654326145,0.426095708682912,계약·질의검토,0.3737746503819936,0.116395211891246,0.5098301377267604,계약·질의검토,0.40003848243771495,0.16429936365952794,0.4356621539027572,0.39659717919784504,0.1462068206980118,0.45719600010414324
3,incheon_airport_digital_work,incheon_airport_digital_work:INR-005,계약·질의검토,1.0,계약·질의검토,계약·질의검토,True,False,True,계약·질의검토,0.3860042817562242,0.1708479701651155,0.4431477480786604,계약·질의검토,0.3886505169827696,0.13051244506057533,0.48083703795665517,계약·질의검토,0.28942486888507324,0.19336726921308686,0.5172078619018399,0.3546932225413557,0.16490922814625922,0.48039754931238515
3,incheon_airport_digital_work,incheon_airport_digital_work:PER-001,계약·질의검토,1.0,계약·질의검토,계약·질의검토,True,False,True,계약·질의검토,0.16182935979690014,0.15522277274111565,0.6829478674619843,계약·질의검토,0.11267408254395164,0.09984914102477564,0.7874767764312727,계약·질의검토,0.1638789048834674,0.12658378369697734,0.7095373114195553,0.14612744907477307,0.12721856582095623,0.7266539851042708
3,incheon_airport_digital_work,incheon_airport_digital_work:PER-002,계약·질의검토,1.0,통상수용,계약·질의검토,False,False,True,계약·질의검토,0.4076767605596137,0.16900630682454662,0.42331693261583964,계약·질의검토,0.4302353651564043,0.12883186546213315,0.44093276938146264,통상수용,0.4966501378613362,0.11164011935664654,0.3917097427820171,0.44485408785911806,0.13649276388110876,0.4186531482597731
3,incheon_airport_digital_work,incheon_airport_digital_work:PER-003,통상수용,1.0,계약·질의검토,계약·질의검토,True,True,False,계약·질의검토,0.3013779383173435,0.27944305225490473,0.4191790094277518,계약·질의검토,0.28433442914148865,0.2628276743935299,0.4528378964649814,계약·질의검토,0.37144017685789943,0.20725847159939098,0.4213013515427096,0.3190508481055772,0.24984306608260853,0.43110608581181425
3,incheon_airport_digital_work,incheon_airport_digital_work:PER-004,통상수용,1.0,계약·질의검토,계약·질의검토,False,False,True,계약·질의검토,0.2940527088114769,0.3130703175368385,0.3928769736516847,계약·질의검토,0.3295546443999963,0.2934450984700919,0.37700025712991175,통상수용,0.39289821701260097,0.2576533971766125,0.34944838581078647,0.3388351900746914,0.288056271061181,0.3731085388641276
3,incheon_airport_digital_work,incheon_airport_digital_work:PER-005,견적반영,1.0,계약·질의검토,계약·질의검토,True,True,False,계약·질의검토,0.2473826895541881,0.20972809757162994,0.542889212874182,계약·질의검토,0.2509710010374717,0.2001760907315583,0.5488529082309699,계약·질의검토,0.2680401404384056,0.16895951819109875,0.5630003413704956,0.25546461034335516,0.192954568831429,0.5515808208252159
3,incheon_airport_digital_work,incheon_airport_digital_work:PER-006,통상수용,1.0,계약·질의검토,계약·질의검토,True,True,False,계약·질의검토,0.26617901364771535,0.1663132465900852,0.5675077397621994,계약·질의검토,0.2772573203571516,0.15830055806362983,0.5644421215792186,계약·질의검토,0.28743099930014787,0.1256238188442646,0.5869451818555875,0.27695577776833824,0.15007920783265988,0.5729650143990018
3,incheon_airport_digital_work,incheon_airport_digital_work:PER-007,견적반영,1.0,견적반영,견적반영,True,False,True,견적반영,0.26760998486875986,0.48403509062353056,0.24835492450770952,견적반영,0.28180979632305975,0.4564192177503952,0.2617709859265451,견적반영,0.32258035695190035,0.4594461222142237,0.21797352083387597,0.2906667127145733,0.4666334768627165,0.2426998104227102
3,incheon_airport_digital_work,incheon_airport_digital_work:PMR-001,계약·질의검토,1.0,통상수용,통상수용,True,True,False,통상수용,0.42707409179287725,0.19064647730816411,0.38227943089895866,통상수용,0.47662967770770737,0.16581169080521835,0.35755863148707423,통상수용,0.6642387054343163,0.10752175867299245,0.22823953589269136,0.5226474916449669,0.15465997559545833,0.3226925327595747
3,incheon_airport_digital_work,incheon_airport_digital_work:PMR-002,통상수용,1.0,통상수용,통상수용,True,False,True,통상수용,0.46398049625832233,0.17661725504457862,0.35940224869709897,통상수용,0.5547289569989169,0.14548696837901282,0.29978407462207035,통상수용,0.48051899676772597,0.1426591611367463,0.3768218420955278,0.4997428166749884,0.15492112818677925,0.34533605513823235
3,incheon_airport_digital_work,incheon_airport_digital_work:PMR-003,통상수용,1.0,통상수용,통상수용,True,False,True,통상수용,0.5168468987973515,0.19881871024225045,0.2843343909603981,통상수용,0.6365515744278838,0.1440784903513216,0.21936993522079457,통상수용,0.5396460326114689,0.19431888287689522,0.2660350845116359,0.5643481686122347,0.17907202782348908,0.2565798035642762
3,incheon_airport_digital_work,incheon_airport_digital_work:PMR-004,계약·질의검토,1.0,통상수용,통상수용,True,True,False,통상수용,0.5039716419276158,0.14707540489226026,0.34895295318012404,통상수용,0.5370974984112308,0.12479173164841109,0.33811076994035805,통상수용,0.46984498929514984,0.13983467271404273,0.3903203379908075,0.5036380432113322,0.13723393641823803,0.3591280203704299
3,incheon_airport_digital_work,incheon_airport_digital_work:PMR-005,통상수용,1.0,통상수용,통상수용,True,False,True,통상수용,0.436906770104812,0.133218036795082,0.42987519310010586,통상수용,0.5059175287563602,0.11123998438108766,0.3828424868625522,통상수용,0.5560000096332198,0.0917988888797253,0.35220110148705486,0.499608102831464,0.11208563668529832,0.3883062604832377
3,incheon_airport_digital_work,incheon_airport_digital_work:PMR-007,통상수용,1.0,계약·질의검토,계약·질의검토,True,True,False,계약·질의검토,0.3037444933929391,0.13723938669135596,0.559016119915705,계약·질의검토,0.27907379646700425,0.10428278289646914,0.6166434206365267,계약·질의검토,0.24771841355517685,0.13469781860667773,0.6175837678381455,0.27684556780504005,0.12540666273150095,0.5977477694634591
3,incheon_airport_digital_work,incheon_airport_digital_work:PMR-008,통상수용,1.0,계약·질의검토,계약·질의검토,True,True,False,계약·질의검토,0.32516509271870503,0.1740675766128319,0.5007673306684631,계약·질의검토,0.3615863857506238,0.14323461564755338,0.49517899860182285,계약·질의검토,0.3565904547071876,0.15032504507135894,0.49308450022145334,0.3477806443921721,0.15587574577724805,0.4963436098305798
3,incheon_airport_digital_work,incheon_airport_digital_work:PMR-009,통상수용,1.0,견적반영,견적반영,True,True,False,견적반영,0.35039506822651806,0.49012478095937256,0.1594801508141095,견적반영,0.3123843836691306,0.5863318835070038,0.10128373282386545,견적반영,0.36627968999531796,0.4861908636610183,0.14752944634366363,0.34301971396365555,0.5208825093757983,0.1360977766605462
3,incheon_airport_digital_work,incheon_airport_digital_work:PMR-010,계약·질의검토,1.0,계약·질의검토,계약·질의검토,True,False,True,계약·질의검토,0.32772845170932535,0.1723603486095386,0.49991119968113606,계약·질의검토,0.3419346893169509,0.14208514879793938,0.5159801618851096,계약·질의검토,0.332789001041908,0.1364224637053694,0.5307885352527226,0.33415071402272806,0.1502893203709491,0.5155599656063228
3,incheon_airport_digital_work,incheon_airport_digital_work:PSR-001,통상수용,1.0,통상수용,계약·질의검토,False,False,True,계약·질의검토,0.3742490396258255,0.22306247577906077,0.4026884845951137,계약·질의검토,0.39489173949437856,0.16742011473603943,0.437688145769582,통상수용,0.4656120351990266,0.18817207583862536,0.34621588896234806,0.4115842714397435,0.1928848887845752,0.3955308397756812
3,incheon_airport_digital_work,incheon_airport_digital_work:PSR-002,견적반영,1.0,계약·질의검토,계약·질의검토,True,True,False,계약·질의검토,0.2987637262924737,0.29504852167958556,0.40618775202794066,계약·질의검토,0.2777707664836647,0.25135739509769545,0.4708718384186399,계약·질의검토,0.34531054395873206,0.2809611415990868,0.3737283144421812,0.3072816789116235,0.27578901945878925,0.41692930162958725
3,incheon_airport_digital_work,incheon_airport_digital_work:PSR-003,계약·질의검토,1.0,계약·질의검토,계약·질의검토,True,False,True,계약·질의검토,0.26463477927413676,0.10547342364992193,0.6298917970759413,계약·질의검토,0.293529652604698,0.08767158152437855,0.6187987658709235,계약·질의검토,0.26761490699744583,0.07990609060783327,0.6524790023947208,0.27525977962542686,0.09101703192737792,0.6337231884471953
3,incheon_airport_digital_work,incheon_airport_digital_work:PSR-004,통상수용,1.0,계약·질의검토,계약·질의검토,True,True,False,계약·질의검토,0.36828615438624823,0.16745846552005164,0.4642553800937001,계약·질의검토,0.34364422229835334,0.12977221703680275,0.5265835606648438,계약·질의검토,0.3382808481649458,0.16778135791224885,0.49393779392280546,0.3500704082831825,0.15500401348970108,0.4949255782271164
3,incheon_airport_digital_work,incheon_airport_digital_work:PSR-005,계약·질의검토,1.0,계약·질의검토,계약·질의검토,False,False,True,계약·질의검토,0.35952755397648267,0.221303737514379,0.4191687085091382,통상수용,0.4134766697840985,0.17740828078398727,0.4091150494319141,계약·질의검토,0.3964380481631461,0.19199034655324632,0.4115716052836075,0.3898140906412424,0.19690078828387084,0.4132851210748865
3,incheon_airport_digital_work,incheon_airport_digital_work:PSR-006,통상수용,1.0,통상수용,계약·질의검토,False,False,True,통상수용,0.4053924766732854,0.2039865892469187,0.3906209340797959,계약·질의검토,0.38503112474589546,0.1875466283696896,0.42742224688441505,통상수용,0.48481119361557473,0.1771174482520271,0.3380713581323983,0.4250782650115852,0.18955022195621182,0.3853715130322031
3,incheon_airport_digital_work,incheon_airport_digital_work:QUR-001,견적반영,1.0,통상수용,통상수용,True,True,False,통상수용,0.639519007368527,0.1607344453521755,0.19974654727929753,통상수용,0.7384780897961879,0.12191188577347041,0.13961002443034165,통상수용,0.6683737888931569,0.13595448506915,0.19567172603769298,0.6821236286859573,0.13953360539826531,0.17834276591577738
3,incheon_airport_digital_work,incheon_airport_digital_work:QUR-003,통상수용,1.0,통상수용,통상수용,True,False,True,통상수용,0.6477838588516132,0.13200953686970737,0.22020660427867944,통상수용,0.741192271967112,0.09323196552191368,0.1655757625109744,통상수용,0.7347246835705052,0.09602152422815322,0.16925379220134165,0.7079002714630768,0.10708767553992475,0.1850120529969985
3,incheon_airport_digital_work,incheon_airport_digital_work:QUR-004,계약·질의검토,1.0,통상수용,통상수용,True,True,False,통상수용,0.3884087482609878,0.28658518775424935,0.3250060639847627,통상수용,0.44463721773491044,0.24367227556603202,0.3116905066990576,통상수용,0.4770409800612257,0.2573977547945855,0.26556126514418876,0.4366956486857079,0.2625517393716223,0.3007526119426697
3,incheon_airport_digital_work,incheon_airport_digital_work:QUR-005,통상수용,1.0,통상수용,통상수용,True,False,True,통상수용,0.636814198411602,0.1981831993819168,0.1650026022064811,통상수용,0.7338709049601332,0.15622467951987534,0.10990441551999151,통상수용,0.7282264047321979,0.14728429722588643,0.12448929804191565,0.6996371693679776,0.16723072537589287,0.13313210525612942
3,incheon_airport_digital_work,incheon_airport_digital_work:SER-001,통상수용,1.0,통상수용,통상수용,True,False,True,통상수용,0.47397479350039806,0.1804191221654294,0.34560608433417267,통상수용,0.5588445154529206,0.14285395827833128,0.29830152626874823,통상수용,0.4467375555736089,0.1573131071500096,0.39594933727638165,0.4931856215089758,0.16019539586459008,0.34661898262643415
3,incheon_airport_digital_work,incheon_airport_digital_work:SER-002,통상수용,1.0,통상수용,통상수용,True,False,True,통상수용,0.44553385956076846,0.1656808968365828,0.3887852436026487,통상수용,0.5247740504693242,0.13386551005176311,0.34136043947891265,통상수용,0.42957554532136655,0.1601909168185656,0.4102335378600679,0.4666278184504864,0.15324577456897048,0.38012640698054306
3,incheon_airport_digital_work,incheon_airport_digital_work:SER-003,통상수용,1.0,계약·질의검토,계약·질의검토,True,True,False,계약·질의검토,0.31662495784952466,0.3217417338269825,0.3616333083234929,계약·질의검토,0.32326551763647293,0.3297375631458582,0.3469969192176688,계약·질의검토,0.33290665417400095,0.30789788619944897,0.3591954596265501,0.32426570988666614,0.31979239439076323,0.35594189572257057
3,incheon_airport_digital_work,incheon_airport_digital_work:SER-004,통상수용,1.0,통상수용,통상수용,True,False,True,통상수용,0.5237370492671971,0.24747996351904325,0.22878298721375961,통상수용,0.6126414581482118,0.17970238622844234,0.20765615562334586,통상수용,0.5275467959528108,0.24804828720074248,0.22440491684644664,0.5546417677894065,0.22507687898274267,0.2202813532278507
3,incheon_airport_digital_work,incheon_airport_digital_work:SER-005,통상수용,1.0,통상수용,통상수용,True,False,True,통상수용,0.49934969345649055,0.22572865780039322,0.2749216487431161,통상수용,0.5334499486088551,0.20884241564741257,0.25770763574373234,통상수용,0.5969892456289914,0.17842494965802044,0.2245858047129882,0.543262962564779,0.20433200770194207,0.2524050297332789
3,incheon_airport_digital_work,incheon_airport_digital_work:SER-007,통상수용,1.0,통상수용,통상수용,True,False,True,통상수용,0.37594329765031714,0.30371848022496073,0.3203382221247221,통상수용,0.3889949742897954,0.2949325795083169,0.3160724462018877,통상수용,0.39994307899360615,0.27304456772238106,0.32701235328401274,0.38829378364457295,0.2905652091518863,0.32114100720354083
3,incheon_airport_digital_work,incheon_airport_digital_work:SFR-002,통상수용,1.0,견적반영,견적반영,True,True,False,견적반영,0.2650956987864973,0.44881293208580175,0.2860913691277011,견적반영,0.2603302294277614,0.43297916514373264,0.30669060542850585,견적반영,0.2796612315054844,0.44987575609585345,0.27046301239866216,0.2683623865732477,0.44388928444179593,0.28774832898495634
3,incheon_airport_digital_work,incheon_airport_digital_work:SFR-003,계약·질의검토,1.0,견적반영,견적반영,True,True,False,견적반영,0.2598842387189751,0.3829535183014354,0.35716224297958943,견적반영,0.24819500716455153,0.39806537872817005,0.3537396141072785,견적반영,0.2373476620235192,0.4238599632206904,0.3387923747557903,0.24847563596901526,0.4016262867500986,0.3498980772808861
3,incheon_airport_digital_work,incheon_airport_digital_work:SFR-004,계약·질의검토,1.0,통상수용,통상수용,True,True,False,통상수용,0.40744892261211385,0.22771098943053722,0.36484008795734896,통상수용,0.38748537170584785,0.2273877901341666,0.38512683815998555,통상수용,0.4624529476421202,0.21900362327820422,0.31854342907967564,0.4191290806533606,0.224700800947636,0.35617011839900337
3,incheon_airport_digital_work,incheon_airport_digital_work:SFR-006,계약·질의검토,1.0,견적반영,견적반영,True,True,False,견적반영,0.2909823816650806,0.3744014901342488,0.33461612820067055,견적반영,0.2877529855264189,0.3644018503897354,0.34784516408384564,견적반영,0.3112290865428803,0.3840535350165825,0.30471737844053715,0.2966548179114599,0.37428562518018893,0.3290595569083511
3,incheon_airport_digital_work,incheon_airport_digital_work:SFR-008,견적반영,1.0,견적반영,견적반영,True,False,True,견적반영,0.22148765279077534,0.4670175892658338,0.31149475794339093,견적반영,0.18576484480620792,0.4600339458828026,0.3542012093109895,견적반영,0.20266452485550868,0.5092645671504294,0.28807090799406193,0.20330567415083065,0.4787720340996886,0.3179222917494808
3,incheon_airport_digital_work,incheon_airport_digital_work:SFR-009,계약·질의검토,1.0,계약·질의검토,계약·질의검토,False,False,True,계약·질의검토,0.33548000442397685,0.2965272385896034,0.36799275698641976,계약·질의검토,0.3529439599488757,0.2542312431467371,0.39282479690438726,통상수용,0.3621936780669155,0.27704939911742427,0.3607569228156603,0.350205880813256,0.2759359602845883,0.37385815890215585
3,incheon_airport_digital_work,incheon_airport_digital_work:SFR-010,계약·질의검토,1.0,견적반영,견적반영,True,True,False,견적반영,0.2594367218416743,0.4060356603582073,0.3345276178001184,견적반영,0.20154183857977767,0.43608442873708403,0.36237373268313827,견적반영,0.24640038469719217,0.43053529925703393,0.3230643160457739,0.23579298170621474,0.4242184627841084,0.3399885555096769
3,incheon_airport_digital_work,incheon_airport_digital_work:SFR-011,계약·질의검토,1.0,계약·질의검토,계약·질의검토,True,False,True,계약·질의검토,0.2741211227964525,0.27050091752883765,0.4553779596747098,계약·질의검토,0.25128074256741784,0.24443699601558067,0.5042822614170015,계약·질의검토,0.2195492507438818,0.27691475265971044,0.5035359965964078,0.24831703870258404,0.26395088873470957,0.48773207256270634
3,incheon_airport_digital_work,incheon_airport_digital_work:SFR-012,통상수용,1.0,계약·질의검토,계약·질의검토,True,True,False,계약·질의검토,0.27216954709034225,0.2895630508974093,0.4382674020122485,계약·질의검토,0.27936492315057204,0.2998490053571138,0.4207860714923142,계약·질의검토,0.25337050679222256,0.28171402761313796,0.46491546559463953,0.26830165901104563,0.29037536128922037,0.44132297969973405
3,incheon_airport_digital_work,incheon_airport_digital_work:SFR-013,계약·질의검토,1.0,견적반영,견적반영,True,True,False,견적반영,0.35222947338333854,0.38410830109436495,0.2636622255222965,견적반영,0.3524945494714828,0.38957689493541964,0.2579285555930976,견적반영,0.3243604234227773,0.40384601104017726,0.2717935655370454,0.3430281487591995,0.3925104023566539,0.2644614488841465
3,incheon_airport_digital_work,incheon_airport_digital_work:SFR-014,계약·질의검토,1.0,통상수용,계약·질의검토,False,False,True,계약·질의검토,0.36241679663194504,0.2631585692807155,0.3744246340873395,통상수용,0.3780191530439919,0.2622144849549688,0.35976636200103934,통상수용,0.43557416349732436,0.2511431303382946,0.3132827061643811,0.39200337105775374,0.2588387281913263,0.34915790075091996
3,incheon_airport_digital_work,incheon_airport_digital_work:SFR-015,계약·질의검토,1.0,계약·질의검토,계약·질의검토,True,False,True,계약·질의검토,0.22454330348889778,0.23069087350266904,0.5447658230084333,계약·질의검토,0.2214251816655117,0.1765668759239879,0.6020079424105005,계약·질의검토,0.2577681720250441,0.20069227111045332,0.5415395568645025,0.23457888572648453,0.20265000684570342,0.5627711074278121
3,incheon_airport_digital_work,incheon_airport_digital_work:SFR-016,계약·질의검토,1.0,계약·질의검토,계약·질의검토,True,False,True,계약·질의검토,0.34235603359861794,0.2560840742190721,0.40155989218231003,계약·질의검토,0.3222247236657069,0.2240568426349588,0.4537184336993343,계약·질의검토,0.34645527032817724,0.2462098916071337,0.4073348380646892,0.3370120091975007,0.24211693615372154,0.4208710546487778
3,incheon_airport_digital_work,incheon_airport_digital_work:SFR-017,견적반영,1.0,통상수용,통상수용,False,False,True,통상수용,0.42663969266921553,0.3295766212638051,0.2437836860669794,통상수용,0.4664175213525681,0.33881391323202326,0.19476856541540852,견적반영,0.33679680261934714,0.4305557219749501,0.23264747540570271,0.4099513388803769,0.3663154188235928,0.2237332422960302
3,incheon_airport_digital_work,incheon_airport_digital_work:SFR-018,견적반영,1.0,통상수용,통상수용,True,True,False,통상수용,0.38384562693989177,0.343849945390811,0.27230442766929724,통상수용,0.39802179184762765,0.3386185489801756,0.2633596591721967,통상수용,0.5520565578225167,0.2823841795083444,0.16555926266913898,0.44464132553667873,0.32161755795977703,0.23374111650354432
3,incheon_airport_digital_work,incheon_airport_digital_work:SFR-019,견적반영,1.0,계약·질의검토,계약·질의검토,True,True,False,계약·질의검토,0.3062463822447231,0.24966730146447758,0.44408631629079925,계약·질의검토,0.34647730131013976,0.22174589924315438,0.4317767994467058,계약·질의검토,0.32913929687098165,0.2256571777406084,0.44520352538840996,0.32728766014194816,0.23235679281608013,0.4403555470419716
3,incheon_airport_digital_work,incheon_airport_digital_work:TER-001,견적반영,1.0,계약·질의검토,계약·질의검토,True,True,False,계약·질의검토,0.2879014572483422,0.18309542719521324,0.5290031155564445,계약·질의검토,0.25484781084445857,0.14851027086749402,0.5966419182880475,계약·질의검토,0.24746659860972237,0.16173555256841943,0.5907978488218582,0.2634052889008411,0.16444708354370888,0.5721476275554501
3,incheon_airport_digital_work,incheon_airport_digital_work:TER-002,계약·질의검토,1.0,계약·질의검토,계약·질의검토,True,False,True,계약·질의검토,0.2702733305118848,0.20215441585730803,0.5275722536308073,계약·질의검토,0.28569759133248546,0.16404976548596203,0.5502526431815525,계약·질의검토,0.2432495333660686,0.18830764474303727,0.5684428218908941,0.26640681840347963,0.18483727536210245,0.548755906234418
4,kac_ai_work_platform,kac_ai_work_platform:AIF-002,견적반영,0.5,견적반영,견적반영,True,False,True,견적반영,0.2794378194383953,0.4183027525624491,0.30225942799915556,견적반영,0.284571041695815,0.4287754514242816,0.2866535068799034,견적반영,0.2585730261160181,0.4312241744929543,0.3102027993910276,0.2741939624167428,0.42610079282656166,0.2997052447566955
4,kac_ai_work_platform,kac_ai_work_platform:AIF-004,견적반영,0.5,견적반영,견적반영,True,False,True,견적반영,0.31004821272163136,0.3864977766260603,0.3034540106523084,견적반영,0.29512941117460767,0.4023067861186321,0.3025638027067603,견적반영,0.27347326485121615,0.4102423668675212,0.3162843682812628,0.29288362958248504,0.39968230987073783,0.3074340605467772
4,kac_ai_work_platform,kac_ai_work_platform:AIF-005,통상수용,0.5,계약·질의검토,계약·질의검토,False,True,False,계약·질의검토,0.29660868563247356,0.34292698203320243,0.360464332334324,계약·질의검토,0.3176378818238917,0.32944469087516587,0.35291742730094233,견적반영,0.2914357156043402,0.3615172935534683,0.3470469908421914,0.30189409435356845,0.3446296554872788,0.35347625015915257
4,kac_ai_work_platform,kac_ai_work_platform:AIF-006,견적반영,0.5,견적반영,견적반영,True,False,True,견적반영,0.3140157996415221,0.4020044765082885,0.2839797238501894,견적반영,0.3257044022971319,0.4165347915012003,0.2577608062016677,견적반영,0.2907604761172433,0.42575652431752614,0.2834829995652305,0.3101602260186324,0.414765264109005,0.27507450987236254
4,kac_ai_work_platform,kac_ai_work_platform:AIF-007,견적반영,0.5,견적반영,견적반영,True,False,True,견적반영,0.276363793185209,0.39809730814148847,0.3255388986733025,견적반영,0.27024889091665294,0.38904638767754396,0.3407047214058031,견적반영,0.24753948438373047,0.4234095360776827,0.3290509795385868,0.26471738949519746,0.4035177439655717,0.33176486653923076
4,kac_ai_work_platform,kac_ai_work_platform:AIP-002,계약·질의검토,0.5,견적반영,견적반영,True,True,False,견적반영,0.28984566559186237,0.367165932785048,0.3429884016230897,견적반영,0.26969538818247524,0.36842976053382326,0.36187485128370156,견적반영,0.2650743946641087,0.374386213854322,0.36053939148156927,0.27487181614614875,0.36999396905773113,0.35513421479612023
4,kac_ai_work_platform,kac_ai_work_platform:AIP-003,견적반영,0.5,견적반영,견적반영,True,False,True,견적반영,0.22928100854397798,0.5003817156479402,0.2703372758080818,견적반영,0.2218990781297538,0.5103650317763451,0.26773589009390114,견적반영,0.20992249225727555,0.5253053559147861,0.26477215182793834,0.22036752631033577,0.5120173677796904,0.2676151059099738
4,kac_ai_work_platform,kac_ai_work_platform:AIP-004,계약·질의검토,0.5,견적반영,견적반영,True,True,False,견적반영,0.1083798249599168,0.59951663733841,0.29210353770167324,견적반영,0.08423799287531987,0.6167300658112812,0.29903194131339883,견적반영,0.09095468391359905,0.6105204546414453,0.29852486144495566,0.09452416724961192,0.6089223859303788,0.2965534468200092
4,kac_ai_work_platform,kac_ai_work_platform:AIP-005,견적반영,0.5,견적반영,견적반영,True,False,True,견적반영,0.2667630563777851,0.44442315884226047,0.28881378477995445,견적반영,0.25062588005886177,0.45399660059179114,0.295377519349347,견적반영,0.23602282118462994,0.4795836402793714,0.28439353853599864,0.25113725254042557,0.45933446657114096,0.28952828088843335
4,kac_ai_work_platform,kac_ai_work_platform:AIP-006,견적반영,0.5,견적반영,견적반영,True,False,True,견적반영,0.2034371799843224,0.5413017476404316,0.255261072375246,견적반영,0.16794723713868556,0.5748471377669216,0.2572056250943928,견적반영,0.1814033750372758,0.561405081671565,0.2571915432911593,0.18426259738676123,0.5591846556929727,0.25655274692026603
4,kac_ai_work_platform,kac_ai_work_platform:AIP-007,통상수용,0.5,통상수용,통상수용,True,False,True,통상수용,0.3764995876931228,0.28984005791015605,0.3336603543967212,통상수용,0.4113076091981751,0.2395476835061373,0.34914470729568764,통상수용,0.34906120582375827,0.30724084307074756,0.34369795110549417,0.37895613423835206,0.27887619482901366,0.3421676709326344
4,kac_ai_work_platform,kac_ai_work_platform:AIP-008,견적반영,0.5,견적반영,견적반영,True,False,True,견적반영,0.20746657548781666,0.45840389531797626,0.3341295291942071,견적반영,0.2035023087779747,0.44030341849439647,0.35619427272762877,견적반영,0.17846882494943406,0.4809280549784479,0.3406031200721181,0.19647923640507514,0.45987845626360685,0.343642307331318
4,kac_ai_work_platform,kac_ai_work_platform:COR-001,계약·질의검토,0.5,통상수용,통상수용,True,True,False,통상수용,0.511201694230667,0.09780599623150964,0.3909923095378235,통상수용,0.5686811763954077,0.05936692037725123,0.37195190322734106,통상수용,0.4822455771953118,0.10160760923880842,0.41614681356587985,0.5207094826071289,0.0862601752825231,0.3930303421103481
4,kac_ai_work_platform,kac_ai_work_platform:COR-002,통상수용,0.5,통상수용,통상수용,True,False,True,통상수용,0.5242495914460579,0.1680677208648527,0.30768268768908946,통상수용,0.5720432376741719,0.1338175588412663,0.2941392034845618,통상수용,0.5341162294132963,0.15833527590299118,0.30754849468371254,0.5434696861778421,0.1534068518697034,0.3031234619524546
4,kac_ai_work_platform,kac_ai_work_platform:COR-003,통상수용,0.5,통상수용,통상수용,True,False,True,통상수용,0.6745015641873008,0.15075435772794094,0.17474407808475836,통상수용,0.7544772090219177,0.10912180419663894,0.13640098678144325,통상수용,0.6889356178502097,0.14365013796214623,0.16741424418764408,0.7059714636864761,0.13450876662890868,0.15951976968461523
4,kac_ai_work_platform,kac_ai_work_platform:COR-004,통상수용,0.5,계약·질의검토,계약·질의검토,True,True,False,계약·질의검토,0.3127129079004315,0.13631863775878833,0.5509684543407802,계약·질의검토,0.2937964225822888,0.101266559855198,0.6049370175625132,계약·질의검토,0.3359679247144669,0.12940304193115343,0.5346290333543798,0.31415908506572904,0.12232941318171325,0.5635115017525578
4,kac_ai_work_platform,kac_ai_work_platform:COR-005,통상수용,0.5,통상수용,통상수용,True,False,True,통상수용,0.6623177642408303,0.13805761622963755,0.19962461952953206,통상수용,0.7611233132853202,0.08970155499349401,0.14917513172118577,통상수용,0.6587789138891306,0.13775542329981502,0.20346566281105447,0.6940733304717605,0.12183819817431552,0.18408847135392412
4,kac_ai_work_platform,kac_ai_work_platform:CUR-001,계약·질의검토,0.5,계약·질의검토,계약·질의검토,True,False,True,계약·질의검토,0.15562434659961738,0.33089914215632826,0.5134765112440542,계약·질의검토,0.10966838444499813,0.29484688202096887,0.595484733534033,계약·질의검토,0.1364324321828724,0.33523371840813415,0.5283338494089935,0.13390838774249594,0.3203265808618105,0.5457650313956935
4,kac_ai_work_platform,kac_ai_work_platform:DAR-001,통상수용,0.5,통상수용,통상수용,True,False,True,통상수용,0.5738646813714983,0.2232175556932881,0.2029177629352137,통상수용,0.6121849773551267,0.2196622510517363,0.16815277159313696,통상수용,0.5520474974967748,0.2361812523835801,0.21177125011964512,0.5793657187411333,0.22635368637620149,0.19428059488266528
4,kac_ai_work_platform,kac_ai_work_platform:DAR-002,통상수용,0.5,통상수용,통상수용,True,False,True,통상수용,0.6369907358095347,0.1906477893933517,0.1723614747971136,통상수용,0.7184410199712639,0.1475705098980561,0.13398847013068002,통상수용,0.6372747371296991,0.19309722876913177,0.16962803410116908,0.6642354976368327,0.17710517602017983,0.1586593263429876
4,kac_ai_work_platform,kac_ai_work_platform:DAR-003,견적반영,0.5,견적반영,견적반영,True,False,True,견적반영,0.3013108091893291,0.5172168544636302,0.1814723363470406,견적반영,0.2617277428716407,0.5970118652734675,0.14126039185489173,견적반영,0.2992262517992445,0.51998386410343,0.1807898840973255,0.2874216012867381,0.5447375279468426,0.16784087076641926
4,kac_ai_work_platform,kac_ai_work_platform:DAR-004,계약·질의검토,0.5,견적반영,계약·질의검토,False,False,True,견적반영,0.26885022562452476,0.3693285244877309,0.36182124988774433,견적반영,0.2520393948886455,0.37527017604419416,0.3726904290671604,계약·질의검토,0.23676856927417878,0.38051839596992443,0.38271303475589685,0.25255272992911637,0.3750390321672832,0.3724082379036005
4,kac_ai_work_platform,kac_ai_work_platform:ECR-002,계약·질의검토,0.5,계약·질의검토,계약·질의검토,True,False,True,계약·질의검토,0.07677010717760033,0.2931940404076234,0.6300358524147762,계약·질의검토,0.04648296928540642,0.24099031347923197,0.7125267172353617,계약·질의검토,0.06317447954856133,0.3036385296603917,0.6331869907910471,0.062142518670522694,0.279274294515749,0.6585831868137283
4,kac_ai_work_platform,kac_ai_work_platform:ECR-003,계약·질의검토,0.5,계약·질의검토,계약·질의검토,True,False,True,계약·질의검토,0.13784579525872595,0.2514947051645822,0.6106594995766917,계약·질의검토,0.10712224944255865,0.19813878297327298,0.6947389675841684,계약·질의검토,0.11431231428998366,0.2625315386866202,0.6231561470233963,0.11976011966375609,0.23738834227482516,0.6428515380614188
4,kac_ai_work_platform,kac_ai_work_platform:ECR-004,계약·질의검토,0.5,계약·질의검토,계약·질의검토,True,False,True,계약·질의검토,0.07016031883108614,0.2570357290889814,0.6728039520799325,계약·질의검토,0.048145656485292725,0.21032134934609845,0.7415329941686087,계약·질의검토,0.05599617840554979,0.27099523757111027,0.67300858402334,0.05810071790730956,0.24611743866873007,0.6957818434239605
4,kac_ai_work_platform,kac_ai_work_platform:ECR-006,견적반영,0.5,계약·질의검토,계약·질의검토,True,True,False,계약·질의검토,0.12715951104477385,0.3950702122388312,0.4777702767163949,계약·질의검토,0.10988563261669153,0.3746645839336253,0.5154497834496832,계약·질의검토,0.1218682804286824,0.3976197478467534,0.4805119717245643,0.11963780803004927,0.38911818133973664,0.4912440106302141
4,kac_ai_work_platform,kac_ai_work_platform:GW-001,견적반영,0.5,견적반영,견적반영,False,False,True,통상수용,0.36221716354163164,0.3618128748068286,0.27596996165153986,통상수용,0.3621723186481688,0.34986207739146963,0.28796560396036164,견적반영,0.33801197339297867,0.3756984974555078,0.2862895291515135,0.35413381852759307,0.3624578165512687,0.28340836492113836
4,kac_ai_work_platform,kac_ai_work_platform:GW-002,계약·질의검토,0.5,견적반영,계약·질의검토,False,False,True,견적반영,0.27504447168526025,0.37227429864835637,0.3526812296663833,계약·질의검토,0.22555595224360006,0.387122232766985,0.3873218149894149,견적반영,0.24649053399329465,0.39268269338784223,0.3608267726188631,0.24903031930738498,0.3840264082677279,0.3669432724248871
4,kac_ai_work_platform,kac_ai_work_platform:GW-003,견적반영,0.5,견적반영,견적반영,True,False,True,견적반영,0.3272747622953879,0.38451645335033025,0.2882087843542819,견적반영,0.315722457255121,0.408078385669288,0.27619915707559106,견적반영,0.31105862047329114,0.392576903984292,0.29636447554241685,0.3180186133412667,0.3950572476679701,0.28692413899076324
4,kac_ai_work_platform,kac_ai_work_platform:GW-004,계약·질의검토,0.5,계약·질의검토,계약·질의검토,True,False,True,계약·질의검토,0.2279862931617689,0.3287737107532486,0.4432399960849824,계약·질의검토,0.1993314506019353,0.3213963029970572,0.47927224640100746,계약·질의검토,0.22157249723415082,0.3220271460330719,0.4564003567327772,0.21629674699928503,0.3240657199277926,0.4596375330729223
4,kac_ai_work_platform,kac_ai_work_platform:GW-005,통상수용,0.5,통상수용,통상수용,True,False,True,통상수용,0.38521906151710644,0.3210854212450438,0.2936955172378497,통상수용,0.41323187918145954,0.31717051050123973,0.26959761031730073,통상수용,0.3473465234139178,0.34039186252906645,0.3122616140570158,0.38193248803749463,0.3262159314251167,0.29185158053738874
4,kac_ai_work_platform,kac_ai_work_platform:GW-006,견적반영,0.5,견적반영,견적반영,True,False,True,견적반영,0.2750478718209093,0.4156342010110387,0.30931792716805206,견적반영,0.2670048525730156,0.44020686162321593,0.2927882858037684,견적반영,0.2533143759876367,0.4192713700440244,0.32741425396833884,0.2651223667938538,0.42503747755942634,0.3098401556467198
4,kac_ai_work_platform,kac_ai_work_platform:GW-007,통상수용,0.5,계약·질의검토,계약·질의검토,True,True,False,계약·질의검토,0.3347677992807609,0.32511524185771457,0.3401169588615246,계약·질의검토,0.3486974342076686,0.2721930872033969,0.3791094785889345,계약·질의검토,0.30791106963488896,0.3429943572972812,0.3490945730678298,0.3304587677077728,0.31343422878613086,0.3561070035060963
4,kac_ai_work_platform,kac_ai_work_platform:GW-008,통상수용,0.5,통상수용,통상수용,True,False,True,통상수용,0.4251664323277942,0.3242790524739473,0.25055451519825844,통상수용,0.486912517076122,0.3000293158640564,0.21305816705982147,통상수용,0.41001780259661036,0.3408174874923722,0.2491647099110174,0.4406989173335088,0.3217086186101253,0.2375924640563658
4,kac_ai_work_platform,kac_ai_work_platform:GW-009,통상수용,0.5,견적반영,견적반영,True,True,False,견적반영,0.36155330129701313,0.42664608805111276,0.21180061065187406,견적반영,0.375743927920584,0.46253930383408515,0.16171676824533077,견적반영,0.35293484994624186,0.44091964817244844,0.20614550188130973,0.363410693054613,0.44336834668588215,0.19322096025950486
4,kac_ai_work_platform,kac_ai_work_platform:GW-010,통상수용,0.5,통상수용,통상수용,False,False,True,통상수용,0.40373426630283943,0.37835907068230196,0.21790666301485861,통상수용,0.4406095709705823,0.34683314542410554,0.21255728360531212,견적반영,0.366947960983118,0.4039607125309625,0.2290913264859194,0.40376393275217987,0.37638430954579,0.21985175770203003
4,kac_ai_work_platform,kac_ai_work_platform:GW-011,견적반영,0.5,통상수용,통상수용,True,True,False,통상수용,0.489103362765661,0.35796402746652783,0.1529326097678112,통상수용,0.5778292710968486,0.28310516955823656,0.13906555934491482,통상수용,0.4518438096046523,0.3821396240837778,0.16601656631156994,0.506258814489054,0.3410696070361807,0.1526715784747653
4,kac_ai_work_platform,kac_ai_work_platform:GW-012,통상수용,0.5,견적반영,견적반영,True,True,False,견적반영,0.30526353088023755,0.43399871742607726,0.2607377516936852,견적반영,0.30934596889295457,0.45878671845876384,0.23186731264828156,견적반영,0.2644431215829515,0.464402962311999,0.2711539161050494,0.29301754045204786,0.45239613273228,0.25458632681567206
4,kac_ai_work_platform,kac_ai_work_platform:GW-013,견적반영,0.5,통상수용,통상수용,True,True,False,통상수용,0.4201133937581226,0.3084892477917924,0.27139735845008495,통상수용,0.476514242823054,0.2876917731350955,0.2357939840418506,통상수용,0.4132620011473311,0.31969780842464174,0.2670401904280272,0.43662987924283586,0.30529294311717653,0.25807717763998755
4,kac_ai_work_platform,kac_ai_work_platform:GW-014,견적반영,0.5,계약·질의검토,계약·질의검토,True,True,False,계약·질의검토,0.2413919737991881,0.32106855931662975,0.4375394668841821,계약·질의검토,0.22469533433253053,0.280815804249018,0.4944888614184515,계약·질의검토,0.23084687870263565,0.3266411623089044,0.44251195898846,0.23231139561145142,0.3095085086248507,0.4581800957636979
4,kac_ai_work_platform,kac_ai_work_platform:GW-016,계약·질의검토,0.5,견적반영,견적반영,True,True,False,견적반영,0.26139319458036725,0.4011098878673163,0.3374969175523165,견적반영,0.2324483202764142,0.4107736050234601,0.35677807470012574,견적반영,0.2577677962446434,0.4042399444119349,0.3379922593434217,0.2505364370338083,0.40537447910090374,0.34408908386528797
4,kac_ai_work_platform,kac_ai_work_platform:GW-017,통상수용,0.5,견적반영,견적반영,True,True,False,견적반영,0.35239060647604403,0.43555239568016996,0.21205699784378604,견적반영,0.37269263605594305,0.4429774723060875,0.18432989163796937,견적반영,0.3303375148425063,0.4517875114574974,0.2178749736999964,0.35180691912483114,0.4434391264812516,0.20475395439391728
4,kac_ai_work_platform,kac_ai_work_platform:GW-018,견적반영,0.5,견적반영,견적반영,True,False,True,견적반영,0.2367513472759576,0.4283106374051922,0.33493801531885015,견적반영,0.19867734561302564,0.48118087923366043,0.3201417751533139,견적반영,0.20587334639394067,0.4501618652539257,0.34396478835213357,0.21376734642764128,0.45321779396425943,0.33301485960809923
4,kac_ai_work_platform,kac_ai_work_platform:GW-019,통상수용,0.5,통상수용,통상수용,True,False,True,통상수용,0.5693306900895213,0.2513499352270557,0.1793193746834229,통상수용,0.6782884179630752,0.1951417268566946,0.12656985518023015,통상수용,0.5459382190451039,0.2697835481092553,0.18427823284564085,0.5978524423659001,0.23875840339766852,0.1633891542364313
4,kac_ai_work_platform,kac_ai_work_platform:GW-020,통상수용,0.5,통상수용,통상수용,True,False,True,통상수용,0.4543344521307042,0.34085883168002773,0.20480671618926813,통상수용,0.47532018009420546,0.34597224362265866,0.17870757628313602,통상수용,0.47143304371213834,0.3387186892087849,0.1898482670790768,0.46702922531234936,0.34184992150382376,0.191120853183827
4,kac_ai_work_platform,kac_ai_work_platform:GW-021,통상수용,0.5,통상수용,통상수용,True,False,True,통상수용,0.3801750503938373,0.33577298675416617,0.2840519628519966,통상수용,0.439626910375497,0.28685965589904844,0.2735134337254545,통상수용,0.4264763966858614,0.30280454364827575,0.27071905966586285,0.4154261191517319,0.30847906210049675,0.2760948187477713
4,kac_ai_work_platform,kac_ai_work_platform:INR-001,통상수용,0.5,통상수용,통상수용,True,False,True,통상수용,0.4876015240106408,0.18577414185907218,0.3266243341302871,통상수용,0.5082965738181268,0.17500228204494833,0.3167011441369249,통상수용,0.48332174225658353,0.18280175715581665,0.33387650058759977,0.49307328002845036,0.18119272701994574,0.32573399295160393
4,kac_ai_work_platform,kac_ai_work_platform:INR-002,계약·질의검토,0.5,계약·질의검토,계약·질의검토,True,False,True,계약·질의검토,0.2537014369514144,0.19050698167442612,0.5557915813741594,계약·질의검토,0.2337605869731654,0.16991679978564875,0.5963226132411859,계약·질의검토,0.25970082167294806,0.18049214283986276,0.5598070354871891,0.24905428186584264,0.18030530809997922,0.5706404100341781
4,kac_ai_work_platform,kac_ai_work_platform:PER-001,통상수용,0.5,통상수용,통상수용,True,False,True,통상수용,0.3947169458025025,0.23811506306176894,0.36716799113572857,통상수용,0.4507180326858792,0.19641420350240185,0.3528677638117189,통상수용,0.40660994236114895,0.23439832352704307,0.35899173411180807,0.41734830694984354,0.22297586336373795,0.3596758296864185
4,kac_ai_work_platform,kac_ai_work_platform:PER-002,통상수용,0.5,계약·질의검토,계약·질의검토,True,True,False,계약·질의검토,0.27858146015693075,0.18417693131538726,0.537241608527682,계약·질의검토,0.28725056530045273,0.15903498072725925,0.5537144539722881,계약·질의검토,0.272333323380885,0.1824311758721429,0.5452355007469721,0.27938844961275616,0.17521436263826315,0.5453971877489807
4,kac_ai_work_platform,kac_ai_work_platform:PMR-001,계약·질의검토,0.5,통상수용,통상수용,True,True,False,통상수용,0.48321697454235024,0.10981625844946168,0.40696676700818807,통상수용,0.5440559918638411,0.08854308898300026,0.36740091915315864,통상수용,0.46939211686322024,0.11012857338727577,0.420479309749504,0.4988883610898039,0.10282930693991256,0.39828233197028357
4,kac_ai_work_platform,kac_ai_work_platform:PMR-002,통상수용,0.5,통상수용,통상수용,True,False,True,통상수용,0.6137064503162416,0.1463825020718295,0.23991104761192897,통상수용,0.6691134012405827,0.11697775378912707,0.21390884497029022,통상수용,0.6191046121341413,0.14135530279238215,0.23954008507347663,0.6339748212303219,0.13490518621777958,0.2311199925518986
4,kac_ai_work_platform,kac_ai_work_platform:PMR-003,통상수용,0.5,통상수용,통상수용,True,False,True,통상수용,0.5733804815342831,0.1462707588775725,0.2803487595881445,통상수용,0.6381357682716459,0.1142109162853759,0.2476533154429783,통상수용,0.5865131878817439,0.14038031238832466,0.27310649972993145,0.599343145895891,0.133620662517091,0.2670361915870181
4,kac_ai_work_platform,kac_ai_work_platform:PMR-004,견적반영,0.5,통상수용,통상수용,True,True,False,통상수용,0.5761839437415902,0.16656130882586861,0.2572547474325412,통상수용,0.5943273263669676,0.13754436431177655,0.26812830932125575,통상수용,0.5870304549132596,0.16376042968820603,0.24920911539853446,0.5858472416739392,0.15595536760861706,0.2581973907174438
4,kac_ai_work_platform,kac_ai_work_platform:PMR-005,통상수용,0.5,통상수용,통상수용,True,False,True,통상수용,0.5407405118419593,0.18541861416215027,0.27384087399589047,통상수용,0.6060196730034931,0.14697808352712854,0.24700224346937832,통상수용,0.5411303744840319,0.18107385547619118,0.27779577003977696,0.5626301864431614,0.17115685105515666,0.2662129625016819
4,kac_ai_work_platform,kac_ai_work_platform:PMR-006,통상수용,0.5,통상수용,통상수용,True,False,True,통상수용,0.495007606678291,0.14435094585557628,0.3606414474661327,통상수용,0.5036437875364785,0.11720043616705375,0.37915577629646774,통상수용,0.48868900375401697,0.13787680168645194,0.37343419455953114,0.49578013265626214,0.13314272790302734,0.3710771394407106
4,kac_ai_work_platform,kac_ai_work_platform:PMR-008,계약·질의검토,0.5,통상수용,통상수용,True,True,False,통상수용,0.4889568093838839,0.12685403151337044,0.3841891591027458,통상수용,0.5092515820279306,0.10656216019085814,0.3841862577812112,통상수용,0.49170742637364206,0.12553480807031878,0.382757765556039,0.4966386059284855,0.11965033325818246,0.383711060813332
4,kac_ai_work_platform,kac_ai_work_platform:PMR-009,통상수용,0.5,통상수용,계약·질의검토,False,False,True,계약·질의검토,0.41880710884353073,0.1572601438534587,0.42393274730301045,통상수용,0.5145191835586231,0.12088159342172122,0.3645992230196556,통상수용,0.4477699455565208,0.14633938868725052,0.4058906657562287,0.46036541265289155,0.14149370865414349,0.39814087869296494
4,kac_ai_work_platform,kac_ai_work_platform:PMR-010,통상수용,0.5,통상수용,통상수용,True,False,True,통상수용,0.5411134226131,0.17837664754430857,0.2805099298425914,통상수용,0.6143437617686001,0.13111057428030945,0.2545456639510905,통상수용,0.5275089790321196,0.17824661845104575,0.2942444025168347,0.56098872113794,0.1625779467585546,0.2764333321035055
4,kac_ai_work_platform,kac_ai_work_platform:PMR-011,계약·질의검토,0.5,계약·질의검토,계약·질의검토,True,False,True,계약·질의검토,0.2832200443491475,0.13917818645522778,0.5776017691956247,계약·질의검토,0.2431535962103159,0.10806108292509016,0.648785320864594,계약·질의검토,0.2797304197052849,0.12841264669656477,0.5918569335981504,0.2687013534215828,0.1252173053589609,0.6060813412194563
4,kac_ai_work_platform,kac_ai_work_platform:PSR-001,계약·질의검토,0.5,계약·질의검토,계약·질의검토,True,False,True,계약·질의검토,0.3467109312820768,0.1384376870123807,0.5148513817055425,계약·질의검토,0.3166757602493794,0.11918448054267057,0.5641397592079501,계약·질의검토,0.33766843505361965,0.13695359392446363,0.5253779710219167,0.33368504219502526,0.13152525382650496,0.5347897039784698
4,kac_ai_work_platform,kac_ai_work_platform:PSR-002,통상수용,0.5,통상수용,통상수용,True,False,True,통상수용,0.38253699337970454,0.33162675582915346,0.2858362507911421,통상수용,0.37740081134832937,0.35699092212710604,0.26560826652456454,통상수용,0.38754785427451083,0.3243491848533489,0.2881029608721403,0.3824952196675149,0.33765562093653617,0.27984915939594895
4,kac_ai_work_platform,kac_ai_work_platform:PSR-003,계약·질의검토,0.5,계약·질의검토,계약·질의검토,True,False,True,계약·질의검토,0.36690876174089954,0.1262042563042323,0.5068869819548681,계약·질의검토,0.3612514880873583,0.10795027112763342,0.5307982407850083,계약·질의검토,0.3775935197943659,0.11962868393087565,0.5027777962747585,0.3685845898742079,0.1179277371209138,0.5134876730048784
4,kac_ai_work_platform,kac_ai_work_platform:PSR-004,견적반영,0.5,통상수용,통상수용,True,True,False,통상수용,0.508911871685085,0.2125569058014032,0.2785312225135118,통상수용,0.508771738093212,0.21572601545793163,0.27550224644885635,통상수용,0.5042423333814625,0.20990166036412833,0.28585600625440916,0.5073086477199199,0.21272819387448774,0.27996315840559244
4,kac_ai_work_platform,kac_ai_work_platform:PSR-005,견적반영,0.5,계약·질의검토,계약·질의검토,True,True,False,계약·질의검토,0.2764753289780635,0.22298051300740074,0.5005441580145359,계약·질의검토,0.284551873309678,0.21106290644296863,0.5043852202473534,계약·질의검토,0.30422224915989676,0.2110692001810597,0.4847085506590435,0.2884164838158794,0.21503753987714302,0.49654597630697755
4,kac_ai_work_platform,kac_ai_work_platform:PSR-006,통상수용,0.5,통상수용,통상수용,True,False,True,통상수용,0.5212915502958325,0.281297008754023,0.19741144095014454,통상수용,0.5529314545884502,0.29811677691103944,0.14895176850051053,통상수용,0.5519810283742327,0.2611041023056013,0.18691486932016596,0.5420680110861719,0.28017262932355463,0.17775935959027367
4,kac_ai_work_platform,kac_ai_work_platform:PSR-007,통상수용,0.5,계약·질의검토,계약·질의검토,True,True,False,계약·질의검토,0.21032611359622982,0.10640893589677189,0.6832649505069983,계약·질의검토,0.16260887750554792,0.08499502055874306,0.752396101935709,계약·질의검토,0.2036807958709279,0.1016071662113606,0.6947120379177114,0.1922052623242352,0.09767037422229186,0.710124363453473
4,kac_ai_work_platform,kac_ai_work_platform:QUR-001,계약·질의검토,0.5,통상수용,통상수용,True,True,False,통상수용,0.5173593235428746,0.12385661849843396,0.3587840579586915,통상수용,0.5171099157222252,0.10511579520337216,0.3777742890744027,통상수용,0.49775666735244317,0.12298597681864387,0.379257355828913,0.5107419688725143,0.11731946350681666,0.37193856762066907
4,kac_ai_work_platform,kac_ai_work_platform:QUR-002,계약·질의검토,0.5,계약·질의검토,계약·질의검토,True,False,True,계약·질의검토,0.3792334557331229,0.15541882119096667,0.4653477230759105,계약·질의검토,0.3936008121127915,0.12531554685623178,0.48108364103097667,계약·질의검토,0.3884160777197533,0.14467970421390222,0.4669042180663446,0.3870834485218892,0.1418046907537002,0.4711118607244105
4,kac_ai_work_platform,kac_ai_work_platform:QUR-003,견적반영,0.5,계약·질의검토,계약·질의검토,True,True,False,계약·질의검토,0.21372666230061652,0.11042997192781365,0.6758433657715699,계약·질의검토,0.22180882262594026,0.10345670743220461,0.674734469941855,계약·질의검토,0.2003174108226229,0.10984374863337658,0.6898388405440006,0.21195096524972656,0.10791014266446496,0.6801388920858086
4,kac_ai_work_platform,kac_ai_work_platform:QUR-004,통상수용,0.5,통상수용,통상수용,True,False,True,통상수용,0.7054630107279777,0.10490602981545352,0.18963095945656883,통상수용,0.7999206687411998,0.06987580282047372,0.13020352843832644,통상수용,0.7277084185588835,0.09403802559145846,0.17825355584965819,0.7443640326760202,0.08960661940912856,0.16602934791485116
4,kac_ai_work_platform,kac_ai_work_platform:SER-001,통상수용,0.5,통상수용,통상수용,True,False,True,통상수용,0.5956520217554324,0.14963692564780182,0.25471105259676574,통상수용,0.6703581241913839,0.10554012650187101,0.22410174930674517,통상수용,0.5737416167812239,0.15369816125454247,0.27256022196423363,0.6132505875760134,0.1362917378014051,0.2504576746225815
4,kac_ai_work_platform,kac_ai_work_platform:SER-002,계약·질의검토,0.5,통상수용,통상수용,True,True,False,통상수용,0.5167042784823778,0.1670056001426037,0.3162901213750186,통상수용,0.5115135481272179,0.1473216943941071,0.3411647574786749,통상수용,0.48472099032942717,0.17463601224819386,0.34064299742237897,0.5043129389796742,0.16298776892830155,0.3326992920920242
4,kac_ai_work_platform,kac_ai_work_platform:SER-004,통상수용,0.5,견적반영,견적반영,True,True,False,견적반영,0.3330252940018559,0.3552695165376604,0.31170518946048364,견적반영,0.33716468306322217,0.3397583291646134,0.32307698777216437,견적반영,0.3064869457462917,0.3757863821718432,0.3177266720818652,0.3255589742704566,0.356938075958039,0.31750294977150445
4,kac_ai_work_platform,kac_ai_work_platform:SER-005,계약·질의검토,0.5,견적반영,견적반영,True,True,False,견적반영,0.17559866156160453,0.5699122286642964,0.2544891097740991,견적반영,0.11989014999298515,0.651293741071355,0.22881610893565976,견적반영,0.1664030483938184,0.5745716808575327,0.25902527074864884,0.15396395331613602,0.598592550197728,0.24744349648613592
4,kac_ai_work_platform,kac_ai_work_platform:TER-001,계약·질의검토,0.5,통상수용,통상수용,True,True,False,통상수용,0.447434055543005,0.17565166390096357,0.37691428055603154,통상수용,0.5310659439181691,0.14052904412607536,0.3284050119557556,통상수용,0.4443250556029184,0.173337512222458,0.38233743217462374,0.4742750183546975,0.16317274008316562,0.36255224156213695
4,kac_ai_work_platform,kac_ai_work_platform:TER-002,계약·질의검토,0.5,계약·질의검토,계약·질의검토,True,False,True,계약·질의검토,0.2878342302350112,0.18136148499528887,0.5308042847697,계약·질의검토,0.21478060259988127,0.1271905962569362,0.6580288011431826,계약·질의검토,0.27849730883395946,0.1753680031971117,0.5461346879689288,0.26037071388961736,0.1613066948164456,0.5783225912939371
5,kangwon_land_genai,kangwon_land_genai:COR-001,계약·질의검토,1.0,계약·질의검토,계약·질의검토,True,False,True,계약·질의검토,0.24365125546079408,0.139703530317565,0.6166452142216409,계약·질의검토,0.2039658696145449,0.10792279557607704,0.6881113348093781,계약·질의검토,0.15889905479369107,0.14846782244111734,0.6926331227651916,0.20217205995634335,0.13203138277825313,0.6657965572654035
5,kangwon_land_genai,kangwon_land_genai:COR-002,통상수용,1.0,통상수용,통상수용,True,False,True,통상수용,0.5366723906279435,0.1846234564756691,0.2787041528963874,통상수용,0.6119471897708738,0.13897592895774608,0.2490768812713801,통상수용,0.5576267817258358,0.18311648483066514,0.25925673344349903,0.5687487873748843,0.16890529008802677,0.2623459225370888
5,kangwon_land_genai,kangwon_land_genai:COR-003,통상수용,1.0,통상수용,통상수용,True,False,True,통상수용,0.4658818193045839,0.16512414187665994,0.36899403881875614,통상수용,0.5084613708222636,0.12655210153923027,0.36498652763850614,통상수용,0.5207289180230804,0.1378122482817051,0.34145883369521446,0.4983573693833094,0.1431628305658651,0.3584798000508256
5,kangwon_land_genai,kangwon_land_genai:COR-004,통상수용,1.0,통상수용,통상수용,True,False,True,통상수용,0.642602198646641,0.11738468002130738,0.2400131213320516,통상수용,0.7397371224188863,0.08341687429974028,0.17684600328137337,통상수용,0.6613407335288367,0.08970112247692477,0.24895814399423843,0.6812266848647881,0.09683422559932414,0.2219390895358878
5,kangwon_land_genai,kangwon_land_genai:DAR-001,견적반영,1.0,견적반영,견적반영,True,False,True,견적반영,0.26440244775396504,0.5595966971749262,0.1760008550711087,견적반영,0.2118727624343501,0.6407132556524219,0.14741398191322794,견적반영,0.3497015905657258,0.5084931262154535,0.14180528321882055,0.27532560025134695,0.5696010263476005,0.1550733734010524
5,kangwon_land_genai,kangwon_land_genai:DAR-002,계약·질의검토,1.0,견적반영,견적반영,True,True,False,견적반영,0.17504199927540356,0.5873580954536264,0.23759990527097008,견적반영,0.13446562395446343,0.6672043476226126,0.19833002842292405,견적반영,0.14671013717075107,0.643420073047254,0.20986978978199483,0.15207258680020605,0.6326608387078311,0.215266574491963
5,kangwon_land_genai,kangwon_land_genai:DAR-003,견적반영,1.0,견적반영,견적반영,False,False,True,견적반영,0.363233048430596,0.4360745424783704,0.20069240909103359,통상수용,0.4228294163525661,0.3991634067194854,0.17800717692794849,견적반영,0.4059899214556739,0.44183919314361675,0.15217088540070942,0.3973507954129453,0.4256923807804909,0.17695682380656383
5,kangwon_land_genai,kangwon_land_genai:DAR-004,통상수용,1.0,통상수용,통상수용,True,False,True,통상수용,0.6647016046590242,0.19643414676614468,0.13886424857483123,통상수용,0.7574818922834672,0.14382899869731916,0.09868910901921352,통상수용,0.5661318761694712,0.25854962101452905,0.17531850281599964,0.6627717910373209,0.19960425549266428,0.1376239534700148
5,kangwon_land_genai,kangwon_land_genai:ECR-001,계약·질의검토,1.0,계약·질의검토,계약·질의검토,True,False,True,계약·질의검토,0.14683974453543877,0.28770136967276577,0.5654588857917955,계약·질의검토,0.10246794735488651,0.2473710344891525,0.650161018155961,계약·질의검토,0.08163156596094029,0.29325393340315575,0.6251145006359039,0.11031308595042184,0.276108779188358,0.61357813486122
5,kangwon_land_genai,kangwon_land_genai:PER-001,계약·질의검토,1.0,계약·질의검토,계약·질의검토,True,False,True,계약·질의검토,0.21769696481337528,0.2692133997477045,0.5130896354389203,계약·질의검토,0.19542110539493845,0.22080570324590154,0.58377319135916,계약·질의검토,0.2074068236720678,0.2326484658309033,0.5599447104970289,0.20684163129346053,0.24088918960816977,0.5522691790983697
5,kangwon_land_genai,kangwon_land_genai:PER-002,계약·질의검토,1.0,계약·질의검토,계약·질의검토,True,False,True,계약·질의검토,0.2015851946140644,0.2049590431064656,0.5934557622794701,계약·질의검토,0.1672442651688185,0.1485594880387656,0.6841962467924161,계약·질의검토,0.14509903252718204,0.192342619475975,0.662558347996843,0.1713094974366883,0.1819537168737354,0.6467367856895764
5,kangwon_land_genai,kangwon_land_genai:PER-003,계약·질의검토,1.0,계약·질의검토,계약·질의검토,True,False,True,계약·질의검토,0.2535146354382085,0.219524831872044,0.5269605326897474,계약·질의검토,0.21337498424762183,0.18980854018072948,0.5968164755716487,계약·질의검토,0.2088921189390345,0.18954369110836497,0.6015641899526004,0.2252605795416216,0.19962568772037947,0.5751137327379988
5,kangwon_land_genai,kangwon_land_genai:PER-004,계약·질의검토,1.0,계약·질의검토,계약·질의검토,True,False,True,계약·질의검토,0.32966226441107743,0.2370636790119862,0.4332740565769364,계약·질의검토,0.322046474229808,0.21279850628070793,0.4651550194894841,계약·질의검토,0.32299356145061753,0.21735874018561518,0.4596476983637672,0.32490076669716766,0.22240697515943642,0.45269225814339586
5,kangwon_land_genai,kangwon_land_genai:PMR-001,통상수용,1.0,통상수용,통상수용,True,False,True,통상수용,0.7359813416674436,0.11613064226056709,0.1478880160719893,통상수용,0.8131353445677926,0.07899555024668677,0.10786910518552066,통상수용,0.7459657072579771,0.11558949430716002,0.13844479843486304,0.7650274644977376,0.10357189560480462,0.13140063989745765
5,kangwon_land_genai,kangwon_land_genai:PMR-002,통상수용,1.0,통상수용,통상수용,True,False,True,통상수용,0.4457357407651015,0.3169901336902385,0.23727412554466012,통상수용,0.46806924020428925,0.32773078668782657,0.20419997310788432,통상수용,0.5819107067325474,0.22816227248567156,0.18992702078178098,0.49857189590064604,0.2909610642879122,0.2104670398114418
5,kangwon_land_genai,kangwon_land_genai:PMR-003,통상수용,1.0,통상수용,통상수용,True,False,True,통상수용,0.658857337960651,0.15339642708503745,0.18774623495431145,통상수용,0.7464304644973577,0.11164805723811477,0.14192147826452758,통상수용,0.6598585642226384,0.14245262051684707,0.1976888152605146,0.6883821222268823,0.13583236827999975,0.1757855094931179
5,kangwon_land_genai,kangwon_land_genai:PMR-004,견적반영,1.0,통상수용,통상수용,True,True,False,통상수용,0.5934706422035356,0.2532911650257819,0.15323819277068249,통상수용,0.6702395299780342,0.2270603899985528,0.1027000800234131,통상수용,0.6465489217667948,0.2135060408584827,0.13994503737472247,0.6367530313161215,0.23128586529427245,0.131961103389606
5,kangwon_land_genai,kangwon_land_genai:PMR-005,통상수용,1.0,계약·질의검토,계약·질의검토,False,False,True,계약·질의검토,0.3836448335990863,0.18808178454277089,0.42827338185814273,통상수용,0.4089441409762671,0.19990585696611515,0.3911500020576177,계약·질의검토,0.27819007950927105,0.21797652877158494,0.5038333917191439,0.3569263513615415,0.201988056760157,0.44108559187830143
5,kangwon_land_genai,kangwon_land_genai:PMR-006,통상수용,1.0,통상수용,통상수용,True,False,True,통상수용,0.5849489279039797,0.2060040456108939,0.2090470264851264,통상수용,0.6950761689324069,0.15108742484864124,0.1538364062189519,통상수용,0.6350651265255424,0.1791446059459647,0.18579026752849298,0.6383634077873097,0.1787453588018333,0.18289123341085708
5,kangwon_land_genai,kangwon_land_genai:PMR-007,계약·질의검토,1.0,계약·질의검토,계약·질의검토,False,False,True,계약·질의검토,0.4001635355596801,0.17907493214581802,0.42076153229450186,통상수용,0.4198372257561346,0.16216220454670457,0.4180005696971608,계약·질의검토,0.3273559040572744,0.20456120823373167,0.46808288770899403,0.3824522217910297,0.18193278164208473,0.43561499656688557
5,kangwon_land_genai,kangwon_land_genai:PSR-002,계약·질의검토,1.0,통상수용,통상수용,True,True,False,통상수용,0.5010006261205407,0.18819209853851887,0.31080727534094044,통상수용,0.5226023843751604,0.14456656063240553,0.33283105499243404,통상수용,0.5605001928146877,0.17160904049084683,0.26789076669446554,0.5280344011034629,0.16812256655392374,0.30384303234261334
5,kangwon_land_genai,kangwon_land_genai:PSR-003,계약·질의검토,1.0,통상수용,계약·질의검토,False,False,True,통상수용,0.4268032826706483,0.17761052332897626,0.39558619400037554,계약·질의검토,0.4035306898588434,0.17138709941441804,0.42508221072673863,통상수용,0.4854369144020312,0.14834783265904994,0.3662152529389189,0.438590295643841,0.1657818184674814,0.3956278858886777
5,kangwon_land_genai,kangwon_land_genai:PSR-004,계약·질의검토,1.0,계약·질의검토,계약·질의검토,False,False,True,계약·질의검토,0.31667831463053514,0.308542989725864,0.37477869564360083,계약·질의검토,0.32019463892059713,0.29200581779722024,0.38779954328218263,통상수용,0.41365819830466133,0.28087505752016423,0.3054667441751744,0.3501770506185979,0.29380795501441614,0.35601499436698597
5,kangwon_land_genai,kangwon_land_genai:QUR-001,통상수용,1.0,통상수용,통상수용,True,False,True,통상수용,0.641801477354955,0.17449607601396483,0.18370244663108012,통상수용,0.6814554333802637,0.14652472197773544,0.17201984464200082,통상수용,0.7315666483451576,0.13600210230706927,0.13243124934777312,0.6849411863601254,0.1523409667662565,0.16271784687361804
5,kangwon_land_genai,kangwon_land_genai:QUR-002,통상수용,1.0,통상수용,통상수용,True,False,True,통상수용,0.6660704552578983,0.15493299359959142,0.1789965511425102,통상수용,0.7492327178043205,0.11480051798682275,0.13596676420885673,통상수용,0.7329895578483996,0.11637831420991822,0.15063212794168215,0.7160975769702063,0.1287039419321108,0.155198481097683
5,kangwon_land_genai,kangwon_land_genai:QUR-003,통상수용,1.0,통상수용,통상수용,True,False,True,통상수용,0.5070480691748556,0.21327165258083267,0.27968027824431163,통상수용,0.6300930887779411,0.1596363390186319,0.21027057220342704,통상수용,0.5168469957303575,0.214987515840007,0.26816548842963545,0.5513293845610514,0.1959651691464905,0.25270544629245806
5,kangwon_land_genai,kangwon_land_genai:QUR-004,계약·질의검토,1.0,통상수용,통상수용,True,True,False,통상수용,0.6113610956456845,0.1372843532350996,0.2513545511192159,통상수용,0.6880450749725505,0.1067225214615926,0.20523240356585692,통상수용,0.724102677923943,0.08597041256811248,0.18992690950794444,0.6745029495140593,0.10999242908826823,0.21550462139767243
5,kangwon_land_genai,kangwon_land_genai:QUR-005,통상수용,1.0,통상수용,통상수용,True,False,True,통상수용,0.3949973526736761,0.24605922731122895,0.358943420015095,통상수용,0.45179396205255334,0.2062780952657554,0.34192794268169124,통상수용,0.5120092308328372,0.2391974873442829,0.2487932818228799,0.45293351518635555,0.23051160330708909,0.31655488150655536
5,kangwon_land_genai,kangwon_land_genai:QUR-006,통상수용,1.0,통상수용,계약·질의검토,False,False,True,견적반영,0.3249100482886425,0.34844900043808,0.3266409512732774,계약·질의검토,0.32982919153522505,0.33083130407165556,0.33933950439311944,통상수용,0.42951406135948295,0.315182485766894,0.255303452873623,0.3614177670611169,0.3314875967588765,0.3070946361800066
5,kangwon_land_genai,kangwon_land_genai:SER-003,계약·질의검토,1.0,계약·질의검토,계약·질의검토,False,False,True,통상수용,0.42756364585718354,0.15926437124965576,0.4131719828931607,통상수용,0.4447997420894387,0.1431372563509167,0.41206300155964454,계약·질의검토,0.32815440595577783,0.16974148937664715,0.502104104667575,0.4001725979674666,0.15738103899240652,0.44244636304012674
5,kangwon_land_genai,kangwon_land_genai:SER-004,계약·질의검토,1.0,견적반영,견적반영,False,True,False,견적반영,0.3437771589515176,0.35596642610129486,0.30025641494718747,통상수용,0.3776374756618483,0.3717999970436284,0.2505625272945233,견적반영,0.2764914834494281,0.3639808418394992,0.35952767471107283,0.33263537268759796,0.3639157549948075,0.3034488723175945
5,kangwon_land_genai,kangwon_land_genai:SFR-002,통상수용,1.0,견적반영,견적반영,True,True,False,견적반영,0.2656801038157344,0.5445726849037179,0.18974721128054767,견적반영,0.23739148950198202,0.6121519798684463,0.15045653062957168,견적반영,0.21521412921375394,0.639189916791383,0.14559595399486294,0.2394285741771568,0.5986381938545157,0.16193323196832743
5,kangwon_land_genai,kangwon_land_genai:SFR-003,견적반영,1.0,견적반영,견적반영,True,False,True,견적반영,0.119243696614009,0.6157829488932519,0.26497335449273896,견적반영,0.08074807987041549,0.6354722657032732,0.2837796544263113,견적반영,0.07435145826647938,0.6921633570087529,0.23348518472476779,0.09144774491696796,0.6478061905350926,0.2607460645479393
5,kangwon_land_genai,kangwon_land_genai:SFR-005,계약·질의검토,1.0,계약·질의검토,계약·질의검토,False,False,True,견적반영,0.1508504019938867,0.42814358394149443,0.42100601406461885,견적반영,0.11167269727324144,0.4506901493875767,0.4376371533391819,계약·질의검토,0.12059439570261335,0.42957980283077996,0.4498258014666068,0.12770583165658048,0.436137845386617,0.43615632295680246
5,kangwon_land_genai,kangwon_land_genai:SFR-006,통상수용,1.0,견적반영,견적반영,True,True,False,견적반영,0.2956832800202607,0.3583555221713283,0.3459611978084111,견적반영,0.2892584004334015,0.359916349071135,0.3508252504954634,견적반영,0.33689033665070495,0.3570616748658197,0.3060479884834754,0.3072773390347891,0.35844451536942773,0.33427814559578334
5,kangwon_land_genai,kangwon_land_genai:SIR-001,견적반영,1.0,통상수용,통상수용,True,True,False,통상수용,0.42423155986745353,0.25023690400426307,0.32553153612828345,통상수용,0.419898049454017,0.22875606245917202,0.35134588808681094,통상수용,0.45945136373568213,0.24553564073500964,0.2950129955293083,0.43452699101905085,0.2415095357328149,0.32396347324813424
5,kangwon_land_genai,kangwon_land_genai:SIR-002,계약·질의검토,1.0,견적반영,계약·질의검토,False,False,True,계약·질의검토,0.33107430008223065,0.32723722194661425,0.34168847797115515,계약·질의검토,0.30623587825707044,0.3377673814945358,0.35599674024839384,통상수용,0.3628647443978405,0.3379884105499495,0.29914684505221,0.33339164091238055,0.33433100466369986,0.33227735442391965
5,kangwon_land_genai,kangwon_land_genai:SIR-003,통상수용,1.0,통상수용,통상수용,True,False,True,통상수용,0.6473325813091431,0.19716103436014715,0.15550638433070973,통상수용,0.7524218441240321,0.13958565693118677,0.1079924989447811,통상수용,0.7204885862341612,0.16446249572693497,0.1150489180389038,0.7067476705557788,0.16706972900608963,0.12618260043813156
5,kangwon_land_genai,kangwon_land_genai:TER-002,통상수용,1.0,통상수용,통상수용,True,False,True,통상수용,0.40161578408326115,0.23454522357548405,0.3638389923412547,통상수용,0.4602372215748448,0.18918834595102968,0.3505744324741255,통상수용,0.3941747230972348,0.22700193100956165,0.3788233458932036,0.4186759095851136,0.21691183351202514,0.3644122569028612
5,kangwon_land_genai,kangwon_land_genai:TER-003,계약·질의검토,1.0,계약·질의검토,계약·질의검토,True,False,True,계약·질의검토,0.3409622292912213,0.17075970817518837,0.4882780625335905,계약·질의검토,0.34320485289570873,0.19162864323417056,0.46516650387012054,계약·질의검토,0.2435989095175173,0.1626971689401494,0.5937039215423333,0.3092553305681491,0.17502850678316947,0.5157161626486815
5,kangwon_land_genai,kangwon_land_genai:TER-004,통상수용,1.0,통상수용,계약·질의검토,False,False,True,통상수용,0.4088334390500731,0.21649015247118159,0.3746764084787454,통상수용,0.45821899403158955,0.20189857501807146,0.3398824309503389,계약·질의검토,0.38216486124460264,0.2248907779448975,0.3929443608104998,0.4164057647754218,0.21442650181138354,0.3691677334131947
6,kexim_ai_platform,kexim_ai_platform:ASR-001,견적반영,1.0,견적반영,견적반영,True,False,True,견적반영,0.21848005650348573,0.43692928650608653,0.34459065699042774,견적반영,0.16460523760768483,0.4633392282368599,0.37205553415545534,견적반영,0.19143931313158188,0.4707945902819218,0.33776609658649637,0.19150820241425082,0.45702103500828944,0.3514707625774598
6,kexim_ai_platform,kexim_ai_platform:ASR-002,견적반영,1.0,견적반영,견적반영,True,False,True,견적반영,0.09103153487593516,0.5898756685927335,0.31909279653133127,견적반영,0.06218799711459647,0.6744574685126858,0.2633545343727177,견적반영,0.07705681385899321,0.6257558842372569,0.29718730190374987,0.0767587819498416,0.630029673780892,0.29321154426926627
6,kexim_ai_platform,kexim_ai_platform:ASR-003,견적반영,1.0,견적반영,견적반영,True,False,True,견적반영,0.16915563918557125,0.48811222046469466,0.34273214034973415,견적반영,0.1351271493336404,0.5299744378876049,0.33489841277875476,견적반영,0.1225813852343199,0.5486478958474187,0.3287707189182614,0.14228805791784385,0.5222448513999062,0.3354670906822501
6,kexim_ai_platform,kexim_ai_platform:ASR-004,계약·질의검토,1.0,계약·질의검토,계약·질의검토,False,False,True,계약·질의검토,0.2677487862961208,0.3576100302996779,0.37464118340420133,계약·질의검토,0.2427284769953969,0.3475056991770861,0.4097658238275169,견적반영,0.22490937633295702,0.4219204944101189,0.35317012925692415,0.24512887987482493,0.37567874129562767,0.3791923788295475
6,kexim_ai_platform,kexim_ai_platform:ASR-005,견적반영,1.0,견적반영,견적반영,True,False,True,견적반영,0.22801515781246506,0.43130229519041,0.3406825469971251,견적반영,0.2022307924163666,0.4428255686309158,0.3549436389527175,견적반영,0.15258576692111595,0.49443275904412987,0.35298147403475433,0.19427723904998254,0.4561868742884852,0.3495358866615323
6,kexim_ai_platform,kexim_ai_platform:ASR-006,계약·질의검토,1.0,견적반영,견적반영,True,True,False,견적반영,0.13358462112476824,0.502449963366861,0.36396541550837075,견적반영,0.10207116736343225,0.5526489820339453,0.34527985060262256,견적반영,0.08833792449000775,0.541092019182169,0.37057005632782325,0.10799790432606941,0.5320636548609917,0.35993844081293885
6,kexim_ai_platform,kexim_ai_platform:ASR-007,견적반영,1.0,견적반영,견적반영,True,False,True,견적반영,0.190803258912122,0.539850680723363,0.269346060364515,견적반영,0.1440712601995831,0.596294670512113,0.25963406928830374,견적반영,0.13905290477255783,0.5937575963037033,0.26718949892373883,0.15797580796142097,0.576634315846393,0.26538987619218585
6,kexim_ai_platform,kexim_ai_platform:ASR-008,견적반영,1.0,견적반영,견적반영,True,False,True,견적반영,0.23506283775820905,0.55375421049138,0.21118295175041094,견적반영,0.20592178556361718,0.5986534569980247,0.19542475743835805,견적반영,0.21583679035448283,0.6055454573538724,0.17861775229164464,0.21894047122543636,0.585984374947759,0.19507515382680454
6,kexim_ai_platform,kexim_ai_platform:ASR-009,견적반영,1.0,견적반영,견적반영,True,False,True,견적반영,0.1657043295180528,0.5780641813966318,0.2562314890853153,견적반영,0.1250197820447235,0.6302728966243354,0.24470732133094103,견적반영,0.11130351715899142,0.6476539241371276,0.24104255870388083,0.1340092095739226,0.6186636673860316,0.2473271230400457
6,kexim_ai_platform,kexim_ai_platform:COR-001,통상수용,1.0,통상수용,통상수용,True,False,True,통상수용,0.6038532209185848,0.21565368932022688,0.1804930897611883,통상수용,0.7040989786894316,0.16185786483654346,0.134043156474025,통상수용,0.7525589944800917,0.13358834198188177,0.11385266353802664,0.6868370646960361,0.17036663204621738,0.14279630325774664
6,kexim_ai_platform,kexim_ai_platform:COR-002,통상수용,1.0,통상수용,통상수용,True,False,True,통상수용,0.5969016788246694,0.20446977196041616,0.19862854921491438,통상수용,0.7186318812253666,0.14061514470509534,0.1407529740695381,통상수용,0.6695829117603544,0.17374137528836664,0.15667571295127888,0.6617054906034635,0.1729420973179594,0.16535241207857712
6,kexim_ai_platform,kexim_ai_platform:COR-003,계약·질의검토,1.0,통상수용,통상수용,True,True,False,통상수용,0.4331113049516264,0.18537633597647854,0.38151235907189496,통상수용,0.4556303915108725,0.14811809861549852,0.396251509873629,통상수용,0.5506343593341343,0.13059872853354998,0.31876691213231567,0.47979201859887777,0.15469772104184235,0.3655102603592799
6,kexim_ai_platform,kexim_ai_platform:COR-004,통상수용,1.0,통상수용,통상수용,True,False,True,통상수용,0.7064113241372567,0.1540742516675012,0.13951442419524213,통상수용,0.7740781836666181,0.12129776912850083,0.10462404720488112,통상수용,0.8136995647400621,0.09723057864020418,0.08906985661973367,0.7647296908479789,0.1242008664787354,0.11106944267328563
6,kexim_ai_platform,kexim_ai_platform:COR-005,통상수용,1.0,통상수용,통상수용,True,False,True,통상수용,0.6213733961403571,0.13852013675510993,0.240106467104533,통상수용,0.6929700753152619,0.09860863496830044,0.20842128971643767,통상수용,0.6851731577517478,0.10408529837344395,0.2107415438748082,0.6665055430691224,0.11373802336561811,0.21975643356525962
6,kexim_ai_platform,kexim_ai_platform:COR-006,견적반영,1.0,통상수용,통상수용,True,True,False,통상수용,0.5241567828557963,0.3349605324172498,0.140882684726954,통상수용,0.579772623070251,0.31826960498269347,0.10195777194705548,통상수용,0.5337903386521801,0.32475857005586123,0.14145109129195865,0.5459065815260759,0.3259962358186015,0.12809718265532272
6,kexim_ai_platform,kexim_ai_platform:COR-007,계약·질의검토,1.0,계약·질의검토,계약·질의검토,True,False,True,계약·질의검토,0.4007670176909125,0.13888804998804083,0.4603449323210466,계약·질의검토,0.4042430219523031,0.10837910795115727,0.4873778700965397,계약·질의검토,0.4195773652665412,0.12191346936634619,0.4585091653671127,0.40819580163658564,0.1230602091018481,0.46874398926156635
6,kexim_ai_platform,kexim_ai_platform:COR-008,계약·질의검토,1.0,통상수용,통상수용,True,True,False,통상수용,0.6551666901002843,0.11643999828012402,0.22839331161959164,통상수용,0.7539123586313566,0.08177189866438253,0.1643157427042609,통상수용,0.6718289886143027,0.10833525822187819,0.21983575316381918,0.6936360124486479,0.10218238505546158,0.20418160249589057
6,kexim_ai_platform,kexim_ai_platform:DAR-002,계약·질의검토,1.0,견적반영,견적반영,True,True,False,견적반영,0.14904615731931814,0.5976978760930451,0.25325596658763666,견적반영,0.11317865339233414,0.6631786040043438,0.22364274260332206,견적반영,0.08011032283976632,0.6920303635459039,0.2278593136143299,0.1141117111838062,0.6509689478810977,0.23491934093509623
6,kexim_ai_platform,kexim_ai_platform:DAR-003,견적반영,1.0,견적반영,견적반영,True,False,True,견적반영,0.3062011066074174,0.43919616764089886,0.25460272575168386,견적반영,0.28684429726179134,0.49312003702831547,0.22003566570989336,견적반영,0.3256222407419996,0.458067811251257,0.2163099480067435,0.3062225482037361,0.46346133864015715,0.2303161131561069
6,kexim_ai_platform,kexim_ai_platform:DAR-004,견적반영,1.0,견적반영,견적반영,True,False,True,견적반영,0.13601058114200046,0.5698304662071928,0.29415895265080666,견적반영,0.0890146027447696,0.6158847722010894,0.2951006250541409,견적반영,0.10629773179679784,0.6014670062019187,0.29223526200128347,0.11044097189452264,0.595727414870067,0.29383161323541035
6,kexim_ai_platform,kexim_ai_platform:DAR-005,통상수용,1.0,견적반영,견적반영,True,True,False,견적반영,0.3425161755777072,0.5138975684463786,0.14358625597591415,견적반영,0.2958047939933388,0.6044050006493401,0.09979020535732094,견적반영,0.30899240040592585,0.5637367701472151,0.12727082944685922,0.31577112332565727,0.5606797797476446,0.12354909692669809
6,kexim_ai_platform,kexim_ai_platform:DAR-006,견적반영,1.0,견적반영,견적반영,True,False,True,견적반영,0.22823283177926756,0.6213512900856138,0.15041587813511859,견적반영,0.19166787247396422,0.6777223903540878,0.13060973717194801,견적반영,0.18249073516337933,0.7053343086997286,0.11217495613689195,0.2007971464722037,0.6681359963798101,0.1310668571479862
6,kexim_ai_platform,kexim_ai_platform:DAR-007,통상수용,1.0,통상수용,통상수용,False,False,True,견적반영,0.4125031319205723,0.4218487303666668,0.16564813771276093,통상수용,0.44272597987129797,0.4252686784752045,0.13200534165349762,통상수용,0.49771551149269005,0.37815582490765565,0.12412866359965422,0.45098154109485344,0.4084244112498423,0.14059404765530426
6,kexim_ai_platform,kexim_ai_platform:DAR-008,통상수용,1.0,통상수용,통상수용,True,False,True,통상수용,0.7392707305484792,0.15526831900788435,0.10546095044363643,통상수용,0.8241254045027407,0.10326416603346325,0.07261042946379606,통상수용,0.7368252409258631,0.1645824614932174,0.09859229758091943,0.7667404586590276,0.14103831551152168,0.09222122582945064
6,kexim_ai_platform,kexim_ai_platform:ECR-001,계약·질의검토,1.0,견적반영,견적반영,True,True,False,견적반영,0.21947943124485536,0.44766009316459043,0.3328604755905541,견적반영,0.1805990748248743,0.47454025485992457,0.34486067031520123,견적반영,0.16098306320745095,0.5250491948795332,0.3139677419130158,0.18702052309239356,0.4824165143013494,0.330562962606257
6,kexim_ai_platform,kexim_ai_platform:ECR-002,견적반영,1.0,계약·질의검토,계약·질의검토,False,False,True,계약·질의검토,0.34232945333731774,0.3133031262199588,0.34436742044272334,계약·질의검토,0.3385720106432834,0.3214903484419072,0.33993764091480944,견적반영,0.32356216838480195,0.3559353251770463,0.32050250643815176,0.33482121078846766,0.33024293327963744,0.33493585593189484
6,kexim_ai_platform,kexim_ai_platform:ECR-004,계약·질의검토,1.0,통상수용,통상수용,False,True,False,통상수용,0.4351784301662595,0.3279500599604365,0.236871509873304,통상수용,0.44005176813928315,0.35285668374887746,0.2070915481118393,견적반영,0.3635970994227926,0.3873776106418828,0.2490252899353246,0.41294243257611174,0.35606145145039897,0.23099611597348932
6,kexim_ai_platform,kexim_ai_platform:ECR-005,계약·질의검토,1.0,계약·질의검토,계약·질의검토,True,False,True,계약·질의검토,0.20083339187957155,0.20236843655592635,0.5967981715645021,계약·질의검토,0.15372087266814072,0.1654784044401673,0.680800722891692,계약·질의검토,0.18745210217480804,0.21229991536607196,0.6002479824591201,0.1806687889075068,0.19338225212072188,0.6259489589717715
6,kexim_ai_platform,kexim_ai_platform:ECR-006,통상수용,1.0,견적반영,견적반영,False,False,True,견적반영,0.3382702695315198,0.4522932167605159,0.20943651370796432,통상수용,0.4066178165322051,0.3898229600140909,0.20355922345370392,견적반영,0.301794642014621,0.5146111574332557,0.1835942005521234,0.3488942426927819,0.45224244473595415,0.19886331257126388
6,kexim_ai_platform,kexim_ai_platform:ECR-007,계약·질의검토,1.0,통상수용,통상수용,True,True,False,통상수용,0.39031888470511933,0.302163144483645,0.3075179708112356,통상수용,0.3861575116282306,0.292108128262586,0.3217343601091834,통상수용,0.4173810925382508,0.32906153762298274,0.2535573698387665,0.3979524962905336,0.30777760345640454,0.2942699002530618
6,kexim_ai_platform,kexim_ai_platform:ECR-008,견적반영,1.0,계약·질의검토,계약·질의검토,False,False,True,계약·질의검토,0.2866692592110598,0.3310956417467688,0.38223509904217146,계약·질의검토,0.24326519085546627,0.3046319525287964,0.4521028566157373,견적반영,0.24259638375219925,0.3993100837627972,0.3580935324850035,0.2575102779395751,0.3450125593461208,0.39747716271430406
6,kexim_ai_platform,kexim_ai_platform:ECR-009,견적반영,1.0,견적반영,견적반영,True,False,True,견적반영,0.30923108893893575,0.39858238542017144,0.2921865256408927,견적반영,0.283772609868467,0.45144325479278663,0.26478413533874634,견적반영,0.27841901910470046,0.4764603599719619,0.2451206209233377,0.29047423930403443,0.44216200006163997,0.26736376063432554
6,kexim_ai_platform,kexim_ai_platform:ECR-010,견적반영,1.0,견적반영,견적반영,True,False,True,견적반영,0.25802710581374805,0.45968074004102827,0.28229215414522374,견적반영,0.23299191672335515,0.45157863607609156,0.31542944720055344,견적반영,0.22397497984321468,0.5202734606460871,0.25575155951069817,0.23833133412677263,0.4771776122544023,0.2844910536188251
6,kexim_ai_platform,kexim_ai_platform:GOV-001,견적반영,1.0,계약·질의검토,계약·질의검토,False,False,True,통상수용,0.34597999876446356,0.3241287761842301,0.3298912250513064,계약·질의검토,0.3253012881332609,0.3075903666046501,0.367108345262089,견적반영,0.3296021464958414,0.3352794556631538,0.33511839784100483,0.3336278111311886,0.32233286615067797,0.34403932271813337
6,kexim_ai_platform,kexim_ai_platform:GOV-002,통상수용,1.0,계약·질의검토,계약·질의검토,False,False,True,계약·질의검토,0.3778913958607719,0.2263754269904041,0.39573317714882394,계약·질의검토,0.3604859646344452,0.22619421559850023,0.41331981976705456,통상수용,0.3946391914081773,0.22068870693924453,0.3846721016525782,0.3776721839677981,0.22441944984271625,0.39790836618948555
6,kexim_ai_platform,kexim_ai_platform:GOV-003,견적반영,1.0,견적반영,견적반영,True,False,True,견적반영,0.3125403273828692,0.3690356646620095,0.3184240079551213,견적반영,0.2562655051307389,0.37650652497244813,0.3672279698968129,견적반영,0.22942289926990558,0.3957339826316868,0.3748431180984076,0.26607624392783785,0.38042539075538145,0.35349836531678064
6,kexim_ai_platform,kexim_ai_platform:GOV-004,통상수용,1.0,통상수용,통상수용,False,False,True,통상수용,0.3753909464559483,0.3599860895257585,0.2646229640182931,견적반영,0.33305009490910037,0.3800346847031263,0.28691522038777323,통상수용,0.4314165324675109,0.32656689348630713,0.242016574046182,0.3799525246108531,0.35552922257173064,0.2645182528174161
6,kexim_ai_platform,kexim_ai_platform:GOV-005,통상수용,1.0,통상수용,통상수용,True,False,True,통상수용,0.4962506579718929,0.24128977667646725,0.2624595653516399,통상수용,0.5140584337847635,0.23370538455616605,0.2522361816590705,통상수용,0.5564466172895585,0.21858602417561168,0.22496735853482985,0.5222519030154049,0.231193728469415,0.2465543685151801
6,kexim_ai_platform,kexim_ai_platform:INF-001,통상수용,1.0,통상수용,통상수용,True,False,True,통상수용,0.6134009400122552,0.17697806843109826,0.2096209915566465,통상수용,0.6722798101835114,0.14935371556535088,0.17836647425113772,통상수용,0.6785037570881103,0.1493787308141852,0.1721175120977045,0.6547281690946256,0.15857017160354478,0.18670165930182958
6,kexim_ai_platform,kexim_ai_platform:INF-002,통상수용,1.0,통상수용,통상수용,True,False,True,통상수용,0.5131296647792127,0.13621147821481736,0.3506588570059699,통상수용,0.589263036742947,0.09255843895574761,0.3181785243013054,통상수용,0.5636127161547708,0.13038721480536639,0.3060000690398629,0.5553351392256435,0.11971904399197712,0.3249458167823794
6,kexim_ai_platform,kexim_ai_platform:INF-003,통상수용,1.0,통상수용,통상수용,True,False,True,통상수용,0.44311224766778234,0.23274607955408874,0.32414167277812894,통상수용,0.44739959279732655,0.2301554027764684,0.3224450044262051,통상수용,0.4889025885735528,0.19785816929881553,0.3132392421276316,0.4598048096795539,0.22025321720979088,0.3199419731106552
6,kexim_ai_platform,kexim_ai_platform:INF-004,통상수용,1.0,통상수용,통상수용,True,False,True,통상수용,0.41852578102247207,0.3339253030168439,0.24754891596068407,통상수용,0.4126241294643179,0.33953953512487706,0.24783633541080513,통상수용,0.5776419401119843,0.23670720369623116,0.18565085619178448,0.4695972835329248,0.30339068061265073,0.22701203585442456
6,kexim_ai_platform,kexim_ai_platform:INR-001,견적반영,1.0,견적반영,견적반영,True,False,True,견적반영,0.19710278221990452,0.4301595694712574,0.37273764830883804,견적반영,0.15903023861172508,0.4490288500006075,0.39194091138766735,견적반영,0.1795524611825951,0.439914050184693,0.3805334886327118,0.1785618273380749,0.4397008232188526,0.3817373494430724
6,kexim_ai_platform,kexim_ai_platform:INR-002,견적반영,1.0,견적반영,견적반영,True,False,True,견적반영,0.20100631670647345,0.4082880672754413,0.3907056160180853,견적반영,0.15627306514935982,0.4409745595804835,0.4027523752701567,견적반영,0.20896556982790584,0.41241596508047734,0.3786184650916168,0.18874831722791305,0.4205595306454674,0.3906921521266196
6,kexim_ai_platform,kexim_ai_platform:INR-003,견적반영,1.0,견적반영,견적반영,True,False,True,견적반영,0.24757295584231784,0.44575059127050937,0.3066764528871728,견적반영,0.19224994575877954,0.5241482664670805,0.28360178777413997,견적반영,0.25909777852123395,0.4934438440306513,0.24745837744811477,0.2329735600407771,0.48778090058941365,0.27924553936980917
6,kexim_ai_platform,kexim_ai_platform:INR-004,견적반영,1.0,계약·질의검토,계약·질의검토,True,True,False,계약·질의검토,0.25088410080407925,0.35323968096923636,0.39587621822668434,계약·질의검토,0.18979629395410783,0.3633995387778727,0.44680416726801947,계약·질의검토,0.20201819978917224,0.3943576893205675,0.40362411089026023,0.21423286484911977,0.37033230302255876,0.4154348321283214
6,kexim_ai_platform,kexim_ai_platform:INR-005,계약·질의검토,1.0,계약·질의검토,계약·질의검토,True,False,True,계약·질의검토,0.12461021469578991,0.16579240420239497,0.7095973811018152,계약·질의검토,0.08730279330222433,0.12385759123664858,0.7888396154611271,계약·질의검토,0.10304911426760868,0.17599118089675805,0.7209597048356332,0.10498737408854097,0.1552137254452672,0.7397989004661918
6,kexim_ai_platform,kexim_ai_platform:INR-006,계약·질의검토,1.0,계약·질의검토,계약·질의검토,True,False,True,계약·질의검토,0.2968496601774244,0.21395918875005407,0.4891911510725214,계약·질의검토,0.2857521580308584,0.19027245698154455,0.5239753849875971,계약·질의검토,0.23947667217203078,0.21891657464946856,0.5416067531785007,0.2740261634601045,0.20771607346035573,0.5182577630795397
6,kexim_ai_platform,kexim_ai_platform:INR-007,계약·질의검토,1.0,계약·질의검토,계약·질의검토,True,False,True,계약·질의검토,0.2340769372404337,0.26458665382436014,0.5013364089352061,계약·질의검토,0.20951693089498621,0.2656325510774781,0.5248505180275358,계약·질의검토,0.22082798492118877,0.2707642668162802,0.508407748262531,0.22147395101886955,0.26699449057270613,0.5115315584084242
6,kexim_ai_platform,kexim_ai_platform:INR-008,계약·질의검토,1.0,계약·질의검토,계약·질의검토,False,False,True,계약·질의검토,0.3423301103868614,0.21835586091896553,0.4393140286941731,계약·질의검토,0.35009619016643656,0.20178508485460933,0.44811872497895405,통상수용,0.45296001414112613,0.17135340669806637,0.3756865791608076,0.3817954382314747,0.19716478415721372,0.42103977761131156
6,kexim_ai_platform,kexim_ai_platform:INR-009,계약·질의검토,1.0,계약·질의검토,계약·질의검토,True,False,True,계약·질의검토,0.3149129733877416,0.21557154364905806,0.46951548296320034,계약·질의검토,0.2829514046177637,0.1718653624446654,0.5451832329375709,계약·질의검토,0.2555411618309534,0.20108479809001825,0.5433740400790285,0.28446851327881956,0.19617390139458057,0.5193575853265999
6,kexim_ai_platform,kexim_ai_platform:INR-010,계약·질의검토,1.0,계약·질의검토,계약·질의검토,True,False,True,계약·질의검토,0.09053995506971584,0.1625220688885499,0.7469379760417343,계약·질의검토,0.05560844169338728,0.12375934938439268,0.8206322089222201,계약·질의검토,0.07901571884851663,0.1672074170404448,0.7537768641110386,0.07505470520387325,0.15116294510446246,0.7737823496916643
6,kexim_ai_platform,kexim_ai_platform:INR-011,계약·질의검토,1.0,계약·질의검토,계약·질의검토,True,False,True,계약·질의검토,0.19510802432975766,0.13605368426751602,0.6688382914027263,계약·질의검토,0.16735767022372303,0.1062197256353823,0.7264226041408947,계약·질의검토,0.14826185904821526,0.12360489744854758,0.7281332435032373,0.170242517867232,0.1219594357838153,0.7077980463489527
6,kexim_ai_platform,kexim_ai_platform:INR-012,견적반영,1.0,견적반영,견적반영,False,False,True,통상수용,0.38780079375661913,0.37998062720849546,0.23221857903488538,견적반영,0.388519018174298,0.40358223010079153,0.20789875172491049,견적반영,0.3525431595107858,0.43810485271512345,0.20935198777409064,0.3762876571472343,0.40722257000813683,0.2164897728446288
6,kexim_ai_platform,kexim_ai_platform:INR-DTL-001,계약·질의검토,1.0,계약·질의검토,계약·질의검토,True,False,True,계약·질의검토,0.09267122758508717,0.1718103041273893,0.7355184682875235,계약·질의검토,0.047576059149491166,0.10171873972046186,0.850705201130047,계약·질의검토,0.052332166934409494,0.17727294209403763,0.7703948909715529,0.06419315122299595,0.15026732864729628,0.7855395201297078
6,kexim_ai_platform,kexim_ai_platform:INR-DTL-002,계약·질의검토,1.0,계약·질의검토,계약·질의검토,True,False,True,계약·질의검토,0.11789396898065944,0.4213752724636267,0.4607307585557137,계약·질의검토,0.07535045519574209,0.44521647178976087,0.479433073014497,계약·질의검토,0.07075770133567486,0.45942028971088594,0.4698220089534392,0.08800070850402546,0.44200401132142453,0.46999528017455
6,kexim_ai_platform,kexim_ai_platform:INR-DTL-003,견적반영,1.0,계약·질의검토,계약·질의검토,True,True,False,계약·질의검토,0.14632932800637402,0.28570947236439226,0.5679611996292337,계약·질의검토,0.11058804819688871,0.23800025677862804,0.6514116950244833,계약·질의검토,0.10265908171304398,0.3029077956632627,0.5944331226236932,0.11985881930543557,0.2755391749354277,0.6046020057591367
6,kexim_ai_platform,kexim_ai_platform:INR-DTL-004,견적반영,1.0,계약·질의검토,계약·질의검토,True,True,False,계약·질의검토,0.25700515639087335,0.2194320625720478,0.5235627810370789,계약·질의검토,0.24568982088427604,0.18469465975024876,0.5696155193654752,계약·질의검토,0.20601814322108106,0.20768764034721396,0.5862942164317049,0.23623770683207682,0.20393812088983684,0.5598241722780862
6,kexim_ai_platform,kexim_ai_platform:PER-001,계약·질의검토,1.0,계약·질의검토,계약·질의검토,True,False,True,계약·질의검토,0.3289963781699929,0.19325456693772755,0.47774905489227965,계약·질의검토,0.28832932456597415,0.17101207393739296,0.5406586014966328,계약·질의검토,0.33023853978168943,0.16869088125353077,0.5010705789647797,0.3158547475058855,0.1776525073762171,0.5064927451178973
6,kexim_ai_platform,kexim_ai_platform:PER-002,계약·질의검토,1.0,견적반영,견적반영,False,True,False,견적반영,0.3275982523468546,0.3798772315030754,0.2925245161500701,견적반영,0.34949723141901684,0.3851742376971996,0.26532853088378344,통상수용,0.3814890076657046,0.3738582765997597,0.2446527157345357,0.35286149714385867,0.3796365819333449,0.2675019209227964
6,kexim_ai_platform,kexim_ai_platform:PER-003,계약·질의검토,1.0,계약·질의검토,계약·질의검토,True,False,True,계약·질의검토,0.18135289275536823,0.18986328056804944,0.6287838266765824,계약·질의검토,0.1344838062034118,0.14408188599545002,0.7214343078011382,계약·질의검토,0.16278539094828623,0.17823156946149113,0.6589830395902226,0.15954069663568873,0.17072557867499685,0.6697337246893144
6,kexim_ai_platform,kexim_ai_platform:PER-004,계약·질의검토,1.0,계약·질의검토,계약·질의검토,True,False,True,계약·질의검토,0.24951073027268353,0.16137659262471252,0.589112677102604,계약·질의검토,0.21283561069520046,0.13336691634869394,0.6537974729561057,계약·질의검토,0.21130471780634671,0.1481851865690052,0.6405100956246481,0.22455035292474357,0.14764289851413723,0.6278067485611193
6,kexim_ai_platform,kexim_ai_platform:PMR-001,통상수용,1.0,통상수용,통상수용,True,False,True,통상수용,0.517811831160733,0.13432101938234914,0.3478671494569178,통상수용,0.492176005847193,0.11703789880506706,0.39078609534773995,통상수용,0.5333208963662113,0.13034535360095081,0.33633375003283783,0.5144362444580458,0.127234757262789,0.35832899827916515
6,kexim_ai_platform,kexim_ai_platform:PMR-002,통상수용,1.0,통상수용,통상수용,True,False,True,통상수용,0.4995477759408085,0.2317498955492504,0.2687023285099411,통상수용,0.5626544083866584,0.21544650556157574,0.22189908605176592,통상수용,0.4421039651692786,0.26019436756504527,0.2977016672656761,0.5014353831655819,0.2357969228919571,0.262767693942461
6,kexim_ai_platform,kexim_ai_platform:PMR-003,통상수용,1.0,통상수용,통상수용,True,False,True,통상수용,0.3973246682111066,0.23874769697434386,0.3639276348145495,통상수용,0.40069881441390487,0.2418529194455934,0.3574482661405017,통상수용,0.4015856147987067,0.23518955833848795,0.36322482686280533,0.3998696991412394,0.23859672491947506,0.3615335759392855
6,kexim_ai_platform,kexim_ai_platform:PMR-004,견적반영,1.0,견적반영,견적반영,False,False,True,통상수용,0.37199225060618046,0.35126592728698924,0.2767418221068303,견적반영,0.34512063235064383,0.3898848549154672,0.2649945127338891,견적반영,0.3313183492416792,0.34195490956063807,0.32672674119768275,0.3494770773995011,0.3610352305876982,0.2894876920128007
6,kexim_ai_platform,kexim_ai_platform:PMR-005,통상수용,1.0,통상수용,통상수용,True,False,True,통상수용,0.655802603878282,0.13577600270826584,0.20842139341345217,통상수용,0.7517087780010875,0.09707412876345205,0.1512170932354604,통상수용,0.6524465576743859,0.12248014656337168,0.22507329576224241,0.6866526465179185,0.11844342601169654,0.19490392747038499
6,kexim_ai_platform,kexim_ai_platform:PMR-006,통상수용,1.0,통상수용,통상수용,True,False,True,통상수용,0.6278573976347093,0.18544869005969777,0.18669391230559296,통상수용,0.7297900280437186,0.13609032578779745,0.13411964616848382,통상수용,0.7299993957387461,0.13362599146504067,0.13637461279621324,0.6958822738057245,0.15172166910417864,0.15239605709009665
6,kexim_ai_platform,kexim_ai_platform:PMR-007,통상수용,1.0,통상수용,통상수용,True,False,True,통상수용,0.6989106744858196,0.13136631497707374,0.16972301053710673,통상수용,0.7629709251685055,0.10518990208067876,0.1318391727508158,통상수용,0.7529721287252418,0.1006954195098512,0.146332451764907,0.7382845761265223,0.11241721218920124,0.1492982116842765
6,kexim_ai_platform,kexim_ai_platform:PMR-008,통상수용,1.0,통상수용,통상수용,True,False,True,통상수용,0.7290316589454585,0.14256184375895142,0.12840649729559,통상수용,0.8007983013491956,0.10719452226675141,0.092007176384053,통상수용,0.8486913327835772,0.08721229459352235,0.06409637262290045,0.792840431026077,0.11232288687307507,0.09483668210084782
6,kexim_ai_platform,kexim_ai_platform:PMR-009,통상수용,1.0,통상수용,통상수용,True,False,True,통상수용,0.5871272118244808,0.2143506415609019,0.19852214661461742,통상수용,0.6751609823502115,0.175619961257296,0.14921905639249244,통상수용,0.6930930418009864,0.1598988813158014,0.1470080768832122,0.6517937453252262,0.18328982804466643,0.16491642663010736
6,kexim_ai_platform,kexim_ai_platform:PMR-010,통상수용,1.0,통상수용,통상수용,True,False,True,통상수용,0.6201745269370719,0.15727505954830526,0.2225504135146228,통상수용,0.6459736887555763,0.1308133532607892,0.22321295798363455,통상수용,0.6602809451910707,0.14146338486904686,0.19825566993988242,0.6421430536279062,0.14318393255938044,0.21467301381271323
6,kexim_ai_platform,kexim_ai_platform:PMR-011,통상수용,1.0,통상수용,통상수용,True,False,True,통상수용,0.5284821367619104,0.2733287509433859,0.1981891122947037,통상수용,0.527317097829651,0.2675542084827378,0.20512869368761125,통상수용,0.6332148564353278,0.21615337718921196,0.15063176637546027,0.5630046970089629,0.25234544553844523,0.18464985745259174
6,kexim_ai_platform,kexim_ai_platform:PMR-012,통상수용,1.0,통상수용,통상수용,True,False,True,통상수용,0.6533087804652172,0.17435705559393855,0.1723341639408443,통상수용,0.737311516599872,0.14232404662563727,0.12036443677449073,통상수용,0.7686979935989904,0.12402698181612239,0.10727502458488718,0.7197727635546931,0.14690269467856606,0.13332454176674075
6,kexim_ai_platform,kexim_ai_platform:PMR-013,계약·질의검토,1.0,통상수용,통상수용,True,True,False,통상수용,0.5187353996731081,0.23119891425359396,0.250065686073298,통상수용,0.5985946974033537,0.18884079072244453,0.21256451187420183,통상수용,0.6041744019698978,0.16358697994051008,0.23223861808959215,0.5738348330154532,0.19454222830551618,0.23162293867903064
6,kexim_ai_platform,kexim_ai_platform:PMR-014,통상수용,1.0,통상수용,통상수용,True,False,True,통상수용,0.5500053874875123,0.2427296854139037,0.20726492709858407,통상수용,0.5905260401251651,0.24256028924581027,0.16691367062902462,통상수용,0.6845769366910822,0.17141973587245282,0.14400332743646496,0.6083694547679199,0.21890323684405558,0.17272730838802455
6,kexim_ai_platform,kexim_ai_platform:PMR-015,통상수용,1.0,통상수용,통상수용,True,False,True,통상수용,0.6724538711707743,0.15060087065379152,0.17694525817543422,통상수용,0.769175478971441,0.10956257232426216,0.12126194870429671,통상수용,0.7574121359877087,0.10944817663581871,0.13313968737647253,0.7330138287099747,0.12320387320462411,0.14378229808540113
6,kexim_ai_platform,kexim_ai_platform:PMR-016,통상수용,1.0,통상수용,통상수용,True,False,True,통상수용,0.672293325787044,0.13198980561373427,0.19571686859922174,통상수용,0.7190849630545388,0.10502113789210275,0.1758938990533583,통상수용,0.7530375229426619,0.09974689208429674,0.1472155849730412,0.7148052705947482,0.11225261186337791,0.17294211754187375
6,kexim_ai_platform,kexim_ai_platform:PMR-017,통상수용,1.0,통상수용,통상수용,True,False,True,통상수용,0.4557061700174313,0.19923636008119455,0.34505746990137415,통상수용,0.531467435341773,0.19318118819457034,0.27535137646365676,통상수용,0.5248363852391382,0.1441425503094786,0.33102106445138324,0.5040033301994474,0.17885336619508116,0.3171433036054714
6,kexim_ai_platform,kexim_ai_platform:PMR-018,통상수용,1.0,통상수용,통상수용,True,False,True,통상수용,0.6094095490127174,0.16239774784423505,0.22819270314304752,통상수용,0.7439532541167583,0.10548375994202427,0.15056298594121734,통상수용,0.6716779178122557,0.11763316867147913,0.21068891351626526,0.6750135736472438,0.12850489215257946,0.1964815342001767
6,kexim_ai_platform,kexim_ai_platform:PMR-019,통상수용,1.0,통상수용,통상수용,True,False,True,통상수용,0.5879809637255904,0.20564166492920016,0.20637737134520945,통상수용,0.676969425294045,0.1533288209493824,0.16970175375657257,통상수용,0.6455680808217795,0.1553271221031287,0.1991047970750917,0.6368394899471382,0.17143253599390376,0.19172797405895792
6,kexim_ai_platform,kexim_ai_platform:PMR-020,통상수용,1.0,통상수용,통상수용,True,False,True,통상수용,0.6632317620021082,0.1635293919318139,0.17323884606607798,통상수용,0.7663913789464276,0.11413847340716803,0.11947014764640446,통상수용,0.735563555751285,0.1283092916011593,0.13612715264755565,0.7217288988999403,0.13532571898004708,0.1429453821200127
6,kexim_ai_platform,kexim_ai_platform:PMR-021,견적반영,1.0,계약·질의검토,계약·질의검토,True,True,False,계약·질의검토,0.3317913354163487,0.26254699653620506,0.40566166804744624,계약·질의검토,0.35664064222208647,0.25807970292550275,0.38527965485241084,계약·질의검토,0.32508797927944133,0.258532054765132,0.4163799659554266,0.3378399856392922,0.25971958474227996,0.40244042961842785
6,kexim_ai_platform,kexim_ai_platform:PMR-022,통상수용,1.0,통상수용,통상수용,True,False,True,통상수용,0.528489801698993,0.22994952087790976,0.24156067742309725,통상수용,0.6338437174932151,0.20134629123346307,0.16480999127332177,통상수용,0.5962698801218568,0.19169171237716362,0.21203840750097963,0.5862011331046882,0.20766250816284548,0.2061363587324662
6,kexim_ai_platform,kexim_ai_platform:PMR-023,통상수용,1.0,통상수용,통상수용,True,False,True,통상수용,0.5709623544631561,0.20924354337254553,0.21979410216429826,통상수용,0.6750991260019389,0.15910908450280223,0.1657917894952589,통상수용,0.6578197735739783,0.16603962045631598,0.17614060596970574,0.634627084679691,0.17813074944388788,0.18724216587642095
6,kexim_ai_platform,kexim_ai_platform:PMR-024,통상수용,1.0,통상수용,통상수용,True,False,True,통상수용,0.6705517589160767,0.18233400098246388,0.14711424010145951,통상수용,0.763027404469726,0.13428479037669083,0.10268780515358324,통상수용,0.797934291319097,0.10773916773692338,0.09432654094397974,0.7438378182349665,0.14145265303202603,0.1147095287330075
6,kexim_ai_platform,kexim_ai_platform:PMR-027,통상수용,1.0,통상수용,통상수용,True,False,True,통상수용,0.6781352118441336,0.1394836693274675,0.18238111882839883,통상수용,0.7185479393957299,0.1184459031119574,0.16300615749231268,통상수용,0.7433486409580115,0.10545611036267692,0.15119524867931167,0.7133439307326249,0.12112856093403396,0.16552750833334107
6,kexim_ai_platform,kexim_ai_platform:PMR-028,통상수용,1.0,통상수용,통상수용,False,False,True,통상수용,0.4181138007661747,0.3203112211827479,0.26157497805107727,견적반영,0.3612773703745782,0.38590786265638605,0.2528147669690358,통상수용,0.4370728970112292,0.3121746335697135,0.25075246941905727,0.40548802271732737,0.33946457246961587,0.2550474048130568
6,kexim_ai_platform,kexim_ai_platform:PMR-029,통상수용,1.0,통상수용,통상수용,True,False,True,통상수용,0.656459517366238,0.17179881068563765,0.17174167194812437,통상수용,0.7108301275341825,0.13363077201207704,0.15553910045374048,통상수용,0.7924301025506111,0.10713150226754413,0.10043839518184486,0.7199065824836772,0.13752036165508627,0.14257305586123656
6,kexim_ai_platform,kexim_ai_platform:PMR-030,계약·질의검토,1.0,계약·질의검토,계약·질의검토,True,False,True,계약·질의검토,0.3711713991431439,0.12683526969432182,0.5019933311625343,계약·질의검토,0.3736861753965062,0.10217752246390428,0.5241363021395894,계약·질의검토,0.3661694027584512,0.11741941803417894,0.5164111792073698,0.3703423257660338,0.11547740339746836,0.5141802708364979
6,kexim_ai_platform,kexim_ai_platform:PSR-001,계약·질의검토,1.0,통상수용,통상수용,True,True,False,통상수용,0.541594923505851,0.1509761019981351,0.30742897449601386,통상수용,0.5654204892922748,0.12740357584990292,0.3071759348578222,통상수용,0.4630765097170982,0.19252878780369573,0.34439470247920606,0.5233639741717414,0.1569694885505779,0.31966653727768074
6,kexim_ai_platform,kexim_ai_platform:PSR-002,계약·질의검토,1.0,계약·질의검토,계약·질의검토,True,False,True,계약·질의검토,0.3318648283050384,0.1519572617201413,0.5161779099748203,계약·질의검토,0.2718566385531163,0.13722361892377224,0.5909197425231114,계약·질의검토,0.2967551899865126,0.16266653706691392,0.5405782729465733,0.3001588856148891,0.15061580590360915,0.5492253084815016
6,kexim_ai_platform,kexim_ai_platform:PSR-003,통상수용,1.0,통상수용,통상수용,True,False,True,통상수용,0.5696711333660542,0.23415355226487355,0.19617531436907215,통상수용,0.6579471611184136,0.18023218759638085,0.1618206512852055,통상수용,0.6642429119617297,0.19760471394624807,0.1381523740920222,0.6306204021487325,0.20399681793583416,0.1653827799154333
6,kexim_ai_platform,kexim_ai_platform:PSR-004,통상수용,1.0,통상수용,통상수용,True,False,True,통상수용,0.5176592540447852,0.2106988774387925,0.27164186851642225,통상수용,0.5650689203166972,0.20747171587968172,0.227459363803621,통상수용,0.4829059563557692,0.20084740424754494,0.3162466393966858,0.5218780435724172,0.2063393325220064,0.27178262390557634
6,kexim_ai_platform,kexim_ai_platform:PSR-005,계약·질의검토,1.0,계약·질의검토,계약·질의검토,False,False,True,계약·질의검토,0.38922440616365606,0.19983990773305751,0.4109356861032864,통상수용,0.40960337748801456,0.19905379448549793,0.3913428280264875,계약·질의검토,0.2956518314110385,0.2214085333556472,0.48293963523331435,0.3648265383542364,0.20676741185806757,0.4284060497876961
6,kexim_ai_platform,kexim_ai_platform:PSR-006,계약·질의검토,1.0,계약·질의검토,계약·질의검토,True,False,True,계약·질의검토,0.20834255850550237,0.15891774191148142,0.6327396995830162,계약·질의검토,0.16095595446490496,0.13658172223043033,0.7024623233046647,계약·질의검토,0.16710671805805205,0.15044446482097307,0.682448817120975,0.17880174367615312,0.1486479763209616,0.6725502800028854
6,kexim_ai_platform,kexim_ai_platform:QMR-001,견적반영,1.0,견적반영,견적반영,True,False,True,견적반영,0.2321417014824428,0.5465988128146674,0.22125948570288978,견적반영,0.24127444151533162,0.5768844665742339,0.1818410919104345,견적반영,0.1882783062153941,0.5940400067660121,0.21768168701859375,0.22056481640438952,0.5725077620516378,0.2069274215439727
6,kexim_ai_platform,kexim_ai_platform:QMR-002,통상수용,1.0,통상수용,통상수용,False,False,True,통상수용,0.374721246227194,0.34086170925913256,0.28441704451367356,견적반영,0.3426182123500531,0.3962147414579203,0.26116704619202674,통상수용,0.46872604423083514,0.3204229175958297,0.21085103817333525,0.39535516760269407,0.35249978943762755,0.25214504295967854
6,kexim_ai_platform,kexim_ai_platform:QMR-004,통상수용,1.0,통상수용,통상수용,True,False,True,통상수용,0.5806790564050152,0.20826552177594868,0.21105542181903617,통상수용,0.6281572185851048,0.17732260287387644,0.19452017854101883,통상수용,0.6231942190217359,0.19939425247474063,0.17741152850352354,0.6106768313372852,0.19499412570818855,0.19432904295452622
6,kexim_ai_platform,kexim_ai_platform:QMR-005,통상수용,1.0,통상수용,통상수용,True,False,True,통상수용,0.5705811429717828,0.14826943682945842,0.2811494201987588,통상수용,0.6887329045752664,0.10349571243987431,0.20777138298485937,통상수용,0.6253311702560597,0.12763955861342322,0.24702927113051704,0.6282150726010363,0.12646823596091863,0.24531669143804505
6,kexim_ai_platform,kexim_ai_platform:QMR-006,통상수용,1.0,계약·질의검토,계약·질의검토,True,True,False,계약·질의검토,0.3399145652091251,0.26878732223956636,0.3912981125513085,계약·질의검토,0.3268842944159792,0.24642811339486798,0.42668759218915275,계약·질의검토,0.3390237870636905,0.2583048176478753,0.4026713952884342,0.3352742155629316,0.2578400844274365,0.4068857000096318
6,kexim_ai_platform,kexim_ai_platform:QMR-007,통상수용,1.0,통상수용,통상수용,True,False,True,통상수용,0.6433693056703086,0.17538195269981618,0.18124874162987525,통상수용,0.711519806676578,0.14046116585566515,0.14801902746775686,통상수용,0.7765102716204255,0.11552544982925352,0.10796427855032104,0.7104664613224374,0.1437895227949116,0.14574401588265104
6,kexim_ai_platform,kexim_ai_platform:QMR-008,통상수용,1.0,통상수용,통상수용,True,False,True,통상수용,0.5831300001851418,0.16712281763081052,0.24974718218404762,통상수용,0.6808403807671861,0.12321640262607647,0.19594321660673747,통상수용,0.6598727492156691,0.13347559302144615,0.20665165776288477,0.6412810433893323,0.14127160442611106,0.2174473521845566
6,kexim_ai_platform,kexim_ai_platform:QMR-009,통상수용,1.0,통상수용,통상수용,True,False,True,통상수용,0.61270702731113,0.14022746416291745,0.24706550852595252,통상수용,0.7240987553405178,0.10172197710970535,0.17417926754977683,통상수용,0.6551152597927743,0.10306166738965059,0.24182307281757517,0.6639736808148075,0.11500370288742445,0.22102261629776818
6,kexim_ai_platform,kexim_ai_platform:QMR-010,통상수용,1.0,통상수용,통상수용,True,False,True,통상수용,0.4831343849476209,0.18749767538061235,0.32936793967176675,통상수용,0.5007846184196234,0.1467434433065441,0.35247193827383255,통상수용,0.5811208799335944,0.15010290409083926,0.2687762159755662,0.5216799611002796,0.16144800759266523,0.31687203130705516
6,kexim_ai_platform,kexim_ai_platform:QMR-011,통상수용,1.0,통상수용,통상수용,True,False,True,통상수용,0.4497258330941436,0.23509840177840016,0.31517576512745615,통상수용,0.5497132331808569,0.19897216492308686,0.2513146018960564,통상수용,0.394184516955564,0.2749541178490884,0.33086136519534765,0.4645411944101882,0.23634156151685848,0.2991172440729534
6,kexim_ai_platform,kexim_ai_platform:QMR-012,통상수용,1.0,통상수용,통상수용,True,False,True,통상수용,0.6434666840666846,0.1713551080866753,0.18517820784664007,통상수용,0.7347555237786904,0.12833773186763572,0.13690674435367392,통상수용,0.7847398540295543,0.09176025534924975,0.12349989062119597,0.7209873539583098,0.13048436510118694,0.14852828094050333
6,kexim_ai_platform,kexim_ai_platform:SEC-001,통상수용,1.0,계약·질의검토,계약·질의검토,False,False,True,통상수용,0.41943849151754786,0.19762197334236858,0.3829395351400835,통상수용,0.41821194515544596,0.17684498029807827,0.4049430745464757,계약·질의검토,0.3766148804224435,0.18602733771044522,0.43735778186711133,0.40475510569847906,0.18683143045029738,0.4084134638512235
6,kexim_ai_platform,kexim_ai_platform:SEC-002,통상수용,1.0,통상수용,통상수용,True,False,True,통상수용,0.6240707671320844,0.15169167960815558,0.22423755325975997,통상수용,0.7555479049138907,0.10234609989549757,0.1421059951906118,통상수용,0.682642134753935,0.12834000758706757,0.18901785765899742,0.6874202689333034,0.12745926236357355,0.18512046870312307
6,kexim_ai_platform,kexim_ai_platform:SEC-003,통상수용,1.0,통상수용,통상수용,True,False,True,통상수용,0.6065023056239167,0.17752165254303406,0.21597604183304925,통상수용,0.683306155964998,0.13353247325669276,0.18316137077830935,통상수용,0.7230449917374693,0.11945795281245965,0.15749705545007106,0.6709511511087948,0.14350402620406214,0.18554482268714323
6,kexim_ai_platform,kexim_ai_platform:SEC-004,통상수용,1.0,계약·질의검토,계약·질의검토,True,True,False,계약·질의검토,0.33981129244881175,0.21059238406409936,0.4495963234870887,계약·질의검토,0.3554062058293777,0.1828102219583081,0.4617835722123143,계약·질의검토,0.38852683666332,0.18285903026473252,0.4286141330719475,0.3612481116471698,0.19208721209571333,0.44666467625711687
6,kexim_ai_platform,kexim_ai_platform:SEC-007,통상수용,1.0,계약·질의검토,계약·질의검토,True,True,False,계약·질의검토,0.38371716566752956,0.19480881727645152,0.421474017056019,계약·질의검토,0.40406898704321403,0.17313807567083972,0.42279293728594625,계약·질의검토,0.3788151569052555,0.18000414249838123,0.44118070059636333,0.388867103205333,0.1826503451485575,0.4284825516461095
6,kexim_ai_platform,kexim_ai_platform:SEC-008,견적반영,1.0,계약·질의검토,계약·질의검토,True,True,False,계약·질의검토,0.23733158197607024,0.3410440723844411,0.42162434563948864,계약·질의검토,0.18966342611048284,0.3350354029092851,0.47530117098023206,계약·질의검토,0.19106531239437283,0.35395807102657256,0.4549766165790546,0.20602010682697533,0.34334584877343294,0.45063404439959176
6,kexim_ai_platform,kexim_ai_platform:SER-002,통상수용,1.0,계약·질의검토,계약·질의검토,True,True,False,계약·질의검토,0.22746631776994666,0.3689495456412055,0.4035841365888479,계약·질의검토,0.17435948836248125,0.36823031508736903,0.45741019655014975,계약·질의검토,0.1923959709960465,0.3871958498214684,0.420408179182485,0.19807392570949145,0.37479190351668096,0.4271341707738276
6,kexim_ai_platform,kexim_ai_platform:SER-003,계약·질의검토,1.0,계약·질의검토,계약·질의검토,True,False,True,계약·질의검토,0.16005331097719894,0.4194909065003442,0.42045578252245674,계약·질의검토,0.12164982114060073,0.4372498908822682,0.4411002879771311,계약·질의검토,0.10872240072075112,0.4292169469762132,0.46206065230303567,0.13014184427951694,0.4286525814529419,0.44120557426754115
6,kexim_ai_platform,kexim_ai_platform:SER-004,계약·질의검토,1.0,계약·질의검토,계약·질의검토,True,False,True,계약·질의검토,0.14212934259896032,0.38340804346949736,0.47446261393154227,계약·질의검토,0.098007536250928,0.3999300156693717,0.5020624480797002,계약·질의검토,0.12759528136871393,0.3676102840046513,0.5047944346266348,0.12257738673953407,0.38364944771450676,0.493773165545959
6,kexim_ai_platform,kexim_ai_platform:SYS-001,견적반영,1.0,계약·질의검토,계약·질의검토,True,True,False,계약·질의검토,0.34796957853284416,0.2933844629068134,0.3586459585603425,계약·질의검토,0.27804221741166507,0.2662687450481256,0.45568903754020934,계약·질의검토,0.28797451955495246,0.30885023958694097,0.4031752408581067,0.30466210516648723,0.2895011491806267,0.4058367456528862
6,kexim_ai_platform,kexim_ai_platform:SYS-003,견적반영,1.0,계약·질의검토,계약·질의검토,True,True,False,계약·질의검토,0.32414226453648054,0.2378629531157501,0.4379947823477694,계약·질의검토,0.2684443114357896,0.19762830383853663,0.5339273847256737,계약·질의검토,0.3114599610289414,0.22218539012682426,0.46635464884423433,0.30134884566707054,0.21922554902703698,0.47942560530589245
6,kexim_ai_platform,kexim_ai_platform:TER-001,통상수용,1.0,통상수용,통상수용,True,False,True,통상수용,0.5036608095122853,0.23662847616164825,0.25971071432606635,통상수용,0.5267331555526501,0.24005806539476296,0.23320877905258697,통상수용,0.45488287454373283,0.27888005425267387,0.2662370712035933,0.49509227986955606,0.25185553193636173,0.2530521881940822
6,kexim_ai_platform,kexim_ai_platform:TER-002,통상수용,1.0,통상수용,통상수용,True,False,True,통상수용,0.5753270226915284,0.16361910241371572,0.26105387489475596,통상수용,0.6922646452905784,0.12270790695416163,0.18502744775525995,통상수용,0.5478498684981942,0.18344338398589297,0.2687067475159129,0.6051471788267669,0.15659013111792344,0.23826269005530962
6,kexim_ai_platform,kexim_ai_platform:TER-003,통상수용,1.0,통상수용,통상수용,True,False,True,통상수용,0.4433631070481728,0.2651502182160442,0.291486674735783,통상수용,0.5067512571118583,0.22930048578146717,0.2639482571066746,통상수용,0.46258070064554935,0.27737806295449313,0.2600412363999574,0.4708983549351935,0.2572762556506682,0.2718253894141383
6,kexim_ai_platform,kexim_ai_platform:TER-004,통상수용,1.0,통상수용,통상수용,True,False,True,통상수용,0.5175000408768506,0.18634783494436033,0.296152124178789,통상수용,0.5344616386054739,0.14563164973954512,0.31990671165498097,통상수용,0.5890783515206094,0.17320822129588603,0.23771342718350452,0.5470133436676446,0.16839590199326385,0.2845907543390915
6,kexim_ai_platform,kexim_ai_platform:TER-005,통상수용,1.0,계약·질의검토,계약·질의검토,False,False,True,계약·질의검토,0.34338895712272827,0.29888165002636613,0.3577293928509056,계약·질의검토,0.3028996043315215,0.2780846790920616,0.41901571657641684,통상수용,0.37952697444550826,0.281307946947548,0.3391650786069437,0.34193851196658603,0.2860914253553252,0.3719700626780887
6,kexim_ai_platform,kexim_ai_platform:TER-006,계약·질의검토,1.0,계약·질의검토,계약·질의검토,True,False,True,계약·질의검토,0.24989843858580035,0.17426738148453352,0.5758341799296661,계약·질의검토,0.20297626806196878,0.1434427091597492,0.653581022778282,계약·질의검토,0.27470107901916835,0.1745778257611777,0.550721095219654,0.24252526188897916,0.16409597213515345,0.5933787659758674
6,kexim_ai_platform,kexim_ai_platform:TER-007,통상수용,1.0,통상수용,통상수용,True,False,True,통상수용,0.4664722695192521,0.14590355720385054,0.3876241732768973,통상수용,0.5145637612803475,0.12341067716076926,0.36202556155888327,통상수용,0.5525024505014674,0.12089220242612914,0.3266053470724035,0.5111794937670223,0.13006881226358297,0.35875169396939466
7,koen_ai_infrastructure,koen_ai_infrastructure:CON-001,통상수용,0.5,계약·질의검토,계약·질의검토,False,True,False,계약·질의검토,0.3039098597983629,0.33740827075757285,0.3586818694440642,견적반영,0.3016445014019939,0.36115076285972564,0.3372047357382804,계약·질의검토,0.3275656717361009,0.3195476819386238,0.35288664632527533,0.3110400109788192,0.33936890518530743,0.34959108383587334
7,koen_ai_infrastructure,koen_ai_infrastructure:CON-002,계약·질의검토,0.5,견적반영,견적반영,True,True,False,견적반영,0.2847835300997711,0.39554244660274,0.3196740232974889,견적반영,0.3127641323181954,0.3918744935610173,0.2953613741207873,견적반영,0.3194621912590587,0.3735610784231805,0.30697673031776074,0.3056699512256751,0.3869926728623126,0.3073373759120123
7,koen_ai_infrastructure,koen_ai_infrastructure:CON-004,통상수용,0.5,견적반영,견적반영,True,True,False,견적반영,0.3262711858183908,0.4691705603586411,0.20455825382296813,견적반영,0.3968358559486241,0.44570171854074464,0.15746242551063122,견적반영,0.37132552450899886,0.433766553363755,0.194907922127246,0.3648108554253379,0.44954627742104697,0.18564286715361514
7,koen_ai_infrastructure,koen_ai_infrastructure:COR-001,통상수용,0.5,통상수용,통상수용,True,False,True,통상수용,0.6160239825598868,0.19301302412527946,0.19096299331483382,통상수용,0.7277524422307511,0.12578401457017174,0.14646354319907712,통상수용,0.651138016633643,0.17391472487440393,0.17494725849195297,0.6649714804747603,0.16423725452328505,0.17079126500195466
7,koen_ai_infrastructure,koen_ai_infrastructure:COR-002,통상수용,0.5,통상수용,통상수용,True,False,True,통상수용,0.6804562870046736,0.13393486053421896,0.18560885246110745,통상수용,0.7608374167246446,0.09223708075211859,0.1469255025232369,통상수용,0.7054059300752309,0.11752628808601709,0.17706778183875188,0.7155665446015164,0.11456607645745154,0.1698673789410321
7,koen_ai_infrastructure,koen_ai_infrastructure:COR-004,통상수용,0.5,통상수용,통상수용,True,False,True,통상수용,0.670316835078388,0.1711019088560061,0.15858125606560583,통상수용,0.739231142550561,0.12749567424548525,0.13327318320395365,통상수용,0.7136203038282503,0.1500042076031525,0.1363754885685971,0.7077227604857331,0.14953393023488126,0.14274330927938553
7,koen_ai_infrastructure,koen_ai_infrastructure:COR-005,통상수용,0.5,통상수용,통상수용,True,False,True,통상수용,0.5133927577733468,0.30131696677330416,0.18529027545334897,통상수용,0.5678669770236183,0.2938871355865119,0.13824588738986976,통상수용,0.562877470513377,0.2731392877611151,0.1639832417255079,0.5480457351034475,0.28944779670697707,0.16250646818957556
7,koen_ai_infrastructure,koen_ai_infrastructure:COR-006,통상수용,0.5,통상수용,통상수용,True,False,True,통상수용,0.6221852148206354,0.12506390518688587,0.2527508799924787,통상수용,0.7175760560734213,0.09081672324608289,0.1916072206804957,통상수용,0.6662267604480627,0.10503757341416915,0.2287356661377681,0.6686626771140398,0.10697273394904598,0.22436458893691416
7,koen_ai_infrastructure,koen_ai_infrastructure:DAT-002,통상수용,0.5,견적반영,견적반영,True,True,False,견적반영,0.26720479780413814,0.5842162535189617,0.14857894867690016,견적반영,0.3003371176931497,0.5663694147363904,0.13329346757046004,견적반영,0.29688787407480594,0.5663465954579127,0.13676553046728143,0.28814326319069794,0.5723107545710882,0.13954598223821388
7,koen_ai_infrastructure,koen_ai_infrastructure:DAT-003,통상수용,0.5,통상수용,통상수용,True,False,True,통상수용,0.4661131765532358,0.42250618226365744,0.11138064118310671,통상수용,0.5254796895256553,0.3955136750906689,0.07900663538367576,통상수용,0.5256608311222796,0.36975300725040966,0.10458616162731083,0.5057512324003902,0.3959242882015787,0.09832447939803109
7,koen_ai_infrastructure,koen_ai_infrastructure:DAT-004,통상수용,0.5,통상수용,통상수용,True,False,True,통상수용,0.4729621218969836,0.4238488532309415,0.103189024872075,통상수용,0.5235671651414574,0.38981120784085926,0.08662162701768329,통상수용,0.5422828246656411,0.36796272341621666,0.0897544519181423,0.5129373705680274,0.3938742614960058,0.09318836793596685
7,koen_ai_infrastructure,koen_ai_infrastructure:DAT-005,통상수용,0.5,통상수용,통상수용,True,False,True,통상수용,0.45210448360679517,0.3835793155731564,0.16431620082004836,통상수용,0.48942011046246703,0.37189935564071813,0.13868053389681492,통상수용,0.5126248655245929,0.34445254041704787,0.14292259405835928,0.484716486531285,0.36664373721030746,0.14863977625840752
7,koen_ai_infrastructure,koen_ai_infrastructure:DAT-006,통상수용,0.5,통상수용,통상수용,True,False,True,통상수용,0.48393780894246036,0.35710618832264807,0.1589560027348915,통상수용,0.5437195505772471,0.323444691834328,0.132835757588425,통상수용,0.5417052692400303,0.3199195621293259,0.13837516863064392,0.5231208762532459,0.3334901474287673,0.1433889763179868
7,koen_ai_infrastructure,koen_ai_infrastructure:FUN-001,견적반영,0.5,견적반영,견적반영,True,False,True,견적반영,0.3245027897602364,0.36123153708486855,0.314265673154895,견적반영,0.3380975810106339,0.3708751429961097,0.29102727599325645,견적반영,0.33208980239432373,0.3554285806149838,0.31248161699069255,0.33156339105506466,0.36251175356532067,0.30592485537961467
7,koen_ai_infrastructure,koen_ai_infrastructure:FUN-002,견적반영,0.5,견적반영,견적반영,True,False,True,견적반영,0.2458019792638335,0.4547127239795054,0.29948529675666113,견적반영,0.23524076918823378,0.496567719550173,0.2681915112615932,견적반영,0.24709175476856907,0.4615682192018857,0.29134002602954523,0.24271150107354544,0.4709495542438547,0.28633894468259985
7,koen_ai_infrastructure,koen_ai_infrastructure:FUN-003,견적반영,0.5,견적반영,견적반영,True,False,True,견적반영,0.2995376949746946,0.4753335353151462,0.22512876971015913,견적반영,0.2913706393688066,0.5013844007431942,0.20724495988799918,견적반영,0.3145876347210872,0.46406299062142137,0.2213493746574914,0.30183198968819613,0.48026030889325394,0.2179077014185499
7,koen_ai_infrastructure,koen_ai_infrastructure:FUN-004,견적반영,0.5,견적반영,견적반영,True,False,True,견적반영,0.3230954694803409,0.39799866479543666,0.27890586572422243,견적반영,0.3316549155442842,0.41122759417813753,0.2571174902775783,견적반영,0.34479075809037724,0.3854588782924662,0.26975036361715665,0.3331803810383341,0.3982283790886801,0.2685912398729858
7,koen_ai_infrastructure,koen_ai_infrastructure:FUN-005,통상수용,0.5,통상수용,통상수용,True,False,True,통상수용,0.48067510995287904,0.37778007972521266,0.14154481032190816,통상수용,0.48158716717426386,0.41983163473218205,0.09858119809355412,통상수용,0.5160132102590601,0.3536149442364509,0.13037184550448902,0.492758495795401,0.3837422195646152,0.12349928463998376
7,koen_ai_infrastructure,koen_ai_infrastructure:FUN-007,통상수용,0.5,견적반영,견적반영,True,True,False,견적반영,0.2219106766225673,0.6546510920843472,0.1234382312930855,견적반영,0.19029030613011294,0.7120107455223366,0.09769894834755041,견적반영,0.2420206736757686,0.6464433207295764,0.1115360055946549,0.21807388547614961,0.6710350527787533,0.11089106174509693
7,koen_ai_infrastructure,koen_ai_infrastructure:FUN-008,견적반영,0.5,견적반영,견적반영,True,False,True,견적반영,0.2987396242358956,0.5428397849389833,0.1584205908251211,견적반영,0.2906257019179114,0.5780383964281774,0.13133590165391107,견적반영,0.3217564224657743,0.5344999997407348,0.14374357779349087,0.30370724953986045,0.5517927270359652,0.14450002342417434
7,koen_ai_infrastructure,koen_ai_infrastructure:FUN-009,통상수용,0.5,통상수용,통상수용,True,False,True,통상수용,0.5455644366979274,0.3773182867177051,0.07711727658436753,통상수용,0.5960183080730788,0.35471397444782826,0.04926771747909283,통상수용,0.595838614957993,0.33538804451138876,0.06877334053061834,0.5791404532429998,0.3558067685589741,0.06505277819802623
7,koen_ai_infrastructure,koen_ai_infrastructure:FUN-010,통상수용,0.5,통상수용,통상수용,True,False,True,통상수용,0.4328225151735772,0.4286397849723839,0.13853769985403888,통상수용,0.4584671797421682,0.4317761901190609,0.10975663013877085,통상수용,0.45589618840767837,0.41306918579262547,0.1310346257996961,0.44906196110780794,0.4244950536280234,0.1264429852641686
7,koen_ai_infrastructure,koen_ai_infrastructure:FUN-011,통상수용,0.5,견적반영,견적반영,True,True,False,견적반영,0.3084325575884657,0.5003654776029172,0.1912019648086171,견적반영,0.3121557568858134,0.5355407254836232,0.15230351763056338,견적반영,0.3298169033046337,0.48754713137173095,0.18263596532363532,0.3168017392596376,0.5078177781527571,0.17538048258760527
7,koen_ai_infrastructure,koen_ai_infrastructure:FUN-014,통상수용,0.5,견적반영,견적반영,True,True,False,견적반영,0.2868928951130318,0.46314206466684577,0.24996504022012248,견적반영,0.27074485316288455,0.5353361322196679,0.1939190146174474,견적반영,0.31688985863291674,0.4408073088643618,0.24230283250272147,0.29150920230294436,0.47976183525029187,0.22872896244676377
7,koen_ai_infrastructure,koen_ai_infrastructure:FUN-015,통상수용,0.5,통상수용,통상수용,True,False,True,통상수용,0.45687464847199555,0.4127111374962069,0.13041421403179748,통상수용,0.49786269821199186,0.40740514869727895,0.09473215309072938,통상수용,0.49216461295123876,0.385385068051073,0.12245031899768813,0.48230065321174204,0.4018337847481863,0.11586556204007166
7,koen_ai_infrastructure,koen_ai_infrastructure:FUN-016,통상수용,0.5,통상수용,통상수용,False,False,True,통상수용,0.3886818578108386,0.37169012037287685,0.23962802181628445,견적반영,0.3961161985753791,0.40847884373641546,0.19540495768820546,통상수용,0.4325319296220954,0.3474999561285469,0.2199681142493576,0.405776662002771,0.3758896400792797,0.21833369791794918
7,koen_ai_infrastructure,koen_ai_infrastructure:FUN-017,통상수용,0.5,통상수용,통상수용,True,False,True,통상수용,0.4801181557759525,0.39607694151931633,0.12380490270473114,통상수용,0.5424364708338265,0.3749323516584643,0.08263117750770917,통상수용,0.5201430614995085,0.3650088810627583,0.11484805743773306,0.5142325627030959,0.37867272474684627,0.1070947125500578
7,koen_ai_infrastructure,koen_ai_infrastructure:FUN-018,통상수용,0.5,견적반영,견적반영,True,True,False,견적반영,0.3459709737622316,0.4679577613161415,0.1860712649216268,견적반영,0.3753689351849155,0.477196720815842,0.1474343439992425,견적반영,0.36811676521750464,0.4561808949759909,0.17570233980650435,0.36315222472155056,0.4671117923693248,0.16973598290912453
7,koen_ai_infrastructure,koen_ai_infrastructure:FUN-019,통상수용,0.5,견적반영,견적반영,True,True,False,견적반영,0.29125009211086195,0.4739103309517636,0.23483957693737437,견적반영,0.3552464010674246,0.44571428293391546,0.19903931599865987,견적반영,0.3225420346769652,0.45109464149678435,0.22636332382625046,0.3230128426184173,0.45690641846082114,0.22008073892076155
7,koen_ai_infrastructure,koen_ai_infrastructure:FUN-020,견적반영,0.5,견적반영,견적반영,True,False,True,견적반영,0.2896631464757044,0.4571764664407948,0.25316038708350075,견적반영,0.34705332399762623,0.4290680432175128,0.223878632784861,견적반영,0.2967267063691645,0.45802306739244086,0.24525022623839476,0.31114772561416504,0.44808919235024947,0.2407630820355855
7,koen_ai_infrastructure,koen_ai_infrastructure:FUN-021,견적반영,0.5,견적반영,견적반영,True,False,True,견적반영,0.17152253324914815,0.4832528134825804,0.34522465326827134,견적반영,0.13714002149333787,0.5191345997314433,0.3437253787752188,견적반영,0.16991538585966184,0.4847178747147257,0.3453667394256124,0.15952598020071596,0.4957017626429165,0.34477225715636756
7,koen_ai_infrastructure,koen_ai_infrastructure:FUN-022,통상수용,0.5,견적반영,견적반영,True,True,False,견적반영,0.21595852489647593,0.5664902273707548,0.21755124773276918,견적반영,0.19875377882613238,0.595872087752838,0.20537413342102961,견적반영,0.21708923605101477,0.5665486966607683,0.2163620672882169,0.21060051325787435,0.576303670594787,0.21309581614733855
7,koen_ai_infrastructure,koen_ai_infrastructure:INT-001,통상수용,0.5,통상수용,계약·질의검토,False,False,True,계약·질의검토,0.3303557605407931,0.3291009472008761,0.34054329225833074,통상수용,0.34732426541651834,0.3298828641915226,0.3227928703919591,통상수용,0.3439268866432473,0.3230942218414127,0.33297889151534005,0.34053563753351956,0.32735934441127046,0.3321050180552099
7,koen_ai_infrastructure,koen_ai_infrastructure:INT-002,통상수용,0.5,견적반영,견적반영,True,True,False,견적반영,0.2752411536149229,0.44807786529862753,0.27668098108644956,견적반영,0.2677492516815643,0.4578065330617792,0.27444421525665647,견적반영,0.3026180214601392,0.43211852645300014,0.2652634520868607,0.28186947558554215,0.4460009749378023,0.2721295494766556
7,koen_ai_infrastructure,koen_ai_infrastructure:INT-003,통상수용,0.5,견적반영,견적반영,True,True,False,견적반영,0.33064550746761373,0.45520457496776034,0.214149917564626,견적반영,0.3455637247076356,0.44511097333664074,0.20932530195572369,견적반영,0.36405795950874076,0.43372568077827733,0.20221635971298185,0.34675573056133,0.4446804096942261,0.20856385974444383
7,koen_ai_infrastructure,koen_ai_infrastructure:PER-001,통상수용,0.5,견적반영,계약·질의검토,False,True,False,견적반영,0.20659712355613882,0.4063346692044543,0.38706820723940677,계약·질의검토,0.2145481599478461,0.3832712863803816,0.4021805536717724,견적반영,0.20628657612042997,0.40594992745038383,0.3877634964291863,0.2091439532081383,0.39851862767840657,0.39233741911345515
7,koen_ai_infrastructure,koen_ai_infrastructure:PER-002,견적반영,0.5,계약·질의검토,계약·질의검토,True,True,False,계약·질의검토,0.1999796768664387,0.3721785485754784,0.4278417745580829,계약·질의검토,0.1648836305940428,0.34038773646735704,0.4947286329386002,계약·질의검토,0.19368281602047321,0.3884569725191026,0.4178602114604242,0.18618204116031822,0.36700775252064605,0.4468102063190358
7,koen_ai_infrastructure,koen_ai_infrastructure:PER-003,견적반영,0.5,견적반영,견적반영,True,False,True,견적반영,0.2496620921312259,0.4700226332580323,0.28031527461074185,견적반영,0.2272846313692053,0.4954022424983416,0.2773131261324531,견적반영,0.2502099626186182,0.4770792085487488,0.2727108288326329,0.24238556203968317,0.4808346947683742,0.2767797431919426
7,koen_ai_infrastructure,koen_ai_infrastructure:PER-004,견적반영,0.5,견적반영,견적반영,True,False,True,견적반영,0.15848355959093074,0.519700014053657,0.32181642635541235,견적반영,0.12809315987538286,0.5964826800009779,0.2754241601236393,견적반영,0.15782434251630828,0.5401944445764438,0.30198121290724783,0.14813368732754062,0.5521257128770262,0.29974059979543316
7,koen_ai_infrastructure,koen_ai_infrastructure:PMR-001,통상수용,0.5,통상수용,통상수용,True,False,True,통상수용,0.45189532097000895,0.23808591597075937,0.3100187630592316,통상수용,0.47559057158973633,0.21815473384710002,0.3062546945631637,통상수용,0.5149320718069833,0.21212281106047753,0.27294511713253916,0.48080598812224284,0.22278782029277897,0.2964061915849781
7,koen_ai_infrastructure,koen_ai_infrastructure:PMR-002,통상수용,0.5,통상수용,통상수용,True,False,True,통상수용,0.5813821252257706,0.2090565588029947,0.20956131597123473,통상수용,0.6617103130756895,0.174337934837093,0.1639517520872175,통상수용,0.6612948555791147,0.16685847844410806,0.17184666597677725,0.6347957646268583,0.1834176573613986,0.18178657801174314
7,koen_ai_infrastructure,koen_ai_infrastructure:PMR-003,통상수용,0.5,계약·질의검토,계약·질의검토,False,False,True,계약·질의검토,0.369636495944165,0.20832128855025536,0.4220422155055797,계약·질의검토,0.3694367692378953,0.21014689533342046,0.4204163354286843,통상수용,0.42168639458392637,0.18581009671801657,0.39250350869805706,0.3869198865886622,0.20142609353389748,0.4116540198774403
7,koen_ai_infrastructure,koen_ai_infrastructure:PMR-005,통상수용,0.5,통상수용,통상수용,True,False,True,통상수용,0.44662973615544377,0.2464640746659599,0.3069061891785963,통상수용,0.4576219340652688,0.23936230391271,0.30301576202202113,통상수용,0.4878750657087649,0.22557203219426974,0.2865529020969653,0.46404224530982585,0.23713280359097988,0.29882495109919427
7,koen_ai_infrastructure,koen_ai_infrastructure:PMR-006,통상수용,0.5,통상수용,통상수용,True,False,True,통상수용,0.6664176909247996,0.12384937789417715,0.20973293118102324,통상수용,0.7513675289026316,0.10233075065934515,0.14630172043802334,통상수용,0.7005653534077766,0.10757514208482177,0.19185950450740155,0.7061168577450693,0.11125175687944804,0.1826313853754827
7,koen_ai_infrastructure,koen_ai_infrastructure:PMR-009,통상수용,0.5,통상수용,통상수용,True,False,True,통상수용,0.5783909111629639,0.17867618532217844,0.24293290351485763,통상수용,0.658573092896719,0.13685181871563362,0.20457508838764735,통상수용,0.6095079096880649,0.15799927872052613,0.232492811591409,0.6154906379159159,0.15784242758611275,0.22666693449797135
7,koen_ai_infrastructure,koen_ai_infrastructure:PMR-010,통상수용,0.5,통상수용,계약·질의검토,False,False,True,계약·질의검토,0.42610657139525665,0.13687779782976614,0.4370156307749773,통상수용,0.4951335033034338,0.10267443630758447,0.4021920603889817,통상수용,0.4431817624919752,0.1225477591557055,0.4342704783523194,0.45480727906355517,0.12069999776435203,0.4244927231720928
7,koen_ai_infrastructure,koen_ai_infrastructure:PMR-011,통상수용,0.5,통상수용,통상수용,True,False,True,통상수용,0.7016598302751638,0.12961986487384328,0.1687203048509929,통상수용,0.7707903074565784,0.09685548010025216,0.13235421244316947,통상수용,0.7289340853594815,0.11430458292669107,0.15676133171382736,0.7337947410304079,0.11359330930026217,0.1526119496693299
7,koen_ai_infrastructure,koen_ai_infrastructure:PMR-012,견적반영,0.5,통상수용,통상수용,True,True,False,통상수용,0.5841613271871082,0.1688707478080529,0.2469679250048389,통상수용,0.6821972969809406,0.12548343735683137,0.192319265662228,통상수용,0.5928060883464706,0.16383584231346698,0.24335806934006232,0.619721570838173,0.15273000915945042,0.2275484200023764
7,koen_ai_infrastructure,koen_ai_infrastructure:PMR-013,통상수용,0.5,통상수용,통상수용,True,False,True,통상수용,0.5835276385403939,0.15521895814083628,0.26125340331876995,통상수용,0.6272981832052262,0.14491394561299928,0.22778787118177451,통상수용,0.5860157495678081,0.1466190898209822,0.2673651606112097,0.5989471904378094,0.1489173311916059,0.2521354783705847
7,koen_ai_infrastructure,koen_ai_infrastructure:PMR-014,통상수용,0.5,통상수용,통상수용,True,False,True,통상수용,0.5658497614980244,0.2331021826313972,0.20104805587057845,통상수용,0.5430956242984265,0.264860126399955,0.19204424930161856,통상수용,0.6170786767363466,0.20436591248404548,0.17855541077960785,0.5753413541775991,0.2341094071717992,0.1905492386506016
7,koen_ai_infrastructure,koen_ai_infrastructure:PMR-015,계약·질의검토,0.5,통상수용,계약·질의검토,False,False,True,통상수용,0.4330197122315865,0.1507740869273596,0.416206200841054,계약·질의검토,0.42048671998053755,0.14607978222293522,0.4334334977965272,통상수용,0.4436875193272878,0.14959129902840673,0.4067211816443055,0.4323979838464706,0.14881505605956719,0.4187869600939622
7,koen_ai_infrastructure,koen_ai_infrastructure:PMR-016,계약·질의검토,0.5,계약·질의검토,계약·질의검토,True,False,True,계약·질의검토,0.2937005597511231,0.13318608032308835,0.5731133599257885,계약·질의검토,0.314061532546484,0.10518472139976959,0.5807537460537464,계약·질의검토,0.29434487031437834,0.12817900975074992,0.5774761199348717,0.3007023208706618,0.12218327049120263,0.5771144086381356
7,koen_ai_infrastructure,koen_ai_infrastructure:PMR-017,계약·질의검토,0.5,계약·질의검토,계약·질의검토,True,False,True,계약·질의검토,0.3610085004048497,0.15234051010663027,0.48665098948852015,계약·질의검토,0.36361249848132676,0.10970454555564207,0.5266829559630312,계약·질의검토,0.3671831835573041,0.1372840224496694,0.49553279399302647,0.3639347274811602,0.13310969270398057,0.5029555798148593
7,koen_ai_infrastructure,koen_ai_infrastructure:PMR-018,통상수용,0.5,통상수용,통상수용,True,False,True,통상수용,0.6225527940834797,0.16219134871070792,0.2152558572058123,통상수용,0.7248773339863503,0.11785220279435706,0.15727046321929264,통상수용,0.6390171575021069,0.14656565887271458,0.2144171836251785,0.6621490951906456,0.1422030701259265,0.1956478346834278
7,koen_ai_infrastructure,koen_ai_infrastructure:PMR-019,통상수용,0.5,통상수용,통상수용,True,False,True,통상수용,0.5554784374321259,0.12697513304042615,0.317546429527448,통상수용,0.6689315281208512,0.09255911462559055,0.23850935725355826,통상수용,0.5589385899088051,0.11680181379885494,0.32425959629233997,0.5944495184872608,0.11211202048829055,0.29343846102444876
7,koen_ai_infrastructure,koen_ai_infrastructure:PMR-020,통상수용,0.5,통상수용,통상수용,True,False,True,통상수용,0.4661980705899324,0.19286917135785867,0.34093275805220885,통상수용,0.5133773675244896,0.16036832090310088,0.3262543115724096,통상수용,0.5011404236592949,0.1750705709677671,0.323789005372938,0.49357195392457226,0.1761026877429089,0.3303253583325188
7,koen_ai_infrastructure,koen_ai_infrastructure:PMR-021,통상수용,0.5,통상수용,통상수용,True,False,True,통상수용,0.42319579562421633,0.3064433371086208,0.27036086726716296,통상수용,0.45753831988442684,0.2825191634963113,0.2599425166192618,통상수용,0.4368274006761897,0.2982135888695316,0.2649590104542788,0.43918717206161095,0.2957253631581546,0.26508746478023454
7,koen_ai_infrastructure,koen_ai_infrastructure:PMR-022,견적반영,0.5,통상수용,통상수용,True,True,False,통상수용,0.3965068976298369,0.29705677964179916,0.30643632272836396,통상수용,0.46248741621147416,0.27497552082960847,0.2625370629589173,통상수용,0.3849770486157234,0.29445542574885164,0.320567525635425,0.41465712081901146,0.28882924207341976,0.2965136371075688
7,koen_ai_infrastructure,koen_ai_infrastructure:PMR-07,통상수용,0.5,통상수용,통상수용,True,False,True,통상수용,0.6214159234087335,0.19834821933503505,0.1802358572562315,통상수용,0.6837966627635481,0.18127221755278772,0.13493111968366414,통상수용,0.6184093118373488,0.2014347424686894,0.1801559456939619,0.6412072993365435,0.19368505978550407,0.16510764087795252
7,koen_ai_infrastructure,koen_ai_infrastructure:PMR-08,통상수용,0.5,통상수용,통상수용,True,False,True,통상수용,0.6609014997224062,0.14944446029607622,0.1896540399815176,통상수용,0.7581381456418279,0.10396127818610716,0.13790057617206497,통상수용,0.6888194962779048,0.13806313093316036,0.17311737278893483,0.7026197138807131,0.13048962313844792,0.16689066298083913
7,koen_ai_infrastructure,koen_ai_infrastructure:PSR-001,통상수용,0.5,통상수용,통상수용,True,False,True,통상수용,0.5236064945688831,0.2373826297658818,0.23901087566523513,통상수용,0.579240280568937,0.2048379462905745,0.2159217731404886,통상수용,0.5558424020743528,0.22483929871271166,0.21931829921293564,0.5528963924040576,0.22235329158972264,0.22475031600621978
7,koen_ai_infrastructure,koen_ai_infrastructure:PSR-002,통상수용,0.5,통상수용,통상수용,True,False,True,통상수용,0.4122485868353783,0.22105620154975347,0.36669521161486823,통상수용,0.46724381228823036,0.20079701874178216,0.3319591689699876,통상수용,0.4294106207169031,0.2094977521019981,0.36109162718109883,0.43630100661350396,0.21045032413117792,0.3532486692553182
7,koen_ai_infrastructure,koen_ai_infrastructure:PSR-003,통상수용,0.5,통상수용,통상수용,True,False,True,통상수용,0.5098363091100565,0.1677872342844959,0.32237645660544767,통상수용,0.5764981986574752,0.11711917359247255,0.30638262775005215,통상수용,0.5411623255560988,0.16227233464130386,0.29656533980259736,0.5424989444412102,0.1490595808394241,0.3084414747193657
7,koen_ai_infrastructure,koen_ai_infrastructure:PSR-004,계약·질의검토,0.5,계약·질의검토,계약·질의검토,True,False,True,계약·질의검토,0.31169115813714626,0.1764348316794464,0.5118740101834074,계약·질의검토,0.30921879569066446,0.13930213075312858,0.551479073556207,계약·질의검토,0.32949300404237775,0.16179888270282,0.5087081132548023,0.3168009859567295,0.15917861504513167,0.5240203989981388
7,koen_ai_infrastructure,koen_ai_infrastructure:PSR-005,통상수용,0.5,통상수용,통상수용,True,False,True,통상수용,0.586456332559826,0.21381613932378274,0.1997275281163912,통상수용,0.645433174887971,0.17717989735300838,0.17738692775902065,통상수용,0.5880230709761868,0.2135964261951331,0.19838050282868017,0.6066375261413279,0.2015308209573081,0.19183165290136397
7,koen_ai_infrastructure,koen_ai_infrastructure:PSR-006,통상수용,0.5,통상수용,통상수용,True,False,True,통상수용,0.5597479795263547,0.24953117806882008,0.19072084240482517,통상수용,0.6565784576362911,0.1927584144871057,0.15066312787660333,통상수용,0.5739323851919848,0.22975248820643013,0.19631512660158518,0.5967529407848767,0.22401402692078531,0.17923303229433793
7,koen_ai_infrastructure,koen_ai_infrastructure:PSR-008,통상수용,0.5,계약·질의검토,계약·질의검토,False,False,True,계약·질의검토,0.41715560546032726,0.15427281341416124,0.4285715811255115,통상수용,0.4486871010950854,0.136268173625174,0.4150447252797407,계약·질의검토,0.413516331154588,0.15069527079551562,0.43578839804989633,0.4264530125700002,0.14707875261161696,0.4264682348183828
7,koen_ai_infrastructure,koen_ai_infrastructure:PSR-009,통상수용,0.5,통상수용,통상수용,True,False,True,통상수용,0.4952292722453297,0.23772209924439522,0.26704862851027517,통상수용,0.528355585315172,0.20510112787754808,0.26654328680727984,통상수용,0.5622182500949909,0.21144096449046132,0.2263407854145478,0.5286010358851643,0.21808806387080157,0.2533109002440343
7,koen_ai_infrastructure,koen_ai_infrastructure:PSR-010,통상수용,0.5,계약·질의검토,계약·질의검토,True,True,False,계약·질의검토,0.24062966026431834,0.14359488671829623,0.6157754530173855,계약·질의검토,0.24034095706776631,0.13871460189675666,0.6209444410354771,계약·질의검토,0.22596847338368892,0.1390624757988983,0.6349690508174128,0.2356463635719245,0.14045732147131706,0.6238963149567585
7,koen_ai_infrastructure,koen_ai_infrastructure:PSR-07,계약·질의검토,0.5,계약·질의검토,계약·질의검토,True,False,True,계약·질의검토,0.2520308329286344,0.14968304528196527,0.5982861217894003,계약·질의검토,0.19169876265011096,0.12173406027588297,0.686567177074006,계약·질의검토,0.2270497043043851,0.14874047040380473,0.6242098252918101,0.22359309996104348,0.14005252532055099,0.6363543747184055
7,koen_ai_infrastructure,koen_ai_infrastructure:QUR-001,통상수용,0.5,통상수용,통상수용,True,False,True,통상수용,0.694399964342737,0.12101868188162777,0.18458135377563534,통상수용,0.8100786401332681,0.07714344207324748,0.11277791779348438,통상수용,0.7102887709879387,0.10993342828446773,0.17977780072759356,0.7382557918213145,0.10269851741311432,0.1590456907655711
7,koen_ai_infrastructure,koen_ai_infrastructure:QUR-002,통상수용,0.5,통상수용,통상수용,True,False,True,통상수용,0.6204288056682566,0.17323054044577108,0.20634065388597223,통상수용,0.7572478011328798,0.11192688791145218,0.130825310955668,통상수용,0.628121580745344,0.17429507937561686,0.19758333987903923,0.6685993958488269,0.1531508359109467,0.17824976824022645
7,koen_ai_infrastructure,koen_ai_infrastructure:QUR-003,통상수용,0.5,통상수용,통상수용,True,False,True,통상수용,0.738588725450631,0.12938599651229912,0.13202527803706995,통상수용,0.8215037821389843,0.08845522093133654,0.09004099692967919,통상수용,0.7713666246583702,0.11014604690393766,0.11848732843769214,0.7771530440826618,0.10932908811585777,0.11351786780148043
7,koen_ai_infrastructure,koen_ai_infrastructure:QUR-004,통상수용,0.5,통상수용,통상수용,True,False,True,통상수용,0.5543222886116587,0.23788818599397765,0.20778952539436368,통상수용,0.5703784694620421,0.21134861062506696,0.21827291991289102,통상수용,0.5940430633230562,0.21601893789511245,0.18993799878183137,0.5729146071322523,0.22175191150471898,0.20533348136302867
7,koen_ai_infrastructure,koen_ai_infrastructure:QUR-005,통상수용,0.5,통상수용,통상수용,True,False,True,통상수용,0.6225471839366088,0.16811117856121888,0.20934163750217225,통상수용,0.7217604637513526,0.12530663870749156,0.15293289754115588,통상수용,0.6401633694903015,0.15948447526156112,0.2003521552481374,0.661490339059421,0.15096743084342384,0.18754223009715518
7,koen_ai_infrastructure,koen_ai_infrastructure:QUR-006,통상수용,0.5,통상수용,통상수용,True,False,True,통상수용,0.6857667148012676,0.1405060779506231,0.17372720724810917,통상수용,0.7881556413682431,0.09480749406159693,0.11703686457015997,통상수용,0.703610363976728,0.13132886146289005,0.1650607745603819,0.7258442400487463,0.12221414449170336,0.15194161545955034
7,koen_ai_infrastructure,koen_ai_infrastructure:QUR-008,통상수용,0.5,통상수용,통상수용,True,False,True,통상수용,0.4436664174380481,0.14818666346498732,0.4081469190969646,통상수용,0.5401187585496314,0.09898393198570166,0.3608973094646669,통상수용,0.43999180294033075,0.14455499797311408,0.4154531990865552,0.47459232630933673,0.13057519780793436,0.39483247588272885
7,koen_ai_infrastructure,koen_ai_infrastructure:QUR-009,통상수용,0.5,통상수용,통상수용,True,False,True,통상수용,0.6756217363488585,0.22359009235793972,0.1007881712932018,통상수용,0.7267011982070535,0.1821554870886123,0.09114331470433416,통상수용,0.7145945616449562,0.2002813920304122,0.08512404632463173,0.7056391654002895,0.20200899049232138,0.09235184410738922
7,koen_ai_infrastructure,koen_ai_infrastructure:QUR-010,통상수용,0.5,통상수용,통상수용,True,False,True,통상수용,0.6016717555070877,0.18515161218870005,0.2131766323042122,통상수용,0.6551249353224775,0.15311974585422783,0.19175531882329458,통상수용,0.66687809169901,0.1540558890663825,0.17906601923460747,0.6412249275095251,0.16410908236977012,0.19466599012070476
7,koen_ai_infrastructure,koen_ai_infrastructure:QUR-011,통상수용,0.5,통상수용,통상수용,True,False,True,통상수용,0.6471582016337561,0.1979534833619236,0.15488831500432015,통상수용,0.6843681471314235,0.20365747453273558,0.11197437833584094,통상수용,0.7065138887346294,0.1636878562811844,0.12979825498418615,0.6793467458332696,0.18843293805861452,0.13222031610811577
7,koen_ai_infrastructure,koen_ai_infrastructure:QUR-012,통상수용,0.5,통상수용,통상수용,False,False,True,견적반영,0.3373155425330911,0.3474686003379168,0.3152158571289921,통상수용,0.36946471215988497,0.3318000521610318,0.29873523567908317,통상수용,0.399183360857006,0.31376345731483274,0.28705318182816125,0.3686545385166607,0.3310107032712604,0.30033475821207883
7,koen_ai_infrastructure,koen_ai_infrastructure:SER-001,통상수용,0.5,통상수용,통상수용,True,False,True,통상수용,0.4983897333223371,0.21209996748108115,0.2895102991965818,통상수용,0.5527584995069648,0.19251133604164294,0.2547301644513922,통상수용,0.5174197276767432,0.19219292395626428,0.2903873483669926,0.5228559868353483,0.19893474249299614,0.2782092706716555
7,koen_ai_infrastructure,koen_ai_infrastructure:SER-002,통상수용,0.5,통상수용,통상수용,True,False,True,통상수용,0.41844635930644714,0.3429860717727278,0.23856756892082503,통상수용,0.4602861786300634,0.2994154199766281,0.2402984013933084,통상수용,0.4564421761937893,0.31790544213538247,0.22565238167082827,0.4450582380434333,0.3201023112949128,0.2348394506616539
7,koen_ai_infrastructure,koen_ai_infrastructure:SER-003,통상수용,0.5,계약·질의검토,계약·질의검토,True,True,False,계약·질의검토,0.3816195564563461,0.1708967569454215,0.4474836865982325,계약·질의검토,0.3983926156712104,0.14306199329510427,0.45854539103368536,계약·질의검토,0.418483310276167,0.15299911853951711,0.42851757118431594,0.3994984941345745,0.15565262292668094,0.44484888293874464
7,koen_ai_infrastructure,koen_ai_infrastructure:SER-005,통상수용,0.5,통상수용,통상수용,True,False,True,통상수용,0.43429288038498787,0.29630496592226585,0.26940215369274634,통상수용,0.4710379237784247,0.29034597137657625,0.23861610484499907,통상수용,0.4765480199568827,0.26631659360531695,0.2571353864378004,0.46062627470676504,0.2843225103013864,0.25505121499184863
7,koen_ai_infrastructure,koen_ai_infrastructure:SER-008,통상수용,0.5,통상수용,통상수용,True,False,True,통상수용,0.5531201742597232,0.2025255323296483,0.24435429341062861,통상수용,0.5933087563828398,0.17590463588192548,0.2307866077352348,통상수용,0.6181055495393201,0.17181713782961217,0.21007731263106783,0.5881781600606276,0.1834157686803953,0.22840607125897705
7,koen_ai_infrastructure,koen_ai_infrastructure:SER-009,통상수용,0.5,통상수용,통상수용,True,False,True,통상수용,0.4316759944230177,0.2534537541858937,0.3148702513910886,통상수용,0.4073671412856796,0.2264177547533771,0.36621510396094337,통상수용,0.4794651767645581,0.23390916258628233,0.2866256606491596,0.4395027708244184,0.2379268905085177,0.32257033866706386
7,koen_ai_infrastructure,koen_ai_infrastructure:SER-06,통상수용,0.5,통상수용,통상수용,True,False,True,통상수용,0.5417005998594614,0.20291313715621523,0.2553862629843234,통상수용,0.5822085559935638,0.171233559749912,0.24655788425652417,통상수용,0.5820590874953728,0.18863067985520018,0.22931023264942704,0.5686560811161326,0.1875924589204425,0.24375145996342487
7,koen_ai_infrastructure,koen_ai_infrastructure:TST-002,계약·질의검토,0.5,견적반영,견적반영,True,True,False,견적반영,0.20780384070121957,0.42378674347513745,0.3684094158236431,견적반영,0.1652788003942172,0.44911476251204707,0.38560643709373577,견적반영,0.2239217518348776,0.4102749010168009,0.3658033471483215,0.1990014643101048,0.4277254690013285,0.3732730666885668
7,koen_ai_infrastructure,koen_ai_infrastructure:TST-003,통상수용,0.5,통상수용,통상수용,True,False,True,통상수용,0.4439433107436418,0.3041462906533179,0.2519103986030404,통상수용,0.4182535511810759,0.34448735114265766,0.2372590976762665,통상수용,0.482307060104257,0.2820728190316545,0.23562012086408857,0.44816797400965824,0.3102354869425433,0.24159653904779846
8,korail_genai_isp_ismp,korail_genai_isp_ismp:COR-001,통상수용,0.0,통상수용,통상수용,True,False,True,통상수용,0.46636729547219685,0.14276532306326858,0.39086738146453465,통상수용,0.45416084115159316,0.10517183187221625,0.4406673269761905,통상수용,0.46636729547219724,0.14276532306326808,0.3908673814645347,0.46229847736532914,0.13023415933291763,0.4074673633017533
8,korail_genai_isp_ismp,korail_genai_isp_ismp:COR-002,계약·질의검토,0.0,통상수용,통상수용,True,True,False,통상수용,0.4720182154843356,0.18489572412171,0.3430860603939544,통상수용,0.54225998307202,0.1586841403886563,0.29905587653932375,통상수용,0.472018215484337,0.18489572412170896,0.34308606039395406,0.4954321380135642,0.17615852954402508,0.3284093324424107
8,korail_genai_isp_ismp,korail_genai_isp_ismp:COR-003,계약·질의검토,0.0,계약·질의검토,계약·질의검토,True,False,True,계약·질의검토,0.2941494545474692,0.14617929854669118,0.5596712469058396,계약·질의검토,0.2524672137203685,0.13065281668489842,0.616879969594733,계약·질의검토,0.2941494545474696,0.14617929854669026,0.5596712469058401,0.2802553742717691,0.14100380459275993,0.5787408211354709
8,korail_genai_isp_ismp,korail_genai_isp_ismp:CSR-002,통상수용,0.0,통상수용,통상수용,True,False,True,통상수용,0.3836297237696504,0.28806477724959767,0.32830549898075206,통상수용,0.35441991944239254,0.3197815345537102,0.3257985460038972,통상수용,0.38362972376965065,0.288064777249598,0.32830549898075134,0.3738931223272312,0.298637029684302,0.32746984798846684
8,korail_genai_isp_ismp,korail_genai_isp_ismp:CSR-004,통상수용,0.0,통상수용,통상수용,True,False,True,통상수용,0.37917183115131825,0.3774436803430037,0.24338448850567812,통상수용,0.39451920596302403,0.3889175541067173,0.21656323993025875,통상수용,0.3791718311513182,0.3774436803430045,0.2433844885056774,0.38428762275522016,0.3812683049309085,0.23444407231387143
8,korail_genai_isp_ismp,korail_genai_isp_ismp:CSR-005,통상수용,0.0,통상수용,통상수용,True,False,True,통상수용,0.45257844995522767,0.23140126236211978,0.31602028768265256,통상수용,0.46117872938283216,0.1930212326988502,0.3458000379183176,통상수용,0.4525784499552282,0.2314012623621203,0.3160202876826515,0.4554452097644293,0.2186079191410301,0.32594687109454057
8,korail_genai_isp_ismp,korail_genai_isp_ismp:CSR-006,통상수용,0.0,통상수용,통상수용,True,False,True,통상수용,0.45070943542383596,0.28688788639347174,0.26240267818269236,통상수용,0.4346258557678305,0.28907231156203,0.2763018326701395,통상수용,0.45070943542383596,0.2868878863934728,0.2624026781826912,0.4453482422051675,0.28761602811632486,0.2670357296785077
8,korail_genai_isp_ismp,korail_genai_isp_ismp:CSR-007,견적반영,0.0,통상수용,통상수용,True,True,False,통상수용,0.39554511118477326,0.29835559867548583,0.306099290139741,통상수용,0.4424551020087177,0.2593474078114033,0.29819749017987895,통상수용,0.3955451111847727,0.29835559867548683,0.3060992901397405,0.4111817747927546,0.28535286838745866,0.30346535681978687
8,korail_genai_isp_ismp,korail_genai_isp_ismp:CSR-008,견적반영,0.0,견적반영,견적반영,True,False,True,견적반영,0.29838243833877065,0.35539343485749636,0.3462241268037331,견적반영,0.24399994411733408,0.4170398921710899,0.338960163711576,견적반영,0.29838243833877043,0.355393434857497,0.3462241268037325,0.2802549402649584,0.3759422539620278,0.34380280577301386
8,korail_genai_isp_ismp,korail_genai_isp_ismp:CSR-010,통상수용,0.0,통상수용,통상수용,True,False,True,통상수용,0.42422003485951604,0.3129778241250629,0.26280214101542104,통상수용,0.4309658429777994,0.3340954200848595,0.2349387369373412,통상수용,0.42422003485951626,0.31297782412506336,0.2628021410154203,0.42646863756561054,0.3200170227783286,0.25351433965606085
8,korail_genai_isp_ismp,korail_genai_isp_ismp:CSR-012,견적반영,0.0,계약·질의검토,계약·질의검토,True,True,False,계약·질의검토,0.34873609201561645,0.22288252118017118,0.42838138680421234,계약·질의검토,0.38164447197034507,0.16560961387870535,0.45274591415094956,계약·질의검토,0.3487360920156158,0.22288252118017077,0.4283813868042134,0.35970555200052573,0.20379155207968244,0.4365028959197918
8,korail_genai_isp_ismp,korail_genai_isp_ismp:CSR-013,통상수용,0.0,통상수용,통상수용,True,False,True,통상수용,0.45229834442058053,0.30528687116427033,0.24241478441514908,통상수용,0.503844812088552,0.2704888625801237,0.22566632533132425,통상수용,0.4522983444205809,0.3052868711642709,0.24241478441514822,0.4694805003099045,0.29368753496955496,0.2368319647205405
8,korail_genai_isp_ismp,korail_genai_isp_ismp:DAR-001,통상수용,0.0,통상수용,통상수용,True,False,True,통상수용,0.5428631950625552,0.2932415450794476,0.1638952598579972,통상수용,0.6157917904583006,0.26832958299192194,0.11587862654977744,통상수용,0.5428631950625544,0.29324154507944933,0.16389525985799636,0.5671727268611367,0.2849375577169396,0.14788971542192367
8,korail_genai_isp_ismp,korail_genai_isp_ismp:DAR-002,통상수용,0.0,통상수용,통상수용,True,False,True,통상수용,0.5090070767402218,0.3202356285691859,0.17075729469059225,통상수용,0.597123212996952,0.2837439571469215,0.11913282985612646,통상수용,0.5090070767402217,0.32023562856918714,0.17075729469059123,0.5383791221591319,0.3080717380950982,0.15354913974576997
8,korail_genai_isp_ismp,korail_genai_isp_ismp:DAR-003,통상수용,0.0,통상수용,통상수용,True,False,True,통상수용,0.5574786652310318,0.24840442222015902,0.19411691254880922,통상수용,0.6309266756571199,0.20314529060284398,0.16592803374003612,통상수용,0.5574786652310318,0.24840442222016057,0.19411691254880767,0.5819613353730612,0.23331804501438783,0.184720619612551
8,korail_genai_isp_ismp,korail_genai_isp_ismp:DAR-004,통상수용,0.0,통상수용,통상수용,True,False,True,통상수용,0.454338217489271,0.27930548704775965,0.26635629546296946,통상수용,0.5015923021196277,0.25974247483725543,0.23866522304311694,통상수용,0.4543382174892706,0.279305487047761,0.26635629546296835,0.47008957903272314,0.272784482977592,0.2571259379896849
8,korail_genai_isp_ismp,korail_genai_isp_ismp:DAR-005,통상수용,0.0,통상수용,통상수용,True,False,True,통상수용,0.5359195159763239,0.2969141778709479,0.1671663061527281,통상수용,0.5772519934833409,0.2748058208697063,0.14794218564695286,통상수용,0.5359195159763244,0.2969141778709486,0.16716630615272704,0.5496970084786631,0.28954472553720095,0.16075826598413598
8,korail_genai_isp_ismp,korail_genai_isp_ismp:DAR-007,견적반영,0.0,견적반영,견적반영,True,False,True,견적반영,0.2947257589515651,0.4341272728911764,0.2711469681572584,견적반영,0.2758389209027192,0.48428267533259883,0.23987840376468184,견적반영,0.2947257589515648,0.43412727289117775,0.27114696815725753,0.28843014626861635,0.45084574037165104,0.2607241133597326
8,korail_genai_isp_ismp,korail_genai_isp_ismp:DAR-008,통상수용,0.0,통상수용,통상수용,True,False,True,통상수용,0.6516147099538937,0.16874255570543656,0.1796427343406698,통상수용,0.7317252618986282,0.13008548211419416,0.13818925598717768,통상수용,0.6516147099538948,0.1687425557054364,0.1796427343406688,0.6783182272688055,0.1558568645083557,0.16582490822283877
8,korail_genai_isp_ismp,korail_genai_isp_ismp:DAR-009,통상수용,0.0,통상수용,통상수용,True,False,True,통상수용,0.5189129151425965,0.2615200725098761,0.2195670123475274,통상수용,0.5935242685422005,0.22518189000033714,0.18129384145746225,통상수용,0.5189129151425963,0.26152007250987724,0.21956701234752646,0.5437833662757977,0.24940734500669684,0.20680928871750537
8,korail_genai_isp_ismp,korail_genai_isp_ismp:PMR-001,통상수용,0.0,통상수용,통상수용,True,False,True,통상수용,0.4157584359734618,0.2656148308545263,0.3186267331720118,통상수용,0.47531594346739564,0.22305040403128984,0.3016336525013146,통상수용,0.41575843597346274,0.26561483085452475,0.31862673317201246,0.43561093847144,0.25142668858011363,0.3129623729484463
8,korail_genai_isp_ismp,korail_genai_isp_ismp:PMR-002,견적반영,0.0,통상수용,통상수용,True,True,False,통상수용,0.4575617049703646,0.301097402766371,0.24134089226326438,통상수용,0.48711350293553535,0.3162636038170687,0.19662289324739593,통상수용,0.45756170497036663,0.301097402766369,0.24134089226326438,0.46741230429208885,0.30615280311660287,0.22643489259130822
8,korail_genai_isp_ismp,korail_genai_isp_ismp:PMR-003,통상수용,0.0,통상수용,통상수용,True,False,True,통상수용,0.4979943423884326,0.27480363654543916,0.22720202106612808,통상수용,0.5442572523988537,0.2635822929622829,0.19216045463886336,통상수용,0.49799434238843504,0.2748036365454374,0.22720202106612747,0.5134153123919071,0.27106318868438645,0.21552149892370628
8,korail_genai_isp_ismp,korail_genai_isp_ismp:PMR-004,통상수용,0.0,통상수용,통상수용,True,False,True,통상수용,0.5398248714124341,0.17720316552512658,0.28297196306243944,통상수용,0.5956992476490045,0.16336781961902197,0.2409329327319735,통상수용,0.5398248714124365,0.17720316552512533,0.2829719630624381,0.5584496634912918,0.17259138355642464,0.26895895295228367
8,korail_genai_isp_ismp,korail_genai_isp_ismp:PMR-006,통상수용,0.0,통상수용,통상수용,True,False,True,통상수용,0.5709458481228163,0.1990111978301694,0.2300429540470143,통상수용,0.6460845523889093,0.16424655877652947,0.18966888883456126,통상수용,0.5709458481228179,0.1990111978301687,0.2300429540470135,0.5959920828781812,0.18742298481228922,0.2165849323095297
8,korail_genai_isp_ismp,korail_genai_isp_ismp:PMR-007,통상수용,0.0,통상수용,통상수용,True,False,True,통상수용,0.4799492476351396,0.13581015066794216,0.38424060169691826,통상수용,0.5352560541358484,0.1150492206378314,0.3496947252263202,통상수용,0.47994924763514085,0.1358101506679414,0.3842406016969178,0.49838484980204295,0.12888984065790499,0.37272530954005206
8,korail_genai_isp_ismp,korail_genai_isp_ismp:PMR-008,통상수용,0.0,통상수용,통상수용,True,False,True,통상수용,0.5786644251872793,0.1370287377204161,0.2843068370923046,통상수용,0.6443282283659858,0.11900635108553549,0.23666542054847872,통상수용,0.5786644251872824,0.1370287377204149,0.28430683709230264,0.6005523595801825,0.13102127550878884,0.26842636491102867
8,korail_genai_isp_ismp,korail_genai_isp_ismp:PMR-009,통상수용,0.0,통상수용,통상수용,True,False,True,통상수용,0.6506805063868234,0.18000868575199333,0.16931080786118324,통상수용,0.7570735427815827,0.12127292371963537,0.12165353349878198,통상수용,0.6506805063868255,0.18000868575199222,0.16931080786118233,0.6861448518517438,0.16043009840787362,0.1534250497403825
8,korail_genai_isp_ismp,korail_genai_isp_ismp:PMR-011,통상수용,0.0,통상수용,통상수용,True,False,True,통상수용,0.6680885400610839,0.10459179134349239,0.22731966859542382,통상수용,0.7340727021490073,0.07810889696440675,0.18781840088658594,통상수용,0.6680885400610856,0.10459179134349152,0.22731966859542282,0.690083260757059,0.09576415988379688,0.2141525793591442
8,korail_genai_isp_ismp,korail_genai_isp_ismp:PSR-002,계약·질의검토,0.0,계약·질의검토,계약·질의검토,True,False,True,계약·질의검토,0.32660371129364224,0.17469083071339295,0.49870545799296473,계약·질의검토,0.30286289938302,0.13533523934378328,0.5618018612731968,계약·질의검토,0.32660371129364213,0.17469083071339192,0.49870545799296606,0.3186901073234348,0.16157230025685604,0.5197375924197091
8,korail_genai_isp_ismp,korail_genai_isp_ismp:QUR-001,통상수용,0.0,통상수용,통상수용,True,False,True,통상수용,0.5456514138725236,0.19359327960576916,0.2607553065217073,통상수용,0.5387382098559338,0.20139013663272273,0.2598716535113435,통상수용,0.5456514138725258,0.19359327960576772,0.26075530652170653,0.543347012533661,0.19619223194808652,0.2604607555182525
8,korail_genai_isp_ismp,korail_genai_isp_ismp:QUR-002,통상수용,0.0,통상수용,통상수용,True,False,True,통상수용,0.719979996533611,0.13551441682416107,0.144505586642228,통상수용,0.7759437120231492,0.10725381220449952,0.11680247577235134,통상수용,0.7199799965336142,0.1355144168241594,0.14450558664222646,0.7386345683634582,0.12609421528427334,0.1352712163522686
8,korail_genai_isp_ismp,korail_genai_isp_ismp:QUR-003,통상수용,0.0,통상수용,통상수용,True,False,True,통상수용,0.5248341641113177,0.28762362263406893,0.1875422132546134,통상수용,0.5233762864826664,0.2949593428570587,0.18166437066027483,통상수용,0.5248341641113209,0.2876236226340672,0.18754221325461187,0.5243482049017683,0.29006886270839827,0.18558293238983337
8,korail_genai_isp_ismp,korail_genai_isp_ismp:SAR-001,계약·질의검토,0.0,계약·질의검토,계약·질의검토,True,False,True,계약·질의검토,0.4200132922657758,0.15670616370798843,0.4232805440262359,계약·질의검토,0.4402538130349371,0.11419192178241613,0.44555426518264674,계약·질의검토,0.42001329226577633,0.1567061637079879,0.4232805440262357,0.4267601325221631,0.14253474973279748,0.43070511774503945
8,korail_genai_isp_ismp,korail_genai_isp_ismp:SAR-002,통상수용,0.0,통상수용,통상수용,True,False,True,통상수용,0.4421347207640443,0.29202906526777656,0.2658362139681792,통상수용,0.4501343499316062,0.2769097770355571,0.2729558730328367,통상수용,0.44213472076404475,0.29202906526777667,0.26583621396817864,0.44480126381989843,0.2869893025237034,0.2682094336563982
8,korail_genai_isp_ismp,korail_genai_isp_ismp:SER-003,계약·질의검토,0.0,통상수용,통상수용,True,True,False,통상수용,0.40184244223050564,0.2899919279524127,0.3081656298170816,통상수용,0.42950661394005796,0.29550329220096244,0.27499009385897966,통상수용,0.4018424422305067,0.2899919279524125,0.30816562981708084,0.4110638328003568,0.29182904936859594,0.2971071178310474
8,korail_genai_isp_ismp,korail_genai_isp_ismp:SER-004,통상수용,0.0,통상수용,통상수용,True,False,True,통상수용,0.521599591436202,0.22022667560240586,0.2581737329613921,통상수용,0.6312039831218683,0.17786345376907192,0.1909325631090598,통상수용,0.5215995914362029,0.22022667560240503,0.25817373296139207,0.5581343886647577,0.20610560165796096,0.2357600096772813
9,mfds_drug_ai_review,mfds_drug_ai_review:COR-001,계약·질의검토,0.0,견적반영,견적반영,True,True,False,견적반영,0.2986745048949763,0.36495474005326645,0.3363707550517572,견적반영,0.2727266327915293,0.40477295883834935,0.32250040837012145,견적반영,0.2986745048949763,0.36495474005326645,0.3363707550517571,0.2900252141938273,0.37822747964829406,0.3317473061578786
9,mfds_drug_ai_review,mfds_drug_ai_review:COR-002,통상수용,0.0,통상수용,통상수용,True,False,True,통상수용,0.6016399689930662,0.20716823860025582,0.19119179240667794,통상수용,0.6727262715243637,0.16396035012615792,0.1633133783494783,통상수용,0.6016399689930664,0.20716823860025563,0.19119179240667794,0.6253354031701654,0.19276560910888976,0.1818989877209447
9,mfds_drug_ai_review,mfds_drug_ai_review:COR-003,통상수용,0.0,통상수용,통상수용,True,False,True,통상수용,0.5220009719192336,0.22125268765926814,0.25674634042149824,통상수용,0.6085829889474573,0.19335875403747138,0.19805825701507127,통상수용,0.5220009719192338,0.22125268765926814,0.25674634042149813,0.5508616442619748,0.2119547097853359,0.23718364595268923
9,mfds_drug_ai_review,mfds_drug_ai_review:COR-004,통상수용,0.0,통상수용,통상수용,True,False,True,통상수용,0.5956011052227307,0.21950313704884464,0.1848957577284247,통상수용,0.6761639957324732,0.18251801129752113,0.1413179929700056,통상수용,0.5956011052227307,0.21950313704884467,0.18489575772842465,0.6224554020593116,0.20717476179840347,0.17036983614228496
9,mfds_drug_ai_review,mfds_drug_ai_review:COR-005,통상수용,0.0,통상수용,통상수용,True,False,True,통상수용,0.5616485220257109,0.2333107052806335,0.20504077269365556,통상수용,0.6880162030773521,0.15474179695907858,0.15724199996356916,통상수용,0.5616485220257111,0.23331070528063327,0.20504077269365553,0.603771082376258,0.20712106917344844,0.1891078484502934
9,mfds_drug_ai_review,mfds_drug_ai_review:COR-006,통상수용,0.0,통상수용,통상수용,True,False,True,통상수용,0.4348906399430309,0.2745530197039611,0.29055634035300804,통상수용,0.5224346995669041,0.22492120668150722,0.25264409375158864,통상수용,0.4348906399430308,0.2745530197039611,0.29055634035300804,0.4640719931509886,0.2580090820298098,0.27791892481920155
9,mfds_drug_ai_review,mfds_drug_ai_review:COR-007,통상수용,0.0,통상수용,통상수용,True,False,True,통상수용,0.5430146856865204,0.15854731672385144,0.298437997589628,통상수용,0.5945360416877595,0.11999409812652292,0.2854698601857175,통상수용,0.5430146856865202,0.1585473167238514,0.29843799758962836,0.5601884710202668,0.14569624385807525,0.29411528512165797
9,mfds_drug_ai_review,mfds_drug_ai_review:COR-010,통상수용,0.0,통상수용,통상수용,True,False,True,통상수용,0.6456306777406279,0.13845622311909248,0.21591309914027967,통상수용,0.7535592836628292,0.09479999951142694,0.15164071682574393,통상수용,0.645630677740628,0.13845622311909236,0.21591309914027967,0.6816068797146949,0.12390414858320394,0.19448897170210108
9,mfds_drug_ai_review,mfds_drug_ai_review:COR-011,통상수용,0.0,통상수용,통상수용,True,False,True,통상수용,0.4389529326349852,0.19319746861915313,0.3678495987458617,통상수용,0.47431872556739607,0.15090528385508148,0.37477599057752253,통상수용,0.43895293263498486,0.19319746861915318,0.36784959874586204,0.450741530279122,0.17910007369779593,0.3701583960230821
9,mfds_drug_ai_review,mfds_drug_ai_review:COR-012,통상수용,0.0,통상수용,통상수용,True,False,True,통상수용,0.6565554881507627,0.18144868000703618,0.16199583184220118,통상수용,0.7385773770485318,0.12943180731100865,0.13199081564045956,통상수용,0.6565554881507627,0.18144868000703598,0.1619958318422012,0.6838961177833524,0.1641097224416936,0.15199415977495398
9,mfds_drug_ai_review,mfds_drug_ai_review:COR-013,통상수용,0.0,통상수용,통상수용,True,False,True,통상수용,0.573635077879661,0.20922330244994278,0.2171416196703962,통상수용,0.6655507231428502,0.16037113254750077,0.17407814430964902,통상수용,0.5736350778796611,0.2092233024499427,0.21714161967039633,0.6042736263007241,0.19293924581579538,0.20278712788348052
9,mfds_drug_ai_review,mfds_drug_ai_review:COR-014,통상수용,0.0,통상수용,통상수용,True,False,True,통상수용,0.5897549887957112,0.19373613730192152,0.21650887390236734,통상수용,0.679223260345556,0.14557674674639917,0.17519999290804492,통상수용,0.5897549887957112,0.19373613730192144,0.21650887390236742,0.6195777459789928,0.17768300711674737,0.2027392469042599
9,mfds_drug_ai_review,mfds_drug_ai_review:DAR-001,견적반영,0.0,견적반영,견적반영,True,False,True,견적반영,0.28134724992946974,0.4779615325646775,0.24069121750585265,견적반영,0.32725604852035,0.4345569201440896,0.23818703133556035,견적반영,0.28134724992946963,0.4779615325646776,0.24069121750585262,0.29665018279309646,0.46349332842448154,0.23985648878242186
9,mfds_drug_ai_review,mfds_drug_ai_review:DAR-002,견적반영,0.0,통상수용,통상수용,True,True,False,통상수용,0.37496060689171484,0.35148668145700696,0.27355271165127815,통상수용,0.3688431054099799,0.36854641217534534,0.26261048241467466,통상수용,0.37496060689171473,0.35148668145700684,0.2735527116512784,0.3729214397311365,0.3571732583631197,0.26990530190574374
9,mfds_drug_ai_review,mfds_drug_ai_review:DAR-003,통상수용,0.0,통상수용,통상수용,True,False,True,통상수용,0.49864413991279266,0.2341961816591436,0.26715967842806376,통상수용,0.5571280188374675,0.20681326045513712,0.23605872070739534,통상수용,0.49864413991279277,0.2341961816591435,0.2671596784280639,0.5181387662210176,0.22506854125780806,0.2567926925211743
9,mfds_drug_ai_review,mfds_drug_ai_review:DAR-004,견적반영,0.0,통상수용,통상수용,True,True,False,통상수용,0.5243171237130669,0.22521304273656223,0.2504698335503709,통상수용,0.6371915405551409,0.16996513204491315,0.19284332739994597,통상수용,0.5243171237130669,0.2252130427365621,0.250469833550371,0.5619419293270916,0.2067970725060125,0.23126099816689596
9,mfds_drug_ai_review,mfds_drug_ai_review:DAR-005,견적반영,0.0,통상수용,통상수용,True,True,False,통상수용,0.46199650720580787,0.3094895846244548,0.2285139081697373,통상수용,0.5388676872888015,0.2503420225813422,0.21079029012985623,통상수용,0.46199650720580787,0.3094895846244548,0.22851390816973743,0.48762023390013903,0.2897737306100839,0.22260603548977698
9,mfds_drug_ai_review,mfds_drug_ai_review:DAR-006,견적반영,0.0,통상수용,통상수용,True,True,False,통상수용,0.34799037089387597,0.3459250273783008,0.30608460172782337,통상수용,0.37592261786890674,0.3498520107899157,0.2742253713411775,통상수용,0.34799037089387586,0.34592502737830083,0.30608460172782326,0.35730111988555285,0.34723402184883906,0.29546485826560803
9,mfds_drug_ai_review,mfds_drug_ai_review:DAR-007,견적반영,0.0,계약·질의검토,계약·질의검토,True,True,False,계약·질의검토,0.32992299066067116,0.2973487119247595,0.3727282974145694,계약·질의검토,0.34423593340963193,0.27207389845737023,0.3836901681329979,계약·질의검토,0.32992299066067116,0.2973487119247593,0.3727282974145695,0.33469397157699143,0.28892377410229636,0.37638225432071226
9,mfds_drug_ai_review,mfds_drug_ai_review:DAR-008,견적반영,0.0,계약·질의검토,계약·질의검토,True,True,False,계약·질의검토,0.3161632204689324,0.2977181346247479,0.3861186449063197,계약·질의검토,0.3186869421614522,0.2888487785398678,0.39246427929868005,계약·질의검토,0.31616322046893247,0.2977181346247478,0.38611864490631975,0.3170044610331057,0.29476168259645447,0.3882338563704398
9,mfds_drug_ai_review,mfds_drug_ai_review:DAR-009,견적반영,0.0,계약·질의검토,계약·질의검토,False,False,True,계약·질의검토,0.29399578329175746,0.3401049383593861,0.3658992783488565,견적반영,0.2820994196001112,0.35929607009068576,0.35860451030920304,계약·질의검토,0.29399578329175735,0.340104938359386,0.3658992783488565,0.2900303287278753,0.34650198226981926,0.36346768900230536
9,mfds_drug_ai_review,mfds_drug_ai_review:DAR-010,견적반영,0.0,통상수용,통상수용,True,True,False,통상수용,0.4744859207166934,0.284452154937746,0.24106192434556067,통상수용,0.5042225702255181,0.26877988096520844,0.22699754880927345,통상수용,0.4744859207166934,0.2844521549377459,0.24106192434556079,0.48439813721963493,0.2792280636135668,0.23637379916679832
9,mfds_drug_ai_review,mfds_drug_ai_review:DAR-011,통상수용,0.0,통상수용,통상수용,True,False,True,통상수용,0.45769990912843167,0.3838817405408483,0.15841835033072013,통상수용,0.46513589629504376,0.38906082719035073,0.14580327651460565,통상수용,0.45769990912843167,0.3838817405408482,0.15841835033072005,0.46017857151730235,0.3856081027573491,0.1542133257253486
9,mfds_drug_ai_review,mfds_drug_ai_review:DAR-012,계약·질의검토,0.0,계약·질의검토,계약·질의검토,True,False,True,계약·질의검토,0.32273336457666335,0.30070389325357105,0.37656274216976554,계약·질의검토,0.28967286860820535,0.33144834880070556,0.378878782591089,계약·질의검토,0.3227333645766634,0.30070389325357094,0.37656274216976576,0.31171319925384405,0.31095204510261587,0.3773347556435401
9,mfds_drug_ai_review,mfds_drug_ai_review:DAR-013,통상수용,0.0,통상수용,통상수용,True,False,True,통상수용,0.6476530516838953,0.22832877595871537,0.1240181723573892,통상수용,0.6871174984954571,0.20849781118513666,0.10438469031940625,통상수용,0.6476530516838955,0.22832877595871523,0.12401817235738932,0.6608078672877493,0.22171845436752244,0.11747367834472826
9,mfds_drug_ai_review,mfds_drug_ai_review:DAR-014,견적반영,0.0,견적반영,견적반영,True,False,True,견적반영,0.24786551408958105,0.4975080060086172,0.2546264799018017,견적반영,0.21565076020910368,0.5742419252572444,0.210107314533652,견적반영,0.247865514089581,0.497508006008617,0.254626479901802,0.23712726279608856,0.5230859790914929,0.23978675811241856
9,mfds_drug_ai_review,mfds_drug_ai_review:DAR-015,통상수용,0.0,견적반영,견적반영,True,True,False,견적반영,0.3116024721156967,0.4023245829681302,0.2860729449161732,견적반영,0.2564398503803447,0.47761393974320093,0.26594620987645423,견적반영,0.31160247211569675,0.40232458296812995,0.2860729449161733,0.29321493153724604,0.42742103522648706,0.2793640332362669
9,mfds_drug_ai_review,mfds_drug_ai_review:DAR-016,통상수용,0.0,견적반영,견적반영,True,True,False,견적반영,0.3670191318092173,0.4575200132294444,0.17546085496133842,견적반영,0.37283205783619766,0.4790522824330808,0.14811565973072166,견적반영,0.3670191318092173,0.45752001322944413,0.1754608549613385,0.36895677381821074,0.46469743629732313,0.1663457898844662
9,mfds_drug_ai_review,mfds_drug_ai_review:DAR-017,통상수용,0.0,통상수용,통상수용,True,False,True,통상수용,0.6465240579223535,0.17842607047230552,0.17504987160534094,통상수용,0.75111707063304,0.11913790517075215,0.12974502419620784,통상수용,0.6465240579223535,0.1784260704723054,0.17504987160534116,0.6813883954925823,0.15866334870512103,0.15994825580229666
9,mfds_drug_ai_review,mfds_drug_ai_review:DAR-018,통상수용,0.0,통상수용,통상수용,True,False,True,통상수용,0.6487140038245752,0.13318868266392014,0.21809731351150471,통상수용,0.7282868471104866,0.10178668477138018,0.16992646811813314,통상수용,0.648714003824575,0.13318868266392003,0.21809731351150494,0.6752382849198789,0.12272135003307345,0.2020403650470476
9,mfds_drug_ai_review,mfds_drug_ai_review:DAR-020,통상수용,0.0,통상수용,통상수용,True,False,True,통상수용,0.5265252992118551,0.23530669421942013,0.23816800656872467,통상수용,0.6225887077558877,0.18314524285379852,0.19426604939031386,통상수용,0.5265252992118552,0.23530669421941997,0.23816800656872483,0.5585464353931994,0.21791954376421288,0.22353402084258778
9,mfds_drug_ai_review,mfds_drug_ai_review:DAR-021,통상수용,0.0,통상수용,통상수용,True,False,True,통상수용,0.5852824254050715,0.21498111559705582,0.19973645899787262,통상수용,0.6780488316532238,0.1664218465612884,0.15552932178548784,통상수용,0.5852824254050717,0.21498111559705568,0.19973645899787268,0.6162045608211223,0.1987946925851333,0.18500074659374435
9,mfds_drug_ai_review,mfds_drug_ai_review:DAR-022,통상수용,0.0,통상수용,통상수용,True,False,True,통상수용,0.6210383049054511,0.24254020672612406,0.13642148836842494,통상수용,0.7087202001751419,0.185362132690218,0.10591766713464013,통상수용,0.621038304905451,0.24254020672612409,0.13642148836842502,0.6502656033286813,0.22348084871415538,0.12625354795716337
9,mfds_drug_ai_review,mfds_drug_ai_review:DAR-023,통상수용,0.0,통상수용,통상수용,True,False,True,통상수용,0.6164205983542819,0.14714695264019165,0.23643244900552654,통상수용,0.6717562475579405,0.1288275680466934,0.19941618439536615,통상수용,0.6164205983542816,0.1471469526401916,0.2364324490055268,0.6348658147555014,0.14104049110902553,0.22409369413547317
9,mfds_drug_ai_review,mfds_drug_ai_review:DAR-024,통상수용,0.0,통상수용,통상수용,True,False,True,통상수용,0.6492717967657435,0.16645213296033531,0.18427607027392118,통상수용,0.7579245636157688,0.10617898920282336,0.13589644718140775,통상수용,0.6492717967657435,0.16645213296033518,0.18427607027392132,0.6854893857157519,0.1463610850411646,0.16814952924308343
9,mfds_drug_ai_review,mfds_drug_ai_review:DAR-025,통상수용,0.0,통상수용,통상수용,True,False,True,통상수용,0.6170935644865632,0.22420291070393455,0.1587035248095022,통상수용,0.730069705226168,0.15505813905768842,0.11487215571614358,통상수용,0.6170935644865632,0.22420291070393455,0.1587035248095024,0.6547522780664314,0.20115465348851921,0.1440930684450494
9,mfds_drug_ai_review,mfds_drug_ai_review:DAR-026,통상수용,0.0,통상수용,통상수용,True,False,True,통상수용,0.37749960497265406,0.34529134874764816,0.27720904627969783,통상수용,0.3853821202320952,0.3156526734919333,0.29896520627597156,통상수용,0.377499604972654,0.345291348747648,0.277209046279698,0.3801271100591344,0.33541179032907653,0.28446109961178917
9,mfds_drug_ai_review,mfds_drug_ai_review:PER-001,통상수용,0.0,통상수용,통상수용,True,False,True,통상수용,0.4729770984169212,0.23049330300207035,0.2965295985810085,통상수용,0.5751955674792644,0.19351651065912104,0.23128792186161465,통상수용,0.4729770984169211,0.23049330300207027,0.2965295985810087,0.5070499214377022,0.21816770555442055,0.2747823730078773
9,mfds_drug_ai_review,mfds_drug_ai_review:PER-002,계약·질의검토,0.0,계약·질의검토,계약·질의검토,True,False,True,계약·질의검토,0.27193046995674575,0.21992005463889636,0.508149475404358,계약·질의검토,0.2465841675719059,0.18733176517453537,0.5660840672535588,계약·질의검토,0.2719304699567458,0.21992005463889616,0.5081494754043581,0.26348170249513253,0.20905729148410931,0.5274610060207583
9,mfds_drug_ai_review,mfds_drug_ai_review:PER-003,계약·질의검토,0.0,통상수용,계약·질의검토,False,False,True,통상수용,0.3795968064664151,0.2534592655116113,0.36694392802197356,계약·질의검토,0.38668113114507113,0.2209751751792574,0.3923436936756715,통상수용,0.3795968064664152,0.25345926551161124,0.3669439280219736,0.3819582480259671,0.24263123540082665,0.37541051657320623
9,mfds_drug_ai_review,mfds_drug_ai_review:PER-004,계약·질의검토,0.0,통상수용,통상수용,True,True,False,통상수용,0.41749427714090726,0.3242406165448881,0.2582651063142045,통상수용,0.4528443363638781,0.28913370749500855,0.25802195614111334,통상수용,0.4174942771409074,0.32424061654488806,0.2582651063142046,0.42927763021523097,0.31253831352826156,0.2581840562565075
9,mfds_drug_ai_review,mfds_drug_ai_review:PER-005,계약·질의검토,0.0,계약·질의검토,계약·질의검토,True,False,True,계약·질의검토,0.2629944842807769,0.17786498333977233,0.5591405323794507,계약·질의검토,0.21339083133705442,0.1371853212526031,0.6494238474103424,계약·질의검토,0.2629944842807771,0.17786498333977224,0.5591405323794507,0.2464599332995361,0.16430509597738255,0.5892349707230813
9,mfds_drug_ai_review,mfds_drug_ai_review:PER-006,계약·질의검토,0.0,계약·질의검토,계약·질의검토,True,False,True,계약·질의검토,0.39750309087757724,0.1753143871230853,0.4271825219993376,계약·질의검토,0.3946205678471302,0.1402339267371441,0.4651455054157257,계약·질의검토,0.39750309087757746,0.17531438712308514,0.4271825219993375,0.39654224986742825,0.16362090032777152,0.43983684980480026
9,mfds_drug_ai_review,mfds_drug_ai_review:PER-007,계약·질의검토,0.0,계약·질의검토,계약·질의검토,True,False,True,계약·질의검토,0.28211876571900296,0.23343046264808986,0.4844507716329071,계약·질의검토,0.27519468103188044,0.1703271303148811,0.5544781886532385,계약·질의검토,0.28211876571900296,0.23343046264808978,0.4844507716329071,0.2798107374899621,0.21239601853702025,0.5077932439730176
9,mfds_drug_ai_review,mfds_drug_ai_review:PER-008,계약·질의검토,0.0,통상수용,통상수용,True,True,False,통상수용,0.40572726676219145,0.3016677192870576,0.292605013950751,통상수용,0.457464076511345,0.26242199954440043,0.28011392394425444,통상수용,0.40572726676219156,0.3016677192870574,0.29260501395075095,0.42297287001190936,0.2885858127061718,0.28844131728191885
9,mfds_drug_ai_review,mfds_drug_ai_review:PER-009,계약·질의검토,0.0,견적반영,견적반영,True,True,False,견적반영,0.30170432669723063,0.3810492141303977,0.3172464591723717,견적반영,0.28682501223956813,0.3962818277663572,0.31689315999407475,견적반영,0.3017043266972307,0.3810492141303977,0.3172464591723717,0.29674455521134313,0.38612675200905083,0.31712869277960604
9,mfds_drug_ai_review,mfds_drug_ai_review:PER-010,계약·질의검토,0.0,통상수용,통상수용,True,True,False,통상수용,0.37980316286656085,0.3072812819134711,0.312915555219968,통상수용,0.4032608425266057,0.2570121720283958,0.3397269854449985,통상수용,0.3798031628665609,0.30728128191347104,0.312915555219968,0.3876223894199091,0.2905249119517793,0.3218526986283115
9,mfds_drug_ai_review,mfds_drug_ai_review:PMR-001,통상수용,0.0,통상수용,통상수용,True,False,True,통상수용,0.606902292217648,0.19715599797943276,0.19594170980291917,통상수용,0.721866806315089,0.13762201738226443,0.14051117630264656,통상수용,0.6069022922176481,0.19715599797943267,0.1959417098029192,0.645223796916795,0.17731133778037664,0.17746486530282832
9,mfds_drug_ai_review,mfds_drug_ai_review:PMR-002,통상수용,0.0,통상수용,통상수용,True,False,True,통상수용,0.716946122794866,0.13245715681150172,0.1505967203936322,통상수용,0.8240739503104318,0.08062446002257422,0.09530158966699402,통상수용,0.7169461227948662,0.13245715681150164,0.15059672039363223,0.752655398633388,0.11517959121519254,0.1321650101514195
9,mfds_drug_ai_review,mfds_drug_ai_review:PMR-003,통상수용,0.0,통상수용,통상수용,True,False,True,통상수용,0.566551024262602,0.16090679002791317,0.27254218570948496,통상수용,0.6395690331489542,0.1379138065731831,0.2225171602778627,통상수용,0.5665510242626017,0.16090679002791308,0.27254218570948513,0.5908903605580527,0.15324246220966978,0.2558671772322776
9,mfds_drug_ai_review,mfds_drug_ai_review:PMR-004,통상수용,0.0,통상수용,통상수용,True,False,True,통상수용,0.6760033532520805,0.14743959296071102,0.17655705378720835,통상수용,0.7674222884355759,0.11060012662717388,0.12197758493725017,통상수용,0.6760033532520807,0.14743959296071085,0.17655705378720832,0.706476331646579,0.13515977084953193,0.15836389750388893
9,mfds_drug_ai_review,mfds_drug_ai_review:PMR-005,통상수용,0.0,통상수용,통상수용,True,False,True,통상수용,0.734849319862771,0.13207572258045264,0.13307495755677626,통상수용,0.8135341054974454,0.09757875905372118,0.08888713544883348,통상수용,0.7348493198627711,0.13207572258045253,0.1330749575567763,0.7610775817409959,0.12057673473820878,0.11834568352079534
9,mfds_drug_ai_review,mfds_drug_ai_review:PMR-006,통상수용,0.0,통상수용,통상수용,True,False,True,통상수용,0.5532798138493058,0.2586800179117254,0.1880401682389688,통상수용,0.6557626898237378,0.2045209129828789,0.13971639719338333,통상수용,0.5532798138493059,0.2586800179117253,0.18804016823896882,0.5874407725074499,0.24062698293544318,0.17193224455710698
9,mfds_drug_ai_review,mfds_drug_ai_review:PMR-007,통상수용,0.0,통상수용,통상수용,True,False,True,통상수용,0.6098746703350849,0.18751279171156907,0.2026125379533459,통상수용,0.6764532168786552,0.14996876125464598,0.1735780218666989,통상수용,0.6098746703350849,0.18751279171156904,0.20261253795334597,0.6320675191829417,0.17499811489259468,0.19293436592446359
9,mfds_drug_ai_review,mfds_drug_ai_review:PMR-008,통상수용,0.0,통상수용,통상수용,True,False,True,통상수용,0.6735726283830424,0.17782048528901692,0.1486068863279406,통상수용,0.6832094395551461,0.1505752816871342,0.16621527875771958,통상수용,0.6735726283830423,0.17782048528901695,0.14860688632794072,0.6767848987737436,0.16873875075505604,0.1544763504712003
9,mfds_drug_ai_review,mfds_drug_ai_review:PMR-009,통상수용,0.0,통상수용,통상수용,True,False,True,통상수용,0.5250844807768625,0.17992461157390002,0.29499090764923747,통상수용,0.5501430326794552,0.14816082136268086,0.30169614595786404,통상수용,0.5250844807768624,0.1799246115738999,0.2949909076492377,0.5334373314110601,0.1693366815034936,0.2972259870854464
9,mfds_drug_ai_review,mfds_drug_ai_review:PMR-010,통상수용,0.0,통상수용,통상수용,True,False,True,통상수용,0.5593566920936159,0.2231034967013402,0.21753981120504384,통상수용,0.6375675730248549,0.16924192335937113,0.19319050361577406,통상수용,0.559356692093616,0.22310349670134014,0.21753981120504381,0.5854269857373623,0.20514963892068383,0.2094233753419539
9,mfds_drug_ai_review,mfds_drug_ai_review:PMR-011,통상수용,0.0,통상수용,통상수용,True,False,True,통상수용,0.7521064070509189,0.1273815559843741,0.12051203696470686,통상수용,0.8349909812249556,0.09109785991085935,0.07391115886418502,통상수용,0.7521064070509189,0.127381555984374,0.12051203696470698,0.7797345984422644,0.11528699062653582,0.10497841093119963
9,mfds_drug_ai_review,mfds_drug_ai_review:PMR-012,통상수용,0.0,통상수용,통상수용,True,False,True,통상수용,0.7067549700832882,0.14122185915130483,0.15202317076540686,통상수용,0.8122970842379167,0.09159157183777979,0.09611134392430357,통상수용,0.7067549700832881,0.1412218591513048,0.15202317076540697,0.7419356748014977,0.12467843004679648,0.13338589515170582
9,mfds_drug_ai_review,mfds_drug_ai_review:PMR-013,통상수용,0.0,통상수용,통상수용,True,False,True,통상수용,0.6605407738951359,0.1610498537835386,0.17840937232132556,통상수용,0.7606068247044381,0.1106319685470052,0.1287612067485567,통상수용,0.6605407738951359,0.1610498537835385,0.1784093723213256,0.6938961241649032,0.14424389203802743,0.16185998379706928
9,mfds_drug_ai_review,mfds_drug_ai_review:PMR-014,통상수용,0.0,통상수용,통상수용,True,False,True,통상수용,0.6481242940282587,0.19426985035221686,0.1576058556195244,통상수용,0.7474881864141828,0.14138158801264872,0.11113022557316848,통상수용,0.6481242940282589,0.19426985035221678,0.15760585561952448,0.6812455914902334,0.17664042957236079,0.14211397893740577
9,mfds_drug_ai_review,mfds_drug_ai_review:PMR-015,통상수용,0.0,통상수용,통상수용,True,False,True,통상수용,0.6167171129562922,0.18167093113191246,0.20161195591179532,통상수용,0.6942823255761933,0.142205690527341,0.1635119838964657,통상수용,0.6167171129562923,0.18167093113191243,0.20161195591179537,0.6425721838295926,0.16851585093038865,0.18891196524001877
9,mfds_drug_ai_review,mfds_drug_ai_review:PMR-016,통상수용,0.0,통상수용,통상수용,True,False,True,통상수용,0.7080173307485315,0.11575492217854967,0.17622774707291877,통상수용,0.7951018866715853,0.08383183526442654,0.12106627806398808,통상수용,0.7080173307485315,0.11575492217854964,0.17622774707291897,0.7370455160562162,0.10511389320717529,0.1578405907366086
9,mfds_drug_ai_review,mfds_drug_ai_review:PMR-017,통상수용,0.0,통상수용,통상수용,True,False,True,통상수용,0.6698022902716368,0.1621067425721817,0.1680909671561814,통상수용,0.7696897318430269,0.108682717111585,0.12162755104538812,통상수용,0.6698022902716367,0.1621067425721817,0.1680909671561816,0.7030981041287668,0.14429873408531613,0.15260316178591704
9,mfds_drug_ai_review,mfds_drug_ai_review:PMR-018,계약·질의검토,0.0,계약·질의검토,계약·질의검토,True,False,True,계약·질의검토,0.3872853150165613,0.19142317440938522,0.42129151057405345,계약·질의검토,0.40840847882814413,0.16908045846679848,0.4225110627050574,계약·질의검토,0.3872853150165612,0.19142317440938517,0.4212915105740537,0.3943263696204222,0.18397560242852296,0.42169802795105477
9,mfds_drug_ai_review,mfds_drug_ai_review:PMR-019,통상수용,0.0,통상수용,통상수용,True,False,True,통상수용,0.4445220509163554,0.13024706298067124,0.4252308861029733,통상수용,0.513933409024784,0.10645208116810209,0.3796145098071139,통상수용,0.44452205091635516,0.13024706298067107,0.42523088610297377,0.46765917028583154,0.12231540237648146,0.41002542733768693
9,mfds_drug_ai_review,mfds_drug_ai_review:PMR-020,통상수용,0.0,통상수용,통상수용,True,False,True,통상수용,0.6359219311452271,0.1393777543907313,0.22470031446404146,통상수용,0.7659248535898567,0.09090674121616628,0.14316840519397697,통상수용,0.6359219311452273,0.13937775439073113,0.22470031446404146,0.6792562386267704,0.12322074999920957,0.19752301137401995
9,mfds_drug_ai_review,mfds_drug_ai_review:PMR-021,통상수용,0.0,통상수용,통상수용,True,False,True,통상수용,0.6218959026539139,0.17367843445926714,0.20442566288681888,통상수용,0.7257165867701146,0.12614247133010642,0.1481409418997789,통상수용,0.621895902653914,0.17367843445926714,0.20442566288681885,0.6565027973593143,0.15783311341621356,0.1856640892244722
9,mfds_drug_ai_review,mfds_drug_ai_review:PMR-022,통상수용,0.0,통상수용,통상수용,True,False,True,통상수용,0.615289588008475,0.18367778698871196,0.20103262500281308,통상수용,0.6990437450025424,0.14614516289181853,0.154811092105639,통상수용,0.615289588008475,0.18367778698871187,0.2010326250028132,0.6432076403398308,0.17116691228974745,0.18562544737042175
9,mfds_drug_ai_review,mfds_drug_ai_review:PMR-023,통상수용,0.0,통상수용,통상수용,True,False,True,통상수용,0.45685942694840576,0.23110380011834747,0.31203677293324666,통상수용,0.4931409844571437,0.2343473048688457,0.2725117106740107,통상수용,0.45685942694840576,0.23110380011834752,0.3120367729332467,0.4689532794513184,0.23218496836851354,0.298861752180168
9,mfds_drug_ai_review,mfds_drug_ai_review:PMR-024,통상수용,0.0,통상수용,통상수용,True,False,True,통상수용,0.5755009880062979,0.20011881267777726,0.22438019931592487,통상수용,0.6721399041052072,0.1539764502623691,0.1738836456324237,통상수용,0.575500988006298,0.20011881267777712,0.22438019931592484,0.6077139600392677,0.1847380252059745,0.2075480147547578
9,mfds_drug_ai_review,mfds_drug_ai_review:PMR-025,통상수용,0.0,통상수용,통상수용,True,False,True,통상수용,0.702733509639223,0.16915155652622346,0.12811493383455358,통상수용,0.811935519694999,0.10745629394310592,0.08060818636189511,통상수용,0.7027335096392231,0.16915155652622343,0.12811493383455347,0.7391341796578151,0.1485864689985176,0.11227935134366739
9,mfds_drug_ai_review,mfds_drug_ai_review:PMR-026,통상수용,0.0,통상수용,통상수용,True,False,True,통상수용,0.5250852795013347,0.2745491719437659,0.20036554855489944,통상수용,0.5246794812130929,0.28206730861267915,0.19325321017422784,통상수용,0.5250852795013348,0.2745491719437658,0.20036554855489935,0.5249500134052542,0.2770552175000703,0.19799476909467553
9,mfds_drug_ai_review,mfds_drug_ai_review:PSR-001,통상수용,0.0,계약·질의검토,계약·질의검토,False,False,True,통상수용,0.42602721156793155,0.15959053804783074,0.4143822503842376,계약·질의검토,0.41493943456950133,0.1450079759298354,0.44005258950066317,통상수용,0.42602721156793155,0.1595905380478307,0.41438225038423776,0.4223312859017881,0.15472968400849893,0.42293903008971284
9,mfds_drug_ai_review,mfds_drug_ai_review:PSR-002,통상수용,0.0,통상수용,통상수용,True,False,True,통상수용,0.6016921152340603,0.2319819382558519,0.1663259465100878,통상수용,0.6510088342791793,0.20791666249040727,0.14107450323041337,통상수용,0.6016921152340604,0.23198193825585178,0.16632594651008784,0.6181310215824333,0.22396017966737033,0.15790879875019634
9,mfds_drug_ai_review,mfds_drug_ai_review:PSR-003,통상수용,0.0,계약·질의검토,계약·질의검토,True,True,False,계약·질의검토,0.40164375549649506,0.1399425758107124,0.4584136686927925,계약·질의검토,0.42077255270282465,0.10465819704807494,0.47456925024910035,계약·질의검토,0.40164375549649506,0.13994257581071246,0.4584136686927925,0.40802002123193826,0.1281811162231666,0.46379886254489505
9,mfds_drug_ai_review,mfds_drug_ai_review:PSR-004,통상수용,0.0,통상수용,통상수용,True,False,True,통상수용,0.5885634184127366,0.20900997837176583,0.20242660321549763,통상수용,0.6529271063802222,0.16892989215932516,0.1781430014604527,통상수용,0.5885634184127366,0.20900997837176577,0.20242660321549769,0.6100179810685652,0.1956499496342856,0.19433206929714933
9,mfds_drug_ai_review,mfds_drug_ai_review:PSR-005,통상수용,0.0,통상수용,통상수용,True,False,True,통상수용,0.5059461082135932,0.16605429476073522,0.3279995970256715,통상수용,0.5789198888476276,0.11719057521908038,0.30388953593329204,통상수용,0.5059461082135931,0.1660542947607352,0.3279995970256718,0.5302707017582713,0.14976638824685026,0.3199629099948784
9,mfds_drug_ai_review,mfds_drug_ai_review:PSR-006,계약·질의검토,0.0,통상수용,통상수용,True,True,False,통상수용,0.3715172518234522,0.30840431623921133,0.32007843193733654,통상수용,0.3754436721571864,0.33953145204331,0.2850248757995036,통상수용,0.3715172518234521,0.3084043162392113,0.32007843193733665,0.3728260586013635,0.3187800281739109,0.3083939132247256
9,mfds_drug_ai_review,mfds_drug_ai_review:PSR-007,통상수용,0.0,통상수용,통상수용,True,False,True,통상수용,0.46472727860761853,0.21991287346709945,0.3153598479252819,통상수용,0.4536943180097078,0.23536461301929582,0.31094106897099644,통상수용,0.46472727860761853,0.2199128734670994,0.31535984792528216,0.4610496250749816,0.22506345331783154,0.31388692160718684
9,mfds_drug_ai_review,mfds_drug_ai_review:PSR-008,통상수용,0.0,통상수용,통상수용,True,False,True,통상수용,0.5643585459203556,0.18374443676753813,0.2518970173121063,통상수용,0.589762753731705,0.1594956316967953,0.25074161457149985,통상수용,0.5643585459203555,0.18374443676753804,0.25189701731210645,0.5728266151908054,0.17566150174395714,0.25151188306523753
9,mfds_drug_ai_review,mfds_drug_ai_review:PSR-009,견적반영,0.0,통상수용,통상수용,True,True,False,통상수용,0.5769649320605352,0.18844540839448332,0.23458965954498145,통상수용,0.6547604408395715,0.14306484316537268,0.2021747159950558,통상수용,0.5769649320605352,0.1884454083944833,0.2345896595449815,0.602896768320214,0.1733185533181131,0.2237846783616729
9,mfds_drug_ai_review,mfds_drug_ai_review:PSR-010,계약·질의검토,0.0,통상수용,통상수용,True,True,False,통상수용,0.5510806796645382,0.2423955138637912,0.20652380647167065,통상수용,0.6108553132225708,0.21076715699581164,0.17837752978161764,통상수용,0.5510806796645381,0.24239551386379116,0.20652380647167068,0.5710055575172158,0.23185272824113135,0.19714171424165297
9,mfds_drug_ai_review,mfds_drug_ai_review:PSR-011,계약·질의검토,0.0,계약·질의검토,계약·질의검토,True,False,True,계약·질의검토,0.38358327264317615,0.17407313000448554,0.44234359735233825,계약·질의검토,0.3764493869011827,0.1287312469966222,0.49481936610219496,계약·질의검토,0.38358327264317604,0.17407313000448546,0.4423435973523385,0.38120531072917824,0.15895916900186438,0.45983552026895724
9,mfds_drug_ai_review,mfds_drug_ai_review:PSR-012,통상수용,0.0,계약·질의검토,계약·질의검토,False,False,True,통상수용,0.4231687631564819,0.17052373707866053,0.40630749976485764,계약·질의검토,0.39268131669063394,0.1415791093687428,0.46573957394062315,통상수용,0.4231687631564818,0.17052373707866042,0.40630749976485775,0.4130062810011992,0.16087552784202125,0.4261181911567795
9,mfds_drug_ai_review,mfds_drug_ai_review:PSR-013,통상수용,0.0,통상수용,통상수용,True,False,True,통상수용,0.47425852473218927,0.24677925245264823,0.2789622228151626,통상수용,0.5241543503301855,0.21432290468848028,0.26152274498133427,통상수용,0.4742585247321893,0.24677925245264817,0.2789622228151626,0.4908904665981881,0.2359604698645922,0.27314906353721985
9,mfds_drug_ai_review,mfds_drug_ai_review:PSR-014,통상수용,0.0,통상수용,통상수용,True,False,True,통상수용,0.4586625648010596,0.3856875022321158,0.15564993296682467,통상수용,0.45342242201852695,0.42920325047165925,0.11737432750981369,통상수용,0.4586625648010596,0.38568750223211556,0.15564993296682486,0.4569158505402154,0.40019275164529683,0.14289139781448776
9,mfds_drug_ai_review,mfds_drug_ai_review:PSR-015,계약·질의검토,0.0,통상수용,통상수용,True,True,False,통상수용,0.48152318073889405,0.23646600408952498,0.282010815171581,통상수용,0.5366140683344784,0.19717463423323692,0.2662112974322846,통상수용,0.4815231807388939,0.23646600408952498,0.2820108151715812,0.49988680993742207,0.22336888080409564,0.27674430925848226
9,mfds_drug_ai_review,mfds_drug_ai_review:QUR-001,통상수용,0.0,통상수용,통상수용,True,False,True,통상수용,0.6311661680062943,0.1632832997639855,0.20555053222972022,통상수용,0.7648884844614698,0.10672943500049432,0.12838208053803588,통상수용,0.6311661680062943,0.1632832997639854,0.20555053222972033,0.6757402734913528,0.1444320115094884,0.1798277149991588
9,mfds_drug_ai_review,mfds_drug_ai_review:QUR-003,통상수용,0.0,통상수용,통상수용,True,False,True,통상수용,0.6214810457632324,0.1852247914515579,0.1932941627852097,통상수용,0.6993193400443335,0.14641720736064365,0.15426345259502272,통상수용,0.6214810457632326,0.18522479145155782,0.19329416278520964,0.6474271438569329,0.1722889300879198,0.18028392605514734
9,mfds_drug_ai_review,mfds_drug_ai_review:QUR-004,통상수용,0.0,통상수용,통상수용,True,False,True,통상수용,0.7241522725295202,0.13389894739194952,0.14194878007853035,통상수용,0.8201851109136171,0.08353752267574092,0.09627736641064205,통상수용,0.7241522725295204,0.13389894739194935,0.14194878007853032,0.7561632186575525,0.11711180581987994,0.12672497552256756
9,mfds_drug_ai_review,mfds_drug_ai_review:QUR-005,통상수용,0.0,통상수용,통상수용,True,False,True,통상수용,0.6231254906393592,0.18139395962338103,0.19548054973725976,통상수용,0.7480849893676821,0.12421539204860561,0.12769961858371226,통상수용,0.6231254906393596,0.18139395962338092,0.19548054973725953,0.6647786568821337,0.16233443709845585,0.1728869060194105
9,mfds_drug_ai_review,mfds_drug_ai_review:SER-001,계약·질의검토,0.0,통상수용,통상수용,True,True,False,통상수용,0.43523865450949034,0.1934002725204908,0.37136107297001886,통상수용,0.4752272940632934,0.15364471863729118,0.3711279872994155,통상수용,0.4352386545094901,0.19340027252049075,0.3713610729700192,0.4485682010274246,0.1801484212260909,0.3712833777464845
9,mfds_drug_ai_review,mfds_drug_ai_review:SER-003,통상수용,0.0,통상수용,통상수용,True,False,True,통상수용,0.4893682345212699,0.16408460195988742,0.34654716351884274,통상수용,0.497844210663058,0.14207606728179462,0.36007972205514743,통상수용,0.48936823452126965,0.1640846019598873,0.34654716351884296,0.4921935599018658,0.15674842373385645,0.35105801636427775
9,mfds_drug_ai_review,mfds_drug_ai_review:SER-004,통상수용,0.0,통상수용,통상수용,True,False,True,통상수용,0.43002562848178727,0.28605346656570535,0.2839209049525073,통상수용,0.5125570671108588,0.2591606002951048,0.22828233259403646,통상수용,0.43002562848178744,0.28605346656570524,0.28392090495250727,0.4575361080248112,0.27708917780883846,0.26537471416635033
9,mfds_drug_ai_review,mfds_drug_ai_review:SER-005,통상수용,0.0,통상수용,통상수용,True,False,True,통상수용,0.4856510907283221,0.3376689708258799,0.17667993844579816,통상수용,0.5388464650136747,0.30913199978545364,0.15202153520087175,통상수용,0.4856510907283221,0.33766897082588,0.17667993844579807,0.503382882156773,0.32815664714573783,0.16846047069748935
9,mfds_drug_ai_review,mfds_drug_ai_review:SER-006,통상수용,0.0,통상수용,통상수용,True,False,True,통상수용,0.42126517408224684,0.2144296919727898,0.3643051339449635,통상수용,0.4475658263884556,0.1881043421411589,0.36432983147038545,통상수용,0.42126517408224684,0.21442969197278974,0.36430513394496344,0.43003205818431645,0.20565457536224616,0.3643133664534375
9,mfds_drug_ai_review,mfds_drug_ai_review:SER-007,통상수용,0.0,통상수용,통상수용,True,False,True,통상수용,0.5076857405631858,0.2529389699553113,0.23937528948150288,통상수용,0.5450871669589057,0.22465439151498406,0.2302584415261102,통상수용,0.507685740563186,0.2529389699553112,0.23937528948150283,0.5201528826950925,0.24351077714186883,0.23633634016303864
9,mfds_drug_ai_review,mfds_drug_ai_review:SER-008,계약·질의검토,0.0,통상수용,통상수용,True,True,False,통상수용,0.4493827914949384,0.26341576492748087,0.2872014435775807,통상수용,0.46479549910414,0.2801014930399691,0.2551030078558909,통상수용,0.4493827914949385,0.2634157649274808,0.2872014435775807,0.45452036069800567,0.26897767429831027,0.2765019650036841
9,mfds_drug_ai_review,mfds_drug_ai_review:SER-009,통상수용,0.0,통상수용,통상수용,True,False,True,통상수용,0.5449115506077497,0.2335622591451591,0.22152619024709128,통상수용,0.6275767787176046,0.1838364722424133,0.18858674903998202,통상수용,0.5449115506077497,0.23356225914515907,0.22152619024709125,0.572466626644368,0.21698699684424383,0.2105463765113882
9,mfds_drug_ai_review,mfds_drug_ai_review:SER-010,통상수용,0.0,통상수용,통상수용,True,False,True,통상수용,0.4975263004910729,0.23881471194015078,0.2636589875687764,통상수용,0.5602882490543081,0.19345653305980037,0.24625521788589153,통상수용,0.4975263004910729,0.23881471194015072,0.2636589875687765,0.5184469500121512,0.22369531898003395,0.2578577310078148
9,mfds_drug_ai_review,mfds_drug_ai_review:SER-011,통상수용,0.0,통상수용,통상수용,True,False,True,통상수용,0.5295969391896795,0.3056375974563775,0.1647654633539431,통상수용,0.6155718078838941,0.2439946345065027,0.14043355760960324,통상수용,0.5295969391896794,0.3056375974563775,0.16476546335394307,0.5582552287544177,0.2850899431397525,0.15665482810582979
9,mfds_drug_ai_review,mfds_drug_ai_review:SER-012,통상수용,0.0,통상수용,통상수용,True,False,True,통상수용,0.3955810831086201,0.26283223544418655,0.34158668144719334,통상수용,0.4062279516082564,0.23075591790041294,0.3630161304913307,통상수용,0.39558108310862017,0.26283223544418644,0.3415866814471934,0.39913003927516555,0.252140129596262,0.3487298311285725
9,mfds_drug_ai_review,mfds_drug_ai_review:SER-014,통상수용,0.0,통상수용,통상수용,True,False,True,통상수용,0.46960834724786915,0.3174182265090381,0.2129734262430927,통상수용,0.5221151093279878,0.2778500221283194,0.2000348685436929,통상수용,0.46960834724786926,0.317418226509038,0.21297342624309276,0.4871106012745754,0.3042288250487985,0.20866057367662613
9,mfds_drug_ai_review,mfds_drug_ai_review:SER-015,통상수용,0.0,통상수용,통상수용,True,False,True,통상수용,0.4049113321232898,0.29125579209399166,0.30383287578271856,통상수용,0.4453462031232881,0.2768766711034498,0.27777712577326197,통상수용,0.4049113321232898,0.2912557920939916,0.3038328757827186,0.4183896224566226,0.28646275176381103,0.2951476257795664
9,mfds_drug_ai_review,mfds_drug_ai_review:SER-016,통상수용,0.0,통상수용,통상수용,True,False,True,통상수용,0.4930347175872838,0.34777955019854934,0.1591857322141669,통상수용,0.5625394561923821,0.3102373617182362,0.1272231820893817,통상수용,0.4930347175872838,0.34777955019854934,0.15918573221416688,0.5162029637889832,0.33526548737177836,0.1485315488392385
9,mfds_drug_ai_review,mfds_drug_ai_review:SER-017,통상수용,0.0,통상수용,통상수용,True,False,True,통상수용,0.3840691341079665,0.269847929778422,0.34608293611361146,통상수용,0.3911410006069203,0.2267491114799483,0.38210988791313144,통상수용,0.3840691341079666,0.2698479297784218,0.3460829361136115,0.38642642294095114,0.25548165701226405,0.35809192004678475
9,mfds_drug_ai_review,mfds_drug_ai_review:SER-018,통상수용,0.0,통상수용,통상수용,True,False,True,통상수용,0.44320875228156376,0.19519824745241582,0.3615930002660204,통상수용,0.4835818797267914,0.17041169722692845,0.3460064230462802,통상수용,0.44320875228156387,0.1951982474524158,0.3615930002660203,0.45666646142997297,0.18693606404392002,0.356397474526107
9,mfds_drug_ai_review,mfds_drug_ai_review:SFR-003,견적반영,0.0,계약·질의검토,계약·질의검토,True,True,False,계약·질의검토,0.3317637210912445,0.28030271835223713,0.3879335605565183,계약·질의검토,0.3206393323156755,0.2729763496781434,0.40638431800618113,계약·질의검토,0.33176372109124463,0.2803027183522373,0.38793356055651806,0.32805559149938823,0.2778605954608726,0.3940838130397391
9,mfds_drug_ai_review,mfds_drug_ai_review:SFR-004,계약·질의검토,0.0,통상수용,통상수용,True,True,False,통상수용,0.38818638816296147,0.281056357123582,0.33075725471345657,통상수용,0.43897820652481323,0.24920375325424934,0.31181804022093734,통상수용,0.3881863881629613,0.28105635712358207,0.3307572547134565,0.40511699428357867,0.2704388225004712,0.32444418321595014
9,mfds_drug_ai_review,mfds_drug_ai_review:SFR-005,견적반영,0.0,통상수용,통상수용,True,True,False,통상수용,0.4557560535553729,0.3048216974634445,0.23942224898118256,통상수용,0.5216221318631603,0.2644633423633751,0.21391452577346465,통상수용,0.4557560535553729,0.30482169746344456,0.2394222489811825,0.47771141299130204,0.29136891243008806,0.23091967457860987
9,mfds_drug_ai_review,mfds_drug_ai_review:SFR-006,계약·질의검토,0.0,통상수용,통상수용,True,True,False,통상수용,0.4276814382460761,0.31186385697173974,0.26045470478218413,통상수용,0.4763266378805496,0.2952397645288911,0.22843359759055937,통상수용,0.4276814382460761,0.3118638569717398,0.2604547047821841,0.44389650479090054,0.30632249282412355,0.2497810023849759
9,mfds_drug_ai_review,mfds_drug_ai_review:SFR-007,계약·질의검토,0.0,계약·질의검토,계약·질의검토,True,False,True,계약·질의검토,0.32225098742631536,0.3021252825010376,0.37562373007264704,계약·질의검토,0.3298200332653904,0.3143135899696178,0.35586637676499183,계약·질의검토,0.32225098742631547,0.30212528250103754,0.375623730072647,0.3247740027060071,0.30618805165723095,0.369037945636762
9,mfds_drug_ai_review,mfds_drug_ai_review:SFR-008,통상수용,0.0,견적반영,견적반영,True,True,False,견적반영,0.30337774306555537,0.5442758740001149,0.1523463829343298,견적반영,0.3411689020412145,0.5404358840306622,0.11839521392812323,견적반영,0.3033777430655553,0.5442758740001149,0.15234638293432973,0.3159747960574417,0.5429958773436306,0.14102932659892758
9,mfds_drug_ai_review,mfds_drug_ai_review:SFR-009,통상수용,0.0,견적반영,견적반영,True,True,False,견적반영,0.3543966839885915,0.45791141966520865,0.18769189634619984,견적반영,0.37034571452601067,0.45540377656596,0.1742505089080294,견적반영,0.35439668398859137,0.4579114196652088,0.1876918963461998,0.35971302750106454,0.45707553863212586,0.1832114338668097
9,mfds_drug_ai_review,mfds_drug_ai_review:SFR-010,통상수용,0.0,통상수용,통상수용,True,False,True,통상수용,0.44524652642128604,0.4369818243925187,0.11777164918619523,통상수용,0.4655330402631616,0.4371221285629871,0.09734483117385133,통상수용,0.44524652642128587,0.43698182439251887,0.11777164918619516,0.45200869770191116,0.43702859244934156,0.11096270984874723
9,mfds_drug_ai_review,mfds_drug_ai_review:SFR-011,통상수용,0.0,통상수용,통상수용,True,False,True,통상수용,0.44912531881652423,0.321139896733327,0.22973478445014883,통상수용,0.4754909689126962,0.3317907425018487,0.19271828858545506,통상수용,0.4491253188165242,0.32113989673332705,0.22973478445014878,0.45791386884858154,0.32469017865616756,0.2173959524952509
9,mfds_drug_ai_review,mfds_drug_ai_review:SFR-012,견적반영,0.0,통상수용,통상수용,True,True,False,통상수용,0.3879433880871961,0.26513890790913547,0.3469177040036684,통상수용,0.41382254971893584,0.25742658586390266,0.3287508644171615,통상수용,0.38794338808719614,0.26513890790913547,0.34691770400366845,0.396569775297776,0.2625681338940579,0.3408620908081661
9,mfds_drug_ai_review,mfds_drug_ai_review:SFR-013,통상수용,0.0,통상수용,통상수용,True,False,True,통상수용,0.43644704622502045,0.33112040376707663,0.2324325500079029,통상수용,0.48175712763767736,0.3289691805443228,0.1892736918179999,통상수용,0.4364470462250205,0.3311204037670767,0.23243255000790283,0.4515504066959061,0.33040332935949207,0.2180462639446019
9,mfds_drug_ai_review,mfds_drug_ai_review:SFR-014,견적반영,0.0,통상수용,통상수용,True,True,False,통상수용,0.4524246631020112,0.3002460190653024,0.24732931783268636,통상수용,0.4976852057920921,0.2827248964090255,0.21958989779888233,통상수용,0.4524246631020111,0.30024601906530246,0.24732931783268636,0.4675115106653715,0.29440564484654347,0.238082844488085
9,mfds_drug_ai_review,mfds_drug_ai_review:SFR-015,견적반영,0.0,견적반영,견적반영,True,False,True,견적반영,0.33084072252826274,0.40262831519980624,0.2665309622719309,견적반영,0.3367660056292348,0.4179528215924347,0.2452811727783304,견적반영,0.33084072252826285,0.40262831519980624,0.26653096227193085,0.33281581689525347,0.407736483997349,0.2594476991073974
9,mfds_drug_ai_review,mfds_drug_ai_review:SFR-016,통상수용,0.0,견적반영,견적반영,True,True,False,견적반영,0.35254849554991885,0.3988342728037464,0.24861723164633476,견적반영,0.3058889286262947,0.48086241060363827,0.21324866077006704,견적반영,0.3525484955499188,0.39883427280374656,0.2486172316463347,0.33699530657537746,0.42617698540371046,0.23682770802091216
9,mfds_drug_ai_review,mfds_drug_ai_review:SFR-017,계약·질의검토,0.0,통상수용,통상수용,True,True,False,통상수용,0.34719338399288563,0.33681148523748666,0.3159951307696278,통상수용,0.3674572635798925,0.3446382681009116,0.2879044683191959,통상수용,0.3471933839928856,0.3368114852374866,0.3159951307696278,0.3539480105218879,0.3394204128586283,0.30663157661948387
9,mfds_drug_ai_review,mfds_drug_ai_review:SFR-018,견적반영,0.0,견적반영,견적반영,True,False,True,견적반영,0.3343438626748447,0.4223024202207175,0.24335371710443776,견적반영,0.3028806436327737,0.493211684375377,0.2039076719918493,견적반영,0.3343438626748447,0.4223024202207176,0.24335371710443762,0.3238561229941544,0.44593884160560404,0.2302050354002416
9,mfds_drug_ai_review,mfds_drug_ai_review:SFR-019,견적반영,0.0,견적반영,견적반영,False,False,True,통상수용,0.3722806503068383,0.3492616816939844,0.27845766799917726,견적반영,0.3616127634008056,0.41462741860106217,0.22375981799813213,통상수용,0.3722806503068384,0.34926168169398447,0.27845766799917715,0.36872468800482744,0.37105026066301033,0.26022505133216217
9,mfds_drug_ai_review,mfds_drug_ai_review:SFR-021,통상수용,0.0,통상수용,통상수용,True,False,True,통상수용,0.45573924397599985,0.353749377074024,0.19051137894997625,통상수용,0.48958103485949456,0.30302493675937103,0.2073940283811344,통상수용,0.45573924397599985,0.35374937707402404,0.19051137894997616,0.4670198409371647,0.33684123030247304,0.1961389287603623
9,mfds_drug_ai_review,mfds_drug_ai_review:SFR-022,통상수용,0.0,통상수용,통상수용,True,False,True,통상수용,0.5012417124475012,0.26238255402383887,0.23637573352865995,통상수용,0.5508381798319483,0.24750842323824462,0.20165339692980716,통상수용,0.5012417124475013,0.26238255402383887,0.23637573352865993,0.5177738682423169,0.2574245104286408,0.22480162132904236
9,mfds_drug_ai_review,mfds_drug_ai_review:SFR-023,통상수용,0.0,통상수용,통상수용,True,False,True,통상수용,0.4585910393843223,0.3270502243699864,0.21435873624569138,통상수용,0.49682112470243645,0.326897799668722,0.17628107562884163,통상수용,0.45859103938432216,0.32705022436998643,0.21435873624569132,0.471334401157027,0.32699941613623157,0.20166618270674144
9,mfds_drug_ai_review,mfds_drug_ai_review:SFR-024,통상수용,0.0,통상수용,통상수용,True,False,True,통상수용,0.474765632961606,0.3610474036352716,0.16418696340312233,통상수용,0.5442654499890005,0.31610926206353546,0.13962528794746407,통상수용,0.474765632961606,0.3610474036352717,0.16418696340312228,0.4979322386374041,0.3460680231113596,0.15599973825123623
9,mfds_drug_ai_review,mfds_drug_ai_review:SFR-025,통상수용,0.0,통상수용,통상수용,True,False,True,통상수용,0.5539492314251304,0.3052680114324207,0.14078275714244887,통상수용,0.6343097460740099,0.24780754335065575,0.11788271057533428,통상수용,0.5539492314251306,0.3052680114324206,0.14078275714244878,0.5807360696414237,0.28611452207183236,0.13314940828674396
9,mfds_drug_ai_review,mfds_drug_ai_review:SFR-026,통상수용,0.0,통상수용,통상수용,True,False,True,통상수용,0.4351690169541405,0.38638815692017486,0.17844282612568463,통상수용,0.45525653776024744,0.4000477818364226,0.14469568040332983,통상수용,0.4351690169541405,0.386388156920175,0.17844282612568457,0.4418648572228428,0.3909413652255908,0.1671937775515663
9,mfds_drug_ai_review,mfds_drug_ai_review:SFR-027,견적반영,0.0,견적반영,계약·질의검토,False,False,True,견적반영,0.24637689225357126,0.4062699775927092,0.34735313015371955,계약·질의검토,0.22240629054778652,0.37774830210691096,0.3998454073453026,견적반영,0.24637689225357132,0.40626997759270894,0.34735313015371977,0.23838669168497637,0.3967627524307764,0.36485055588424736
9,mfds_drug_ai_review,mfds_drug_ai_review:SFR-028,견적반영,0.0,통상수용,통상수용,True,True,False,통상수용,0.38870152289412735,0.3339934111888604,0.27730506591701226,통상수용,0.4498333599451239,0.31004294087598955,0.24012369917888657,통상수용,0.38870152289412735,0.3339934111888606,0.27730506591701204,0.4090788019111262,0.3260099210845702,0.2649112770043036
9,mfds_drug_ai_review,mfds_drug_ai_review:SFR-029,통상수용,0.0,견적반영,견적반영,True,True,False,견적반영,0.3285844171318299,0.35654427633767805,0.314871306530492,견적반영,0.3259589528321213,0.3637823922352999,0.31025865493257887,견적반영,0.32858441713182984,0.35654427633767827,0.3148713065304919,0.3277092623652603,0.3589569816368854,0.31333375599785424
9,mfds_drug_ai_review,mfds_drug_ai_review:SFR-030,통상수용,0.0,견적반영,견적반영,True,True,False,견적반영,0.33974933683548936,0.3525604381545959,0.3076902250099148,견적반영,0.33496782117810353,0.37208371755411174,0.2929484612677848,견적반영,0.33974933683548936,0.35256043815459603,0.3076902250099146,0.33815549828302743,0.35906819795443456,0.30277630376253806
9,mfds_drug_ai_review,mfds_drug_ai_review:SFR-031,통상수용,0.0,견적반영,견적반영,True,True,False,견적반영,0.29956029918764265,0.39459464484774737,0.30584505596461015,견적반영,0.308870319763547,0.39332592260488,0.29780375763157296,견적반영,0.2995602991876427,0.39459464484774737,0.30584505596461,0.30266363937961077,0.3941717374334582,0.303164623186931
9,mfds_drug_ai_review,mfds_drug_ai_review:SFR-032,통상수용,0.0,통상수용,통상수용,True,False,True,통상수용,0.3487600434420052,0.346760932531589,0.3044790240264059,통상수용,0.3594626038432788,0.33421136614207037,0.30632603001465086,통상수용,0.34876004344200506,0.346760932531589,0.3044790240264058,0.352327563575763,0.34257774373508276,0.3050946926891542
9,mfds_drug_ai_review,mfds_drug_ai_review:SFR-033,통상수용,0.0,통상수용,통상수용,True,False,True,통상수용,0.5265722568454867,0.21726338120120675,0.2561643619533065,통상수용,0.5864552354627844,0.15959703519680485,0.2539477293404107,통상수용,0.5265722568454868,0.21726338120120678,0.25616436195330644,0.5465332497179194,0.19804126586640614,0.25542548441567453
9,mfds_drug_ai_review,mfds_drug_ai_review:SFR-034,통상수용,0.0,견적반영,견적반영,True,True,False,견적반영,0.32028017416530097,0.41208386452101325,0.26763596131368583,견적반영,0.32439569476266417,0.41270307331277956,0.26290123192455633,견적반영,0.32028017416530113,0.4120838645210134,0.2676359613136856,0.3216520143644221,0.4122902674516021,0.2660577181839759
9,mfds_drug_ai_review,mfds_drug_ai_review:SFR-035,견적반영,0.0,통상수용,통상수용,True,True,False,통상수용,0.45041210774677787,0.2366247917618764,0.3129631004913456,통상수용,0.5119154136254521,0.18901555393284145,0.29906903244170646,통상수용,0.450412107746778,0.2366247917618765,0.31296310049134557,0.470913209706336,0.22075504581886482,0.3083317444747992
9,mfds_drug_ai_review,mfds_drug_ai_review:SFR-036,통상수용,0.0,통상수용,통상수용,True,False,True,통상수용,0.5152423985851987,0.27996688515021073,0.2047907162645906,통상수용,0.5401920484784591,0.2861156514527461,0.17369230006879474,통상수용,0.5152423985851988,0.27996688515021073,0.20479071626459042,0.5235589485496189,0.2820164739177225,0.1944245775326586
9,mfds_drug_ai_review,mfds_drug_ai_review:SFR-037,통상수용,0.0,통상수용,통상수용,True,False,True,통상수용,0.42767723252603973,0.3500129443715333,0.222309823102427,통상수용,0.4751614497654262,0.3352821259088694,0.18955642432570452,통상수용,0.42767723252603984,0.35001294437153335,0.22230982310242683,0.4435053049391686,0.34510267155064533,0.21139202351018613
9,mfds_drug_ai_review,mfds_drug_ai_review:SFR-038,통상수용,0.0,통상수용,통상수용,True,False,True,통상수용,0.4901917411043248,0.30193802924456836,0.2078702296511068,통상수용,0.5192609157626906,0.31001865222484826,0.17072043201246112,통상수용,0.4901917411043249,0.30193802924456836,0.20787022965110669,0.49988146599044675,0.304631570237995,0.1954869637715582
9,mfds_drug_ai_review,mfds_drug_ai_review:SFR-039,통상수용,0.0,견적반영,견적반영,True,True,False,견적반영,0.3212758148051816,0.3647415066218326,0.3139826785729859,견적반영,0.34097418875132834,0.3760238133384733,0.28300199791019837,견적반영,0.3212758148051815,0.36474150662183275,0.3139826785729858,0.32784193945389717,0.3685022755273795,0.30365578501872337
9,mfds_drug_ai_review,mfds_drug_ai_review:SFR-040,통상수용,0.0,통상수용,통상수용,False,False,True,통상수용,0.38492484580909964,0.34864479873142934,0.266430355459471,견적반영,0.38167695045756267,0.3939579656443097,0.22436508389812754,통상수용,0.38492484580909964,0.34864479873142934,0.26643035545947097,0.383842214025254,0.36374918770238945,0.2524085982723565
9,mfds_drug_ai_review,mfds_drug_ai_review:SFR-041,통상수용,0.0,통상수용,통상수용,True,False,True,통상수용,0.5012900477970037,0.34543244771611314,0.15327750448688318,통상수용,0.5599539439177283,0.3226043769323039,0.1174416791499678,통상수용,0.5012900477970037,0.34543244771611314,0.15327750448688315,0.5208446798372453,0.33782309078817674,0.14133222937457804
9,mfds_drug_ai_review,mfds_drug_ai_review:SFR-042,통상수용,0.0,통상수용,통상수용,True,False,True,통상수용,0.5040861192065386,0.34780673678403434,0.14810714400942712,통상수용,0.5638819327414628,0.3165692019350813,0.11954886532345586,통상수용,0.5040861192065386,0.34780673678403434,0.14810714400942707,0.5240180570515133,0.33739422516771667,0.13858771778077003
9,mfds_drug_ai_review,mfds_drug_ai_review:SFR-043,통상수용,0.0,통상수용,통상수용,False,False,True,견적반영,0.38970119161050804,0.4222657453238198,0.18803306306567225,통상수용,0.45244996070238963,0.36024555155418875,0.18730448774342146,견적반영,0.3897011916105081,0.4222657453238198,0.1880330630656722,0.4106174479744686,0.4015923474006094,0.18779020462492194
9,mfds_drug_ai_review,mfds_drug_ai_review:SFR-044,통상수용,0.0,통상수용,통상수용,True,False,True,통상수용,0.5647221661085955,0.3010747629733771,0.13420307091802736,통상수용,0.6584926115516018,0.24898913999951003,0.09251824844888824,통상수용,0.5647221661085954,0.30107476297337726,0.13420307091802738,0.5959789812562643,0.28371288864875477,0.12030813009498098
9,mfds_drug_ai_review,mfds_drug_ai_review:SFR-045,계약·질의검토,0.0,견적반영,견적반영,True,True,False,견적반영,0.17657844780344156,0.4988349441006987,0.3245866080958597,견적반영,0.15616802194507223,0.49587912879114776,0.3479528492637801,견적반영,0.17657844780344165,0.4988349441006987,0.3245866080958598,0.16977497251731846,0.49784967233084837,0.3323753551518332
9,mfds_drug_ai_review,mfds_drug_ai_review:SFR-047,통상수용,0.0,통상수용,통상수용,False,False,True,견적반영,0.3770472133161716,0.38449381895278023,0.23845896773104816,통상수용,0.39904686717653354,0.3595349963666414,0.24141813645682497,견적반영,0.3770472133161716,0.38449381895278034,0.238458967731048,0.38438043126962557,0.3761742114240674,0.23944535730630703
9,mfds_drug_ai_review,mfds_drug_ai_review:SFR-048,통상수용,0.0,통상수용,통상수용,False,False,True,견적반영,0.3948700382641127,0.40873315541745114,0.19639680631843615,통상수용,0.43627748359513696,0.3997632322742876,0.16395928413057534,견적반영,0.3948700382641127,0.40873315541745114,0.1963968063184361,0.4086725200411208,0.40574318103639667,0.18558429892248252
9,mfds_drug_ai_review,mfds_drug_ai_review:SFR-049,통상수용,0.0,견적반영,견적반영,True,True,False,견적반영,0.28131755945846415,0.5276930275661054,0.19098941297543046,견적반영,0.2805539163414047,0.5593067861171845,0.16013929754141085,견적반영,0.2813175594584642,0.5276930275661055,0.19098941297543032,0.2810630117527777,0.5382309470831318,0.18070604116409053
9,mfds_drug_ai_review,mfds_drug_ai_review:SFR-050,통상수용,0.0,견적반영,견적반영,False,False,True,견적반영,0.3732691548351162,0.43372646485570304,0.19300438030918077,통상수용,0.4259178461598238,0.397630800044413,0.17645135379576324,견적반영,0.37326915483511625,0.43372646485570304,0.19300438030918074,0.39081871861001877,0.42169457658527304,0.18748670480470828
9,mfds_drug_ai_review,mfds_drug_ai_review:SFR-051,통상수용,0.0,견적반영,견적반영,True,True,False,견적반영,0.32512653384783924,0.5079066866333042,0.1669667795188567,견적반영,0.36577508882847837,0.489883410414182,0.1443415007573397,견적반영,0.3251265338478394,0.5079066866333041,0.16696677951885663,0.338676052174719,0.5018989278935968,0.15942501993168434
9,mfds_drug_ai_review,mfds_drug_ai_review:SFR-052,통상수용,0.0,견적반영,견적반영,True,True,False,견적반영,0.32397536517501274,0.45979785156082353,0.2162267832641636,견적반영,0.33029579134976206,0.45250009501804983,0.21720411363218817,견적반영,0.3239753651750129,0.45979785156082353,0.21622678326416359,0.3260821738999292,0.45736526604656563,0.21655256005350512
9,mfds_drug_ai_review,mfds_drug_ai_review:SFR-053,통상수용,0.0,견적반영,견적반영,True,True,False,견적반영,0.3111693694695499,0.522919485357711,0.16591114517273914,견적반영,0.34145627588315103,0.5177332073965468,0.14081051672030218,견적반영,0.3111693694695499,0.5229194853577109,0.1659111451727391,0.3212650049407502,0.521190726037323,0.15754426902192678
9,mfds_drug_ai_review,mfds_drug_ai_review:SFR-054,계약·질의검토,0.0,계약·질의검토,계약·질의검토,True,False,True,계약·질의검토,0.18676911501199484,0.39178232555635134,0.42144855943165394,계약·질의검토,0.16954624695377785,0.3636174156364453,0.4668363374097768,계약·질의검토,0.18676911501199486,0.3917823255563513,0.42144855943165377,0.18102815899258917,0.38239402224971597,0.4365778187576948
9,mfds_drug_ai_review,mfds_drug_ai_review:SFR-055,통상수용,0.0,통상수용,통상수용,True,False,True,통상수용,0.4488177114938239,0.3703089552681609,0.1808733332380153,통상수용,0.5201164082542038,0.33582546101139377,0.14405813073440238,통상수용,0.4488177114938239,0.37030895526816104,0.1808733332380152,0.47258394374728385,0.35881445718257193,0.1686015990701443
9,mfds_drug_ai_review,mfds_drug_ai_review:SFR-056,견적반영,0.0,계약·질의검토,계약·질의검토,True,True,False,계약·질의검토,0.15951590538241958,0.3529646496054867,0.48751944501209377,계약·질의검토,0.12225069835298599,0.32726110727627317,0.5504881943707408,계약·질의검토,0.15951590538241953,0.3529646496054865,0.4875194450120939,0.1470941697059417,0.34439680216241547,0.5085090281316428
9,mfds_drug_ai_review,mfds_drug_ai_review:SFR-057,견적반영,0.0,통상수용,통상수용,True,True,False,통상수용,0.36892261253777653,0.3514569949028733,0.2796203925593502,통상수용,0.3792822052179264,0.3446378369002925,0.2760799578817812,통상수용,0.3689226125377767,0.3514569949028732,0.2796203925593501,0.3723758100978265,0.3491839422353464,0.2784402476668271
9,mfds_drug_ai_review,mfds_drug_ai_review:SFR-058,통상수용,0.0,통상수용,통상수용,True,False,True,통상수용,0.43551351841168906,0.2709826521347912,0.2935038294535196,통상수용,0.4809243684458073,0.24940392103901426,0.2696717105151785,통상수용,0.4355135184116892,0.27098265213479117,0.2935038294535196,0.4506504684230619,0.26378974176953224,0.28555978980740593
9,mfds_drug_ai_review,mfds_drug_ai_review:SFR-059,통상수용,0.0,통상수용,통상수용,True,False,True,통상수용,0.44435372495977116,0.36515309226234816,0.19049318277788058,통상수용,0.5201175358820657,0.33546765468857853,0.14441480942935575,통상수용,0.4443537249597713,0.3651530922623482,0.19049318277788055,0.4696083286005361,0.355257946404425,0.17513372499503896
9,mfds_drug_ai_review,mfds_drug_ai_review:SFR-060,통상수용,0.0,통상수용,통상수용,True,False,True,통상수용,0.4656768301409877,0.3381009883918872,0.19622218146712508,통상수용,0.47826266173938947,0.36144271405133965,0.16029462420927096,통상수용,0.4656768301409877,0.3381009883918872,0.19622218146712503,0.469872107340455,0.3458815636117047,0.18424632904784036
9,mfds_drug_ai_review,mfds_drug_ai_review:SFR-061,통상수용,0.0,통상수용,통상수용,True,False,True,통상수용,0.38541460096769437,0.3466200126118561,0.26796538642044954,통상수용,0.4406886416753821,0.30623533021191923,0.25307602811269864,통상수용,0.3854146009676945,0.3466200126118561,0.26796538642044954,0.4038392812035903,0.33315845181187714,0.26300226698453255
9,mfds_drug_ai_review,mfds_drug_ai_review:SIR-001,통상수용,0.0,통상수용,통상수용,True,False,True,통상수용,0.6060741116626825,0.19338987924671897,0.20053600909059846,통상수용,0.7225230434071549,0.12661405161926095,0.15086290497358404,통상수용,0.6060741116626825,0.19338987924671897,0.2005360090905985,0.6448904222441733,0.1711312700375663,0.18397830771826032
9,mfds_drug_ai_review,mfds_drug_ai_review:SIR-002,통상수용,0.0,통상수용,통상수용,True,False,True,통상수용,0.40527425727341154,0.2999067617591571,0.2948189809674313,통상수용,0.41631928126868906,0.29101409347962953,0.29266662525168136,통상수용,0.4052742572734117,0.2999067617591571,0.29481898096743114,0.4089559319385041,0.29694253899931455,0.2941015290621813
9,mfds_drug_ai_review,mfds_drug_ai_review:SIR-003,통상수용,0.0,통상수용,통상수용,True,False,True,통상수용,0.4509242929054191,0.36884384214942945,0.18023186494515162,통상수용,0.509273206682072,0.35217432596404397,0.138552467353884,통상수용,0.4509242929054191,0.36884384214942934,0.1802318649451516,0.47037393083097007,0.36328733675430086,0.16633873241472905
9,mfds_drug_ai_review,mfds_drug_ai_review:SIR-004,통상수용,0.0,통상수용,통상수용,True,False,True,통상수용,0.5945660713067892,0.19026135377535777,0.2151725749178531,통상수용,0.6377758686093072,0.17242578930455466,0.1897983420861382,통상수용,0.5945660713067893,0.19026135377535766,0.21517257491785302,0.6089693370742952,0.18431616561842337,0.20671449730728142
9,mfds_drug_ai_review,mfds_drug_ai_review:SIR-005,통상수용,0.0,통상수용,통상수용,True,False,True,통상수용,0.5324686037027441,0.21789601154331603,0.24963538475393987,통상수용,0.5871362984363787,0.1952002902204494,0.21766341134317177,통상수용,0.5324686037027441,0.21789601154331592,0.24963538475393993,0.5506911686139556,0.21033077110236045,0.23897806028368387
9,mfds_drug_ai_review,mfds_drug_ai_review:SIR-006,계약·질의검토,0.0,통상수용,계약·질의검토,False,False,True,통상수용,0.40482067830822815,0.2542482419665188,0.3409310797252531,계약·질의검토,0.36521295755327143,0.2346671309674104,0.4001199114793182,통상수용,0.4048206783082282,0.2542482419665187,0.3409310797252531,0.3916181047232426,0.24772120496681596,0.36066069030994147
9,mfds_drug_ai_review,mfds_drug_ai_review:SIR-007,통상수용,0.0,계약·질의검토,계약·질의검토,False,False,True,계약·질의검토,0.3478934836530601,0.3017363328609253,0.3503701834860145,통상수용,0.3573008352627329,0.2888140624353127,0.3538851023019544,계약·질의검토,0.34789348365306016,0.3017363328609252,0.3503701834860146,0.3510292675229511,0.29742890938572114,0.35154182309132787
9,mfds_drug_ai_review,mfds_drug_ai_review:SIR-008,계약·질의검토,0.0,통상수용,통상수용,True,True,False,통상수용,0.4313460244900513,0.28598487833201486,0.2826690971779338,통상수용,0.43396189606154534,0.25651906764072147,0.3095190362977331,통상수용,0.4313460244900514,0.28598487833201464,0.2826690971779338,0.43221798168054937,0.276162941434917,0.29161907688453353
9,mfds_drug_ai_review,mfds_drug_ai_review:SIR-009,통상수용,0.0,통상수용,통상수용,True,False,True,통상수용,0.5081064443145724,0.3402063862803031,0.1516871694051245,통상수용,0.5520371808288536,0.3263483037112621,0.12161451545988425,통상수용,0.5081064443145724,0.34020638628030286,0.15168716940512464,0.5227500231526662,0.33558702542395596,0.1416629514233778
9,mfds_drug_ai_review,mfds_drug_ai_review:SIR-010,계약·질의검토,0.0,계약·질의검토,계약·질의검토,True,False,True,계약·질의검토,0.38256104530804524,0.18102551680360524,0.4364134378883495,계약·질의검토,0.41816489633421544,0.12842240718964903,0.4534126964761356,계약·질의검토,0.3825610453080451,0.18102551680360512,0.4364134378883498,0.3944289956501019,0.16349114693228647,0.44207985741761163
9,mfds_drug_ai_review,mfds_drug_ai_review:TER-001,통상수용,0.0,통상수용,통상수용,True,False,True,통상수용,0.6674173309619384,0.15480798103851515,0.17777468799954643,통상수용,0.7705740483373535,0.10742502546571814,0.1220009261969283,통상수용,0.6674173309619383,0.15480798103851506,0.17777468799954652,0.7018029034204102,0.13901366251424946,0.1591834340653404
9,mfds_drug_ai_review,mfds_drug_ai_review:TER-002,통상수용,0.0,통상수용,통상수용,True,False,True,통상수용,0.5273330382705788,0.19693847078096557,0.27572849094845575,통상수용,0.6083257837868926,0.156002438752465,0.23567177746064238,통상수용,0.5273330382705786,0.19693847078096546,0.2757284909484558,0.55433062010935,0.18329312677146536,0.26237625311918467
9,mfds_drug_ai_review,mfds_drug_ai_review:TER-003,통상수용,0.0,통상수용,통상수용,True,False,True,통상수용,0.5624297240392758,0.1641268914161998,0.2734433845445244,통상수용,0.6519149484657043,0.11789651873471768,0.23018853279957796,통상수용,0.5624297240392758,0.1641268914161997,0.27344338454452455,0.5922581321814188,0.14871676718903906,0.2590251006295423
9,mfds_drug_ai_review,mfds_drug_ai_review:TER-004,계약·질의검토,0.0,계약·질의검토,계약·질의검토,True,False,True,계약·질의검토,0.34658529069359284,0.1632970224517215,0.49011768685468554,계약·질의검토,0.31512901405880117,0.12666165953839764,0.5582093264028012,계약·질의검토,0.3465852906935927,0.16329702245172137,0.4901176868546861,0.33609986514866225,0.15108523481394684,0.5128149000373909
9,mfds_drug_ai_review,mfds_drug_ai_review:TER-005,견적반영,0.0,통상수용,통상수용,True,True,False,통상수용,0.37664038647157566,0.25289373486628014,0.37046587866214425,통상수용,0.42581185484631107,0.25069232539931563,0.3234958197543733,통상수용,0.3766403864715756,0.25289373486628,0.3704658786621444,0.39303087592982083,0.25215993171062523,0.354809192359554
9,mfds_drug_ai_review,mfds_drug_ai_review:TER-006,계약·질의검토,0.0,계약·질의검토,계약·질의검토,True,False,True,계약·질의검토,0.28374815620030985,0.1614339310334318,0.5548179127662584,계약·질의검토,0.2193922761910163,0.13835604467219081,0.6422516791367928,계약·질의검토,0.2837481562003098,0.1614339310334318,0.5548179127662585,0.262296196197212,0.15374130224635146,0.5839625015564366
