fold,test_document,requirement_uid,gold,tfidf_e5_weight,soft_vote_pred,review_union_pred,all_agree,all_wrong,at_least_one_correct,char_logistic_pred,char_logistic_p_통상수용,char_logistic_p_견적반영,char_logistic_p_계약·질의검토,word_char_logistic_pred,word_char_logistic_p_통상수용,word_char_logistic_p_견적반영,word_char_logistic_p_계약·질의검토,tfidf_e5_hybrid_pred,tfidf_e5_hybrid_p_통상수용,tfidf_e5_hybrid_p_견적반영,tfidf_e5_hybrid_p_계약·질의검토,soft_vote_p_통상수용,soft_vote_p_견적반영,soft_vote_p_계약·질의검토
0,ccrs_ai_platform,ccrs_ai_platform:CNR-001,통상수용,1.0,계약·질의검토,계약·질의검토,False,True,False,견적반영,0.31179868686295836,0.3499136428198267,0.33828767031721496,계약·질의검토,0.28546887241052804,0.3493283047430868,0.36520282284638506,계약·질의검토,0.26009610957575946,0.3328732953511596,0.407030595073081,0.28578788961641527,0.344038414304691,0.37017369607889367
0,ccrs_ai_platform,ccrs_ai_platform:CNR-002,통상수용,1.0,통상수용,통상수용,False,False,True,통상수용,0.4182105603640371,0.3767325748810166,0.2050568647549463,견적반영,0.3970439369859558,0.4306637690224973,0.17229229399154697,통상수용,0.44878914340244325,0.36395537274870166,0.18725548384885504,0.421347880250812,0.3904505722174052,0.18820154753178278
0,ccrs_ai_platform,ccrs_ai_platform:COR-001,통상수용,1.0,계약·질의검토,계약·질의검토,True,True,False,계약·질의검토,0.3751583662838971,0.20872768671690756,0.4161139469991954,계약·질의검토,0.3265025228274525,0.1951939288130486,0.4783035483594989,계약·질의검토,0.37023764992405434,0.19378618814298468,0.435976161932961,0.3572995130118013,0.19923593455764696,0.4434645524305518
0,ccrs_ai_platform,ccrs_ai_platform:COR-002,통상수용,1.0,통상수용,통상수용,True,False,True,통상수용,0.5668763920896497,0.17645014897632535,0.256673458934025,통상수용,0.667529874210487,0.14162816195448277,0.19084196383503016,통상수용,0.6878794820800046,0.11450140570093624,0.19761911221905912,0.6407619161267138,0.14419323887724814,0.21504484499603807
0,ccrs_ai_platform,ccrs_ai_platform:COR-003,통상수용,1.0,통상수용,통상수용,True,False,True,통상수용,0.42913945241669404,0.15870138632227374,0.4121591612610322,통상수용,0.5118659971927036,0.12900698635433677,0.35912701645295964,통상수용,0.4705478272660733,0.1263274596034133,0.4031247131305134,0.47051775895849035,0.13801194409334128,0.39147029694816843
0,ccrs_ai_platform,ccrs_ai_platform:COR-004,계약·질의검토,1.0,계약·질의검토,계약·질의검토,True,False,True,계약·질의검토,0.2680045133126679,0.126519637710177,0.6054758489771551,계약·질의검토,0.2677957122002878,0.09444676993915004,0.6377575178605621,계약·질의검토,0.2678847648555173,0.11356938941949697,0.6185458457249856,0.267894996789491,0.11151193235627466,0.6205930708542343
0,ccrs_ai_platform,ccrs_ai_platform:COR-005,계약·질의검토,1.0,통상수용,계약·질의검토,False,False,True,계약·질의검토,0.3633368291356623,0.23951662944340735,0.3971465414209305,계약·질의검토,0.3734836695058015,0.2455736330119706,0.38094269748222775,통상수용,0.44422226429328404,0.1827150855788709,0.3730626501278452,0.39368092097824925,0.22260178267808295,0.38371729634366775
0,ccrs_ai_platform,ccrs_ai_platform:COR-006,견적반영,1.0,통상수용,계약·질의검토,False,True,False,통상수용,0.42868265898941044,0.21434247085974384,0.3569748701508457,통상수용,0.4600509857671103,0.17471988113296122,0.3652291330999285,계약·질의검토,0.29903330093281577,0.2517158602690809,0.44925083879810324,0.39592231522977883,0.21359273742059534,0.39048494734962585
0,ccrs_ai_platform,ccrs_ai_platform:COR-007,계약·질의검토,1.0,계약·질의검토,계약·질의검토,True,False,True,계약·질의검토,0.30330701387139314,0.1894370473933632,0.5072559387352437,계약·질의검토,0.28102237026725885,0.14108231411623887,0.5778953156165023,계약·질의검토,0.29330473169044563,0.15874171328893377,0.5479535550206206,0.2925447052763659,0.16308702493284527,0.5443682697907889
0,ccrs_ai_platform,ccrs_ai_platform:COR-008,통상수용,1.0,통상수용,통상수용,True,False,True,통상수용,0.5394095853313924,0.15604784924014123,0.30454256542846647,통상수용,0.5913895858317743,0.13549525565595089,0.27311515851227486,통상수용,0.5603142051460833,0.12408876165570354,0.3155970331982132,0.5637044587697501,0.13854395551726523,0.2977515857129848
0,ccrs_ai_platform,ccrs_ai_platform:DAR-002,통상수용,1.0,통상수용,통상수용,True,False,True,통상수용,0.37645911615235306,0.3402980121059146,0.28324287174173235,통상수용,0.40958038182986106,0.32613543551580537,0.26428418265433345,통상수용,0.44596845334610874,0.3045031155133639,0.24952843114052742,0.41066931710944093,0.323645521045028,0.2656851618455311
0,ccrs_ai_platform,ccrs_ai_platform:DAR-003,통상수용,1.0,통상수용,통상수용,True,False,True,통상수용,0.49718991851985717,0.224172623083014,0.2786374583971289,통상수용,0.5343161278652354,0.21325021570255334,0.2524336564322112,통상수용,0.6232843945527141,0.16617548597337958,0.21054011947390638,0.5515968136459355,0.20119944158631564,0.24720374476774884
0,ccrs_ai_platform,ccrs_ai_platform:DAR-004,통상수용,1.0,통상수용,통상수용,True,False,True,통상수용,0.5785141687870452,0.20321079518070026,0.2182750360322545,통상수용,0.6723285128998765,0.160690865310707,0.16698062178941653,통상수용,0.646800808311999,0.16414031443114582,0.18905887725685513,0.6325478299996402,0.17601399164085105,0.19143817835950871
0,ccrs_ai_platform,ccrs_ai_platform:ECR-001,계약·질의검토,1.0,계약·질의검토,계약·질의검토,True,False,True,계약·질의검토,0.2612420634628619,0.19827635956049408,0.5404815769766439,계약·질의검토,0.2531868689942197,0.19034026596653006,0.5564728650392502,계약·질의검토,0.20086456140902795,0.20231734780332414,0.5968180907876479,0.23843116462203653,0.19697799111011607,0.5645908442678473
0,ccrs_ai_platform,ccrs_ai_platform:ECR-002,계약·질의검토,1.0,견적반영,견적반영,True,True,False,견적반영,0.21163243545016464,0.510064469232167,0.27830309531766845,견적반영,0.1993127267387512,0.5504861411742281,0.2502011320870207,견적반영,0.21632214128940055,0.5229457328792417,0.26073212583135774,0.2090891011594388,0.5278321144285456,0.26307878441201565
0,ccrs_ai_platform,ccrs_ai_platform:ECR-003,견적반영,1.0,견적반영,견적반영,True,False,True,견적반영,0.11224365821022755,0.5423683620034012,0.3453879797863712,견적반영,0.06931967701993069,0.5873300556557582,0.34335026732431106,견적반영,0.07472028418624226,0.5752262440468296,0.3500534717669281,0.08542787313880017,0.568308220568663,0.3462639062925368
0,ccrs_ai_platform,ccrs_ai_platform:ECR-004,견적반영,1.0,견적반영,견적반영,True,False,True,견적반영,0.18754558613953917,0.5270102108702905,0.28544420299017037,견적반영,0.14713061119204884,0.6108660773015329,0.2420033115064183,견적반영,0.14598989090868866,0.5456921689759412,0.30831794011537006,0.16022202941342556,0.5611894857159215,0.2785884848706529
0,ccrs_ai_platform,ccrs_ai_platform:ECR-006,계약·질의검토,1.0,견적반영,계약·질의검토,False,False,True,견적반영,0.11031431536607804,0.48493124128288057,0.4047544433510415,견적반영,0.07173542209137124,0.48739251293717323,0.44087206497145565,계약·질의검토,0.06408682689630676,0.46640028803718014,0.469512885066513,0.08204552145125202,0.4795746807524113,0.4383797977963367
0,ccrs_ai_platform,ccrs_ai_platform:ECR-007,계약·질의검토,1.0,계약·질의검토,계약·질의검토,True,False,True,계약·질의검토,0.2160708085081162,0.3650852742648004,0.41884391722708325,계약·질의검토,0.19419190665670313,0.31465366820040863,0.49115442514288815,계약·질의검토,0.1435749093895537,0.3723532995531365,0.48407179105730985,0.18461254151812434,0.3506974140061152,0.4646900444757604
0,ccrs_ai_platform,ccrs_ai_platform:ECR-008,계약·질의검토,1.0,계약·질의검토,계약·질의검토,True,False,True,계약·질의검토,0.18276865836332665,0.3561022347351203,0.46112910690155295,계약·질의검토,0.1373044911340954,0.3211813762926278,0.5415141325732769,계약·질의검토,0.10446998770865468,0.35140270782557775,0.5441273044657675,0.14151437906869224,0.34289543961777524,0.5155901813135324
0,ccrs_ai_platform,ccrs_ai_platform:ECR-009,견적반영,1.0,견적반영,견적반영,True,False,True,견적반영,0.3271263724382643,0.39087909434096174,0.28199453322077384,견적반영,0.3214381780199033,0.34260542335603844,0.33595639862405813,견적반영,0.2696359094940354,0.44989070502501016,0.28047338548095435,0.30606681998406765,0.39445840757400347,0.29947477244192877
0,ccrs_ai_platform,ccrs_ai_platform:INR-001,통상수용,1.0,계약·질의검토,계약·질의검토,False,True,False,견적반영,0.2762580943055316,0.3696519489395269,0.35408995675494154,계약·질의검토,0.24193249679423726,0.3657929763051656,0.3922745269005971,계약·질의검토,0.2047620996918445,0.39375049389913697,0.40148740640901853,0.24098423026387109,0.3763984730479432,0.3826172966881857
0,ccrs_ai_platform,ccrs_ai_platform:INR-002,견적반영,1.0,계약·질의검토,계약·질의검토,True,True,False,계약·질의검토,0.31868533229849194,0.3081144458156642,0.37320022188584395,계약·질의검토,0.3048649152282244,0.28869799457818124,0.4064370901935944,계약·질의검토,0.27849187556748245,0.3242262691607955,0.397281855271722,0.30068070769806626,0.30701290318488034,0.39230638911705346
0,ccrs_ai_platform,ccrs_ai_platform:INR-003,견적반영,1.0,견적반영,견적반영,True,False,True,견적반영,0.25263085071539515,0.4817360161305173,0.2656331331540875,견적반영,0.2017717857369466,0.5570995075441053,0.2411287067189481,견적반영,0.2815955736304486,0.48167439627434333,0.236730030095208,0.24533273669426348,0.5068366399829886,0.24783062332274786
0,ccrs_ai_platform,ccrs_ai_platform:INR-004,통상수용,1.0,통상수용,통상수용,True,False,True,통상수용,0.3845990872017023,0.30866665855111086,0.30673425424718687,통상수용,0.40266964345012524,0.33436588363028863,0.26296447291958613,통상수용,0.37764517802090053,0.29869606348919014,0.32365875848990927,0.38830463622424266,0.3139095352235299,0.29778582855222746
0,ccrs_ai_platform,ccrs_ai_platform:INR-005,통상수용,1.0,견적반영,견적반영,True,True,False,견적반영,0.33674698247811097,0.3416530508619085,0.3215999666599804,견적반영,0.3048031264268353,0.3490907437283671,0.34610612984479755,견적반영,0.309287131570968,0.3474648464061432,0.34324802202288873,0.31694574682530474,0.34606954699880627,0.3369847061758889
0,ccrs_ai_platform,ccrs_ai_platform:INR-006,통상수용,1.0,통상수용,계약·질의검토,False,False,True,통상수용,0.4303996151777234,0.195612069682849,0.37398831513942765,통상수용,0.5007294242358421,0.16249796021378804,0.33677261555036986,계약·질의검토,0.4019219987601561,0.17747057671196756,0.4206074245278762,0.44435034605790724,0.17852686886953487,0.37712278507255786
0,ccrs_ai_platform,ccrs_ai_platform:INR-007,계약·질의검토,1.0,견적반영,계약·질의검토,False,False,True,견적반영,0.3300916806781837,0.34285432428781343,0.3270539950340029,계약·질의검토,0.3043029818347858,0.3336740144960691,0.36202300366914514,견적반영,0.31800291696984856,0.37661890369168355,0.3053781793384679,0.31746585982760606,0.3510490808251887,0.3314850593472053
0,ccrs_ai_platform,ccrs_ai_platform:PER-001,계약·질의검토,1.0,계약·질의검토,계약·질의검토,True,False,True,계약·질의검토,0.22751828494360288,0.3110543238386145,0.46142739121778253,계약·질의검토,0.2006080135475541,0.2955006354676521,0.503891350984794,계약·질의검토,0.20519609007202097,0.29629280578513034,0.49851110414284866,0.21110746285439264,0.3009492550304656,0.4879432821151417
0,ccrs_ai_platform,ccrs_ai_platform:PER-002,계약·질의검토,1.0,계약·질의검토,계약·질의검토,True,False,True,계약·질의검토,0.16937758585036158,0.27836042446368353,0.552261989685955,계약·질의검토,0.12890211026084736,0.27131839432699306,0.5997794954121596,계약·질의검토,0.1044703472074003,0.27245895031720435,0.6230707024753953,0.1342500144395364,0.2740459230359603,0.5917040625245034
0,ccrs_ai_platform,ccrs_ai_platform:PER-003,계약·질의검토,1.0,계약·질의검토,계약·질의검토,True,False,True,계약·질의검토,0.12210792732551971,0.26261975809817695,0.6152723145763034,계약·질의검토,0.08190151935735072,0.22869507843494505,0.6894034022077042,계약·질의검토,0.06701077189306053,0.2763699090249027,0.6566193190820366,0.09034007285864365,0.2558949151860082,0.6537650119553481
0,ccrs_ai_platform,ccrs_ai_platform:PER-004,계약·질의검토,1.0,계약·질의검토,계약·질의검토,False,False,True,견적반영,0.2825033549689736,0.36312135216086067,0.3543752928701656,계약·질의검토,0.2510946058592627,0.3618540405032534,0.38705135363748383,계약·질의검토,0.2620347058255877,0.34642956925659923,0.3915357249178131,0.26521088888460803,0.35713498730690446,0.37765412380848745
0,ccrs_ai_platform,ccrs_ai_platform:PER-005,계약·질의검토,1.0,견적반영,견적반영,True,True,False,견적반영,0.2890496096915926,0.4172028264844046,0.29374756382400274,견적반영,0.2850998057738701,0.42908464537958263,0.28581554884654714,견적반영,0.3201057757746252,0.4048843116283471,0.2750099125970276,0.29808506374669597,0.41705726116411146,0.28485767508919246
0,ccrs_ai_platform,ccrs_ai_platform:PMR-001,계약·질의검토,1.0,계약·질의검토,계약·질의검토,True,False,True,계약·질의검토,0.3420111053666854,0.3116134564890688,0.3463754381442459,계약·질의검토,0.33395263537794495,0.31927355970236404,0.346773804919691,계약·질의검토,0.2697219314537281,0.32992898351115607,0.40034908503511574,0.3152285573994528,0.32027199990086297,0.3644994426996842
0,ccrs_ai_platform,ccrs_ai_platform:PMR-002,통상수용,1.0,통상수용,통상수용,True,False,True,통상수용,0.6267592872726697,0.12034322935936985,0.2528974833679604,통상수용,0.7197815729804306,0.09472987558007727,0.18548855143949214,통상수용,0.6675269425358572,0.09650898234522806,0.2359640751189148,0.6713559342629859,0.10386069576155839,0.22478336997545578
0,ccrs_ai_platform,ccrs_ai_platform:PMR-003,견적반영,1.0,통상수용,통상수용,True,True,False,통상수용,0.5927443218412294,0.1787547890390642,0.22850088911970645,통상수용,0.6669622231023428,0.15566993349888228,0.17736784339877507,통상수용,0.5217818332659068,0.2087782000030763,0.26943996673101694,0.5938294594031596,0.18106764084700758,0.22510289974983286
0,ccrs_ai_platform,ccrs_ai_platform:PMR-004,견적반영,1.0,통상수용,계약·질의검토,False,True,False,통상수용,0.4179996171844651,0.27507086096684746,0.30692952184868744,통상수용,0.42246808382777046,0.2846568624243913,0.29287505374783823,계약·질의검토,0.31740976458812065,0.29920633488209636,0.38338390052978305,0.3859591552001187,0.28631135275777836,0.32772949204210294
0,ccrs_ai_platform,ccrs_ai_platform:PMR-005,통상수용,1.0,통상수용,통상수용,True,False,True,통상수용,0.6088428269424927,0.16327281115734424,0.2278843619001631,통상수용,0.6840322921222859,0.13899886985954663,0.17696883801816754,통상수용,0.6230684101717454,0.14803700379608145,0.22889458603217314,0.6386478430788413,0.1501028949376574,0.21124926198350125
0,ccrs_ai_platform,ccrs_ai_platform:PSR-001,계약·질의검토,1.0,계약·질의검토,계약·질의검토,True,False,True,계약·질의검토,0.17746014576367145,0.3931090995072637,0.42943075472906483,계약·질의검토,0.12908762857649278,0.42030986757538474,0.45060250384812256,계약·질의검토,0.1459197578722086,0.3785811044689374,0.475499137658854,0.1508225107374576,0.3973333571838619,0.4518441320786805
0,ccrs_ai_platform,ccrs_ai_platform:PSR-002,계약·질의검토,1.0,계약·질의검토,계약·질의검토,True,False,True,계약·질의검토,0.09931741350548055,0.33362787719619763,0.5670547092983218,계약·질의검토,0.06495894563029088,0.3638512116955364,0.5711898426741728,계약·질의검토,0.07616568358288858,0.3549066926178155,0.5689276237992958,0.08014734757288668,0.3507952605031832,0.5690573919239301
0,ccrs_ai_platform,ccrs_ai_platform:PSR-003,계약·질의검토,1.0,계약·질의검토,계약·질의검토,True,False,True,계약·질의검토,0.20672918718747543,0.36834485719278653,0.42492595561973806,계약·질의검토,0.17735482748296888,0.39000507287977454,0.4326400996372565,계약·질의검토,0.13727531576379476,0.3683587131704411,0.49436597106576413,0.17378644347807967,0.37556954774766743,0.4506440087742529
0,ccrs_ai_platform,ccrs_ai_platform:PSR-004,견적반영,1.0,견적반영,견적반영,True,False,True,견적반영,0.1577203380801997,0.5223700829698585,0.3199095789499418,견적반영,0.13364051504378932,0.5633576385955793,0.30300184636063127,견적반영,0.12143473214454367,0.534906992049184,0.3436582758062723,0.13759852842284423,0.540211571204874,0.3221899003722818
0,ccrs_ai_platform,ccrs_ai_platform:QUR-001,통상수용,1.0,통상수용,계약·질의검토,False,False,True,통상수용,0.4167547901624563,0.28360369158984905,0.2996415182476946,통상수용,0.4799529353703988,0.24212219507932697,0.2779248695502743,계약·질의검토,0.32719181358458554,0.31881787053915295,0.35399031587626145,0.4079665130391468,0.28151458573610966,0.3105189012247434
0,ccrs_ai_platform,ccrs_ai_platform:QUR-002,견적반영,1.0,견적반영,견적반영,True,False,True,견적반영,0.21155436504936134,0.4736207448530052,0.3148248900976334,견적반영,0.19726728670294846,0.4848389377472974,0.31789377554975407,견적반영,0.13550914411705567,0.4964485804940191,0.36804227538892537,0.18144359862312184,0.4849694210314406,0.33358698034543766
0,ccrs_ai_platform,ccrs_ai_platform:QUR-003,통상수용,1.0,통상수용,통상수용,True,False,True,통상수용,0.4165036388022631,0.39624332910028653,0.1872530320974503,통상수용,0.4466441439410936,0.4038485461962292,0.1495073098626772,통상수용,0.4232194711521647,0.38176645570239715,0.19501407314543814,0.42878908463184046,0.3939527769996376,0.1772581383685219
0,ccrs_ai_platform,ccrs_ai_platform:QUR-004,통상수용,1.0,통상수용,통상수용,True,False,True,통상수용,0.3636660219090931,0.31414252669618875,0.3221914513947181,통상수용,0.38745928310716155,0.3044809695091596,0.308059747383679,통상수용,0.3586378178202477,0.2878608057414582,0.35350137643829416,0.36992104094550077,0.30216143398226886,0.32791752507223043
0,ccrs_ai_platform,ccrs_ai_platform:QUR-005,통상수용,1.0,통상수용,통상수용,True,False,True,통상수용,0.5831777890026749,0.20538605539621624,0.21143615560110887,통상수용,0.5916843264043994,0.21883264697143318,0.18948302662416755,통상수용,0.5244660989967028,0.23724088391359055,0.23829301708970657,0.5664427381345923,0.22048652876041333,0.21307073310499436
0,ccrs_ai_platform,ccrs_ai_platform:SER-001,견적반영,1.0,견적반영,견적반영,True,False,True,견적반영,0.2840502450080378,0.39712773571926857,0.3188220192726936,견적반영,0.27396102341115414,0.3780821021252343,0.3479568744636115,견적반영,0.21728654675425857,0.4423488361383967,0.3403646171073446,0.2584326050578169,0.4058528913276332,0.3357145036145499
0,ccrs_ai_platform,ccrs_ai_platform:SER-002,계약·질의검토,1.0,계약·질의검토,계약·질의검토,True,False,True,계약·질의검토,0.20400582873416745,0.3464709763657137,0.44952319490011877,계약·질의검토,0.17677716358902634,0.3620409509241495,0.46118188548682426,계약·질의검토,0.14631996750333198,0.3718197703921154,0.48186026210455274,0.17570098660884192,0.3601105658939929,0.4641884474971652
0,ccrs_ai_platform,ccrs_ai_platform:SER-003,견적반영,1.0,견적반영,견적반영,True,False,True,견적반영,0.2513210652439133,0.4215836438521365,0.3270952909039503,견적반영,0.21024135435784697,0.4256483557114316,0.3641102899307215,견적반영,0.1841753846827727,0.45672671844039975,0.3590978968768275,0.215245934761511,0.4346529060013226,0.3501011592371664
0,ccrs_ai_platform,ccrs_ai_platform:SER-004,계약·질의검토,1.0,견적반영,견적반영,True,True,False,견적반영,0.26496435869171525,0.4279448547601713,0.30709078654811345,견적반영,0.24008217788145675,0.43936090247466797,0.3205569196438753,견적반영,0.20765814910355662,0.44878904215771526,0.3435528087387281,0.23756822855890955,0.4386982664641848,0.3237335049769056
0,ccrs_ai_platform,ccrs_ai_platform:SER-005,견적반영,1.0,견적반영,견적반영,True,False,True,견적반영,0.2505915222771083,0.419906804258576,0.32950167346431564,견적반영,0.23499498461962343,0.41823064817407907,0.34677436720629756,견적반영,0.20647586465686876,0.47231087199065286,0.3212132633524783,0.2306874571845335,0.4368161081411026,0.3324964346743638
0,ccrs_ai_platform,ccrs_ai_platform:SER-006,계약·질의검토,1.0,계약·질의검토,계약·질의검토,True,False,True,계약·질의검토,0.20904317624920668,0.3423949385097018,0.44856188524109153,계약·질의검토,0.16415731694451557,0.3032460994442901,0.5325965836111943,계약·질의검토,0.12836207078287443,0.3405584056659441,0.5310795235511815,0.16718752132553225,0.328733147873312,0.5040793308011557
0,ccrs_ai_platform,ccrs_ai_platform:SER-007,계약·질의검토,1.0,견적반영,계약·질의검토,False,False,True,계약·질의검토,0.3203579071392618,0.33778046249922045,0.34186163036151773,견적반영,0.26645301162820606,0.3882265295633935,0.34532045880840045,견적반영,0.2436142522251393,0.39710008919022954,0.35928565858463113,0.27680839033086907,0.3743690270842812,0.3488225825848497
0,ccrs_ai_platform,ccrs_ai_platform:SER-008,통상수용,1.0,계약·질의검토,계약·질의검토,True,True,False,계약·질의검토,0.31356698167708835,0.3021498628454164,0.38428315547749525,계약·질의검토,0.365665314609243,0.23947895277600248,0.39485573261475443,계약·질의검토,0.28420349030155917,0.3153230806008716,0.4004734290975693,0.32114526219596345,0.2856506320740968,0.39320410572993963
0,ccrs_ai_platform,ccrs_ai_platform:SER-009,계약·질의검토,1.0,견적반영,견적반영,True,True,False,견적반영,0.2689714484821564,0.44521776369731414,0.28581078782052954,견적반영,0.2525969330638941,0.4660447341331258,0.2813583328029801,견적반영,0.2121476101298666,0.5150707676812605,0.2727816221888729,0.24457199722530568,0.4754444218372335,0.27998358093746084
0,ccrs_ai_platform,ccrs_ai_platform:SER-010,통상수용,1.0,계약·질의검토,계약·질의검토,True,True,False,계약·질의검토,0.3975869961228736,0.18696644791408415,0.41544655596304236,계약·질의검토,0.40357575525266665,0.15103202451813022,0.4453922202292031,계약·질의검토,0.39717535787904623,0.17782045198832402,0.42500419013262974,0.3994460364181955,0.17193964147351282,0.4286143221082917
0,ccrs_ai_platform,ccrs_ai_platform:SER-011,통상수용,1.0,통상수용,통상수용,True,False,True,통상수용,0.44444221014454977,0.18577079741678107,0.36978699243866914,통상수용,0.4479098611818098,0.16721974227516248,0.38487039654302774,통상수용,0.43543318085853455,0.18195701490534202,0.3826098042361234,0.44259508406163134,0.17831585153242854,0.3790890644059401
0,ccrs_ai_platform,ccrs_ai_platform:SFR-002,견적반영,1.0,견적반영,견적반영,True,False,True,견적반영,0.15214051087756403,0.536986484095148,0.310873005027288,견적반영,0.11372896990089132,0.593428185442275,0.2928428446568336,견적반영,0.09677598375633704,0.5688295341664239,0.334394482077239,0.12088182151159747,0.566414734567949,0.3127034439204535
0,ccrs_ai_platform,ccrs_ai_platform:SFR-003,계약·질의검토,1.0,견적반영,견적반영,True,True,False,견적반영,0.13216284639615775,0.6382899906288447,0.22954716297499744,견적반영,0.08552376611859296,0.7321599128736974,0.18231632100770961,견적반영,0.13090641933909752,0.6142535236099348,0.2548400570509678,0.11619767728461607,0.6615678090374923,0.2222345136778916
0,ccrs_ai_platform,ccrs_ai_platform:SFR-004,견적반영,1.0,견적반영,견적반영,True,False,True,견적반영,0.2804650502378254,0.5199208441275989,0.19961410563457568,견적반영,0.2724197368952377,0.5471728512321687,0.18040741187259365,견적반영,0.23123282478777982,0.5305760423607319,0.2381911328514883,0.26137253730694765,0.5325565792401665,0.20607088345288585
0,ccrs_ai_platform,ccrs_ai_platform:SFR-005,통상수용,1.0,견적반영,견적반영,True,True,False,견적반영,0.20748937070957618,0.4730183535128059,0.31949227577761785,견적반영,0.21635407595360612,0.4850975274651941,0.2985483965811998,견적반영,0.13910283217327588,0.49056554136683206,0.370331626459892,0.18764875961215274,0.48289380744827737,0.32945743293956986
0,ccrs_ai_platform,ccrs_ai_platform:SFR-006,계약·질의검토,1.0,견적반영,견적반영,True,True,False,견적반영,0.3192375603176959,0.43041776859940206,0.250344671082902,견적반영,0.32991239675579964,0.44372494032526516,0.22636266291893514,견적반영,0.26627757691788223,0.4417696295513084,0.29195279353080933,0.3051425113304593,0.4386374461586586,0.25622004251088215
0,ccrs_ai_platform,ccrs_ai_platform:SFR-007,견적반영,1.0,견적반영,견적반영,True,False,True,견적반영,0.305327973518905,0.3980583015601085,0.29661372492098653,견적반영,0.3320751170178004,0.3810922024005237,0.2868326805816759,견적반영,0.21891453870792654,0.43723732809621113,0.3438481331958624,0.28543920974821063,0.40546261068561446,0.30909817956617497
0,ccrs_ai_platform,ccrs_ai_platform:SFR-008,견적반영,1.0,견적반영,견적반영,True,False,True,견적반영,0.20181895635991534,0.44933493627511056,0.34884610736497396,견적반영,0.18001510559771008,0.463981632074662,0.3560032623276279,견적반영,0.14340852020599298,0.4525433715072239,0.40404810828678317,0.17508086072120613,0.45528664661899887,0.3696324926597951
0,ccrs_ai_platform,ccrs_ai_platform:SFR-009,견적반영,1.0,견적반영,견적반영,True,False,True,견적반영,0.20375699346999326,0.45248318121640535,0.34375982531360144,견적반영,0.17608380000493892,0.4381901317440568,0.38572606825100436,견적반영,0.17170718348007918,0.4347815923608363,0.3935112241590846,0.18384932565167045,0.4418183017737662,0.3743323725745635
0,ccrs_ai_platform,ccrs_ai_platform:SFR-010,견적반영,1.0,견적반영,견적반영,True,False,True,견적반영,0.2569496936813996,0.4358613323372679,0.3071889739813325,견적반영,0.23463874143434557,0.447327655306998,0.3180336032586565,견적반영,0.22996925077130587,0.4442802946792815,0.32575045454941265,0.24051922862901698,0.4424897607745158,0.3169910105964672
0,ccrs_ai_platform,ccrs_ai_platform:SFR-012,계약·질의검토,1.0,견적반영,견적반영,True,True,False,견적반영,0.10693593543818371,0.5693357165177956,0.32372834804402073,견적반영,0.0679921707188044,0.6462838693091495,0.2857239599720461,견적반영,0.07606445161180056,0.5700674966269839,0.35386805176121555,0.08366418592292957,0.5952290274846429,0.3211067865924275
0,ccrs_ai_platform,ccrs_ai_platform:SFR-013,견적반영,1.0,견적반영,견적반영,True,False,True,견적반영,0.2189235048496612,0.44760254766475066,0.33347394748558806,견적반영,0.1954676736669462,0.45144136598735624,0.3530909603456974,견적반영,0.15078197695192042,0.4756531113356252,0.3735649117124545,0.18839105182284258,0.45823234166257737,0.35337660651457997
0,ccrs_ai_platform,ccrs_ai_platform:SFR-014,견적반영,1.0,계약·질의검토,계약·질의검토,False,False,True,견적반영,0.2034264108846108,0.3999557598233408,0.39661782929204836,계약·질의검토,0.18800388761834944,0.3979053374319692,0.41409077494968144,계약·질의검토,0.12345828658934445,0.41536781987898325,0.4611738935316722,0.17162952836410159,0.4044096390447644,0.423960832591134
0,ccrs_ai_platform,ccrs_ai_platform:SFR-016,견적반영,1.0,견적반영,견적반영,True,False,True,견적반영,0.25190551491484714,0.39551706481698906,0.3525774202681639,견적반영,0.24553896796746644,0.40998167221544957,0.344479359817084,견적반영,0.2014435382066395,0.411315336758453,0.3872411250349075,0.2329626736963177,0.4056046912636306,0.3614326350400518
0,ccrs_ai_platform,ccrs_ai_platform:SFR-017,견적반영,1.0,견적반영,견적반영,True,False,True,견적반영,0.2894129107846469,0.4412213023797747,0.26936578683557844,견적반영,0.2849196633705569,0.4417717714960794,0.27330856513336366,견적반영,0.20192889309090728,0.5078672220968197,0.29020388481227316,0.2587538224153704,0.4636200986575579,0.27762607892707175
0,ccrs_ai_platform,ccrs_ai_platform:SFR-018,통상수용,1.0,계약·질의검토,계약·질의검토,True,True,False,계약·질의검토,0.2409917663341347,0.30901373277250815,0.44999450089335713,계약·질의검토,0.22279346287727242,0.3207424355531307,0.4564641015695968,계약·질의검토,0.1963670426553509,0.31755106223512963,0.4860818951095196,0.22005075728891932,0.3157690768535895,0.46418016585749117
0,ccrs_ai_platform,ccrs_ai_platform:SFR-019,견적반영,1.0,견적반영,계약·질의검토,False,False,True,견적반영,0.2058214798144043,0.4175584790275405,0.37662004115805514,계약·질의검토,0.1482192403528877,0.4053636552593563,0.446417104387756,견적반영,0.1492472347424777,0.45675054140252336,0.39400222385499895,0.1677626516365899,0.42655755856314004,0.40567978980027003
0,ccrs_ai_platform,ccrs_ai_platform:SFR-020,계약·질의검토,1.0,견적반영,계약·질의검토,False,False,True,견적반영,0.30758392700195497,0.35703535407021614,0.3353807189278288,계약·질의검토,0.3077717696319627,0.3145355022426476,0.37769272812538973,견적반영,0.27613654134691235,0.41323477070385095,0.31062868794923665,0.29716407932694333,0.3616018756722383,0.3412340450008184
0,ccrs_ai_platform,ccrs_ai_platform:SFR-021,견적반영,1.0,견적반영,계약·질의검토,False,False,True,견적반영,0.25480833644400497,0.4230621706356129,0.3221294929203821,계약·질의검토,0.2416040244712436,0.3715718120121268,0.3868241635166296,견적반영,0.24862185249147592,0.44980374343983465,0.30157440406868946,0.2483447378022415,0.41481257536252486,0.3368426868352337
0,ccrs_ai_platform,ccrs_ai_platform:SFR-023,견적반영,1.0,계약·질의검토,계약·질의검토,True,True,False,계약·질의검토,0.21550822444602635,0.3317929606802895,0.45269881487368424,계약·질의검토,0.19134908748709614,0.32510592577736686,0.4835449867355369,계약·질의검토,0.19725291198286635,0.30707748222300224,0.4956696057941313,0.20137007463866294,0.3213254562268862,0.4773044691344508
0,ccrs_ai_platform,ccrs_ai_platform:SFR-024,견적반영,1.0,견적반영,견적반영,True,False,True,견적반영,0.286706476879685,0.38446000327652186,0.32883351984379317,견적반영,0.26524855492711485,0.4070066334241092,0.327744811648776,견적반영,0.3116296606084617,0.390736559749129,0.2976337796424093,0.2878615641384205,0.39406773214992,0.31807070371165946
0,ccrs_ai_platform,ccrs_ai_platform:SFR-025,견적반영,1.0,견적반영,견적반영,True,False,True,견적반영,0.2819366502057728,0.4073696811980091,0.3106936685962182,견적반영,0.2779186537574249,0.40789114557960354,0.3141902006629716,견적반영,0.28050076978952615,0.4386333421953512,0.2808658880151226,0.28011869125090794,0.41796472299098797,0.30191658575810415
0,ccrs_ai_platform,ccrs_ai_platform:SFR-026,견적반영,1.0,견적반영,견적반영,True,False,True,견적반영,0.2612915916658581,0.40669759928061666,0.33201080905352526,견적반영,0.23866179388965686,0.42233470874605056,0.3390034973642925,견적반영,0.29436902268846166,0.39305711896952966,0.31257385834200874,0.26477413608132555,0.40736314233206566,0.32786272158660884
0,ccrs_ai_platform,ccrs_ai_platform:SFR-027,견적반영,1.0,견적반영,견적반영,True,False,True,견적반영,0.19712845330420456,0.45095287629514247,0.3519186704006531,견적반영,0.1651739919942896,0.46263268494063253,0.3721933230650779,견적반영,0.16828554615982128,0.44719835769804117,0.38451609614213755,0.17686266381943846,0.4535946396446054,0.3695426965359562
0,ccrs_ai_platform,ccrs_ai_platform:SFR-028,계약·질의검토,1.0,계약·질의검토,계약·질의검토,True,False,True,계약·질의검토,0.2499994196252071,0.32926423805662786,0.4207363423181651,계약·질의검토,0.21424121914022815,0.3163500394847877,0.4694087413749841,계약·질의검토,0.22500544705089184,0.3272718299393412,0.4477227230097669,0.22974869527210903,0.3242953691602522,0.44595593556763874
0,ccrs_ai_platform,ccrs_ai_platform:SFR-029,견적반영,1.0,견적반영,계약·질의검토,False,False,True,견적반영,0.22763157076298185,0.4094036164104807,0.36296481282653753,계약·질의검토,0.19231634594874947,0.3914050495772314,0.4162786044740192,견적반영,0.20576471980662364,0.3998776156857781,0.3943576645075982,0.20857087883945166,0.4002287605578301,0.3912003606027183
0,ccrs_ai_platform,ccrs_ai_platform:SFR-030,견적반영,1.0,계약·질의검토,계약·질의검토,True,True,False,계약·질의검토,0.2509121197279963,0.34679288083051024,0.40229499944149344,계약·질의검토,0.2217294940712269,0.32441584076333,0.4538546651654432,계약·질의검토,0.2077710121870597,0.3530752160508109,0.4391537717621294,0.2268042086620943,0.3414279792148837,0.431767812123022
0,ccrs_ai_platform,ccrs_ai_platform:TER-001,통상수용,1.0,통상수용,통상수용,True,False,True,통상수용,0.4127412487742217,0.23910919550399393,0.3481495557217843,통상수용,0.47649389269551723,0.23893286343254327,0.28457324387193944,통상수용,0.5624181392473032,0.1773664248860546,0.26021543586664214,0.48388442690568073,0.2184694946075306,0.29764607848678865
0,ccrs_ai_platform,ccrs_ai_platform:TER-002,계약·질의검토,1.0,통상수용,통상수용,True,True,False,통상수용,0.43757371392849553,0.20174071044871886,0.3606855756227856,통상수용,0.4654266208158082,0.17417281981672775,0.3604005593674641,통상수용,0.507194744715977,0.17555757738495187,0.3172476778990711,0.4700650264867603,0.1838237025501328,0.34611127096310695
0,ccrs_ai_platform,ccrs_ai_platform:TER-003,계약·질의검토,1.0,견적반영,계약·질의검토,False,False,True,통상수용,0.3578504601859342,0.32329436201006795,0.31885517780399786,통상수용,0.360877017300056,0.3504535035176235,0.2886694791823206,계약·질의검토,0.28667163577631205,0.34282995290269325,0.3704984113209947,0.3351330377541008,0.33885927281012823,0.326007689435771
0,ccrs_ai_platform,ccrs_ai_platform:TER-004,통상수용,1.0,계약·질의검토,계약·질의검토,False,False,True,계약·질의검토,0.35258681981957246,0.23836064104736882,0.4090525391330587,통상수용,0.399726566827844,0.22980949133721826,0.3704639418349378,계약·질의검토,0.38907254862105917,0.20265465580839456,0.4082727955705463,0.3804619784228252,0.22360826273099388,0.3959297588461809
1,defense_intelligent_platform,defense_intelligent_platform:COR-001,통상수용,0.5,통상수용,통상수용,True,False,True,통상수용,0.6644488780034862,0.1179536099153969,0.21759751208111694,통상수용,0.7483102778939947,0.08155425381294963,0.17013546829305562,통상수용,0.6679112913063849,0.11901355834231188,0.21307515035130314,0.693556815734622,0.10617380735688614,0.20026937690849192
1,defense_intelligent_platform,defense_intelligent_platform:COR-002,통상수용,0.5,통상수용,통상수용,True,False,True,통상수용,0.5753356017556225,0.18903872498356866,0.23562567326080885,통상수용,0.667126011382402,0.13337545990764188,0.1994985287099561,통상수용,0.5859731591457018,0.1789659866713669,0.23506085418293127,0.6094782574279087,0.16712672385419247,0.2233950187178987
1,defense_intelligent_platform,defense_intelligent_platform:COR-003,통상수용,0.5,통상수용,통상수용,True,False,True,통상수용,0.7232108626459006,0.08940966137327656,0.1873794759808228,통상수용,0.7753182149346397,0.07062800506672119,0.15405377999863895,통상수용,0.7423389639798722,0.07920565497280911,0.17845538104731865,0.7469560138534708,0.07974777380426895,0.17329621234226011
1,defense_intelligent_platform,defense_intelligent_platform:COR-004,계약·질의검토,0.5,계약·질의검토,계약·질의검토,False,False,True,통상수용,0.4482694499755027,0.1174961117648877,0.43423443825960956,계약·질의검토,0.4236675272411096,0.09345413772244494,0.4828783350364455,계약·질의검토,0.43449209522958965,0.11802784873704317,0.44748005603336716,0.4354763574820673,0.10965936607479194,0.45486427644314076
1,defense_intelligent_platform,defense_intelligent_platform:COR-005,계약·질의검토,0.5,계약·질의검토,계약·질의검토,True,False,True,계약·질의검토,0.26396565811109435,0.11189901754199935,0.6241353243469062,계약·질의검토,0.22445643106910976,0.09248650276729609,0.6830570661635942,계약·질의검토,0.2617281378448505,0.10808063263493843,0.6301912295202111,0.2500500756750182,0.10415538431474462,0.6457945400102373
1,defense_intelligent_platform,defense_intelligent_platform:COR-006,통상수용,0.5,통상수용,통상수용,True,False,True,통상수용,0.553113887357689,0.2910301894555293,0.15585592318678182,통상수용,0.5692973426527304,0.283109989736755,0.14759266761051473,통상수용,0.5862016617969037,0.27266964169106583,0.1411286965120305,0.569537630602441,0.28226994029445,0.14819242910310904
1,defense_intelligent_platform,defense_intelligent_platform:COR-007,통상수용,0.5,통상수용,통상수용,True,False,True,통상수용,0.6925182716280062,0.19633598167172436,0.1111457467002695,통상수용,0.806321636810243,0.12192418220363907,0.07175418098611776,통상수용,0.7193765771573372,0.18156350855143658,0.09905991429122628,0.7394054951985288,0.16660789080893335,0.09398661399253784
1,defense_intelligent_platform,defense_intelligent_platform:DAR-001,견적반영,0.5,통상수용,통상수용,True,True,False,통상수용,0.4050620109167912,0.2688836481946148,0.3260543408885939,통상수용,0.4133662167966505,0.25449047380778683,0.3321433093955627,통상수용,0.4133800263070778,0.26477098443831215,0.32184898925461014,0.41060275134017316,0.26271503548023795,0.32668221317958895
1,defense_intelligent_platform,defense_intelligent_platform:DAR-002,견적반영,0.5,통상수용,통상수용,True,True,False,통상수용,0.5568890175151687,0.2230532886037552,0.22005769388107618,통상수용,0.5906161647003733,0.2009478371834691,0.20843599811615757,통상수용,0.5721922961483038,0.22163707766081253,0.20617062619088367,0.5732324927879486,0.21521273448267894,0.21155477272937248
1,defense_intelligent_platform,defense_intelligent_platform:DAR-003,통상수용,0.5,통상수용,통상수용,False,False,True,통상수용,0.4203659439899928,0.39103399973277325,0.18860005627723395,견적반영,0.4045228238173111,0.43317342078013843,0.1623037554025504,통상수용,0.460645102036446,0.3682359198638842,0.17111897809966992,0.4285112899479166,0.397481113458932,0.17400759659315143
1,defense_intelligent_platform,defense_intelligent_platform:ECR-002,계약·질의검토,0.5,계약·질의검토,계약·질의검토,True,False,True,계약·질의검토,0.1252524864670182,0.16436016560799033,0.7103873479249915,계약·질의검토,0.07479797069178948,0.11670451250418805,0.8084975168040226,계약·질의검토,0.11454398205021941,0.16533548954659152,0.7201205284031891,0.1048648130696757,0.14880005588625664,0.7463351310440677
1,defense_intelligent_platform,defense_intelligent_platform:ECR-003,통상수용,0.5,통상수용,통상수용,True,False,True,통상수용,0.4128942103213137,0.3336960513255973,0.25340973835308894,통상수용,0.4032180134545292,0.35081280221090216,0.24596918433456863,통상수용,0.43812935021102717,0.32664536657540155,0.2352252832135714,0.41808052466229,0.337051406703967,0.244868068633743
1,defense_intelligent_platform,defense_intelligent_platform:ECR-004,견적반영,0.5,통상수용,통상수용,False,False,True,통상수용,0.36954808274912126,0.36459073301561223,0.26586118423526645,견적반영,0.37713213310879806,0.37983276796193827,0.24303509892926362,통상수용,0.36873163022323724,0.3653219326483958,0.26594643712836696,0.37180394869371886,0.3699151445419821,0.258280906764299
1,defense_intelligent_platform,defense_intelligent_platform:ECR-005,견적반영,0.5,통상수용,통상수용,True,True,False,통상수용,0.40724516657584175,0.3954009253185592,0.19735390810559908,통상수용,0.4455140746262907,0.37420787386625687,0.1802780515074524,통상수용,0.4087694496705502,0.40355796956963835,0.18767258075981152,0.4205095636242276,0.3910555895848182,0.18843484679095435
1,defense_intelligent_platform,defense_intelligent_platform:ECR-007,견적반영,0.5,계약·질의검토,계약·질의검토,True,True,False,계약·질의검토,0.23511671459856026,0.24973323765399214,0.5151500477474477,계약·질의검토,0.21240657131644242,0.20030504291264298,0.5872883857709146,계약·질의검토,0.18672531040392612,0.2676762411220069,0.5455984484740671,0.21141619877297627,0.23923817389621402,0.5493456273308098
1,defense_intelligent_platform,defense_intelligent_platform:ECR-008,견적반영,0.5,계약·질의검토,계약·질의검토,True,True,False,계약·질의검토,0.26191682763300317,0.2697084511152916,0.4683747212517052,계약·질의검토,0.2437503931498718,0.2256230606901357,0.5306265461599925,계약·질의검토,0.21335017069399334,0.28602941356183614,0.5006204157441705,0.23967246382562277,0.26045364178908786,0.4998738943852894
1,defense_intelligent_platform,defense_intelligent_platform:ECR-009,견적반영,0.5,계약·질의검토,계약·질의검토,True,True,False,계약·질의검토,0.2510457381315388,0.2678525424713544,0.4811017193971067,계약·질의검토,0.2247683937312096,0.22800189765182693,0.5472297086169635,계약·질의검토,0.20962983834472393,0.28493855921851624,0.5054316024367598,0.2284813234024908,0.2602643331138992,0.51125434348361
1,defense_intelligent_platform,defense_intelligent_platform:ECR-010,계약·질의검토,0.5,계약·질의검토,계약·질의검토,True,False,True,계약·질의검토,0.2029198565187946,0.2945821659162081,0.5024979775649974,계약·질의검토,0.17170153145000006,0.26457525647337393,0.5637232120766259,계약·질의검토,0.1689548216996802,0.31694752700937306,0.5140976512909466,0.18119206988949163,0.2920349831329851,0.5267729469775233
1,defense_intelligent_platform,defense_intelligent_platform:ECR-011,계약·질의검토,0.5,계약·질의검토,계약·질의검토,True,False,True,계약·질의검토,0.1312026308150049,0.3682124267335383,0.5005849424514569,계약·질의검토,0.100243340525917,0.36236137130393536,0.5373952881701477,계약·질의검토,0.11243190421662445,0.3809201668646127,0.5066479289187629,0.11462595851918213,0.3704979883006955,0.5148760531801225
1,defense_intelligent_platform,defense_intelligent_platform:ECR-012,계약·질의검토,0.5,계약·질의검토,계약·질의검토,True,False,True,계약·질의검토,0.2197286847672136,0.3747525937729067,0.4055187214598797,계약·질의검토,0.19071769380043652,0.3618933782430684,0.44738892795649515,계약·질의검토,0.18746045841542083,0.3919216725661509,0.42061786901842824,0.19930227899435696,0.37618921486070867,0.42450850614493435
1,defense_intelligent_platform,defense_intelligent_platform:ECR-013,계약·질의검토,0.5,계약·질의검토,계약·질의검토,True,False,True,계약·질의검토,0.3506917844080533,0.23888298421247642,0.4104252313794701,계약·질의검토,0.2937273713305361,0.18073314544190033,0.5255394832275636,계약·질의검토,0.34411466479097513,0.2457461914688976,0.4101391437401272,0.3295112735098549,0.2217874403744248,0.4487012861157203
1,defense_intelligent_platform,defense_intelligent_platform:ECR-014,계약·질의검토,0.5,계약·질의검토,계약·질의검토,True,False,True,계약·질의검토,0.34633600561177746,0.26390030504280876,0.3897636893454137,계약·질의검토,0.3091358146647894,0.2397716282232577,0.45109255711195295,계약·질의검토,0.3406904951160921,0.27465327332683626,0.38465623155707157,0.3320541051308863,0.25944173553096755,0.40850415933814604
1,defense_intelligent_platform,defense_intelligent_platform:ECR-015,계약·질의검토,0.5,계약·질의검토,계약·질의검토,True,False,True,계약·질의검토,0.2796861108231934,0.20855223858753655,0.51176165058927,계약·질의검토,0.20547429867481184,0.14722361947261065,0.6473020818525774,계약·질의검토,0.2649393985779869,0.21631506235831788,0.5187455390636952,0.25003326935866405,0.1906969734728217,0.5592697571685142
1,defense_intelligent_platform,defense_intelligent_platform:ECR-016,견적반영,0.5,견적반영,견적반영,True,False,True,견적반영,0.2474993828915618,0.40631053600962036,0.3461900810988178,견적반영,0.2301687896545844,0.41432266874040036,0.3555085416050151,견적반영,0.23424809056730292,0.41178812931445347,0.3539637801182436,0.23730542103781638,0.41080711135482467,0.35188746760735884
1,defense_intelligent_platform,defense_intelligent_platform:ECR-017,계약·질의검토,0.5,견적반영,계약·질의검토,False,False,True,견적반영,0.3321725776522876,0.3375738005568437,0.3302536217908687,계약·질의검토,0.29770903879324034,0.35082981261318485,0.35146114859357475,통상수용,0.33712462833303947,0.3344530158547248,0.3284223558122358,0.3223354149261891,0.3409522096749178,0.33671237539889304
1,defense_intelligent_platform,defense_intelligent_platform:ECR-018,계약·질의검토,0.5,계약·질의검토,계약·질의검토,True,False,True,계약·질의검토,0.2521779684439928,0.33236652338564837,0.41545550817035887,계약·질의검토,0.2454578534838014,0.3180296536111805,0.436512492905018,계약·질의검토,0.23561509379245155,0.342243610003905,0.4221412962036434,0.2444169719067486,0.33087992900024465,0.42470309909300674
1,defense_intelligent_platform,defense_intelligent_platform:ECR-020,계약·질의검토,0.5,통상수용,통상수용,True,True,False,통상수용,0.45679652260582454,0.25577512783588996,0.2874283495582855,통상수용,0.5113477463410336,0.21835388846980425,0.2702983651891621,통상수용,0.464325200218526,0.25165309520263196,0.28402170457884196,0.4774898230551281,0.24192737050277538,0.28058280644209654
1,defense_intelligent_platform,defense_intelligent_platform:ECR-021,계약·질의검토,0.5,견적반영,견적반영,True,True,False,견적반영,0.33986794824315286,0.39154249547802633,0.2685895562788207,견적반영,0.33293104875650287,0.3748243924055767,0.29224455883792033,견적반영,0.3270745373477733,0.40983587280966016,0.26308958984256653,0.33329117811580966,0.39206758689775434,0.27464123498643583
1,defense_intelligent_platform,defense_intelligent_platform:ECR-022,견적반영,0.5,견적반영,견적반영,True,False,True,견적반영,0.2281899123550773,0.44969175525960575,0.3221183323853169,견적반영,0.21366271594737327,0.4254389267186253,0.36089835733400144,견적반영,0.2049347057694663,0.4696752587608656,0.3253900354696681,0.21559577802397226,0.4482686469130322,0.3361355750629955
1,defense_intelligent_platform,defense_intelligent_platform:ECR-023,계약·질의검토,0.5,견적반영,견적반영,True,True,False,견적반영,0.25718478431352954,0.4289501648711329,0.31386505081533767,견적반영,0.2301251169830604,0.4524486973554073,0.31742618566153225,견적반영,0.25428121342519916,0.43397778198369724,0.31174100459110354,0.24719703824059636,0.4384588814034125,0.31434408035599115
1,defense_intelligent_platform,defense_intelligent_platform:ECR-024,계약·질의검토,0.5,계약·질의검토,계약·질의검토,False,False,True,견적반영,0.31899053138102845,0.3420851762911538,0.3389242923278178,계약·질의검토,0.32978809371624945,0.31637067074751996,0.3538412355362306,계약·질의검토,0.28033282911271756,0.356082779678317,0.3635843912089655,0.30970381806999847,0.3381795422389969,0.35211663969100465
1,defense_intelligent_platform,defense_intelligent_platform:ECR-025,계약·질의검토,0.5,견적반영,견적반영,True,True,False,견적반영,0.27681950822435575,0.4111206016983187,0.31205989007732554,견적반영,0.3166971142130316,0.39044933968801127,0.2928535460989572,견적반영,0.248723062762878,0.4351462983146572,0.3161306389224648,0.2807465617334218,0.4122387465669957,0.30701469169958245
1,defense_intelligent_platform,defense_intelligent_platform:ECR-026,견적반영,0.5,견적반영,견적반영,True,False,True,견적반영,0.19658821493311818,0.49532255493255517,0.3080892301343266,견적반영,0.1655511316291161,0.5157675876477109,0.318681280723173,견적반영,0.17391568503616028,0.5121284077831227,0.3139559071807169,0.17868501053279817,0.5077395167877963,0.3135754726794055
1,defense_intelligent_platform,defense_intelligent_platform:ECR-027,견적반영,0.5,통상수용,통상수용,False,False,True,견적반영,0.3413042301819366,0.3528244532989838,0.30587131651907956,통상수용,0.3827402456703859,0.32265129171214135,0.2946084626174727,견적반영,0.32444627815219895,0.36599145039653946,0.3095622714512616,0.34949691800150723,0.3471557318025549,0.30334735019593795
1,defense_intelligent_platform,defense_intelligent_platform:ECR-028,견적반영,0.5,계약·질의검토,계약·질의검토,True,True,False,계약·질의검토,0.26933740652935995,0.2892563347102449,0.4414062587603951,계약·질의검토,0.2607312106471746,0.2745068084216744,0.46476198093115095,계약·질의검토,0.2524193375157113,0.2956244113739997,0.451956251110289,0.2608293182307486,0.2864625181686397,0.45270816360061167
1,defense_intelligent_platform,defense_intelligent_platform:INR-001,통상수용,0.5,통상수용,통상수용,True,False,True,통상수용,0.6705709375487584,0.1384282432953459,0.1910008191558958,통상수용,0.7658177036690598,0.10010200672219466,0.1340802896087455,통상수용,0.6468830724121661,0.14639928920262754,0.20671763838520632,0.6944239045433281,0.1283098464067227,0.17726624904994923
1,defense_intelligent_platform,defense_intelligent_platform:INR-002,통상수용,0.5,통상수용,통상수용,True,False,True,통상수용,0.644393649973716,0.13519019603174434,0.22041615399453976,통상수용,0.7200383880300829,0.09403660774696239,0.18592500422295477,통상수용,0.6821413265046256,0.11599667149323015,0.2018620020021443,0.6821911215028081,0.11507449175731228,0.20273438673987962
1,defense_intelligent_platform,defense_intelligent_platform:INR-004,계약·질의검토,0.5,통상수용,통상수용,True,True,False,통상수용,0.4399990057309505,0.22357087408696785,0.3364301201820817,통상수용,0.4042595914489411,0.2512049102980704,0.34453549825298846,통상수용,0.4297330956569785,0.2241451403216554,0.3461217640213662,0.42466389761229006,0.23297364156889788,0.34236246081881205
1,defense_intelligent_platform,defense_intelligent_platform:PER-001,통상수용,0.5,통상수용,통상수용,True,False,True,통상수용,0.5095637142708892,0.23070928462746504,0.2597270011016457,통상수용,0.6427587120622028,0.16649996222163316,0.19074132571616403,통상수용,0.5284610815241884,0.21859758117879813,0.2529413372970135,0.5602611692857601,0.20526894267596543,0.23446988803827443
1,defense_intelligent_platform,defense_intelligent_platform:PER-002,계약·질의검토,0.5,계약·질의검토,계약·질의검토,True,False,True,계약·질의검토,0.14187948858761992,0.0824810705106418,0.7756394409017383,계약·질의검토,0.08957755993463833,0.0532901120456253,0.8571323280197363,계약·질의검토,0.1334915684967032,0.07852535282105967,0.787983078682237,0.12164953900632047,0.07143217845910893,0.8069182825345704
1,defense_intelligent_platform,defense_intelligent_platform:PER-003,계약·질의검토,0.5,계약·질의검토,계약·질의검토,True,False,True,계약·질의검토,0.2738779121232784,0.1524961297467251,0.5736259581299965,계약·질의검토,0.2256162252697684,0.10569779188631376,0.6686859828439179,계약·질의검토,0.275539586102027,0.14063085586305,0.583829558034923,0.25834457449835796,0.1329415924986963,0.6087138330029457
1,defense_intelligent_platform,defense_intelligent_platform:PER-004,계약·질의검토,0.5,계약·질의검토,계약·질의검토,True,False,True,계약·질의검토,0.2808858293645065,0.17174109632517334,0.5473730743103201,계약·질의검토,0.26519087243184547,0.12751171313082874,0.6072974144373258,계약·질의검토,0.278245235064199,0.15985405909506772,0.5619007058407332,0.274773978953517,0.1530356228503566,0.5721903981961263
1,defense_intelligent_platform,defense_intelligent_platform:PER-005,계약·질의검토,0.5,계약·질의검토,계약·질의검토,True,False,True,계약·질의검토,0.25982786931242663,0.2678530186997689,0.47231911198780446,계약·질의검토,0.25586342703433207,0.27538810932281677,0.46874846364285117,계약·질의검토,0.2453890922789828,0.26765893044805983,0.48695197727295725,0.2536934628752472,0.2703000194902152,0.47600651763453766
1,defense_intelligent_platform,defense_intelligent_platform:PER-006,계약·질의검토,0.5,계약·질의검토,계약·질의검토,True,False,True,계약·질의검토,0.2491869731831969,0.2981750582338549,0.45263796858294836,계약·질의검토,0.22942558440526925,0.24069124825695576,0.529883167337775,계약·질의검토,0.23031743011755135,0.2995169411627783,0.47016562871967027,0.23630999590200585,0.2794610825511963,0.48422892154679786
1,defense_intelligent_platform,defense_intelligent_platform:PMR-001,계약·질의검토,0.5,통상수용,통상수용,True,True,False,통상수용,0.6884833327231216,0.13723273197044056,0.17428393530643793,통상수용,0.7812318994699632,0.10178138177987661,0.11698671875016013,통상수용,0.6902116701940173,0.13517493249706417,0.17461339730891848,0.719975634129034,0.12472968208246045,0.15529468378850553
1,defense_intelligent_platform,defense_intelligent_platform:PMR-002,통상수용,0.5,통상수용,통상수용,True,False,True,통상수용,0.5992240112481448,0.13436706678733323,0.26640892196452204,통상수용,0.6417842461723222,0.14699921884589734,0.2112165349817804,통상수용,0.6011944790359239,0.1277423422691359,0.2710631786949401,0.6140675788187969,0.13636954263412215,0.24956287854708084
1,defense_intelligent_platform,defense_intelligent_platform:PMR-003,견적반영,0.5,계약·질의검토,계약·질의검토,True,True,False,계약·질의검토,0.3321162108810483,0.226283806554583,0.44159998256436866,계약·질의검토,0.3309407338688368,0.2303012247514516,0.43875804137971164,계약·질의검토,0.312912323273323,0.22318838941846453,0.4638992873082124,0.3253230893410694,0.2265911402414997,0.44808577041743086
1,defense_intelligent_platform,defense_intelligent_platform:PMR-004,통상수용,0.5,통상수용,통상수용,True,False,True,통상수용,0.552537628584321,0.2738434977687717,0.1736188736469074,통상수용,0.5178587506484302,0.3265343774959022,0.1556068718556676,통상수용,0.5492183088140211,0.2826060412655959,0.16817564992038309,0.5398715626822574,0.2943279721767566,0.16580046514098604
1,defense_intelligent_platform,defense_intelligent_platform:PMR-005,통상수용,0.5,통상수용,통상수용,True,False,True,통상수용,0.5840024256549715,0.11362984502080148,0.302367729324227,통상수용,0.6742332975036842,0.0820171485086996,0.24374955398761627,통상수용,0.5406879418836216,0.11996450157495017,0.3393475565414284,0.5996412216807591,0.10520383170148374,0.2951549466177572
1,defense_intelligent_platform,defense_intelligent_platform:PMR-006,통상수용,0.5,통상수용,통상수용,True,False,True,통상수용,0.7051952993723122,0.1588744219403789,0.13593027868730895,통상수용,0.7975962353302887,0.11528120505627219,0.08712255961343922,통상수용,0.7184612083036621,0.1524250640311017,0.1291137276652362,0.7404175810020877,0.1421935636759176,0.11738885532199479
1,defense_intelligent_platform,defense_intelligent_platform:PMR-007,계약·질의검토,0.5,통상수용,통상수용,True,True,False,통상수용,0.5733715419944452,0.1293563626279951,0.29727209537755966,통상수용,0.6343379032054695,0.103658823467958,0.26200327332657264,통상수용,0.5616491054206844,0.13395104906966201,0.30439984550965354,0.5897861835401996,0.12232207838853837,0.28789173807126195
1,defense_intelligent_platform,defense_intelligent_platform:PMR-008,계약·질의검토,0.5,통상수용,통상수용,True,True,False,통상수용,0.4990220454543492,0.20106019952360155,0.29991775502204937,통상수용,0.5353089173150187,0.18085762376417736,0.28383345892080386,통상수용,0.49285002900173097,0.2006194865551418,0.3065304844431273,0.5090603305903664,0.19417910328097357,0.29676056612866014
1,defense_intelligent_platform,defense_intelligent_platform:PMR-009,계약·질의검토,0.5,통상수용,통상수용,True,True,False,통상수용,0.47191750859212334,0.22317614786102638,0.3049063435468502,통상수용,0.4799462521812395,0.21536126779274237,0.30469248002601823,통상수용,0.47135348097079477,0.22042172058877124,0.308224798440434,0.47440574724805257,0.21965304541418,0.3059412073377675
1,defense_intelligent_platform,defense_intelligent_platform:PMR-010,통상수용,0.5,통상수용,통상수용,True,False,True,통상수용,0.5824981868469773,0.1745225215689734,0.24297929158404927,통상수용,0.5951865386521991,0.14108274825977737,0.26373071308802354,통상수용,0.6021995620333034,0.16170619932595434,0.23609423864074233,0.5932947625108266,0.15910382305156837,0.24760141443760506
1,defense_intelligent_platform,defense_intelligent_platform:PMR-011,통상수용,0.5,통상수용,통상수용,True,False,True,통상수용,0.5840246843392167,0.14463766440357556,0.2713376512572077,통상수용,0.6422490327625414,0.13579786877932737,0.2219530984581312,통상수용,0.6099114771114466,0.1329757475975509,0.25711277529100257,0.6120617314044016,0.1378037602601513,0.25013450833544715
1,defense_intelligent_platform,defense_intelligent_platform:PMR-012,통상수용,0.5,통상수용,통상수용,True,False,True,통상수용,0.6957822770459149,0.11240515886141186,0.19181256409267314,통상수용,0.7952619896294355,0.0887644506266652,0.11597355974389931,통상수용,0.7192687854433145,0.09818422973813626,0.1825469848185491,0.7367710173728882,0.09978461307540443,0.16344436955170719
1,defense_intelligent_platform,defense_intelligent_platform:PMR-013,계약·질의검토,0.5,통상수용,통상수용,True,True,False,통상수용,0.49741584100812,0.16121988776381804,0.341364271228062,통상수용,0.5608497099719348,0.13198991995828988,0.3071603700697753,통상수용,0.5051798269781108,0.15247250222680891,0.34234767079508027,0.5211484593193886,0.14856076998297227,0.33029077069763924
1,defense_intelligent_platform,defense_intelligent_platform:PMR-014,통상수용,0.5,통상수용,통상수용,True,False,True,통상수용,0.6079386662587599,0.20453388242540657,0.1875274513158336,통상수용,0.6515528917293403,0.2013528721366103,0.14709423613404948,통상수용,0.6527604545056143,0.17701683961276107,0.17022270588162466,0.6374173374979049,0.1943011980582593,0.16828146444383593
1,defense_intelligent_platform,defense_intelligent_platform:PMR-015,통상수용,0.5,통상수용,통상수용,True,False,True,통상수용,0.6891741290432645,0.136350845388335,0.1744750255684005,통상수용,0.755150522032516,0.11601106448613202,0.12883841348135205,통상수용,0.725890356932607,0.11367587619711278,0.16043376687028035,0.7234050026694625,0.12201259535719328,0.1545824019733443
1,defense_intelligent_platform,defense_intelligent_platform:PMR-016,계약·질의검토,0.5,계약·질의검토,계약·질의검토,True,False,True,계약·질의검토,0.3115916619575656,0.12845736800003327,0.5599509700424011,계약·질의검토,0.298722462638137,0.10139556309910933,0.5998819742627536,계약·질의검토,0.3156048470829356,0.12018419397504215,0.5642109589420222,0.3086396572262127,0.11667904169139491,0.5746813010823923
1,defense_intelligent_platform,defense_intelligent_platform:PMR-017,통상수용,0.5,통상수용,통상수용,True,False,True,통상수용,0.6549007694445065,0.11351721242047345,0.23158201813502002,통상수용,0.7215541275433691,0.10048116440699426,0.17796470804963654,통상수용,0.635109011560457,0.11492769410278056,0.2499632943367625,0.6705213028494441,0.10964202364341609,0.21983667350713967
1,defense_intelligent_platform,defense_intelligent_platform:PMR-018,계약·질의검토,0.5,계약·질의검토,계약·질의검토,True,False,True,계약·질의검토,0.3813334468767366,0.22462998754822378,0.39403656557503963,계약·질의검토,0.32916333262610914,0.20521473232104984,0.46562193505284094,계약·질의검토,0.3756770059846862,0.22894185352105667,0.39538114049425716,0.362057928495844,0.21959552446344344,0.41834654704071256
1,defense_intelligent_platform,defense_intelligent_platform:PMR-019,견적반영,0.5,통상수용,통상수용,True,True,False,통상수용,0.47399056966783165,0.27883430973968604,0.2471751205924823,통상수용,0.4791464675708986,0.25772204586928493,0.26313148655981633,통상수용,0.48190581294462387,0.2693215368840952,0.24877265017128092,0.4783476167277847,0.2686259641643554,0.25302641910785983
1,defense_intelligent_platform,defense_intelligent_platform:PSR-002,견적반영,0.5,견적반영,견적반영,True,False,True,견적반영,0.2516107661513459,0.5188956685675229,0.2294935652811311,견적반영,0.22013975971579564,0.56435716402672,0.2155030762574845,견적반영,0.2377178294488167,0.5316199943594441,0.23066217619173926,0.23648945177198608,0.5382909423178956,0.22521960591011828
1,defense_intelligent_platform,defense_intelligent_platform:PSR-003,계약·질의검토,0.5,계약·질의검토,계약·질의검토,True,False,True,계약·질의검토,0.23751188224773012,0.17096924996778443,0.5915188677844855,계약·질의검토,0.1886135799119486,0.1268641842960395,0.6845222357920118,계약·질의검토,0.2166179237984696,0.16920608157010655,0.6141759946314239,0.2142477953193828,0.15567983861131016,0.630072366069307
1,defense_intelligent_platform,defense_intelligent_platform:PSR-004,견적반영,0.5,통상수용,통상수용,True,True,False,통상수용,0.48769425766967595,0.25067089349503846,0.26163484883528554,통상수용,0.4911840012334916,0.27797626811006515,0.23083973065644323,통상수용,0.49473559062784095,0.2425255927968041,0.2627388165753549,0.49120461651033615,0.2570575848006359,0.2517377986890279
1,defense_intelligent_platform,defense_intelligent_platform:PSR-005,통상수용,0.5,통상수용,통상수용,True,False,True,통상수용,0.43824302661100456,0.3269811630736536,0.2347758103153418,통상수용,0.44063642830423316,0.34452730103262497,0.21483627066314176,통상수용,0.41305755441575426,0.34111760203898656,0.24582484354525927,0.4306456697769973,0.3375420220484217,0.23181230817458096
1,defense_intelligent_platform,defense_intelligent_platform:PSR-006,계약·질의검토,0.5,통상수용,계약·질의검토,False,False,True,통상수용,0.4117380492638782,0.2278600725341856,0.36040187820193625,통상수용,0.41581486100511705,0.2344239180429028,0.3497612209519801,계약·질의검토,0.37855920905292156,0.2318823654860586,0.3895584254610198,0.40203737310730564,0.23138878535438234,0.366573841538312
1,defense_intelligent_platform,defense_intelligent_platform:PSR-007,통상수용,0.5,통상수용,통상수용,True,False,True,통상수용,0.5084677146556087,0.156301121416946,0.3352311639274453,통상수용,0.5335271416912135,0.14354389042013863,0.3229289678886479,통상수용,0.5440511357305933,0.1400010050121543,0.31594785925725233,0.5286819973591385,0.1466153389497463,0.32470266369111517
1,defense_intelligent_platform,defense_intelligent_platform:PSR-008,통상수용,0.5,통상수용,통상수용,True,False,True,통상수용,0.5055358134878875,0.3489745209917396,0.14548966552037293,통상수용,0.5044257576624045,0.3623455551196885,0.13322868721790704,통상수용,0.5065410894768018,0.35542922097136187,0.1380296895518363,0.5055008868756979,0.3555830990275967,0.13891601409670543
1,defense_intelligent_platform,defense_intelligent_platform:PSR-009,통상수용,0.5,통상수용,통상수용,True,False,True,통상수용,0.43758349843860117,0.2154161115514546,0.34700039000994415,통상수용,0.5064984823538883,0.17877382405643022,0.31472769358968145,통상수용,0.47879127054581766,0.19044920173040863,0.33075952772377376,0.4742910837794357,0.19487971244609784,0.33082920377446645
1,defense_intelligent_platform,defense_intelligent_platform:PSR-010,통상수용,0.5,통상수용,통상수용,True,False,True,통상수용,0.543562177775224,0.18107225735154966,0.2753655648732264,통상수용,0.6093034955306483,0.13278502175819173,0.25791148271116,통상수용,0.5659857945979268,0.1771686532334752,0.2568455521685981,0.5729504893012664,0.1636753107810722,0.26337419991766153
1,defense_intelligent_platform,defense_intelligent_platform:QUR-002,통상수용,0.5,통상수용,통상수용,True,False,True,통상수용,0.602887774266361,0.12512954051009673,0.2719826852235423,통상수용,0.6769099360028983,0.09774938421676822,0.22534067978033345,통상수용,0.6142095880973111,0.11683300310725993,0.26895740879542906,0.6313357661221901,0.11323730927804161,0.2554269245997683
1,defense_intelligent_platform,defense_intelligent_platform:QUR-003,계약·질의검토,0.5,통상수용,통상수용,True,True,False,통상수용,0.5560762446634819,0.15050814781672317,0.2934156075197949,통상수용,0.5919628195415496,0.14067855667012047,0.26735862378833003,통상수용,0.5711378574057657,0.1456088331560521,0.28325330943818217,0.5730589738702657,0.14559851254763193,0.2813425135821024
1,defense_intelligent_platform,defense_intelligent_platform:QUR-004,통상수용,0.5,통상수용,통상수용,True,False,True,통상수용,0.5839212194387844,0.22205815271270024,0.19402062784851543,통상수용,0.6414319788566732,0.21188842859828438,0.1466795925450423,통상수용,0.5671283451414248,0.2308507514530742,0.20202090340550097,0.5974938478122941,0.22159911092135295,0.1809070412663529
1,defense_intelligent_platform,defense_intelligent_platform:QUR-005,계약·질의검토,0.5,통상수용,통상수용,True,True,False,통상수용,0.593442457625512,0.15817224811420147,0.2483852942602865,통상수용,0.6418682067205498,0.1464979136927691,0.21163387958668112,통상수용,0.6230155003855057,0.13561498248124465,0.24136951713324958,0.6194420549105225,0.14676171476273842,0.23379623032673905
1,defense_intelligent_platform,defense_intelligent_platform:QUR-006,통상수용,0.5,통상수용,통상수용,True,False,True,통상수용,0.663856844028384,0.1304052570620052,0.20573789890961078,통상수용,0.7612333657954021,0.0938426766258375,0.14492395757876034,통상수용,0.6873063881344278,0.11492725367070566,0.19776635819486663,0.7041321993194046,0.11305839578618278,0.18280940489441258
1,defense_intelligent_platform,defense_intelligent_platform:SER-001,계약·질의검토,0.5,통상수용,통상수용,True,True,False,통상수용,0.5350968696857569,0.10183999351457565,0.36306313679966745,통상수용,0.5375275479048539,0.08562243937496844,0.37685001272017765,통상수용,0.5620429877147947,0.08824192062026415,0.3497150916649412,0.5448891351018018,0.09190145116993609,0.36320941372826204
1,defense_intelligent_platform,defense_intelligent_platform:SER-002,견적반영,0.5,통상수용,통상수용,True,True,False,통상수용,0.5432244804716567,0.14774023318815446,0.3090352863401889,통상수용,0.530738504520132,0.14737638422006022,0.32188511125980773,통상수용,0.5436389461482458,0.13785236808759854,0.31850868576415553,0.5392006437133449,0.14432299516527108,0.31647636112138405
1,defense_intelligent_platform,defense_intelligent_platform:SER-003,계약·질의검토,0.5,통상수용,통상수용,True,True,False,통상수용,0.4805565483855041,0.15623355645716183,0.36320989515733415,통상수용,0.5190439367485671,0.13535719833205292,0.34559886491938,통상수용,0.4653940860468976,0.15105024931682304,0.3835556646362794,0.48833152372698957,0.14754700136867926,0.36412147490433117
1,defense_intelligent_platform,defense_intelligent_platform:SER-004,견적반영,0.5,통상수용,통상수용,True,True,False,통상수용,0.42930026710442737,0.22114444927634963,0.3495552836192231,통상수용,0.39663239182238746,0.23432594241113663,0.36904166576647596,통상수용,0.4455596379224123,0.2011280265141235,0.3533123355634642,0.42383076561640903,0.2188661394005366,0.3573030949830544
1,defense_intelligent_platform,defense_intelligent_platform:SER-007,견적반영,0.5,계약·질의검토,계약·질의검토,True,True,False,계약·질의검토,0.3535618381997982,0.16222981503640405,0.48420834676379787,계약·질의검토,0.37499512618889635,0.16182676751853572,0.46317810629256806,계약·질의검토,0.36878088406872656,0.14732338716400353,0.4838957287672699,0.3657792828191404,0.15712665657298108,0.4770940606078786
1,defense_intelligent_platform,defense_intelligent_platform:SER-008,통상수용,0.5,통상수용,통상수용,True,False,True,통상수용,0.5396382695280383,0.21613194248777381,0.24422978798418785,통상수용,0.5407118992873322,0.2433792205938193,0.21590888011884854,통상수용,0.5489252072359867,0.20536842930798413,0.2457063634560291,0.5430917920171191,0.22162653079652575,0.23528167718635515
1,defense_intelligent_platform,defense_intelligent_platform:SER-009,통상수용,0.5,통상수용,통상수용,True,False,True,통상수용,0.5140532259786735,0.24066548329177775,0.24528129072954868,통상수용,0.5375488361357136,0.22013659895130824,0.24231456491297815,통상수용,0.5212612832785203,0.23614248743995037,0.24259622928152938,0.5242877817976358,0.2323148565610121,0.24339736164135206
1,defense_intelligent_platform,defense_intelligent_platform:SFR-001,통상수용,0.5,통상수용,통상수용,True,False,True,통상수용,0.4476233745412833,0.33610783174445696,0.2162687937142598,통상수용,0.4596585882529269,0.33991430125729544,0.2004271104897778,통상수용,0.4628420718452122,0.3341242615993364,0.20303366655545146,0.4567080115464741,0.33671546486702963,0.20657652358649634
1,defense_intelligent_platform,defense_intelligent_platform:SFR-003,계약·질의검토,0.5,통상수용,통상수용,True,True,False,통상수용,0.5413874767228977,0.2583182369819539,0.20029428629514834,통상수용,0.6121294440511269,0.21224302161213973,0.17562753433673342,통상수용,0.541091231716752,0.2644705607327179,0.19443820755053012,0.5648693841635922,0.2450106064422705,0.19012000939413728
1,defense_intelligent_platform,defense_intelligent_platform:SFR-004,통상수용,0.5,통상수용,통상수용,True,False,True,통상수용,0.615274360366612,0.23581576603270726,0.14890987360068061,통상수용,0.7227711795199677,0.1829552935586974,0.0942735269213348,통상수용,0.6299263528201523,0.22937474960317825,0.14069889757666937,0.655990630902244,0.21604860306486098,0.12796076603289494
1,defense_intelligent_platform,defense_intelligent_platform:SFR-005,통상수용,0.5,통상수용,통상수용,True,False,True,통상수용,0.46364797100729493,0.30777466511512425,0.22857736387758074,통상수용,0.49673388069858526,0.3023348741731423,0.2009312451282723,통상수용,0.45030752634816235,0.32071893786919636,0.22897353578264132,0.47022979268468085,0.3102761590524876,0.21949404826283145
1,defense_intelligent_platform,defense_intelligent_platform:SFR-006,통상수용,0.5,통상수용,통상수용,True,False,True,통상수용,0.6592151669796937,0.2330779740128234,0.1077068590074828,통상수용,0.7183566328456014,0.2003722114842878,0.08127115567011074,통상수용,0.6951242736859167,0.21306025563652198,0.09181547067756136,0.6908986911704039,0.21550348037787773,0.09359782845171831
1,defense_intelligent_platform,defense_intelligent_platform:SFR-007,견적반영,0.5,견적반영,견적반영,True,False,True,견적반영,0.292921353179497,0.44757675707704975,0.25950188974345323,견적반영,0.23454696054231017,0.5136063532458844,0.25184668621180534,견적반영,0.2734825058249234,0.4695425523130734,0.2569749418620032,0.2669836065155769,0.47690855421200257,0.2561078392724206
1,defense_intelligent_platform,defense_intelligent_platform:SFR-008,통상수용,0.5,견적반영,견적반영,True,True,False,견적반영,0.3380545034978718,0.431079176004951,0.23086632049717717,견적반영,0.3160321880011516,0.4833310759468104,0.20063673605203788,견적반영,0.33939028984537906,0.4449510891311642,0.21565862102345681,0.33115899378146746,0.4531204470276419,0.21572055919089062
1,defense_intelligent_platform,defense_intelligent_platform:SFR-009,통상수용,0.5,통상수용,통상수용,True,False,True,통상수용,0.520583675496999,0.34500538078302245,0.13441094371997853,통상수용,0.5384846977029262,0.3398666827416157,0.12164861955545812,통상수용,0.5537664339476763,0.3314294856617345,0.11480408039058912,0.5376116023825338,0.3387671830621242,0.12362121455534192
1,defense_intelligent_platform,defense_intelligent_platform:SFR-010,통상수용,0.5,통상수용,통상수용,True,False,True,통상수용,0.4041318226783589,0.3443686987006348,0.25149947862100636,통상수용,0.4263225587969864,0.3464937131120886,0.22718372809092494,통상수용,0.40618318302782136,0.3534801377392786,0.24033667923290014,0.41221252150105553,0.34811418318400067,0.23967329531494383
1,defense_intelligent_platform,defense_intelligent_platform:SFR-011,통상수용,0.5,통상수용,통상수용,True,False,True,통상수용,0.44129649551098954,0.3455351755864883,0.21316832890252221,통상수용,0.4717738390717728,0.3495236114383698,0.1787025494898574,통상수용,0.45917790396218156,0.34526424565634173,0.19555785038147672,0.4574160795149813,0.3467743442270666,0.19580957625795212
1,defense_intelligent_platform,defense_intelligent_platform:SFR-012,계약·질의검토,0.5,계약·질의검토,계약·질의검토,True,False,True,계약·질의검토,0.3812128633655535,0.21571375451671362,0.40307338211773297,계약·질의검토,0.38338518495519763,0.20795376466592302,0.40866105037887945,계약·질의검토,0.3896250354777262,0.21705001453966358,0.39332494998261014,0.3847410279328258,0.21357251124076673,0.4016864608264075
1,defense_intelligent_platform,defense_intelligent_platform:SFR-013,통상수용,0.5,견적반영,견적반영,True,True,False,견적반영,0.3821372721538534,0.4004617730022443,0.21740095484390223,견적반영,0.36445975910894723,0.40356997280767587,0.23197026808337698,견적반영,0.3824362275951528,0.40251645359968424,0.21504731880516303,0.3763444196193178,0.40218273313653485,0.2214728472441474
1,defense_intelligent_platform,defense_intelligent_platform:SFR-014,통상수용,0.5,견적반영,견적반영,True,True,False,견적반영,0.3880837218311116,0.3934732596534675,0.2184430185154209,견적반영,0.3801301186938507,0.4075251618047954,0.2123447195013539,견적반영,0.391167751332218,0.3992330281484597,0.20959922051932228,0.3864605306190601,0.4000771498689075,0.21346231951203234
1,defense_intelligent_platform,defense_intelligent_platform:SFR-015,통상수용,0.5,견적반영,견적반영,True,True,False,견적반영,0.29076040735289727,0.5006977663073782,0.20854182633972457,견적반영,0.2739476848911837,0.5326708657824728,0.19338144932634344,견적반영,0.27695040137006216,0.5310068793199444,0.1920427193099935,0.28055283120471436,0.5214585038032652,0.1979886649920205
1,defense_intelligent_platform,defense_intelligent_platform:SFR-017,통상수용,0.5,통상수용,통상수용,True,False,True,통상수용,0.420430671077892,0.3874538981758844,0.1921154307462235,통상수용,0.45539331763649205,0.3657074067064414,0.17889927565706643,통상수용,0.411338437790072,0.4052493119631013,0.18341225024682672,0.429054142168152,0.38613687228180904,0.18480898555003888
1,defense_intelligent_platform,defense_intelligent_platform:SFR-018,통상수용,0.5,통상수용,통상수용,False,False,True,견적반영,0.42125002355547714,0.42899920182608187,0.14975077461844102,통상수용,0.4710149870577405,0.4010136453502203,0.12797136759203928,견적반영,0.4158344629677552,0.44114829512669507,0.14301724190554965,0.43603315786032426,0.4237203807676657,0.14024646137201
1,defense_intelligent_platform,defense_intelligent_platform:SFR-019,통상수용,0.5,통상수용,통상수용,True,False,True,통상수용,0.47283466294939114,0.3801355835952167,0.14702975345539213,통상수용,0.5365366535029362,0.37185295779564986,0.0916103887014139,통상수용,0.47337379311574085,0.3899514052917199,0.13667480159253917,0.4942483698560227,0.38064664889419547,0.12510498124978173
1,defense_intelligent_platform,defense_intelligent_platform:SFR-020,견적반영,0.5,견적반영,견적반영,True,False,True,견적반영,0.26240288758995145,0.4329092122299149,0.30468790018013353,견적반영,0.24635951126320654,0.4039732210521877,0.3496672676846058,견적반영,0.22958478799224094,0.4576658045204586,0.3127494074873004,0.2461157289484663,0.43151607926752034,0.32236819178401327
1,defense_intelligent_platform,defense_intelligent_platform:SFR-021,견적반영,0.5,견적반영,견적반영,True,False,True,견적반영,0.33228480911036107,0.4928558490655993,0.17485934182403956,견적반영,0.310426223417535,0.5302307190662733,0.15934305751619177,견적반영,0.3287925743832573,0.514542601411033,0.1566648242057097,0.3238345356370511,0.5125430565143019,0.163622407848647
1,defense_intelligent_platform,defense_intelligent_platform:SFR-022,견적반영,0.5,통상수용,통상수용,True,True,False,통상수용,0.5962312522555816,0.2190751597972357,0.18469358794718269,통상수용,0.6415035900247472,0.19790337196967267,0.16059303800558009,통상수용,0.5926320413700807,0.23423262179907917,0.17313533683084012,0.6101222945501364,0.2170703845219958,0.17280732092786763
1,defense_intelligent_platform,defense_intelligent_platform:SFR-023,견적반영,0.5,견적반영,견적반영,False,False,True,견적반영,0.41097883957240183,0.4342970399940734,0.15472412043352488,통상수용,0.47148731363314905,0.4158514582550784,0.11266122811177262,견적반영,0.38031688445295875,0.4653479739383187,0.15433514160872258,0.4209276792195032,0.43849882406249013,0.1405734967180067
1,defense_intelligent_platform,defense_intelligent_platform:SFR-024,견적반영,0.5,통상수용,통상수용,True,True,False,통상수용,0.4540890594815917,0.38835600675429105,0.1575549337641172,통상수용,0.5015311195324488,0.3738120727302893,0.12465680773726193,통상수용,0.4397548654955979,0.40247883294158404,0.15776630156281798,0.46512501483654606,0.3882156374753882,0.14665934768806568
1,defense_intelligent_platform,defense_intelligent_platform:SFR-025,견적반영,0.5,견적반영,견적반영,True,False,True,견적반영,0.23596785979864598,0.552003141300994,0.21202899890035992,견적반영,0.21045305422185023,0.6245119805203152,0.16503496525783468,견적반영,0.22312462397672148,0.5594081406068317,0.21746723541644677,0.22318184599907256,0.578641087476047,0.19817706652488046
1,defense_intelligent_platform,defense_intelligent_platform:SFR-026,견적반영,0.5,견적반영,견적반영,True,False,True,견적반영,0.2664207156880061,0.38714664963407297,0.3464326346779209,견적반영,0.23468212764904112,0.4395840020416623,0.3257338703092966,견적반영,0.2645849539014429,0.39268529309048805,0.3427297530080691,0.2552292657461634,0.40647198158874115,0.33829875266509557
1,defense_intelligent_platform,defense_intelligent_platform:SFR-027,통상수용,0.5,통상수용,통상수용,True,False,True,통상수용,0.5255867219215056,0.3544967290879,0.11991654899059444,통상수용,0.5398974477897288,0.392281224827533,0.06782132738273818,통상수용,0.5261022081080563,0.35946091791885737,0.11443687397308626,0.5305287926064303,0.3687462906114301,0.10072491678213963
1,defense_intelligent_platform,defense_intelligent_platform:SFR-028,견적반영,0.5,견적반영,견적반영,True,False,True,견적반영,0.33533613740999935,0.4270329836895823,0.2376308789004184,견적반영,0.3460367793934024,0.42668376913119643,0.22727945147540107,견적반영,0.3251195399903662,0.4520830793207656,0.22279738068886815,0.33549748559792264,0.4352666107138481,0.22923590368822921
1,defense_intelligent_platform,defense_intelligent_platform:SFR-029,견적반영,0.5,견적반영,견적반영,True,False,True,견적반영,0.15777682942954643,0.5344997186173649,0.30772345195308864,견적반영,0.1301061946164783,0.5869809525910415,0.2829128527924802,견적반영,0.14856167974204493,0.5490127254875606,0.3024255947703945,0.14548156792935654,0.5568311322319891,0.29768729983865444
1,defense_intelligent_platform,defense_intelligent_platform:SFR-030,견적반영,0.5,견적반영,견적반영,True,False,True,견적반영,0.1593233047337602,0.6090229519395366,0.23165374332670324,견적반영,0.12583998431831028,0.6827981492737836,0.19136186640790614,견적반영,0.13979846400469306,0.6363833819246333,0.2238181540706738,0.14165391768558785,0.6427348277126511,0.2156112546017611
1,defense_intelligent_platform,defense_intelligent_platform:SFR-031,견적반영,0.5,견적반영,견적반영,True,False,True,견적반영,0.3814969066126268,0.45415904194169765,0.1643440514456754,견적반영,0.35928337666131854,0.5065611124847131,0.13415551085396835,견적반영,0.3760970713969387,0.4711203748178505,0.15278255378521094,0.3722924515569614,0.4772801764147538,0.1504273720282849
1,defense_intelligent_platform,defense_intelligent_platform:SFR-032,견적반영,0.5,견적반영,견적반영,True,False,True,견적반영,0.3057593648530956,0.5111935359416975,0.18304709920520676,견적반영,0.28836027874593373,0.5316756131087889,0.17996410814527744,견적반영,0.29507387911767996,0.523066617925839,0.18185950295648107,0.2963978409055698,0.5219785889921084,0.18162357010232175
1,defense_intelligent_platform,defense_intelligent_platform:SFR-033,계약·질의검토,0.5,견적반영,견적반영,True,True,False,견적반영,0.22329228883269525,0.5003474566589773,0.2763602545083276,견적반영,0.18445012569078859,0.5515702520779526,0.26397962223125887,견적반영,0.2072485679659565,0.512328390389213,0.28042304164483056,0.20499699416314676,0.521415366375381,0.2735876394614723
1,defense_intelligent_platform,defense_intelligent_platform:SFR-034,견적반영,0.5,견적반영,견적반영,True,False,True,견적반영,0.2665114451038498,0.4539682147173876,0.2795203401787626,견적반영,0.26850671225479134,0.47508156071972596,0.2564117270254827,견적반영,0.23032438232306554,0.4898933797697575,0.279782237907177,0.2551141798939022,0.47298105173562366,0.2719047683704741
1,defense_intelligent_platform,defense_intelligent_platform:SFR-035,계약·질의검토,0.5,견적반영,견적반영,True,True,False,견적반영,0.18161336932990257,0.5349645935729705,0.2834220370971269,견적반영,0.13719402787505167,0.579424958992588,0.28338101313236047,견적반영,0.15665295564591464,0.565333635489935,0.2780134088641504,0.15848678428362295,0.5599077293518312,0.2816054863645459
1,defense_intelligent_platform,defense_intelligent_platform:SFR-036,견적반영,0.5,견적반영,견적반영,True,False,True,견적반영,0.23117894414622592,0.4958825601998845,0.27293849565388967,견적반영,0.21327096848136473,0.537526819309381,0.24920221220925434,견적반영,0.2047946649528388,0.5183231290440599,0.2768822060031014,0.21641485919347647,0.5172441695177752,0.2663409712887485
1,defense_intelligent_platform,defense_intelligent_platform:SFR-038,계약·질의검토,0.5,견적반영,견적반영,True,True,False,견적반영,0.29825351954139506,0.4167346637738854,0.2850118166847195,견적반영,0.25593638952031345,0.49154018058764015,0.2525234298920464,견적반영,0.27157006889938806,0.45081440701831565,0.2776155240822962,0.27525332598703217,0.45302975045994714,0.2717169235530207
1,defense_intelligent_platform,defense_intelligent_platform:SFR-039,견적반영,0.5,견적반영,견적반영,True,False,True,견적반영,0.2320434164031274,0.5560797224191554,0.21187686117771729,견적반영,0.2380572497438763,0.5729443522530877,0.18899839800303592,견적반영,0.20536489499650856,0.5858410084430892,0.20879409656040224,0.22515518704783744,0.5716216943717775,0.20322311858038514
1,defense_intelligent_platform,defense_intelligent_platform:SFR-040,통상수용,0.5,견적반영,견적반영,True,True,False,견적반영,0.30130534568539924,0.41819027016578453,0.2805043841488161,견적반영,0.23047168935628615,0.4693653444231528,0.30016296622056116,견적반영,0.27833133226812534,0.44129979489819643,0.2803688728336783,0.2700361224366036,0.442951803162378,0.28701207440101856
1,defense_intelligent_platform,defense_intelligent_platform:SFR-041,견적반영,0.5,견적반영,견적반영,True,False,True,견적반영,0.24441603207189583,0.5030077188410006,0.2525762490871037,견적반영,0.19786092090028745,0.5677844689637956,0.23435461013591696,견적반영,0.21475875538753925,0.5317532723696026,0.25348797224285824,0.21901190278657415,0.5341818200581329,0.24680627715529294
1,defense_intelligent_platform,defense_intelligent_platform:SFR-042,계약·질의검토,0.5,견적반영,견적반영,True,True,False,견적반영,0.19018803905684023,0.5387315512670949,0.2710804096760649,견적반영,0.176940327423758,0.5697013844324458,0.2533582881437962,견적반영,0.16328877822515414,0.5597542444780486,0.2769569772967973,0.17680571490191746,0.5560623933925297,0.2671318917055528
1,defense_intelligent_platform,defense_intelligent_platform:SFR-043,견적반영,0.5,견적반영,견적반영,True,False,True,견적반영,0.1858725170489626,0.5749946686622822,0.2391328142887551,견적반영,0.1827194518960539,0.5770156746125167,0.2402648734914295,견적반영,0.16847872290118965,0.6095009727696432,0.22202030432916717,0.1790235639487354,0.5871704386814808,0.2338059973697839
1,defense_intelligent_platform,defense_intelligent_platform:SFR-044,견적반영,0.5,견적반영,견적반영,True,False,True,견적반영,0.2870308043691626,0.5221777578733303,0.19079143775750704,견적반영,0.252191321920498,0.5621521718499478,0.18565650622955426,견적반영,0.25358301494150837,0.5503388374119873,0.1960781476465043,0.26426838041038964,0.5448895890450886,0.19084203054452187
1,defense_intelligent_platform,defense_intelligent_platform:SFR-045,견적반영,0.5,견적반영,견적반영,True,False,True,견적반영,0.2443942023465669,0.5036496709933072,0.25195612666012585,견적반영,0.22332164836675927,0.5276105173385505,0.24906783429469032,견적반영,0.2110388188239091,0.5458387758093618,0.2431224053667291,0.22625155651241177,0.5256996547137399,0.24804878877384842
1,defense_intelligent_platform,defense_intelligent_platform:SFR-046,통상수용,0.5,견적반영,견적반영,True,True,False,견적반영,0.37877652943700596,0.4353251286217104,0.18589834194128366,견적반영,0.3222515470279346,0.5279189895020112,0.14982946347005413,견적반영,0.3378605878198273,0.4779342864626363,0.18420512571753642,0.34629622142825595,0.480392801528786,0.17331097704295806
1,defense_intelligent_platform,defense_intelligent_platform:SFR-047,견적반영,0.5,견적반영,견적반영,True,False,True,견적반영,0.1531931869460346,0.5570452749904689,0.2897615380634966,견적반영,0.11033600626725582,0.6459337937282795,0.24373020000446471,견적반영,0.13314435796317214,0.5781637568263236,0.2886918852105044,0.13222451705882085,0.5937142751816907,0.27406120775948856
1,defense_intelligent_platform,defense_intelligent_platform:SFR-048,견적반영,0.5,견적반영,견적반영,True,False,True,견적반영,0.18063488196730243,0.5004433216083812,0.31892179642431623,견적반영,0.14332927985737298,0.5151119766423206,0.3415587435003064,견적반영,0.15905089218824142,0.5255936690623337,0.3153554387494248,0.1610050180043056,0.5137163224376785,0.32527865955801577
1,defense_intelligent_platform,defense_intelligent_platform:SFR-049,계약·질의검토,0.5,견적반영,견적반영,True,True,False,견적반영,0.21277599671233577,0.4872660171587917,0.2999579861288724,견적반영,0.17719603112972931,0.5436525265537774,0.27915144231649336,견적반영,0.18864447021915334,0.504615588710172,0.30673994107067476,0.19287216602040613,0.5118447108075803,0.2952831231720135
1,defense_intelligent_platform,defense_intelligent_platform:SFR-050,계약·질의검토,0.5,견적반영,견적반영,True,True,False,견적반영,0.31167534953682496,0.3609644721340037,0.32736017832917136,견적반영,0.33068370573057965,0.36474905792643547,0.3045672363429848,견적반영,0.27802148642765817,0.389985168021156,0.33199334555118587,0.30679351389835424,0.3718995660271984,0.32130692007444733
1,defense_intelligent_platform,defense_intelligent_platform:SFR-051,계약·질의검토,0.5,견적반영,견적반영,True,True,False,견적반영,0.14851469426130248,0.5011899017966858,0.3502954039420118,견적반영,0.11228319456511662,0.5608277952910489,0.3268890101438346,견적반영,0.12443088579201408,0.5194441948764844,0.35612491933150153,0.12840959153947773,0.527153963988073,0.3444364444724493
1,defense_intelligent_platform,defense_intelligent_platform:SFR-052,견적반영,0.5,견적반영,견적반영,True,False,True,견적반영,0.30435596285789934,0.4454737798563886,0.2501702572857121,견적반영,0.28298356174604034,0.4701463501206148,0.24687008813334493,견적반영,0.26631550292609196,0.47837044338253804,0.25531405369137006,0.2845516758433439,0.4646635244531805,0.2507847997034757
1,defense_intelligent_platform,defense_intelligent_platform:SFR-053,통상수용,0.5,통상수용,통상수용,True,False,True,통상수용,0.39980178910815967,0.3250621165386118,0.2751360943532286,통상수용,0.4756091567048502,0.2639468530260186,0.2604439902691311,통상수용,0.3873911674586873,0.3488110065455812,0.2637978259957315,0.42093403775723237,0.3126066587034038,0.2664593035393637
1,defense_intelligent_platform,defense_intelligent_platform:SFR-054,견적반영,0.5,견적반영,견적반영,True,False,True,견적반영,0.2531089234878388,0.5272153809905554,0.21967569552160565,견적반영,0.26042723747341573,0.5608577740415086,0.17871498848507578,견적반영,0.22725680472710658,0.5502230649108933,0.22252013036200005,0.24693098856278706,0.5460987399809859,0.20697027145622715
1,defense_intelligent_platform,defense_intelligent_platform:SFR-055,견적반영,0.5,견적반영,견적반영,True,False,True,견적반영,0.26900351289275237,0.38170664431197043,0.34928984279527714,견적반영,0.25082978592266125,0.39137372170765317,0.3577964923696855,견적반영,0.23880519982994555,0.40780420052771965,0.3533905996423348,0.25287949954845307,0.39362818884911444,0.3534923116024325
1,defense_intelligent_platform,defense_intelligent_platform:SFR-056,견적반영,0.5,견적반영,견적반영,True,False,True,견적반영,0.3507559482937228,0.3804028417655642,0.268841209940713,견적반영,0.36489059884135283,0.39557920367302984,0.2395301974856173,견적반영,0.3368639270497159,0.402480517348503,0.26065555560178105,0.3508368247282639,0.3928208542623657,0.25634232100937043
1,defense_intelligent_platform,defense_intelligent_platform:SFR-057,통상수용,0.5,견적반영,견적반영,False,False,True,통상수용,0.41148916134623104,0.39982375753885613,0.18868708111491286,견적반영,0.40692768064560175,0.43016305746902167,0.16290926188537666,견적반영,0.410729228692561,0.41298151878857425,0.1762892525188647,0.40971535689479793,0.4143227779321507,0.17596186517305143
1,defense_intelligent_platform,defense_intelligent_platform:SFR-058,견적반영,0.5,견적반영,견적반영,True,False,True,견적반영,0.2533546946512864,0.5431406032274511,0.2035047021212624,견적반영,0.2149685570600415,0.6164718962104259,0.16855954672953266,견적반영,0.2328893758731004,0.5736482311160542,0.19346239301084528,0.2337375425281428,0.5777535768513103,0.18850888062054674
1,defense_intelligent_platform,defense_intelligent_platform:SFR-059,견적반영,0.5,견적반영,견적반영,True,False,True,견적반영,0.289516249165168,0.5095303474643744,0.20095340337045756,견적반영,0.325897084550492,0.5197013370574809,0.15440157839202712,견적반영,0.25443092103187703,0.5451537636752735,0.2004153152928495,0.28994808491584567,0.5247951493990429,0.1852567656851114
1,defense_intelligent_platform,defense_intelligent_platform:SFR-060,견적반영,0.5,견적반영,견적반영,True,False,True,견적반영,0.3495839335580412,0.4213789569437139,0.22903710949824493,견적반영,0.37513722192686644,0.4370388227420707,0.18782395533106294,견적반영,0.31702300615964724,0.4466713583474282,0.23630563549292447,0.3472480538815183,0.4350297126777376,0.21772223344074412
1,defense_intelligent_platform,defense_intelligent_platform:SFR-061,견적반영,0.5,견적반영,견적반영,True,False,True,견적반영,0.38291978395480686,0.4363832752133178,0.18069694083187526,견적반영,0.37087039357911933,0.5000756224649919,0.12905398395588866,견적반영,0.35993913669130073,0.4658373611110439,0.17422350219765534,0.3712431047417423,0.4674320862631179,0.16132480899513976
1,defense_intelligent_platform,defense_intelligent_platform:SFR-062,계약·질의검토,0.5,견적반영,견적반영,True,True,False,견적반영,0.20534856598093815,0.5660152062943357,0.22863622772472617,견적반영,0.1834878662937348,0.6222159650629464,0.19429616864331872,견적반영,0.16771937890132307,0.5982167534357145,0.23406386766296233,0.18551860372533202,0.5954826415976656,0.2189987546770024
1,defense_intelligent_platform,defense_intelligent_platform:SFR-063,계약·질의검토,0.5,견적반영,견적반영,True,True,False,견적반영,0.17848206809224146,0.620653208061167,0.20086472384659157,견적반영,0.1764583050797639,0.6622384257517571,0.1613032691684791,견적반영,0.15024325570846886,0.6453200432882491,0.20443670100328196,0.16839454296015807,0.642737225700391,0.18886823133945085
1,defense_intelligent_platform,defense_intelligent_platform:SFR-064,통상수용,0.5,견적반영,견적반영,True,True,False,견적반영,0.30572309008614296,0.48412049260060697,0.21015641731325013,견적반영,0.34126447150047196,0.4854311699792031,0.1733043585203249,견적반영,0.3020537667447941,0.498802582350234,0.19914365090497183,0.316347109443803,0.4894514149766813,0.19420147557951561
1,defense_intelligent_platform,defense_intelligent_platform:SFR-065,견적반영,0.5,견적반영,견적반영,True,False,True,견적반영,0.1466760588277373,0.5368163393504699,0.31650760182179266,견적반영,0.1104242581103913,0.5992550343697328,0.2903207075198758,견적반영,0.1266152254359408,0.5537333330499368,0.31965144151412234,0.1279051807913565,0.5632682355900465,0.3088265836185969
1,defense_intelligent_platform,defense_intelligent_platform:SFR-066,견적반영,0.5,통상수용,통상수용,True,True,False,통상수용,0.5079475380370206,0.21511986857381418,0.2769325933891652,통상수용,0.5661491658591782,0.1908469507645408,0.243003883376281,통상수용,0.5015950338754291,0.21591215090744784,0.282492815217123,0.5252305792572093,0.20729299008193428,0.2674764306608564
1,defense_intelligent_platform,defense_intelligent_platform:SFR-067,통상수용,0.5,통상수용,통상수용,True,False,True,통상수용,0.4823005414474894,0.2865199637645743,0.23117949478793626,통상수용,0.5707934975616217,0.24244013367375064,0.18676636876462768,통상수용,0.4772081628449142,0.2891918583831641,0.2335999787719217,0.5101007339513418,0.27271731860716303,0.21718194744149522
1,defense_intelligent_platform,defense_intelligent_platform:TER-002,통상수용,0.5,통상수용,통상수용,True,False,True,통상수용,0.5098646240377163,0.1812381485928897,0.308897227369394,통상수용,0.5352297851310698,0.15413895763619692,0.3106312572327333,통상수용,0.5101870221892132,0.17925880410659797,0.31055417370418875,0.5184271437859999,0.1715453034452282,0.3100275527687721
1,defense_intelligent_platform,defense_intelligent_platform:TER-003,통상수용,0.5,통상수용,계약·질의검토,False,False,True,계약·질의검토,0.38177631985468424,0.23554323224821266,0.382680447897103,통상수용,0.4153416682369892,0.18788218005831744,0.3967761517046933,계약·질의검토,0.3760570698756831,0.23563274678690574,0.38831018333741124,0.39105835265578553,0.21968605303114527,0.38925559431306916
1,defense_intelligent_platform,defense_intelligent_platform:TER-004,계약·질의검토,0.5,계약·질의검토,계약·질의검토,True,False,True,계약·질의검토,0.20137193454920788,0.16260155389198772,0.6360265115588044,계약·질의검토,0.14253377454771846,0.1266277891361267,0.7308384363161547,계약·질의검토,0.18799667282044447,0.15297307965058055,0.6590302475289751,0.1773007939724569,0.147400807559565,0.675298398467978
1,defense_intelligent_platform,defense_intelligent_platform:TER-005,계약·질의검토,0.5,계약·질의검토,계약·질의검토,True,False,True,계약·질의검토,0.34245696417794813,0.29113220909038634,0.36641082673166553,계약·질의검토,0.3361748557915306,0.25483036806323445,0.408994776145235,계약·질의검토,0.33272262490021143,0.2801563622608262,0.3871210128389624,0.3371181482898968,0.2753729798048156,0.38750887190528766
1,defense_intelligent_platform,defense_intelligent_platform:TER-006,계약·질의검토,0.5,계약·질의검토,계약·질의검토,True,False,True,계약·질의검토,0.2854318553490611,0.13035342485950963,0.5842147197914294,계약·질의검토,0.30115502027328844,0.0967500658863461,0.6020949138403655,계약·질의검토,0.29311669190993783,0.12412939688561625,0.5827539112044459,0.2932345225107625,0.11707762921049066,0.5896878482787469
1,defense_intelligent_platform,defense_intelligent_platform:TER-007,계약·질의검토,0.5,계약·질의검토,계약·질의검토,True,False,True,계약·질의검토,0.28744938869956044,0.18563151339430817,0.5269190979061313,계약·질의검토,0.273687127596526,0.15858286469126462,0.5677300077122094,계약·질의검토,0.24127427622250108,0.19995864766847626,0.5587670761090227,0.2674702641728625,0.18139100858468302,0.5511387272424545
1,defense_intelligent_platform,defense_intelligent_platform:TER-008,계약·질의검토,0.5,견적반영,견적반영,True,True,False,견적반영,0.2947041255065663,0.5138497077966422,0.19144616669679151,견적반영,0.24277524321764865,0.5988983609958723,0.15832639578647906,견적반영,0.2746351503264486,0.5365022817817319,0.1888625678918195,0.2707048396835545,0.5497501168580822,0.17954504345836333
1,defense_intelligent_platform,defense_intelligent_platform:TER-009,계약·질의검토,0.5,통상수용,통상수용,True,True,False,통상수용,0.5049538239544921,0.19926885462222838,0.2957773214232796,통상수용,0.5217761385586132,0.1808912418007671,0.29733261964061963,통상수용,0.511909515715346,0.2030545247419915,0.2850359595426624,0.5128798260761505,0.19440487372166235,0.2927153002021872
2,genai_incident_response,genai_incident_response:CNR-001,견적반영,0.0,견적반영,견적반영,False,False,True,통상수용,0.36752493559507965,0.3560757017218927,0.27639936268302767,견적반영,0.34453318632076374,0.40140050852491843,0.2540663051543179,통상수용,0.3675249355950795,0.3560757017218927,0.2763993626830279,0.3598610191703076,0.3711839706562346,0.26895501017345785
2,genai_incident_response,genai_incident_response:DAR-001,계약·질의검토,0.0,통상수용,통상수용,True,True,False,통상수용,0.4637942593442285,0.34913317672158467,0.18707256393418695,통상수용,0.4286968097124977,0.3966882704570417,0.17461491983046062,통상수용,0.4637942593442283,0.349133176721584,0.18707256393418778,0.4520951094669849,0.36498487463340346,0.1829200158996118
2,genai_incident_response,genai_incident_response:DAR-002,견적반영,0.0,견적반영,견적반영,False,False,True,견적반영,0.42452573195555854,0.4315002326851506,0.14397403535929082,통상수용,0.43996731823917146,0.4364272455342068,0.1236054362266217,견적반영,0.42452573195555837,0.43150023268515014,0.1439740353592914,0.42967292738342944,0.43314257030150244,0.13718450231506799
2,genai_incident_response,genai_incident_response:DAR-003,견적반영,0.0,통상수용,통상수용,True,True,False,통상수용,0.42992436737297274,0.3972519831785358,0.1728236494484914,통상수용,0.4896851361145328,0.3548239913866342,0.1554908724988332,통상수용,0.42992436737297235,0.3972519831785353,0.17282364944849235,0.44984462362015937,0.38310931924790176,0.16704605713193899
2,genai_incident_response,genai_incident_response:DAR-004,통상수용,0.0,견적반영,견적반영,True,True,False,견적반영,0.2826961867812455,0.5302577703032635,0.18704604291549112,견적반영,0.26547792191274566,0.5768170960947087,0.15770498199254565,견적반영,0.28269618678124514,0.5302577703032629,0.18704604291549184,0.2769567651584121,0.5457775455670784,0.17726568927450956
2,genai_incident_response,genai_incident_response:DAR-005,견적반영,0.0,견적반영,견적반영,True,False,True,견적반영,0.310004447776989,0.36790967827923277,0.32208587394377824,견적반영,0.2843413246458766,0.36933363322158164,0.3463250421325417,견적반영,0.31000444777698816,0.36790967827923243,0.32208587394377947,0.3014500733999512,0.36838432992668224,0.3301655966733665
2,genai_incident_response,genai_incident_response:INR-001,계약·질의검토,0.0,견적반영,견적반영,True,True,False,견적반영,0.24844460103283528,0.42809678868371587,0.32345861028344897,견적반영,0.22699106169149666,0.4224780565693167,0.3505308817391867,견적반영,0.24844460103283453,0.42809678868371515,0.32345861028345024,0.2412934212523888,0.42622387797891587,0.3324827007686953
2,genai_incident_response,genai_incident_response:INR-002,견적반영,0.0,견적반영,견적반영,False,False,True,견적반영,0.3357589449148093,0.38445760993187694,0.2797834451533138,통상수용,0.3594272912767262,0.33630133456655664,0.30427137415671723,견적반영,0.33575894491480884,0.3844576099318756,0.2797834451533156,0.3436483937021148,0.3684055181434364,0.2879460881544489
2,genai_incident_response,genai_incident_response:INR-003,통상수용,0.0,통상수용,통상수용,True,False,True,통상수용,0.3852800397753996,0.369488159026138,0.24523180119846238,통상수용,0.4061373444851878,0.34899148604131736,0.24487116947349494,통상수용,0.38528003977539926,0.36948815902613735,0.24523180119846347,0.39223247467866224,0.3626559346978642,0.24511159062347357
2,genai_incident_response,genai_incident_response:INR-004,통상수용,0.0,통상수용,통상수용,True,False,True,통상수용,0.45268060891232376,0.27713847267523667,0.2701809184124395,통상수용,0.5199840907065728,0.24665271235381858,0.23336319693960864,통상수용,0.4526806089123231,0.27713847267523556,0.2701809184124413,0.4751151028437399,0.26697655256809694,0.25790834458816314
2,genai_incident_response,genai_incident_response:INR-005,계약·질의검토,0.0,견적반영,견적반영,True,True,False,견적반영,0.30906155710843564,0.4856552462153351,0.20528319667622932,견적반영,0.35580742575945257,0.4757308358237365,0.168461738416811,견적반영,0.309061557108435,0.48565524621533485,0.2052831966762302,0.32464351332544106,0.48234710941813547,0.1930093772564235
2,genai_incident_response,genai_incident_response:INR-006,통상수용,0.0,견적반영,견적반영,True,True,False,견적반영,0.298015818193256,0.5318582187687879,0.17012596303795594,견적반영,0.2825323518081234,0.5824827420401478,0.13498490615172865,견적반영,0.2980158181932555,0.5318582187687878,0.17012596303795666,0.292854662731545,0.5487330598592411,0.15841227740921374
2,genai_incident_response,genai_incident_response:INR-007,통상수용,0.0,통상수용,통상수용,True,False,True,통상수용,0.4953591673655458,0.34813687470715027,0.1565039579273039,통상수용,0.5189566309170628,0.34791833172322323,0.13312503735971398,통상수용,0.49535916736554525,0.3481368747071498,0.15650395792730493,0.5032249885493846,0.3480640270458411,0.1487109844047743
2,genai_incident_response,genai_incident_response:INR-008,통상수용,0.0,견적반영,견적반영,True,True,False,견적반영,0.3803378884458411,0.40792016591332936,0.21174194564082954,견적반영,0.3830686624812888,0.439585379461311,0.17734595805740022,견적반영,0.3803378884458399,0.4079201659133294,0.21174194564083057,0.38124814645765664,0.4184752370959899,0.20027661644635344
2,genai_incident_response,genai_incident_response:INR-009,통상수용,0.0,통상수용,통상수용,True,False,True,통상수용,0.44876672287933494,0.27830276278495947,0.27293051433570564,통상수용,0.4879204746489878,0.24402271481687873,0.26805681053413355,통상수용,0.44876672287933433,0.2783027627849591,0.27293051433570653,0.461817973469219,0.26687608012893244,0.2713059464018486
2,genai_incident_response,genai_incident_response:INR-010,통상수용,0.0,통상수용,통상수용,True,False,True,통상수용,0.4224299224263076,0.29438024982329103,0.28318982775040136,통상수용,0.46426350728328863,0.24842170523437143,0.2873147874823399,통상수용,0.4224299224263069,0.29438024982329025,0.2831898277504028,0.43637445071196773,0.2790607349603176,0.2845648143277147
2,genai_incident_response,genai_incident_response:PER-001,계약·질의검토,0.0,계약·질의검토,계약·질의검토,True,False,True,계약·질의검토,0.20310566414208195,0.24515624443992318,0.5517380914179949,계약·질의검토,0.1478324601805745,0.22804450743377183,0.6241230323856538,계약·질의검토,0.20310566414208076,0.2451562444399233,0.551738091417996,0.18468126282157907,0.23945233210453942,0.5758664050738815
2,genai_incident_response,genai_incident_response:PER-002,계약·질의검토,0.0,계약·질의검토,계약·질의검토,True,False,True,계약·질의검토,0.26411337046369554,0.2661553059123026,0.46973132362400194,계약·질의검토,0.23838594393243934,0.22233571494666216,0.5392783411208985,계약·질의검토,0.2641133704636943,0.26615530591230235,0.4697313236240033,0.25553756161994307,0.2515487755904224,0.4929136627896345
2,genai_incident_response,genai_incident_response:PER-003,견적반영,0.0,견적반영,견적반영,True,False,True,견적반영,0.30695350178680925,0.4145318408166091,0.2785146573965816,견적반영,0.3230245670564064,0.40465280975342716,0.27232262319016637,견적반영,0.30695350178680825,0.4145318408166087,0.278514657396583,0.3123105235433413,0.411238830462215,0.27645064599444363
2,genai_incident_response,genai_incident_response:PMR-001,견적반영,0.0,계약·질의검토,계약·질의검토,True,True,False,계약·질의검토,0.26773116698075405,0.23854414853585507,0.49372468448339085,계약·질의검토,0.2178356290390551,0.25583208831620546,0.5263322826447395,계약·질의검토,0.26773116698075256,0.2385441485358559,0.49372468448339163,0.2510993210001872,0.2443067951293055,0.5045938838705073
2,genai_incident_response,genai_incident_response:PMR-002,통상수용,0.0,통상수용,통상수용,True,False,True,통상수용,0.5423296486134336,0.15157980551126704,0.3060905458752994,통상수용,0.5653597508960974,0.14881401423160487,0.28582623487229775,통상수용,0.5423296486134326,0.15157980551126768,0.3060905458752997,0.5500063493743211,0.1506578750847132,0.29933577554096563
2,genai_incident_response,genai_incident_response:PMR-003,통상수용,0.0,통상수용,통상수용,True,False,True,통상수용,0.6497533081664802,0.1217177100547622,0.2285289817787576,통상수용,0.6627011937651024,0.12346850747956428,0.21383029875533333,통상수용,0.6497533081664798,0.12171771005476245,0.2285289817787577,0.6540692700326876,0.12230130919636299,0.22362942077094952
2,genai_incident_response,genai_incident_response:PMR-004,계약·질의검토,0.0,계약·질의검토,계약·질의검토,True,False,True,계약·질의검토,0.36661680454849893,0.10999616822696877,0.5233870272245323,계약·질의검토,0.4362256120308884,0.08931203880830398,0.4744623491608076,계약·질의검토,0.3666168045484988,0.10999616822696938,0.5233870272245318,0.389819740375962,0.10310145842074737,0.5070788012032906
2,genai_incident_response,genai_incident_response:PMR-005,통상수용,0.0,통상수용,통상수용,True,False,True,통상수용,0.5199896699629026,0.19133362738314602,0.2886767026539513,통상수용,0.5760698852937376,0.16702917643913343,0.256900938267129,통상수용,0.5199896699629013,0.19133362738314674,0.288676702653952,0.5386830750731805,0.18323214373514207,0.2780847811916774
2,genai_incident_response,genai_incident_response:PSR-001,통상수용,0.0,계약·질의검토,계약·질의검토,True,True,False,계약·질의검토,0.34498544923252666,0.15539597168334449,0.4996185790841288,계약·질의검토,0.36287592014038367,0.1362977088754556,0.5008263709841607,계약·질의검토,0.3449854492325261,0.15539597168334468,0.49961857908412904,0.3509489395351455,0.1490298840807149,0.5000211763841395
2,genai_incident_response,genai_incident_response:PSR-002,통상수용,0.0,계약·질의검토,계약·질의검토,True,True,False,계약·질의검토,0.34940964171967565,0.19315192572613565,0.4574384325541887,계약·질의검토,0.3313832689347675,0.1664219805671757,0.5021947504980567,계약·질의검토,0.3494096417196744,0.19315192572613596,0.45743843255418964,0.34340085079137256,0.18424194400648242,0.472357205202145
2,genai_incident_response,genai_incident_response:PSR-003,견적반영,0.0,계약·질의검토,계약·질의검토,True,True,False,계약·질의검토,0.25879780765735,0.3673388067798331,0.3738633855628169,계약·질의검토,0.21414131963436223,0.38253033665767827,0.40332834370795945,계약·질의검토,0.2587978076573492,0.367338806779832,0.3738633855628187,0.24391231164968716,0.37240265007244777,0.383685038277865
2,genai_incident_response,genai_incident_response:PSR-004,통상수용,0.0,통상수용,통상수용,True,False,True,통상수용,0.37660677386256763,0.3288609404603187,0.29453228567711365,통상수용,0.403221961637387,0.3380153078177176,0.2587627305448954,통상수용,0.3766067738625666,0.3288609404603193,0.2945322856771142,0.38547850312084037,0.33191239624611857,0.28260910063304107
2,genai_incident_response,genai_incident_response:PSR-005,견적반영,0.0,견적반영,견적반영,True,False,True,견적반영,0.20635372559241869,0.4889196216831882,0.30472665272439314,견적반영,0.17521016910546658,0.5334626431856094,0.291327187708924,견적반영,0.20635372559241807,0.48891962168318914,0.3047266527243929,0.1959725400967678,0.503767295517329,0.30026016438590336
2,genai_incident_response,genai_incident_response:PSR-006,통상수용,0.0,견적반영,견적반영,True,True,False,견적반영,0.39196592421944515,0.4424333655410759,0.16560071023947892,견적반영,0.42191503727420643,0.4583246745592761,0.11976028816651747,견적반영,0.39196592421944554,0.44243336554107526,0.16560071023947917,0.4019489619043657,0.4477304685471424,0.15032056954849185
2,genai_incident_response,genai_incident_response:QUR-002,통상수용,0.0,통상수용,통상수용,True,False,True,통상수용,0.8147856819356659,0.08459572739310253,0.10061859067123151,통상수용,0.8406567419857488,0.07827810290084493,0.08106515511340637,통상수용,0.8147856819356654,0.08459572739310281,0.10061859067123179,0.8234093686190267,0.0824898525623501,0.09410077881862322
2,genai_incident_response,genai_incident_response:QUR-003,견적반영,0.0,견적반영,견적반영,True,False,True,견적반영,0.36362303140916025,0.46884074478033394,0.1675362238105058,견적반영,0.32602416918459387,0.520424406068062,0.15355142474734432,견적반영,0.3636230314091594,0.46884074478033433,0.16753622381050637,0.3510900773343046,0.48603529854291,0.1628746241227855
2,genai_incident_response,genai_incident_response:QUR-004,계약·질의검토,0.0,견적반영,견적반영,True,True,False,견적반영,0.3527977476033917,0.4330272762886075,0.21417497610800076,견적반영,0.3208914432277042,0.4680458838585476,0.21106267291374825,견적반영,0.3527977476033913,0.43302727628860715,0.21417497610800162,0.34216231281149573,0.44470014547858744,0.21313754170991686
2,genai_incident_response,genai_incident_response:SER-002,견적반영,0.0,통상수용,통상수용,True,True,False,통상수용,0.4155985865418057,0.3095882322864184,0.27481318117177583,통상수용,0.4307888407435461,0.2999135572635962,0.2692976019928577,통상수용,0.41559858654180565,0.3095882322864173,0.2748131811717771,0.4206620046090525,0.30636334061214393,0.2729746547788035
2,genai_incident_response,genai_incident_response:SER-004,견적반영,0.0,계약·질의검토,계약·질의검토,True,True,False,계약·질의검토,0.30645886879886125,0.10827595011718205,0.5852651810839568,계약·질의검토,0.24714235376061047,0.08562583103635626,0.6672318152030333,계약·질의검토,0.30645886879886086,0.10827595011718252,0.5852651810839566,0.2866866971194442,0.10072591042357361,0.6125873924569822
2,genai_incident_response,genai_incident_response:SER-005,견적반영,0.0,계약·질의검토,계약·질의검토,True,True,False,계약·질의검토,0.4096719197620229,0.117197546976336,0.47313053326164106,계약·질의검토,0.42890175804029523,0.09386589394602392,0.47723234801368075,계약·질의검토,0.4096719197620222,0.11719754697633626,0.4731305332616415,0.4160818658547801,0.1094203292995654,0.47449780484565446
2,genai_incident_response,genai_incident_response:SER-006,견적반영,0.0,견적반영,견적반영,True,False,True,견적반영,0.3420670420350762,0.40036700783619933,0.2575659501287245,견적반영,0.31100957361029874,0.41433144836214103,0.2746589780275603,견적반영,0.3420670420350748,0.40036700783619944,0.25756595012872574,0.3317145525601499,0.4050218213448466,0.2632636260950035
2,genai_incident_response,genai_incident_response:SER-007,견적반영,0.0,계약·질의검토,계약·질의검토,True,True,False,계약·질의검토,0.33942538221855445,0.18979602254745495,0.4707785952339905,계약·질의검토,0.3270330992748981,0.17099975885991756,0.5019671418651843,계약·질의검토,0.3394253822185532,0.18979602254745565,0.4707785952339912,0.3352946212373353,0.18353060131827603,0.48117477744438863
2,genai_incident_response,genai_incident_response:SER-008,통상수용,0.0,견적반영,견적반영,True,True,False,견적반영,0.33640317334001635,0.36742752118839145,0.29616930547159226,견적반영,0.34080302274347946,0.389385962637062,0.26981101461945856,견적반영,0.3364031733400155,0.3674275211883912,0.2961693054715933,0.3378697898078371,0.37474700167128155,0.2873832085208814
2,genai_incident_response,genai_incident_response:SER-009,통상수용,0.0,계약·질의검토,계약·질의검토,True,True,False,계약·질의검토,0.3467631666063803,0.3015807269088155,0.3516561064848042,계약·질의검토,0.33970677662273324,0.27951080385501975,0.38078241952224695,계약·질의검토,0.346763166606379,0.30158072690881627,0.35165610648480466,0.34441103661183087,0.29422408589088384,0.3613648774972853
2,genai_incident_response,genai_incident_response:SFR-002,통상수용,0.0,통상수용,통상수용,True,False,True,통상수용,0.382124889765752,0.3566108252482195,0.26126428498602855,통상수용,0.4000489763555442,0.35287784838399405,0.2470731752604618,통상수용,0.3821248897657508,0.35661082524821996,0.26126428498602927,0.38809958529568234,0.35536649962681116,0.2565339150775065
2,genai_incident_response,genai_incident_response:SFR-003,계약·질의검토,0.0,견적반영,견적반영,True,True,False,견적반영,0.22796673498944225,0.44371363075664444,0.3283196342539132,견적반영,0.19330725473277435,0.4832139974564958,0.3234787478107297,견적반영,0.22796673498944167,0.4437136307566441,0.3283196342539142,0.2164135749038861,0.45688041965659476,0.32670600543951905
2,genai_incident_response,genai_incident_response:SFR-004,견적반영,0.0,견적반영,견적반영,True,False,True,견적반영,0.2721891997532814,0.4296990432657418,0.2981117569809767,견적반영,0.23061757963740473,0.47771858525666333,0.2916638351059319,견적반영,0.2721891997532807,0.42969904326574193,0.29811175698097736,0.25833199304798893,0.4457055572627157,0.2959624496892953
2,genai_incident_response,genai_incident_response:SFR-006,견적반영,0.0,견적반영,견적반영,True,False,True,견적반영,0.3824197040779645,0.41978086541488463,0.1977994305071509,견적반영,0.40551241350554956,0.42093526221350425,0.1735523242809461,견적반영,0.3824197040779635,0.41978086541488485,0.19779943050715165,0.3901172738871592,0.4201656643477579,0.18971706176508288
2,genai_incident_response,genai_incident_response:SFR-007,견적반영,0.0,견적반영,견적반영,True,False,True,견적반영,0.327207652799237,0.5378896292202126,0.13490271798055037,견적반영,0.30009152013267265,0.6076562851883738,0.09225219467895364,견적반영,0.327207652799236,0.5378896292202133,0.13490271798055067,0.3181689419103819,0.5611451812095999,0.12068587688001824
2,genai_incident_response,genai_incident_response:SFR-008,계약·질의검토,0.0,견적반영,견적반영,True,True,False,견적반영,0.29645541669179437,0.41813601672377376,0.2854085665844319,견적반영,0.31494960040722464,0.3868893116516472,0.2981610879411283,견적반영,0.29645541669179376,0.4181360167237733,0.28540856658443287,0.3026201445969376,0.4077204483663981,0.2896594070366643
2,genai_incident_response,genai_incident_response:SFR-009,계약·질의검토,0.0,견적반영,견적반영,True,True,False,견적반영,0.26439285926260847,0.48587587254666187,0.2497312681907297,견적반영,0.27555941748450546,0.4917003458104548,0.2327402367050398,견적반영,0.2643928592626078,0.48587587254666154,0.24973126819073072,0.2681150453365739,0.48781736363459266,0.24406759102883338
2,genai_incident_response,genai_incident_response:SFR-010,계약·질의검토,0.0,견적반영,견적반영,True,True,False,견적반영,0.3151292616536212,0.4733365286768529,0.21153420966952577,견적반영,0.35373490799297064,0.46130353753760883,0.18496155446942053,견적반영,0.31512926165362076,0.4733365286768526,0.2115342096695267,0.3279978104334042,0.4693255316304381,0.20267665793615766
2,genai_incident_response,genai_incident_response:SFR-011,계약·질의검토,0.0,견적반영,견적반영,True,True,False,견적반영,0.26759753412182724,0.37622024572856305,0.35618222014960965,견적반영,0.27538591801034473,0.36507321425277695,0.3595408677368784,견적반영,0.2675975341218265,0.37622024572856266,0.35618222014961076,0.27019366208466616,0.37250456856996755,0.3573017693453662
2,genai_incident_response,genai_incident_response:SFR-012,계약·질의검토,0.0,견적반영,견적반영,True,True,False,견적반영,0.34214792214711803,0.42227999468531874,0.2355720831675632,견적반영,0.35680615411196626,0.416063075264679,0.22713077062335477,견적반영,0.3421479221471175,0.4222799946853184,0.23557208316756414,0.3470339994687339,0.420207688211772,0.23275831231949404
2,genai_incident_response,genai_incident_response:SFR-013,계약·질의검토,0.0,견적반영,견적반영,True,True,False,견적반영,0.2462138679155804,0.4642264442904333,0.28955968779398633,견적반영,0.23645674800851385,0.4742805069559408,0.2892627450355455,견적반영,0.2462138679155793,0.4642264442904337,0.2895596877939871,0.2429614946132245,0.46757779851226927,0.2894607068745063
2,genai_incident_response,genai_incident_response:SFR-014,계약·질의검토,0.0,견적반영,견적반영,True,True,False,견적반영,0.32890578636177314,0.4345866254919925,0.2365075881462343,견적반영,0.33313986996803474,0.44826821653774945,0.21859191349421572,견적반영,0.32890578636177237,0.43458662549199206,0.23650758814623551,0.33031714756386005,0.439147155840578,0.23053569659556183
2,genai_incident_response,genai_incident_response:SFR-015,견적반영,0.0,견적반영,견적반영,True,False,True,견적반영,0.28057777081274704,0.42462405227316263,0.2947981769140903,견적반영,0.28055187342814175,0.43505600541147094,0.28439212116038726,견적반영,0.2805777708127462,0.4246240522731622,0.2947981769140917,0.28056913835121167,0.4281013699859319,0.29132949166285643
2,genai_incident_response,genai_incident_response:SFR-016,견적반영,0.0,견적반영,견적반영,True,False,True,견적반영,0.2528811131438881,0.5005258555385056,0.24659303131760624,견적반영,0.2506342502181769,0.5096351242485766,0.2397306255332465,견적반영,0.2528811131438879,0.5005258555385047,0.24659303131760732,0.25213215883531764,0.5035622784418622,0.24430556272282003
2,genai_incident_response,genai_incident_response:SFR-017,견적반영,0.0,통상수용,통상수용,True,True,False,통상수용,0.43876182795719537,0.3779661252105988,0.18327204683220585,통상수용,0.4393064528368013,0.39895558344352605,0.16173796371967267,통상수용,0.4387618279571946,0.377966125210599,0.1832720468322064,0.4389433695837304,0.38496261128824133,0.17609401912802833
2,genai_incident_response,genai_incident_response:SFR-019,계약·질의검토,0.0,견적반영,견적반영,True,True,False,견적반영,0.2942803549323378,0.5079553617006894,0.1977642833669729,견적반영,0.27095667372527465,0.5878968807737479,0.1411464455009774,견적반영,0.2942803549323369,0.5079553617006893,0.1977642833669738,0.28650579452998315,0.5346025347250422,0.1788916707449747
2,genai_incident_response,genai_incident_response:TER-001,계약·질의검토,0.0,견적반영,견적반영,True,True,False,견적반영,0.22893829876923982,0.4144834794116014,0.3565782218191587,견적반영,0.20688850863970376,0.457150079928405,0.33596141143189123,견적반영,0.22893829876923955,0.4144834794116014,0.356578221819159,0.22158836872606105,0.4287056795838693,0.3497059516900696
2,genai_incident_response,genai_incident_response:TER-002,견적반영,0.0,통상수용,통상수용,True,True,False,통상수용,0.5008339274789146,0.21573595779002436,0.28343011473106094,통상수용,0.5540368440997432,0.1879007517479303,0.2580624041523265,통상수용,0.5008339274789136,0.21573595779002455,0.2834301147310618,0.5185682330191904,0.2064575557759931,0.2749742112048164
2,genai_incident_response,genai_incident_response:TER-003,견적반영,0.0,계약·질의검토,계약·질의검토,True,True,False,계약·질의검토,0.3069345242378956,0.30749922864340584,0.3855662471186986,계약·질의검토,0.3018501085666748,0.2795643562648048,0.41858553516852026,계약·질의검토,0.3069345242378951,0.3074992286434056,0.3855662471186993,0.30523971901415514,0.29818760451720544,0.3965726764686394
3,incheon_airport_digital_work,incheon_airport_digital_work:COR-001,통상수용,1.0,계약·질의검토,계약·질의검토,True,True,False,계약·질의검토,0.3401429896963761,0.11239598799962537,0.5474610223039986,계약·질의검토,0.37251822629205855,0.08740065000396181,0.5400811237039796,계약·질의검토,0.3245127000768496,0.09760832741663343,0.5778789725065169,0.34572463868842807,0.09913498847340686,0.555140372838165
3,incheon_airport_digital_work,incheon_airport_digital_work:COR-002,통상수용,1.0,통상수용,통상수용,True,False,True,통상수용,0.5984443120668883,0.20742546886202534,0.19413021907108632,통상수용,0.6383804410587751,0.1716654693318975,0.18995408960932741,통상수용,0.7859242756624308,0.09790918069885078,0.11616654363871827,0.674249676262698,0.15900003963092454,0.16675028410637735
3,incheon_airport_digital_work,incheon_airport_digital_work:COR-003,통상수용,1.0,계약·질의검토,계약·질의검토,False,False,True,계약·질의검토,0.4064805549937971,0.13463655575116448,0.45888288925503856,통상수용,0.4568588672633549,0.12422915796610652,0.4189119747705385,계약·질의검토,0.3894074873671166,0.10896751165669011,0.5016250009761932,0.4175823032080895,0.1226110751246537,0.4598066216672567
3,incheon_airport_digital_work,incheon_airport_digital_work:COR-004,통상수용,1.0,통상수용,통상수용,True,False,True,통상수용,0.5044862752346825,0.2333734405062268,0.2621402842590907,통상수용,0.4833505231129939,0.22293972046377888,0.2937097564232273,통상수용,0.6668941979824429,0.1591085527708088,0.1739972492467483,0.5515769987767064,0.20514057124693816,0.2432824299763554
3,incheon_airport_digital_work,incheon_airport_digital_work:CUR-CM-001,계약·질의검토,1.0,견적반영,계약·질의검토,False,False,True,계약·질의검토,0.2848667577639289,0.35625600604970625,0.35887723618636475,견적반영,0.22356316194711062,0.40003708200654914,0.37639975604634035,견적반영,0.19988124598042917,0.41388687661359713,0.3862318774059737,0.23610372189715623,0.3900599882232842,0.3738362898795596
3,incheon_airport_digital_work,incheon_airport_digital_work:DAR-001,통상수용,1.0,통상수용,통상수용,False,False,True,통상수용,0.45079990045078666,0.39285367799798365,0.15634642155122977,통상수용,0.4728015164889886,0.40797040905926196,0.11922807445174939,견적반영,0.4211350662060082,0.43616247284825377,0.14270246094573802,0.44824549438192784,0.41232885330183316,0.13942565231623907
3,incheon_airport_digital_work,incheon_airport_digital_work:DAR-002,통상수용,1.0,통상수용,통상수용,True,False,True,통상수용,0.4055270062091358,0.3769760041045744,0.2174969896862898,통상수용,0.4145310979948682,0.37119286385158945,0.2142760381535424,통상수용,0.4488172515474263,0.4082467126021871,0.14293603585038658,0.42295845191714343,0.38547186018611695,0.1915696878967396
3,incheon_airport_digital_work,incheon_airport_digital_work:DAR-003,통상수용,1.0,통상수용,통상수용,True,False,True,통상수용,0.5909134015914322,0.22037638905372336,0.18871020935484437,통상수용,0.6227359402719651,0.17749071318657492,0.19977334654145995,통상수용,0.7190053955616673,0.15999691854208625,0.12099768589624639,0.6442182458083549,0.1859546735941282,0.16982708059751692
3,incheon_airport_digital_work,incheon_airport_digital_work:DAR-004,통상수용,1.0,통상수용,통상수용,True,False,True,통상수용,0.4431763014692507,0.4106798879021642,0.14614381062858514,통상수용,0.48262217899813653,0.3851079856300604,0.13226983537180312,통상수용,0.5535216114242885,0.3534593900349441,0.09301899854076734,0.49310669729722517,0.3830824211890562,0.12381088151371854
3,incheon_airport_digital_work,incheon_airport_digital_work:DAR-005,통상수용,1.0,통상수용,통상수용,True,False,True,통상수용,0.5181822806598791,0.2599314982154669,0.22188622112465398,통상수용,0.5761504901938901,0.2333025565503372,0.19054695325577267,통상수용,0.632893422837088,0.19160351017552912,0.17550306698738294,0.5757420645636192,0.22827918831377772,0.1959787471226032
3,incheon_airport_digital_work,incheon_airport_digital_work:DAR-006,견적반영,1.0,견적반영,견적반영,True,False,True,견적반영,0.2947067444089847,0.43579248547647664,0.2695007701145387,견적반영,0.2999781181768903,0.4660324216873945,0.233989460135715,견적반영,0.2616424537035355,0.4687898985116913,0.2695676477847731,0.28544243876313685,0.45687160189185416,0.25768595934500893
3,incheon_airport_digital_work,incheon_airport_digital_work:DAR-007,견적반영,1.0,통상수용,통상수용,False,False,True,견적반영,0.33660939653181415,0.3569107689388277,0.3064798345293581,견적반영,0.3340938982334347,0.3460582009115768,0.3198479008549885,통상수용,0.45807933626575,0.3130768151831896,0.2288438485510605,0.376260877010333,0.3386819283445313,0.2850571946451357
3,incheon_airport_digital_work,incheon_airport_digital_work:DAR-008,견적반영,1.0,견적반영,견적반영,True,False,True,견적반영,0.284821452607116,0.5223679157817888,0.1928106316110952,견적반영,0.238160715320738,0.5965631121812839,0.1652761724979781,견적반영,0.2980331197572278,0.5393282994380179,0.1626385808047544,0.27367176256169395,0.5527531091336968,0.17357512830460928
3,incheon_airport_digital_work,incheon_airport_digital_work:ECR-002,계약·질의검토,1.0,계약·질의검토,계약·질의검토,True,False,True,계약·질의검토,0.14871371872474923,0.2473324005274483,0.6039538807478024,계약·질의검토,0.12302272674657078,0.21941914833121182,0.6575581249222175,계약·질의검토,0.12418864016727979,0.23127766039667255,0.6445336994360475,0.13197502854619994,0.23267640308511087,0.6353485683686891
3,incheon_airport_digital_work,incheon_airport_digital_work:ECR-003,계약·질의검토,1.0,계약·질의검토,계약·질의검토,True,False,True,계약·질의검토,0.1779748401443907,0.26177832090618963,0.5602468389494196,계약·질의검토,0.1512497296083573,0.28238371350105473,0.566366556890588,계약·질의검토,0.14241282898411337,0.25732112474617114,0.6002660462697156,0.15721246624562046,0.2671610530511385,0.5756264807032411
3,incheon_airport_digital_work,incheon_airport_digital_work:INR-001,통상수용,1.0,통상수용,통상수용,True,False,True,통상수용,0.5271312830757988,0.21109367716172114,0.26177503976248007,통상수용,0.5895968335487689,0.18843137219924846,0.22197179425198257,통상수용,0.6243084618683412,0.17925175364583862,0.19643978448582017,0.580345526164303,0.1929256010022694,0.22672887283342757
3,incheon_airport_digital_work,incheon_airport_digital_work:INR-002,통상수용,1.0,통상수용,통상수용,True,False,True,통상수용,0.509613618721366,0.1813858640146968,0.3090005172639371,통상수용,0.5463031606205943,0.1509238878379979,0.3027729515414078,통상수용,0.5044920513813526,0.1716714580712947,0.32383649054735286,0.5201362769077709,0.1679937366413298,0.31186998645089925
3,incheon_airport_digital_work,incheon_airport_digital_work:INR-003,통상수용,1.0,통상수용,통상수용,True,False,True,통상수용,0.5974932274826967,0.1757887311171865,0.22671804140011675,통상수용,0.660725704650779,0.14892782334970983,0.1903464719995112,통상수용,0.6839849701485166,0.12806987467821862,0.1879451551732647,0.647401300760664,0.1509288097150383,0.20166988952429757
3,incheon_airport_digital_work,incheon_airport_digital_work:INR-004,계약·질의검토,1.0,통상수용,계약·질의검토,False,False,True,통상수용,0.4587803735351826,0.1531114355461186,0.38810819091869875,계약·질의검토,0.40606349867055225,0.12261730575900168,0.47131919557044594,통상수용,0.45792719348412003,0.14821417527327743,0.39385863124260256,0.44092368856328495,0.14131430552613256,0.41776200591058243
3,incheon_airport_digital_work,incheon_airport_digital_work:INR-005,계약·질의검토,1.0,계약·질의검토,계약·질의검토,True,False,True,계약·질의검토,0.4032301911940533,0.18064709454171465,0.4161227142642319,계약·질의검토,0.38491142014973995,0.14572777592189384,0.46936080392836627,계약·질의검토,0.3042861311964112,0.20024744084017856,0.49546642796341034,0.36414258084673484,0.17554077043459568,0.46031664871866945
3,incheon_airport_digital_work,incheon_airport_digital_work:PER-001,계약·질의검토,1.0,계약·질의검토,계약·질의검토,True,False,True,계약·질의검토,0.17119083967874948,0.1365434389837035,0.692265721337547,계약·질의검토,0.11568319538261172,0.08903531575851013,0.7952814888588782,계약·질의검토,0.16250901281679886,0.10609840113529845,0.7313925860479027,0.14979434929272004,0.11055905195917069,0.7396465987481093
3,incheon_airport_digital_work,incheon_airport_digital_work:PER-002,계약·질의검토,1.0,통상수용,계약·질의검토,False,False,True,계약·질의검토,0.41342587647086904,0.17208484363365448,0.41448927989547646,계약·질의검토,0.41693873490430816,0.1328986295937736,0.45016263550191826,통상수용,0.48339053522395015,0.11470614264113271,0.40190332213491714,0.4379183821997092,0.1398965386228536,0.4221850791774373
3,incheon_airport_digital_work,incheon_airport_digital_work:PER-003,통상수용,1.0,계약·질의검토,계약·질의검토,True,True,False,계약·질의검토,0.3210690351685312,0.2531860564411678,0.42574490839030105,계약·질의검토,0.3050476254286553,0.24152490700532667,0.453427467566018,계약·질의검토,0.37046793010439955,0.18561150949516028,0.44392056040044015,0.33219486356719535,0.22677415764721823,0.4410309787855864
3,incheon_airport_digital_work,incheon_airport_digital_work:PER-004,통상수용,1.0,계약·질의검토,계약·질의검토,False,False,True,계약·질의검토,0.3193020604941589,0.30222403548705473,0.3784739040187864,통상수용,0.3540249537736717,0.29326435370365894,0.3527106925226693,통상수용,0.38985778601060445,0.2499911791529136,0.36015103483648203,0.354394933426145,0.28182652278120907,0.3637785437926459
3,incheon_airport_digital_work,incheon_airport_digital_work:PER-005,견적반영,1.0,계약·질의검토,계약·질의검토,True,True,False,계약·질의검토,0.2640160737382938,0.20755530121743443,0.5284286250442718,계약·질의검토,0.2633484041471926,0.19352351667426065,0.5431280791785467,계약·질의검토,0.2664168398397977,0.16447758800536907,0.5691055721548332,0.2645937725750947,0.18851880196568804,0.5468874254592172
3,incheon_airport_digital_work,incheon_airport_digital_work:PER-006,통상수용,1.0,계약·질의검토,계약·질의검토,True,True,False,계약·질의검토,0.27112861102883595,0.15346671511871457,0.5754046738524494,계약·질의검토,0.29155780495717515,0.14490943665579917,0.5635327583870257,계약·질의검토,0.2568382986067164,0.12570611220039946,0.617455589192884,0.2731749048642425,0.1413607546583044,0.585464340477453
3,incheon_airport_digital_work,incheon_airport_digital_work:PER-007,견적반영,1.0,견적반영,견적반영,True,False,True,견적반영,0.30615821490403883,0.46120674382181126,0.23263504127415,견적반영,0.3095101068985056,0.43869573196830774,0.25179416113318676,견적반영,0.34461578311413327,0.44968711071916495,0.20569710616670173,0.3200947016388926,0.44986319550309467,0.23004210285801285
3,incheon_airport_digital_work,incheon_airport_digital_work:PMR-001,계약·질의검토,1.0,통상수용,통상수용,True,True,False,통상수용,0.49928631923523165,0.16602533389453825,0.3346883468702301,통상수용,0.5679624344003139,0.13759736915977047,0.29444019643991554,통상수용,0.7183844336818704,0.0914452760148233,0.19017029030330626,0.5952110624391387,0.13168932635637734,0.27309961120448395
3,incheon_airport_digital_work,incheon_airport_digital_work:PMR-002,통상수용,1.0,통상수용,통상수용,True,False,True,통상수용,0.46777459535587773,0.173864780682605,0.35836062396151724,통상수용,0.5394320370490134,0.14841349964623954,0.31215446330474705,통상수용,0.5052596030469916,0.14839569750661077,0.3463446994463976,0.5041554118172943,0.15689132594515176,0.33895326223755395
3,incheon_airport_digital_work,incheon_airport_digital_work:PMR-003,통상수용,1.0,통상수용,통상수용,True,False,True,통상수용,0.5446809381107616,0.18670193223624384,0.26861712965299456,통상수용,0.6539848335611137,0.13817896771085425,0.20783619872803205,통상수용,0.5595403854554818,0.1846219239886747,0.2558376905558436,0.5860687190424524,0.1698342746452576,0.24409700631229006
3,incheon_airport_digital_work,incheon_airport_digital_work:PMR-004,계약·질의검토,1.0,통상수용,통상수용,True,True,False,통상수용,0.5136951126668973,0.13590005839853503,0.3504048289345677,통상수용,0.5382490382261316,0.11637904182283579,0.34537191995103256,통상수용,0.5029059425628359,0.13104039408108564,0.3660536633560784,0.5182833644852883,0.1277731647674855,0.3539434707472262
3,incheon_airport_digital_work,incheon_airport_digital_work:PMR-005,통상수용,1.0,통상수용,통상수용,True,False,True,통상수용,0.46892377278513087,0.1250825178166114,0.40599370939825774,통상수용,0.5426277670593352,0.10222971957043396,0.3551425133702308,통상수용,0.6013799687135752,0.07839286086487178,0.320227170421553,0.5376438361860137,0.10190169941730572,0.3604544643966805
3,incheon_airport_digital_work,incheon_airport_digital_work:PMR-007,통상수용,1.0,계약·질의검토,계약·질의검토,True,True,False,계약·질의검토,0.30483696827772466,0.13126392871653936,0.5638991030057359,계약·질의검토,0.28087059565679245,0.10155714850946096,0.6175722558337465,계약·질의검토,0.2502978839893378,0.1366528120682038,0.6130493039424584,0.2786684826412849,0.12315796309806804,0.5981735542606469
3,incheon_airport_digital_work,incheon_airport_digital_work:PMR-008,통상수용,1.0,계약·질의검토,계약·질의검토,True,True,False,계약·질의검토,0.34344640917660724,0.17090306972467803,0.48565052109871465,계약·질의검토,0.373312986741121,0.1399691898363086,0.4867178234225704,계약·질의검토,0.3833370865782285,0.14114458462399115,0.47551832879778033,0.36669882749865224,0.15067228139499259,0.48262889110635515
3,incheon_airport_digital_work,incheon_airport_digital_work:PMR-009,통상수용,1.0,견적반영,견적반영,True,True,False,견적반영,0.3858205909891,0.4596291098860665,0.15455029912483356,견적반영,0.3376643104152093,0.5607079101947258,0.101627779390065,견적반영,0.4046339191936573,0.4493179995172775,0.1460480812890652,0.37603960686598886,0.4898850065326899,0.13407538660132126
3,incheon_airport_digital_work,incheon_airport_digital_work:PMR-010,계약·질의검토,1.0,계약·질의검토,계약·질의검토,True,False,True,계약·질의검토,0.33472785866470617,0.16661036655583808,0.4986617747794557,계약·질의검토,0.34401929957765975,0.1407320180369569,0.5152486823853832,계약·질의검토,0.34335319771731554,0.13275541528803694,0.5238913869946475,0.3407001186532271,0.14669926662694396,0.5126006147198289
3,incheon_airport_digital_work,incheon_airport_digital_work:PSR-001,통상수용,1.0,통상수용,통상수용,True,False,True,통상수용,0.42236495243093775,0.20265107191717743,0.37498397565188485,통상수용,0.4413514407968387,0.1588117661250777,0.3998367930780837,통상수용,0.5170450491249688,0.16306044282004684,0.3198945080549843,0.46025381411758176,0.1748410936207673,0.36490509226165097
3,incheon_airport_digital_work,incheon_airport_digital_work:PSR-002,견적반영,1.0,계약·질의검토,계약·질의검토,True,True,False,계약·질의검토,0.33334208053647496,0.2785432684580154,0.38811465100550957,계약·질의검토,0.3094936657581311,0.24344567216754853,0.44706066207432027,계약·질의검토,0.3572517128116703,0.2820207424512017,0.3607275447371281,0.33336248636875876,0.2680032276922552,0.398634285938986
3,incheon_airport_digital_work,incheon_airport_digital_work:PSR-003,계약·질의검토,1.0,계약·질의검토,계약·질의검토,True,False,True,계약·질의검토,0.2847463370778336,0.09951627783740054,0.6157373850847659,계약·질의검토,0.2996199789287326,0.08286573304101737,0.61751428803025,계약·질의검토,0.30660179101108503,0.06983799285240737,0.6235602161365075,0.29698936900588374,0.08407333457694176,0.6189372964171744
3,incheon_airport_digital_work,incheon_airport_digital_work:PSR-004,통상수용,1.0,계약·질의검토,계약·질의검토,True,True,False,계약·질의검토,0.3853282343891169,0.15833625639407817,0.4563355092168048,계약·질의검토,0.3601912234230467,0.12661112879417002,0.5131976477827833,계약·질의검토,0.36979104302797866,0.15785582778703078,0.4723531291849905,0.3717701669467141,0.14760107099175965,0.4806287620615262
3,incheon_airport_digital_work,incheon_airport_digital_work:PSR-005,계약·질의검토,1.0,통상수용,통상수용,True,True,False,통상수용,0.40196669896151027,0.20728936046358445,0.3907439405749053,통상수용,0.4533435246785137,0.16548741752937918,0.3811690577921072,통상수용,0.4630477521126095,0.17775117208876295,0.3592010757986275,0.4394526585842112,0.18350931669390888,0.37703802472188
3,incheon_airport_digital_work,incheon_airport_digital_work:PSR-006,통상수용,1.0,통상수용,계약·질의검토,False,False,True,계약·질의검토,0.4050418607205957,0.18853556820747205,0.4064225710719323,계약·질의검토,0.3623748797434707,0.17591128342570606,0.46171383683082307,통상수용,0.474221289065933,0.15976134062829853,0.3660173703057685,0.41387934317666647,0.1747360640871589,0.4113845927361746
3,incheon_airport_digital_work,incheon_airport_digital_work:QUR-001,견적반영,1.0,통상수용,통상수용,True,True,False,통상수용,0.6794096637022463,0.13986714346731477,0.18072319283043886,통상수용,0.767822251523093,0.1055909643917113,0.12658678408519564,통상수용,0.730278515233309,0.11161166442499984,0.15810982034169113,0.7258368101528828,0.11902325742800864,0.15513993241910853
3,incheon_airport_digital_work,incheon_airport_digital_work:QUR-003,통상수용,1.0,통상수용,통상수용,True,False,True,통상수용,0.6929569023836707,0.12460298129171943,0.18244011632460988,통상수용,0.7840988652202049,0.08824856025827646,0.1276525745215188,통상수용,0.7536344807633165,0.09819887450211373,0.14816664473456984,0.7435634161223974,0.10368347201736987,0.15275311186023285
3,incheon_airport_digital_work,incheon_airport_digital_work:QUR-004,계약·질의검토,1.0,통상수용,통상수용,True,True,False,통상수용,0.42823381059921584,0.2597541810497224,0.3120120083510617,통상수용,0.4617187531598023,0.23184215050591328,0.3064390963342844,통상수용,0.5459779973451259,0.21211102569411336,0.24191097696076083,0.47864352036804797,0.2345691190832497,0.2867873605487023
3,incheon_airport_digital_work,incheon_airport_digital_work:QUR-005,통상수용,1.0,통상수용,통상수용,True,False,True,통상수용,0.6763527848807925,0.1718392894623635,0.15180792565684387,통상수용,0.7595201118770719,0.13854636218397168,0.10193352593895647,통상수용,0.7638210264971372,0.1212831933729248,0.11489578012993801,0.7332313077516672,0.14388961500641997,0.12287907724191277
3,incheon_airport_digital_work,incheon_airport_digital_work:SER-001,통상수용,1.0,통상수용,통상수용,True,False,True,통상수용,0.4868048987729629,0.17447099394730525,0.3387241072797319,통상수용,0.5600068677342449,0.14014400360521748,0.29984912866053764,통상수용,0.45742733976655797,0.15059935237223682,0.39197330786120504,0.5014130354245886,0.15507144997491987,0.34351551460049157
3,incheon_airport_digital_work,incheon_airport_digital_work:SER-002,통상수용,1.0,통상수용,계약·질의검토,False,False,True,통상수용,0.4560130441481608,0.15942474170566856,0.38456221414617064,통상수용,0.5207421367995599,0.1321027721238597,0.3471550910765804,계약·질의검토,0.4181412166626845,0.16072260922461118,0.4211361741127043,0.46496546587013504,0.15075004101804648,0.3842844931118184
3,incheon_airport_digital_work,incheon_airport_digital_work:SER-003,통상수용,1.0,통상수용,계약·질의검토,False,False,True,계약·질의검토,0.34350799140923344,0.2969479719275195,0.359544036663247,계약·질의검토,0.3430144189477661,0.29878409793593697,0.3582014831162969,통상수용,0.38546948204984394,0.26469487204251746,0.34983564590763866,0.35733063080228117,0.2868089806353247,0.35586038856239416
3,incheon_airport_digital_work,incheon_airport_digital_work:SER-004,통상수용,1.0,통상수용,통상수용,True,False,True,통상수용,0.5536264433557431,0.2222690622023204,0.2241044944419365,통상수용,0.6247933861255935,0.16498455655910627,0.21022205731530025,통상수용,0.5969444078072162,0.19474215188599567,0.20831344030678803,0.5917880790961844,0.19399859021580745,0.21421333068800827
3,incheon_airport_digital_work,incheon_airport_digital_work:SER-005,통상수용,1.0,통상수용,통상수용,True,False,True,통상수용,0.5476492261563088,0.2016585061727325,0.2506922676709586,통상수용,0.5800668269255016,0.1853998885175233,0.2345332845569751,통상수용,0.6280561436553712,0.16570340650536158,0.20624044983926715,0.5852573989123938,0.1842539337318725,0.23048866735573362
3,incheon_airport_digital_work,incheon_airport_digital_work:SER-007,통상수용,1.0,통상수용,통상수용,True,False,True,통상수용,0.3981680041298303,0.2775801145212826,0.32425188134888716,통상수용,0.3934709466179511,0.2671212894558476,0.3394077639262013,통상수용,0.475178236067024,0.21781828810763476,0.3070034758253412,0.4222723956049352,0.25417323069492165,0.3235543737001432
3,incheon_airport_digital_work,incheon_airport_digital_work:SFR-002,통상수용,1.0,견적반영,견적반영,True,True,False,견적반영,0.29399437077379026,0.4339265957388387,0.272079033487371,견적반영,0.2956876367026772,0.42047667862355936,0.28383568467376336,견적반영,0.27516291593007053,0.4556522098362701,0.2691848742336593,0.2882816411355127,0.436685161399556,0.2750331974649312
3,incheon_airport_digital_work,incheon_airport_digital_work:SFR-003,계약·질의검토,1.0,견적반영,계약·질의검토,False,False,True,견적반영,0.2639306739625615,0.36865346426246964,0.36741586177496893,계약·질의검토,0.24590609823209753,0.37607432295942306,0.37801957880847936,견적반영,0.26145312971842505,0.38101238308525204,0.35753448719632297,0.25709663397102805,0.3752467234357149,0.36765664259325703
3,incheon_airport_digital_work,incheon_airport_digital_work:SFR-004,계약·질의검토,1.0,통상수용,통상수용,True,True,False,통상수용,0.43165392565422805,0.21898036117157926,0.34936571317419274,통상수용,0.42778868960107186,0.2095924087116045,0.3626189016873237,통상수용,0.45483512634921536,0.23069065032151678,0.31447422332926794,0.4380925805348384,0.21975447340156684,0.3421529460635948
3,incheon_airport_digital_work,incheon_airport_digital_work:SFR-006,계약·질의검토,1.0,통상수용,계약·질의검토,False,False,True,견적반영,0.3223269103582044,0.34120543598833875,0.3364676536534569,계약·질의검토,0.3197906072425466,0.32512386032640195,0.3550855324310515,통상수용,0.36440076670039,0.3226991635134187,0.3129000697861913,0.335506094767047,0.3296761532760531,0.33481775195689983
3,incheon_airport_digital_work,incheon_airport_digital_work:SFR-008,견적반영,1.0,견적반영,견적반영,True,False,True,견적반영,0.2520668126320659,0.4324233773008759,0.31550981006705825,견적반영,0.21145303052115036,0.42621941852736467,0.3623275509514849,견적반영,0.2367653051853223,0.46724986367700433,0.2959848311376734,0.23342838277951286,0.44196421983508166,0.3246073973854055
3,incheon_airport_digital_work,incheon_airport_digital_work:SFR-009,계약·질의검토,1.0,통상수용,통상수용,True,True,False,통상수용,0.3665358315928915,0.2784038527888336,0.3550603156182749,통상수용,0.39005947014533804,0.23749548745754742,0.3724450423971146,통상수용,0.39477923798693004,0.2613441205731523,0.3438766414399177,0.38379151324171984,0.2590811536065111,0.35712733315176903
3,incheon_airport_digital_work,incheon_airport_digital_work:SFR-010,계약·질의검토,1.0,견적반영,견적반영,True,True,False,견적반영,0.29533211514131663,0.3797599784525439,0.32490790640613937,견적반영,0.23978273009597004,0.40576417104279694,0.35445309886123294,견적반영,0.28743428101469926,0.3862443631684395,0.3263213558168613,0.2741830420839953,0.39058950422126015,0.33522745369474455
3,incheon_airport_digital_work,incheon_airport_digital_work:SFR-011,계약·질의검토,1.0,계약·질의검토,계약·질의검토,True,False,True,계약·질의검토,0.29281046272390215,0.2624740861983466,0.44471545107775107,계약·질의검토,0.2689187637491563,0.24247551370560552,0.48860572254523826,계약·질의검토,0.24041961065991072,0.26207652866675557,0.49750386067333363,0.2673829457109897,0.2556753761902359,0.47694167809877436
3,incheon_airport_digital_work,incheon_airport_digital_work:SFR-012,통상수용,1.0,계약·질의검토,계약·질의검토,True,True,False,계약·질의검토,0.3080055894048607,0.2714759532081476,0.4205184573869916,계약·질의검토,0.32159685815271594,0.2792002223640822,0.3992029194832018,계약·질의검토,0.27328196020394907,0.2428702160594576,0.4838478237365933,0.3009614692538419,0.26451546387722913,0.4345230668689289
3,incheon_airport_digital_work,incheon_airport_digital_work:SFR-013,계약·질의검토,1.0,견적반영,견적반영,False,True,False,통상수용,0.38207427066388316,0.3647066082005606,0.25321912113555634,견적반영,0.3699880598050079,0.3822305636244145,0.24778137657057756,견적반영,0.35185033772609964,0.3652466809019751,0.28290298137192543,0.3679708893983302,0.3707279509089834,0.2613011596926864
3,incheon_airport_digital_work,incheon_airport_digital_work:SFR-014,계약·질의검토,1.0,통상수용,통상수용,True,True,False,통상수용,0.3901225773905543,0.25365482937980527,0.3562225932296405,통상수용,0.4027914128173762,0.25593234924791425,0.3412762379347096,통상수용,0.4226849455419171,0.24636579848926557,0.3309492559688173,0.40519964524994917,0.2519843257056617,0.3428160290443891
3,incheon_airport_digital_work,incheon_airport_digital_work:SFR-015,계약·질의검토,1.0,계약·질의검토,계약·질의검토,True,False,True,계약·질의검토,0.2468117096206179,0.2183474736783644,0.5348408167010176,계약·질의검토,0.24462291578024328,0.1694396276053657,0.5859374566143911,계약·질의검토,0.2702374925585824,0.1831517994084086,0.546610708033009,0.2538907059864812,0.19031296689737956,0.5557963271161391
3,incheon_airport_digital_work,incheon_airport_digital_work:SFR-016,계약·질의검토,1.0,계약·질의검토,계약·질의검토,False,False,True,통상수용,0.38049692411462394,0.24441587774983248,0.3750871981355436,계약·질의검토,0.364662318715219,0.21378748453242405,0.42155019675235694,계약·질의검토,0.38195267970942737,0.22614484864288956,0.39190247164768305,0.37570397417975676,0.22811607030838202,0.3961799555118612
3,incheon_airport_digital_work,incheon_airport_digital_work:SFR-017,견적반영,1.0,통상수용,통상수용,True,True,False,통상수용,0.45086903744775425,0.31240501243131535,0.23672595012093042,통상수용,0.4943523954783024,0.31386333296235874,0.19178427155933891,통상수용,0.3901751746902173,0.37620376049397464,0.23362106481580808,0.445132202538758,0.3341573686292163,0.22071042883202577
3,incheon_airport_digital_work,incheon_airport_digital_work:SFR-018,견적반영,1.0,통상수용,통상수용,True,True,False,통상수용,0.40524482482315993,0.3323717778797669,0.2623833972970732,통상수용,0.42947262508573636,0.31769919994182266,0.252828174972441,통상수용,0.524727956835798,0.2856751796927077,0.1895968634714943,0.45314846891489813,0.31191538583809914,0.23493614524700282
3,incheon_airport_digital_work,incheon_airport_digital_work:SFR-019,견적반영,1.0,계약·질의검토,계약·질의검토,True,True,False,계약·질의검토,0.3197437580043208,0.23566194090641418,0.44459430108926484,계약·질의검토,0.3600338445753196,0.20611684920217052,0.43384930622250983,계약·질의검토,0.32144216128686776,0.20964050027514838,0.46891733843798394,0.33373992128883606,0.21713976346124433,0.4491203152499195
3,incheon_airport_digital_work,incheon_airport_digital_work:TER-001,견적반영,1.0,계약·질의검토,계약·질의검토,True,True,False,계약·질의검토,0.3173030431374472,0.17362769655327376,0.5090692603092789,계약·질의검토,0.272082546437619,0.14563124198732752,0.5822862115750534,계약·질의검토,0.29848206486095213,0.14516734167783082,0.5563505934612171,0.2959558848120061,0.15480876007281072,0.5492353551151831
3,incheon_airport_digital_work,incheon_airport_digital_work:TER-002,계약·질의검토,1.0,계약·질의검토,계약·질의검토,True,False,True,계약·질의검토,0.27176506981916826,0.1957235907275489,0.5325113394532829,계약·질의검토,0.2827974512827088,0.16488782019546777,0.5523147285218235,계약·질의검토,0.2519183540567093,0.1792889139822132,0.5687927319610775,0.26882695838619547,0.17996677496840996,0.5512062666453946
4,kac_ai_work_platform,kac_ai_work_platform:AIF-002,견적반영,0.0,견적반영,견적반영,True,False,True,견적반영,0.2871801574887336,0.401426438063916,0.3113934044473504,견적반영,0.29708078967597984,0.40828976179809884,0.2946294485259212,견적반영,0.28718015748873355,0.4014264380639156,0.311393404447351,0.29048036821781564,0.4037142126419768,0.30580541914020754
4,kac_ai_work_platform,kac_ai_work_platform:AIF-004,견적반영,0.0,견적반영,견적반영,True,False,True,견적반영,0.31598060943355244,0.3676564628710418,0.3163629276954057,견적반영,0.31127982518228275,0.3753005725708226,0.3134196022468947,견적반영,0.31598060943355244,0.36765646287104164,0.31636292769540597,0.3144136813497959,0.3702044994376354,0.31538181921256875
4,kac_ai_work_platform,kac_ai_work_platform:AIF-005,통상수용,0.0,계약·질의검토,계약·질의검토,True,True,False,계약·질의검토,0.3134836952002633,0.3349166682381555,0.35159963656158116,계약·질의검토,0.3283155660922934,0.32080768309308605,0.35087675081462066,계약·질의검토,0.3134836952002631,0.3349166682381554,0.35159963656158144,0.31842765216427327,0.33021367318979905,0.3513586746459278
4,kac_ai_work_platform,kac_ai_work_platform:AIF-006,견적반영,0.0,견적반영,견적반영,True,False,True,견적반영,0.3227182205671637,0.38540620004993065,0.2918755793829056,견적반영,0.337757393878343,0.3966452033090076,0.2655974028126494,견적반영,0.32271822056716365,0.3854062000499304,0.291875579382906,0.3277312783375568,0.38915253446962295,0.28311618719282033
4,kac_ai_work_platform,kac_ai_work_platform:AIF-007,견적반영,0.0,견적반영,견적반영,True,False,True,견적반영,0.28145713411582063,0.38115232317810493,0.3373905427060743,견적반영,0.27647502518657285,0.3729867246551375,0.35053825015828965,견적반영,0.28145713411582063,0.38115232317810493,0.3373905427060744,0.2797964311394047,0.3784304570037824,0.3417731118568128
4,kac_ai_work_platform,kac_ai_work_platform:AIP-002,계약·질의검토,0.0,계약·질의검토,계약·질의검토,False,False,True,견적반영,0.29149507493285004,0.35607547653496385,0.352429448532186,계약·질의검토,0.27642959115906135,0.35210735678935057,0.3714630520515881,견적반영,0.2914950749328498,0.3560754765349637,0.3524294485321865,0.2864732470082538,0.35475276995309274,0.35877398303865354
4,kac_ai_work_platform,kac_ai_work_platform:AIP-003,견적반영,0.0,견적반영,견적반영,True,False,True,견적반영,0.22095266161108204,0.49390059156933147,0.2851467468195864,견적반영,0.20817223181494443,0.508578467619528,0.28324930056552766,견적반영,0.2209526616110821,0.49390059156933114,0.2851467468195868,0.21669251834570283,0.4987932169193969,0.2845142647349003
4,kac_ai_work_platform,kac_ai_work_platform:AIP-004,계약·질의검토,0.0,견적반영,견적반영,True,True,False,견적반영,0.11277193394475873,0.5905985637653851,0.29662950228985613,견적반영,0.08499163211411856,0.612911471183663,0.30209689670221856,견적반영,0.11277193394475885,0.5905985637653841,0.29662950228985707,0.10351183333454539,0.5980361995714775,0.29845196709397726
4,kac_ai_work_platform,kac_ai_work_platform:AIP-005,견적반영,0.0,견적반영,견적반영,True,False,True,견적반영,0.28314992483107826,0.4291879651053372,0.2876621100635846,견적반영,0.26542313854661637,0.4360661260013998,0.29851073545198376,견적반영,0.2831499248310782,0.42918796510533647,0.28766211006358533,0.27724099606959096,0.4314806854040245,0.2912783185263846
4,kac_ai_work_platform,kac_ai_work_platform:AIP-006,견적반영,0.0,견적반영,견적반영,True,False,True,견적반영,0.19880187605504157,0.5352461807746672,0.2659519431702912,견적반영,0.1598377101802569,0.5774585146319042,0.26270377518783894,견적반영,0.1988018760550416,0.5352461807746665,0.2659519431702918,0.18581382076344669,0.5493169587270793,0.264869220509474
4,kac_ai_work_platform,kac_ai_work_platform:AIP-007,통상수용,0.0,통상수용,통상수용,True,False,True,통상수용,0.3866877505610075,0.28333433729008106,0.3299779121489115,통상수용,0.4167211352001275,0.2395180401931617,0.34376082460671076,통상수용,0.3866877505610075,0.2833343372900806,0.32997791214891187,0.3966988787740475,0.2687289049244411,0.3345722163015114
4,kac_ai_work_platform,kac_ai_work_platform:AIP-008,견적반영,0.0,견적반영,견적반영,True,False,True,견적반영,0.19394392724082488,0.4638505939928732,0.3422054787663019,견적반영,0.18584607489536123,0.44335020670733777,0.37080371839730114,견적반영,0.19394392724082454,0.4638505939928732,0.34220547876630214,0.19124464312567022,0.4570171315643614,0.3517382253099684
4,kac_ai_work_platform,kac_ai_work_platform:COR-001,계약·질의검토,0.0,통상수용,통상수용,True,True,False,통상수용,0.5367923256095247,0.08988527421611937,0.3733224001743559,통상수용,0.6008877694581352,0.05362186216515168,0.3454903683767131,통상수용,0.5367923256095246,0.08988527421611954,0.3733224001743559,0.5581574735590615,0.07779747019913019,0.36404505624180833
4,kac_ai_work_platform,kac_ai_work_platform:COR-002,통상수용,0.0,통상수용,통상수용,True,False,True,통상수용,0.5308509913812216,0.1648720327469934,0.30427697587178504,통상수용,0.5751763098684611,0.12999045719223,0.29483323293930885,통상수용,0.5308509913812205,0.16487203274699364,0.30427697587178587,0.5456260975436343,0.1532448408954057,0.3011290615609599
4,kac_ai_work_platform,kac_ai_work_platform:COR-003,통상수용,0.0,통상수용,통상수용,True,False,True,통상수용,0.6983613082203841,0.14178531026566815,0.15985338151394776,통상수용,0.7715353534620624,0.10299829236729775,0.12546635417063978,통상수용,0.6983613082203839,0.1417853102656683,0.15985338151394773,0.7227526566342769,0.12885630429954473,0.14839103906617843
4,kac_ai_work_platform,kac_ai_work_platform:COR-004,통상수용,0.0,계약·질의검토,계약·질의검토,True,True,False,계약·질의검토,0.325277944496259,0.14285237125052327,0.5318696842532178,계약·질의검토,0.3106641212026172,0.10666739827853496,0.5826684805188479,계약·질의검토,0.32527794449625913,0.14285237125052327,0.5318696842532176,0.32040667006504514,0.13079071359319383,0.5488026163417611
4,kac_ai_work_platform,kac_ai_work_platform:COR-005,통상수용,0.0,통상수용,통상수용,True,False,True,통상수용,0.6598708304109805,0.13252203390367143,0.20760713568534805,통상수용,0.7645237082432756,0.08449767491175744,0.15097861684496686,통상수용,0.6598708304109804,0.13252203390367145,0.20760713568534814,0.6947551230217455,0.1165139142397001,0.18873096273855436
4,kac_ai_work_platform,kac_ai_work_platform:CUR-001,계약·질의검토,0.0,계약·질의검토,계약·질의검토,True,False,True,계약·질의검토,0.1549861359039142,0.3257855914325732,0.5192282726635127,계약·질의검토,0.10935394901806395,0.2930615264878729,0.5975845244940632,계약·질의검토,0.15498613590391414,0.3257855914325726,0.5192282726635132,0.13977540694196408,0.31487756978433956,0.5453470232736963
4,kac_ai_work_platform,kac_ai_work_platform:DAR-001,통상수용,0.0,통상수용,통상수용,True,False,True,통상수용,0.587980910925144,0.20514304455618348,0.2068760445186725,통상수용,0.6337209522708533,0.19687730211322763,0.16940174561591897,통상수용,0.5879809109251435,0.2051430445561835,0.20687604451867303,0.6032275913737136,0.2023877970751982,0.1943846115510882
4,kac_ai_work_platform,kac_ai_work_platform:DAR-002,통상수용,0.0,통상수용,통상수용,True,False,True,통상수용,0.6464939800297765,0.19019173710396373,0.16331428286625982,통상수용,0.7208207838210855,0.1497118580641935,0.1294673581147209,통상수용,0.6464939800297764,0.1901917371039635,0.16331428286626007,0.6712695812935462,0.1766984440907069,0.1520319746157469
4,kac_ai_work_platform,kac_ai_work_platform:DAR-003,견적반영,0.0,견적반영,견적반영,True,False,True,견적반영,0.30272882081045915,0.5050926621349866,0.19217851705455416,견적반영,0.2656748785099941,0.5810839658583541,0.15324115563165178,견적반영,0.30272882081045926,0.505092662134986,0.19217851705455463,0.2903775067103042,0.5304230967094422,0.17919939658025352
4,kac_ai_work_platform,kac_ai_work_platform:DAR-004,계약·질의검토,0.0,계약·질의검토,계약·질의검토,True,False,True,계약·질의검토,0.2748025035556358,0.3507657411730565,0.3744317552713077,계약·질의검토,0.270795233791394,0.3536870489458538,0.37551771726275224,계약·질의검토,0.27480250355563574,0.350765741173056,0.37443175527130823,0.2734667469675552,0.3517395104306554,0.3747937426017893
4,kac_ai_work_platform,kac_ai_work_platform:ECR-002,계약·질의검토,0.0,계약·질의검토,계약·질의검토,True,False,True,계약·질의검토,0.07423688020776771,0.3070690674572115,0.6186940523350207,계약·질의검토,0.044987748140985634,0.25871762605404314,0.6962946258049711,계약·질의검토,0.07423688020776775,0.30706906745721196,0.6186940523350204,0.06448716951884037,0.2909519203228222,0.6445609101583374
4,kac_ai_work_platform,kac_ai_work_platform:ECR-003,계약·질의검토,0.0,계약·질의검토,계약·질의검토,True,False,True,계약·질의검토,0.14566529597505068,0.2529887289908658,0.6013459750340835,계약·질의검토,0.1158965435067244,0.19995888205960263,0.6841445744336728,계약·질의검토,0.1456652959750508,0.25298872899086633,0.6013459750340828,0.13574237848560863,0.23531211334711158,0.6289455081672798
4,kac_ai_work_platform,kac_ai_work_platform:ECR-004,계약·질의검토,0.0,계약·질의검토,계약·질의검토,True,False,True,계약·질의검토,0.06915213587036079,0.260405330811311,0.6704425333183283,계약·질의검토,0.048560374712022916,0.21765706684760783,0.7337825584403692,계약·질의검토,0.06915213587036079,0.2604053308113115,0.6704425333183276,0.062288215484248156,0.2461559094900768,0.6915558750256751
4,kac_ai_work_platform,kac_ai_work_platform:ECR-006,견적반영,0.0,계약·질의검토,계약·질의검토,True,True,False,계약·질의검토,0.13456269117432762,0.3643003016845536,0.5011370071411186,계약·질의검토,0.11577517808462873,0.3562140307924609,0.5280107911229104,계약·질의검토,0.13456269117432765,0.36430030168455424,0.5011370071411182,0.12830018681109467,0.36160487805385627,0.5100949351350491
4,kac_ai_work_platform,kac_ai_work_platform:GW-001,견적반영,0.0,통상수용,통상수용,True,True,False,통상수용,0.36005676873908277,0.3485092528753742,0.29143397838554297,통상수용,0.3589160310726097,0.34221863407612263,0.29886533485126776,통상수용,0.3600567687390829,0.3485092528753741,0.291433978385543,0.3596765228502585,0.3464123799422903,0.29391109720745123
4,kac_ai_work_platform,kac_ai_work_platform:GW-002,계약·질의검토,0.0,견적반영,견적반영,True,True,False,견적반영,0.2717925810437458,0.37500403461053466,0.3532033843457196,견적반영,0.21912102313870352,0.406116821836971,0.3747621550243255,견적반영,0.27179258104374576,0.3750040346105345,0.3532033843457198,0.2542353950753984,0.38537496368601337,0.3603896412385883
4,kac_ai_work_platform,kac_ai_work_platform:GW-003,견적반영,0.0,견적반영,견적반영,True,False,True,견적반영,0.33994594857135557,0.3651254907824682,0.2949285606461762,견적반영,0.3226664072881885,0.3833813513860284,0.2939522413257831,견적반영,0.33994594857135557,0.36512549078246787,0.2949285606461765,0.33418610147696654,0.3712107776503215,0.29460312087271195
4,kac_ai_work_platform,kac_ai_work_platform:GW-004,계약·질의검토,0.0,계약·질의검토,계약·질의검토,True,False,True,계약·질의검토,0.23108982266932082,0.3161885902548877,0.45272158707579135,계약·질의검토,0.1988474952557714,0.30933585317993656,0.4918166515642921,계약·질의검토,0.23108982266932074,0.3161885902548873,0.4527215870757919,0.22034238019813765,0.3139043445632372,0.4657532752386251
4,kac_ai_work_platform,kac_ai_work_platform:GW-005,통상수용,0.0,통상수용,통상수용,True,False,True,통상수용,0.39348372996990943,0.31394819033721066,0.2925680796928799,통상수용,0.4253459954111412,0.31008131632856406,0.2645726882602946,통상수용,0.39348372996990916,0.31394819033721066,0.2925680796928803,0.4041044851169866,0.31265923233432846,0.28323628254868494
4,kac_ai_work_platform,kac_ai_work_platform:GW-006,견적반영,0.0,견적반영,견적반영,True,False,True,견적반영,0.27676318354495233,0.40526768732159507,0.31796912913345265,견적반영,0.26550240105127837,0.433094929152259,0.30140266979646263,견적반영,0.2767631835449522,0.4052676873215946,0.31796912913345315,0.2730095893803943,0.41454343459848286,0.3124469760211228
4,kac_ai_work_platform,kac_ai_work_platform:GW-007,통상수용,0.0,계약·질의검토,계약·질의검토,True,True,False,계약·질의검토,0.34204785084646294,0.3155530334388861,0.34239911571465104,계약·질의검토,0.35355586552040213,0.2709541273418798,0.37549000713771813,계약·질의검토,0.34204785084646266,0.31555303343888597,0.3423991157146514,0.3458838557377759,0.3006867314065506,0.3534294128556736
4,kac_ai_work_platform,kac_ai_work_platform:GW-008,통상수용,0.0,통상수용,통상수용,True,False,True,통상수용,0.4275656078952253,0.3104691039506099,0.2619652881541648,통상수용,0.48765437601545863,0.28980072673446877,0.22254489725007257,통상수용,0.42756560789522524,0.31046910395060984,0.261965288154165,0.44759519726863645,0.3035796448785628,0.2488251578528008
4,kac_ai_work_platform,kac_ai_work_platform:GW-009,통상수용,0.0,견적반영,견적반영,True,True,False,견적반영,0.36883478943332915,0.4120182741029447,0.21914693646372613,견적반영,0.38547681657237687,0.44598469703302945,0.16853848639459368,견적반영,0.36883478943332926,0.4120182741029445,0.21914693646372624,0.3743821318130118,0.4233404150796396,0.20227745310734868
4,kac_ai_work_platform,kac_ai_work_platform:GW-010,통상수용,0.0,통상수용,통상수용,True,False,True,통상수용,0.4105680503059188,0.3633903450494393,0.22604160464464187,통상수용,0.4488336953166491,0.33400081100950035,0.21716549367385057,통상수용,0.41056805030591886,0.36339034504943907,0.2260416046446421,0.4233232653094956,0.3535938337027929,0.22308290098771152
4,kac_ai_work_platform,kac_ai_work_platform:GW-011,견적반영,0.0,통상수용,통상수용,True,True,False,통상수용,0.4995955176040542,0.34074444804337906,0.15966003435256665,통상수용,0.5846324482819816,0.2707769156886866,0.14459063602933186,통상수용,0.49959551760405396,0.3407444480433792,0.15966003435256682,0.5279411611633633,0.3174219372584816,0.1546369015781551
4,kac_ai_work_platform,kac_ai_work_platform:GW-012,통상수용,0.0,견적반영,견적반영,True,True,False,견적반영,0.31226903774090453,0.41942464090583026,0.2683063213532652,견적반영,0.3178810647898696,0.44680651803777416,0.2353124171723562,견적반영,0.31226903774090453,0.41942464090583,0.2683063213532655,0.31413971342389285,0.42855193328314484,0.2573083532929623
4,kac_ai_work_platform,kac_ai_work_platform:GW-013,견적반영,0.0,통상수용,통상수용,True,True,False,통상수용,0.4438210680874563,0.29105505933510784,0.26512387257743586,통상수용,0.4966785373756795,0.2735751845937876,0.2297462780305327,통상수용,0.4438210680874561,0.29105505933510784,0.265123872577436,0.461440224516864,0.28522843442133444,0.2533313410618015
4,kac_ai_work_platform,kac_ai_work_platform:GW-014,견적반영,0.0,계약·질의검토,계약·질의검토,True,True,False,계약·질의검토,0.24636802196200358,0.31283795146348026,0.4407940265745163,계약·질의검토,0.22759655023953834,0.26882328770654246,0.5035801620539191,계약·질의검토,0.24636802196200352,0.3128379514634801,0.4407940265745164,0.24011086472118182,0.29816639687783425,0.4617227384009839
4,kac_ai_work_platform,kac_ai_work_platform:GW-016,계약·질의검토,0.0,견적반영,견적반영,True,True,False,견적반영,0.26358797965782493,0.3825811016473364,0.3538309186948387,견적반영,0.23056761253831068,0.3977844903707405,0.3716478970909489,견적반영,0.263587979657825,0.38258110164733605,0.3538309186948389,0.25258119061798684,0.38764889788847096,0.3597699114935422
4,kac_ai_work_platform,kac_ai_work_platform:GW-017,통상수용,0.0,견적반영,견적반영,True,True,False,견적반영,0.35408777592998975,0.4243557581760438,0.22155646589396652,견적반영,0.3749128898742551,0.43284544789779966,0.19224166222794523,견적반영,0.3540877759299898,0.42435575817604354,0.22155646589396666,0.3610294805780782,0.42718565474996234,0.21178486467195948
4,kac_ai_work_platform,kac_ai_work_platform:GW-018,견적반영,0.0,견적반영,견적반영,True,False,True,견적반영,0.24574911899546484,0.40426457258546716,0.3499863084190681,견적반영,0.21039499710314688,0.4490580548785771,0.34054694801827606,견적반영,0.24574911899546498,0.4042645725854667,0.34998630841906825,0.2339644116980256,0.419195733349837,0.3468398549521374
4,kac_ai_work_platform,kac_ai_work_platform:GW-019,통상수용,0.0,통상수용,통상수용,True,False,True,통상수용,0.5768382427765734,0.23170637194151067,0.19145538528191597,통상수용,0.692268462541991,0.1792537119962027,0.12847782546180625,통상수용,0.5768382427765731,0.23170637194151078,0.19145538528191614,0.6153149826983791,0.21422215195974137,0.17046286534187946
4,kac_ai_work_platform,kac_ai_work_platform:GW-020,통상수용,0.0,통상수용,통상수용,True,False,True,통상수용,0.4727973846265628,0.31877334141989166,0.20842927395354555,통상수용,0.5063041126225386,0.32033466372971814,0.17336122364774326,통상수용,0.4727973846265629,0.3187733414198916,0.20842927395354566,0.4839662939585548,0.31929378218983384,0.19673992385161151
4,kac_ai_work_platform,kac_ai_work_platform:GW-021,통상수용,0.0,통상수용,통상수용,True,False,True,통상수용,0.37316478790032526,0.3265694280521591,0.30026578404751564,통상수용,0.42342178117910223,0.2849078505052545,0.2916703683156433,통상수용,0.3731647879003252,0.3265694280521591,0.30026578404751564,0.3899171189932509,0.31268223553652424,0.2974006454702249
4,kac_ai_work_platform,kac_ai_work_platform:INR-001,통상수용,0.0,통상수용,통상수용,True,False,True,통상수용,0.4893329265922924,0.17306703648636523,0.3376000369213423,통상수용,0.5064310909283624,0.16596010727050126,0.32760880180113644,통상수용,0.4893329265922924,0.1730670364863653,0.3376000369213424,0.4950323147043157,0.17069806008107724,0.33426962521460707
4,kac_ai_work_platform,kac_ai_work_platform:INR-002,계약·질의검토,0.0,계약·질의검토,계약·질의검토,True,False,True,계약·질의검토,0.26055918696698294,0.18624012930846254,0.5532006837245544,계약·질의검토,0.23042304264286834,0.16104250170820025,0.6085344556489313,계약·질의검토,0.2605591869669826,0.1862401293084623,0.5532006837245551,0.2505138055256113,0.17784092010837504,0.5716452743660136
4,kac_ai_work_platform,kac_ai_work_platform:PER-001,통상수용,0.0,통상수용,계약·질의검토,False,False,True,계약·질의검토,0.3823209023949467,0.22314654040912765,0.3945325571959256,통상수용,0.4336986267242735,0.1814890312452855,0.38481234203044096,계약·질의검토,0.38232090239494665,0.22314654040912787,0.39453255719592556,0.39944681050472236,0.20926070402118035,0.39129248547409734
4,kac_ai_work_platform,kac_ai_work_platform:PER-002,통상수용,0.0,계약·질의검토,계약·질의검토,True,True,False,계약·질의검토,0.23096271753984335,0.170787948702321,0.5982493337578356,계약·질의검토,0.23113128786419013,0.15000841665252032,0.6188602954832896,계약·질의검토,0.2309627175398433,0.17078794870232109,0.5982493337578356,0.23101890764795893,0.16386143801905415,0.605119654332987
4,kac_ai_work_platform,kac_ai_work_platform:PMR-001,계약·질의검토,0.0,통상수용,통상수용,True,True,False,통상수용,0.47793007710296126,0.10488396717400529,0.4171859557230333,통상수용,0.5287920557369236,0.08706923022272724,0.3841387140403492,통상수용,0.4779300771029611,0.10488396717400555,0.41718595572303324,0.49488406998094864,0.09894572152357935,0.4061702084954719
4,kac_ai_work_platform,kac_ai_work_platform:PMR-002,통상수용,0.0,통상수용,통상수용,True,False,True,통상수용,0.6163286569356058,0.139163722148777,0.24450762091561723,통상수용,0.6694710047238168,0.11138469914329432,0.21914429613288897,통상수용,0.6163286569356051,0.13916372214877723,0.24450762091561765,0.6340427728650093,0.1299040478136162,0.2360531793213746
4,kac_ai_work_platform,kac_ai_work_platform:PMR-003,통상수용,0.0,통상수용,통상수용,True,False,True,통상수용,0.5623179520205472,0.13814408600523542,0.2995379619742173,통상수용,0.6297489005781242,0.10618353132288426,0.2640675680989917,통상수용,0.5623179520205471,0.13814408600523564,0.2995379619742172,0.5847949348730728,0.1274905677777851,0.28771449734914206
4,kac_ai_work_platform,kac_ai_work_platform:PMR-004,견적반영,0.0,통상수용,통상수용,True,True,False,통상수용,0.5758495248167211,0.17023210144126177,0.25391837374201714,통상수용,0.593600674452196,0.14328875026015706,0.26311057528764703,통상수용,0.5758495248167207,0.1702321014412622,0.25391837374201703,0.5817665746952126,0.1612509843808937,0.2569824409238937
4,kac_ai_work_platform,kac_ai_work_platform:PMR-005,통상수용,0.0,통상수용,통상수용,True,False,True,통상수용,0.5416829543678707,0.18150973949435206,0.27680730613777726,통상수용,0.5888541578207915,0.15241799881235157,0.2587278433668569,통상수용,0.5416829543678703,0.18150973949435212,0.27680730613777754,0.5574066888521775,0.17181249260035192,0.27078081854747055
4,kac_ai_work_platform,kac_ai_work_platform:PMR-006,통상수용,0.0,통상수용,통상수용,True,False,True,통상수용,0.4861130608650151,0.14222246785371812,0.3716644712812668,통상수용,0.4889097510579482,0.11307094758696655,0.39801930135508523,통상수용,0.4861130608650148,0.14222246785371823,0.37166447128126706,0.4870452909293261,0.13250529443146764,0.38044941463920634
4,kac_ai_work_platform,kac_ai_work_platform:PMR-008,계약·질의검토,0.0,통상수용,통상수용,True,True,False,통상수용,0.4794620932363533,0.12492037743898404,0.3956175293246627,통상수용,0.49991826099243286,0.103414124153717,0.39666761485385016,통상수용,0.4794620932363532,0.12492037743898418,0.3956175293246626,0.4862808158217131,0.11775162634389506,0.3959675578343918
4,kac_ai_work_platform,kac_ai_work_platform:PMR-009,통상수용,0.0,통상수용,통상수용,True,False,True,통상수용,0.4243645161029005,0.15790244869197775,0.4177330352051216,통상수용,0.5278082258316479,0.11947474161930843,0.3527170325490437,통상수용,0.42436451610290044,0.15790244869197823,0.4177330352051213,0.4588457526791496,0.14509321300108813,0.39606103431976214
4,kac_ai_work_platform,kac_ai_work_platform:PMR-010,통상수용,0.0,통상수용,통상수용,True,False,True,통상수용,0.5375053690314852,0.17152345746062933,0.2909711735078856,통상수용,0.61724870517517,0.12478407175398148,0.25796722307084846,통상수용,0.5375053690314848,0.1715234574606296,0.29097117350788565,0.56408648107938,0.15594366222508013,0.2799698566955399
4,kac_ai_work_platform,kac_ai_work_platform:PMR-011,계약·질의검토,0.0,계약·질의검토,계약·질의검토,True,False,True,계약·질의검토,0.27020431830396524,0.13739517491538808,0.5924005067806468,계약·질의검토,0.22325106158866007,0.10539243874241314,0.6713564996689269,계약·질의검토,0.27020431830396524,0.13739517491538827,0.5924005067806464,0.2545532327321969,0.12672759619106316,0.61871917107674
4,kac_ai_work_platform,kac_ai_work_platform:PSR-001,계약·질의검토,0.0,계약·질의검토,계약·질의검토,True,False,True,계약·질의검토,0.3462481330382727,0.13503946633075356,0.5187124006309738,계약·질의검토,0.3100235613216948,0.11393429128894339,0.5760421473893619,계약·질의검토,0.3462481330382724,0.13503946633075373,0.5187124006309738,0.3341732757994133,0.12800440798348356,0.5378223162171032
4,kac_ai_work_platform,kac_ai_work_platform:PSR-002,통상수용,0.0,통상수용,통상수용,True,False,True,통상수용,0.38497525505864855,0.3269429642733226,0.28808178066802886,통상수용,0.3707378076585861,0.3532977754773556,0.27596441686405826,통상수용,0.3849752550586483,0.32694296427332264,0.288081780668029,0.3802294392586276,0.3357279013413336,0.2840426594000387
4,kac_ai_work_platform,kac_ai_work_platform:PSR-003,계약·질의검토,0.0,계약·질의검토,계약·질의검토,True,False,True,계약·질의검토,0.3595031289231561,0.12559138986427432,0.5149054812125696,계약·질의검토,0.34712085689459576,0.10866542836619653,0.5442137147392075,계약·질의검토,0.35950312892315595,0.12559138986427448,0.5149054812125696,0.3553757049136359,0.11994940269824844,0.5246748923881156
4,kac_ai_work_platform,kac_ai_work_platform:PSR-004,견적반영,0.0,통상수용,통상수용,True,True,False,통상수용,0.5153919686439309,0.20102054423475949,0.2835874871213096,통상수용,0.531652538621165,0.19114603247212983,0.2772014289067051,통상수용,0.5153919686439308,0.20102054423475965,0.2835874871213096,0.5208121586363422,0.19772904031388297,0.2814588010497748
4,kac_ai_work_platform,kac_ai_work_platform:PSR-005,견적반영,0.0,계약·질의검토,계약·질의검토,True,True,False,계약·질의검토,0.26336773432870764,0.24929261672786424,0.487339648943428,계약·질의검토,0.26346931159742615,0.2402549131461443,0.4962757752564296,계약·질의검토,0.2633677343287079,0.24929261672786465,0.48733964894342746,0.26340159341828057,0.24628004886729105,0.49031835771442833
4,kac_ai_work_platform,kac_ai_work_platform:PSR-006,통상수용,0.0,통상수용,통상수용,True,False,True,통상수용,0.5211552933682754,0.29572974713950234,0.18311495949222226,통상수용,0.5602497319981304,0.3092615323955341,0.1304887356063355,통상수용,0.5211552933682745,0.2957297471395031,0.18311495949222234,0.5341867729115601,0.3002403422248465,0.16557288486359337
4,kac_ai_work_platform,kac_ai_work_platform:PSR-007,통상수용,0.0,계약·질의검토,계약·질의검토,True,True,False,계약·질의검토,0.2065878744263756,0.10260317722538918,0.6908089483482354,계약·질의검토,0.15369142317036807,0.07988853012065401,0.7664200467089779,계약·질의검토,0.20658787442637627,0.10260317722538928,0.6908089483482345,0.18895572400770666,0.0950316281904775,0.7160126478018158
4,kac_ai_work_platform,kac_ai_work_platform:QUR-001,계약·질의검토,0.0,통상수용,통상수용,True,True,False,통상수용,0.5231218254613845,0.1257943738409825,0.3510838006976329,통상수용,0.5202280798788413,0.11321631423360584,0.3665556058875528,통상수용,0.5231218254613844,0.1257943738409827,0.3510838006976329,0.5221572436005367,0.12160168730519035,0.35624106909427283
4,kac_ai_work_platform,kac_ai_work_platform:QUR-002,계약·질의검토,0.0,계약·질의검토,계약·질의검토,True,False,True,계약·질의검토,0.3851449948252036,0.1631268449648503,0.4517281602099462,계약·질의검토,0.3996322719373964,0.13163255245710484,0.4687351756054988,계약·질의검토,0.38514499482520365,0.1631268449648505,0.45172816020994594,0.38997408719593457,0.15262874746226854,0.457397165341797
4,kac_ai_work_platform,kac_ai_work_platform:QUR-003,견적반영,0.0,계약·질의검토,계약·질의검토,True,True,False,계약·질의검토,0.22240673953343346,0.10877608666017025,0.6688171738063964,계약·질의검토,0.22894575501900674,0.10307189369161054,0.6679823512893829,계약·질의검토,0.22240673953343365,0.10877608666017047,0.6688171738063958,0.22458641136195792,0.10687468900398374,0.6685388996340583
4,kac_ai_work_platform,kac_ai_work_platform:QUR-004,통상수용,0.0,통상수용,통상수용,True,False,True,통상수용,0.7126893525964744,0.1007662700274046,0.18654437737612103,통상수용,0.801742306651001,0.06585226640768663,0.13240542694131247,통상수용,0.712689352596474,0.10076627002740464,0.18654437737612134,0.7423736706146498,0.08912826882083195,0.16849806056451824
4,kac_ai_work_platform,kac_ai_work_platform:SER-001,통상수용,0.0,통상수용,통상수용,True,False,True,통상수용,0.5929864495879117,0.14996441663048854,0.2570491337815998,통상수용,0.6651630298343161,0.10749271089010762,0.2273442592755763,통상수용,0.5929864495879116,0.14996441663048896,0.2570491337815995,0.6170453096700464,0.13580718138369505,0.24714750894625856
4,kac_ai_work_platform,kac_ai_work_platform:SER-002,계약·질의검토,0.0,통상수용,통상수용,True,True,False,통상수용,0.526293900578856,0.1642296534016969,0.30947644601944707,통상수용,0.5280890716076897,0.14468853381662777,0.32722239457568253,통상수용,0.5262939005788556,0.16422965340169704,0.3094764460194474,0.5268922909218005,0.15771594687334056,0.315391762204859
4,kac_ai_work_platform,kac_ai_work_platform:SER-004,통상수용,0.0,견적반영,견적반영,False,False,True,견적반영,0.3320014046830257,0.3505635725359535,0.31743502278102076,통상수용,0.3398605831434226,0.3337217225500751,0.32641769430650236,견적반영,0.33200140468302536,0.3505635725359536,0.31743502278102104,0.3346211308364912,0.3449496225406607,0.32042924662284805
4,kac_ai_work_platform,kac_ai_work_platform:SER-005,계약·질의검토,0.0,견적반영,견적반영,True,True,False,견적반영,0.16262106967690818,0.5789751309449136,0.2584037993781783,견적반영,0.1120444216784272,0.6507498430878522,0.2372057352337206,견적반영,0.1626210696769083,0.5789751309449129,0.25840379937817887,0.14576218701074786,0.6029000349925596,0.2513377779966926
4,kac_ai_work_platform,kac_ai_work_platform:TER-001,계약·질의검토,0.0,통상수용,통상수용,True,True,False,통상수용,0.4291502214013098,0.1748685988388612,0.39598117975982905,통상수용,0.4915985479728586,0.1424273032766502,0.3659741487504911,통상수용,0.4291502214013096,0.1748685988388613,0.3959811797598291,0.4499663302584927,0.16405483365145757,0.3859788360900498
4,kac_ai_work_platform,kac_ai_work_platform:TER-002,계약·질의검토,0.0,계약·질의검토,계약·질의검토,True,False,True,계약·질의검토,0.27597188927589694,0.17682148608985548,0.5472066246342476,계약·질의검토,0.20346932044291355,0.12282800833031646,0.6737026712267701,계약·질의검토,0.2759718892758967,0.17682148608985537,0.5472066246342479,0.25180436633156905,0.15882366017000912,0.5893719734984219
5,kangwon_land_genai,kangwon_land_genai:COR-001,계약·질의검토,0.5,계약·질의검토,계약·질의검토,True,False,True,계약·질의검토,0.23802171709711029,0.14081664018021312,0.6211616427226766,계약·질의검토,0.20481010139524547,0.10929057177537732,0.6858993268293773,계약·질의검토,0.20853093679786466,0.14490023613611663,0.6465688270660187,0.21712091843007345,0.13166914936390237,0.6512099322060242
5,kangwon_land_genai,kangwon_land_genai:COR-002,통상수용,0.5,통상수용,통상수용,True,False,True,통상수용,0.5514559839887754,0.16978284490273007,0.2787611711084946,통상수용,0.6481916482478589,0.11404582594448934,0.2377625258076517,통상수용,0.5544603590389113,0.17001094873109296,0.27552869222999576,0.5847026637585152,0.15127987319277078,0.26401746304871404
5,kangwon_land_genai,kangwon_land_genai:COR-003,통상수용,0.5,통상수용,통상수용,True,False,True,통상수용,0.4635741542390983,0.1658270755532689,0.37059877020763277,통상수용,0.5220316921970007,0.12651281875259254,0.35145548905040663,통상수용,0.4756694698299297,0.1587673532970884,0.36556317687298195,0.48709177208867627,0.1503690825343166,0.3625391453770071
5,kangwon_land_genai,kangwon_land_genai:COR-004,통상수용,0.5,통상수용,통상수용,True,False,True,통상수용,0.6523068259112794,0.11495054642965952,0.23274262765906098,통상수용,0.7509277294453004,0.0827241040555422,0.16634816649915746,통상수용,0.6566427850281481,0.10714245217866694,0.236214762793185,0.6866257801282426,0.10160570088795622,0.21176851898380114
5,kangwon_land_genai,kangwon_land_genai:DAR-001,견적반영,0.5,견적반영,견적반영,True,False,True,견적반영,0.2579234545517304,0.5713294267476362,0.1707471187006334,견적반영,0.19817544810880458,0.6536606180985184,0.14816393379267703,견적반영,0.292256657601817,0.5480073503123464,0.1597359920858367,0.249451853420784,0.5909991317195004,0.1595490148597157
5,kangwon_land_genai,kangwon_land_genai:DAR-002,계약·질의검토,0.5,견적반영,견적반영,True,True,False,견적반영,0.17695121874891417,0.584654576177984,0.23839420507310188,견적반영,0.13050947806510774,0.6733955244349117,0.19609499749998063,견적반영,0.16751886765543683,0.6038272024241146,0.22865392992044856,0.15832652148981957,0.6206257676790035,0.22104771083117702
5,kangwon_land_genai,kangwon_land_genai:DAR-003,견적반영,0.5,통상수용,통상수용,False,False,True,견적반영,0.40156645958005593,0.42576143538160316,0.17267210503834096,통상수용,0.469168994248461,0.3846989495145617,0.14613205623697748,통상수용,0.4230026147310546,0.42124230201058116,0.1557550832583641,0.4312460228531905,0.41056756230224867,0.15818641484456084
5,kangwon_land_genai,kangwon_land_genai:DAR-004,통상수용,0.5,통상수용,통상수용,True,False,True,통상수용,0.6953526321563345,0.1749059051356404,0.12974146270802514,통상수용,0.7877093106348043,0.12122717171983513,0.09106351764536057,통상수용,0.6636477416014583,0.19552233784747858,0.14082992055106314,0.7155698947975324,0.16388513823431802,0.1205449669681496
5,kangwon_land_genai,kangwon_land_genai:ECR-001,계약·질의검토,0.5,계약·질의검토,계약·질의검토,True,False,True,계약·질의검토,0.13690425714388318,0.2858820892691586,0.5772136535869582,계약·질의검토,0.09196382992552167,0.2509057455696224,0.657130424504856,계약·질의검토,0.11333074189511726,0.28724183861284613,0.5994274194920367,0.11406627632150738,0.27467655781720907,0.6112571658612836
5,kangwon_land_genai,kangwon_land_genai:PER-001,계약·질의검토,0.5,계약·질의검토,계약·질의검토,True,False,True,계약·질의검토,0.2242011035421122,0.2512547140832859,0.5245441823746019,계약·질의검토,0.20353704252733082,0.20571541595128542,0.5907475415213839,계약·질의검토,0.22367377868332344,0.2420378487337742,0.5342883725829023,0.21713730825092217,0.23300265958944852,0.5498600321596294
5,kangwon_land_genai,kangwon_land_genai:PER-002,계약·질의검토,0.5,계약·질의검토,계약·질의검토,True,False,True,계약·질의검토,0.1907215435905095,0.21766729572158136,0.5916111606879091,계약·질의검토,0.15221296411766644,0.16350287443406142,0.6842841614482722,계약·질의검토,0.17090477139636745,0.2144210208387504,0.6146742077648821,0.17127975970151446,0.19853039699813105,0.6301898433003544
5,kangwon_land_genai,kangwon_land_genai:PER-003,계약·질의검토,0.5,계약·질의검토,계약·질의검토,True,False,True,계약·질의검토,0.2152672553542359,0.2241891380929345,0.5605436065528295,계약·질의검토,0.16073162394797236,0.18815674986795386,0.6511116261840739,계약·질의검토,0.20637729222943954,0.2117208744711679,0.5819018332993925,0.19412539051054925,0.20802225414401876,0.5978523553454319
5,kangwon_land_genai,kangwon_land_genai:PER-004,계약·질의검토,0.5,계약·질의검토,계약·질의검토,True,False,True,계약·질의검토,0.32264670709820636,0.23401123546087765,0.44334205744091604,계약·질의검토,0.3211280878287571,0.20612675511211015,0.47274515705913267,계약·질의검토,0.3233551876900278,0.2291867194360027,0.4474580928739695,0.3223766608723304,0.2231082366696635,0.4545151024580061
5,kangwon_land_genai,kangwon_land_genai:PMR-001,통상수용,0.5,통상수용,통상수용,True,False,True,통상수용,0.71951919226664,0.12104127883795363,0.15943952889540655,통상수용,0.7923858116317689,0.0837314186335244,0.1238827697347067,통상수용,0.7292945066910391,0.11696559153269924,0.15373990177626165,0.747066503529816,0.10724609633472576,0.1456874001354583
5,kangwon_land_genai,kangwon_land_genai:PMR-002,통상수용,0.5,통상수용,통상수용,True,False,True,통상수용,0.47980343652156743,0.28942006023609324,0.23077650324233934,통상수용,0.5258216920627785,0.2817121753606537,0.1924661325765678,통상수용,0.5347507378020309,0.25271135900824354,0.21253790318972565,0.5134586221287923,0.2746145315349968,0.21192684633621095
5,kangwon_land_genai,kangwon_land_genai:PMR-003,통상수용,0.5,통상수용,통상수용,True,False,True,통상수용,0.6796957679857603,0.14618796622132976,0.17411626579290992,통상수용,0.7654575516886382,0.10611932908920638,0.1284231192221555,통상수용,0.6869687774047939,0.14073411369388095,0.1722971089013251,0.7107073656930641,0.13101380300147236,0.1582788313054635
5,kangwon_land_genai,kangwon_land_genai:PMR-004,견적반영,0.5,통상수용,통상수용,True,True,False,통상수용,0.6068445712264938,0.24474783810299855,0.14840759067050754,통상수용,0.6873147807650338,0.21254275313605883,0.10014246609890722,통상수용,0.6220667969095378,0.23338554708607911,0.14454765600438302,0.6387420496336884,0.23022537944171217,0.13103257092459927
5,kangwon_land_genai,kangwon_land_genai:PMR-005,통상수용,0.5,계약·질의검토,계약·질의검토,False,False,True,계약·질의검토,0.3973577602198439,0.18802519682068897,0.4146170429594671,통상수용,0.43460538207776483,0.1996954854216634,0.3656991325005718,계약·질의검토,0.37173702756705806,0.19655018914351985,0.43171278328942225,0.40123338995488894,0.19475695712862406,0.4040096529164871
5,kangwon_land_genai,kangwon_land_genai:PMR-006,통상수용,0.5,통상수용,통상수용,True,False,True,통상수용,0.6067454384049076,0.19116067935136982,0.20209388224372263,통상수용,0.7211625596270315,0.13628939641474633,0.14254804395822218,통상수용,0.631487826706478,0.17924189826047934,0.1892702750330428,0.6531319415794723,0.16889732467553184,0.17797073374499586
5,kangwon_land_genai,kangwon_land_genai:PMR-007,계약·질의검토,0.5,계약·질의검토,계약·질의검토,False,False,True,계약·질의검토,0.40296185875088786,0.1886563931228392,0.4083817481262729,통상수용,0.4251991411917743,0.16935298136261365,0.4054478774456121,계약·질의검토,0.37622690298308836,0.1978567384758818,0.4259163585410297,0.4014626343085836,0.1852887043204449,0.4132486613709716
5,kangwon_land_genai,kangwon_land_genai:PSR-002,계약·질의검토,0.5,통상수용,통상수용,True,True,False,통상수용,0.5048437816128036,0.1800127268916065,0.3151434914955899,통상수용,0.524060497571152,0.1368736519178536,0.3390658505109944,통상수용,0.5233645427175494,0.17314399401791852,0.303491463264532,0.5174229406338351,0.16334345760912622,0.3192336017570388
5,kangwon_land_genai,kangwon_land_genai:PSR-003,계약·질의검토,0.5,계약·질의검토,계약·질의검토,False,False,True,계약·질의검토,0.40905010519376606,0.17124634057907626,0.41970355422715766,계약·질의검토,0.38652805581507005,0.16365667996400696,0.44981526422092283,통상수용,0.4290689738245383,0.16121629697009324,0.4097147292053684,0.40821571161112485,0.16537310583772546,0.4264111825511496
5,kangwon_land_genai,kangwon_land_genai:PSR-004,계약·질의검토,0.5,계약·질의검토,계약·질의검토,True,False,True,계약·질의검토,0.3021744679664233,0.3111554147206481,0.3866701173129285,계약·질의검토,0.3044732826611179,0.2934594621381543,0.40206725520072784,계약·질의검토,0.32830233837580586,0.3009035729444303,0.37079408867976377,0.3116500296677824,0.30183948326774424,0.3865104870644734
5,kangwon_land_genai,kangwon_land_genai:QUR-001,통상수용,0.5,통상수용,통상수용,True,False,True,통상수용,0.6626608262064236,0.16161408518204473,0.17572508861153155,통상수용,0.6991422329154962,0.1291457671066585,0.17171199997784536,통상수용,0.7045906236560363,0.13890665146964476,0.15650272487431893,0.6887978942593187,0.14322216791944933,0.16797993782123197
5,kangwon_land_genai,kangwon_land_genai:QUR-002,통상수용,0.5,통상수용,통상수용,True,False,True,통상수용,0.6718047940286809,0.154100751530485,0.17409445444083416,통상수용,0.7570568910321979,0.11017406350995845,0.13276904545784377,통상수용,0.7013478575165304,0.1416290444072804,0.15702309807618917,0.710069847525803,0.13530128648257464,0.15462886599162237
5,kangwon_land_genai,kangwon_land_genai:QUR-003,통상수용,0.5,통상수용,통상수용,True,False,True,통상수용,0.5056135549002445,0.203547590385973,0.29083885471378246,통상수용,0.6339448173437021,0.1466284026859401,0.21942677997035778,통상수용,0.5134571845071613,0.19989196802221434,0.2866508474706244,0.5510051855837026,0.18335598703137582,0.26563882738492156
5,kangwon_land_genai,kangwon_land_genai:QUR-004,계약·질의검토,0.5,통상수용,통상수용,True,True,False,통상수용,0.6545221192430155,0.12187338805103767,0.2236044927059468,통상수용,0.7347475917944503,0.0885710865378038,0.17668132166774606,통상수용,0.7021634725634346,0.09931251506553458,0.1985240123710309,0.6971443945336335,0.10325232988479201,0.19960327558157456
5,kangwon_land_genai,kangwon_land_genai:QUR-005,통상수용,0.5,통상수용,통상수용,True,False,True,통상수용,0.4366940851668735,0.23378497839422022,0.3295209364389062,통상수용,0.5023567458869137,0.1921422384009706,0.30550101571211574,통상수용,0.4676844861411051,0.23186663393676224,0.30044887992213265,0.46891177239829746,0.21926461691065102,0.3118236106910515
5,kangwon_land_genai,kangwon_land_genai:QUR-006,통상수용,0.5,견적반영,계약·질의검토,False,False,True,견적반영,0.32105147721887484,0.3492326364317643,0.32971588634936083,계약·질의검토,0.32034706904224863,0.3307460126062299,0.34890691835152143,통상수용,0.3497852259326736,0.34401093935508525,0.3062038347122412,0.3303945907312657,0.3413298627976931,0.3282755464710411
5,kangwon_land_genai,kangwon_land_genai:SER-003,계약·질의검토,0.5,통상수용,계약·질의검토,False,False,True,통상수용,0.43552278998778354,0.1528627383805279,0.41161447163168857,통상수용,0.44638378868440864,0.13565952879879284,0.41795668251679857,계약·질의검토,0.3956473757884894,0.16041461451643652,0.4439380096950741,0.4258513181535606,0.14964562723191907,0.42450305461452037
5,kangwon_land_genai,kangwon_land_genai:SER-004,계약·질의검토,0.5,견적반영,견적반영,True,True,False,견적반영,0.3363587803425634,0.35293048585548054,0.3107107338019561,견적반영,0.36471384742498414,0.3757599720399442,0.25952618053507154,견적반영,0.3155922268627848,0.355622177863675,0.3287855952735402,0.3388882848767774,0.36143754525303323,0.29967416987018924
5,kangwon_land_genai,kangwon_land_genai:SFR-002,통상수용,0.5,견적반영,견적반영,True,True,False,견적반영,0.2647481494539731,0.5386356101522057,0.1966162403938212,견적반영,0.23830736406802167,0.5973198600012377,0.16437277593074062,견적반영,0.2460348102453054,0.5689034911177719,0.18506169863692265,0.24969677458910003,0.5682863204237384,0.1820169049871615
5,kangwon_land_genai,kangwon_land_genai:SFR-003,견적반영,0.5,견적반영,견적반영,True,False,True,견적반영,0.1262612380574392,0.5858544065175147,0.2878843554250462,견적반영,0.08738166869850048,0.5989224660575465,0.31369586524395293,견적반영,0.10919007191497283,0.6149878326248325,0.2758220954601947,0.10761099289030417,0.5999215683999646,0.29246743870973124
5,kangwon_land_genai,kangwon_land_genai:SFR-005,계약·질의검토,0.5,계약·질의검토,계약·질의검토,True,False,True,계약·질의검토,0.1555086104486807,0.4174684314298938,0.4270229581214256,계약·질의검토,0.1185674112625513,0.43612014453235026,0.4453124442050986,계약·질의검토,0.14415316913204723,0.42442091286425504,0.4314259180036978,0.13940973028109307,0.4260031629421664,0.4345871067767407
5,kangwon_land_genai,kangwon_land_genai:SFR-006,통상수용,0.5,계약·질의검토,계약·질의검토,False,True,False,계약·질의검토,0.310125779765838,0.3426955821888794,0.3471786380452826,계약·질의검토,0.32177564099095274,0.3260372151632267,0.35218714384582056,견적반영,0.32629185932236016,0.34417640396481264,0.3295317367128272,0.31939776002638365,0.3376364004389729,0.3429658395346435
5,kangwon_land_genai,kangwon_land_genai:SIR-001,견적반영,0.5,통상수용,계약·질의검토,False,True,False,통상수용,0.42589685753721185,0.21961599190707573,0.35448715055571245,계약·질의검토,0.40380038393748735,0.19209335885960996,0.4041062572029026,통상수용,0.4431373417095598,0.21538157982417,0.34148107846627,0.42427819439475306,0.20903031019695187,0.366691495408295
5,kangwon_land_genai,kangwon_land_genai:SIR-002,계약·질의검토,0.5,계약·질의검토,계약·질의검토,False,False,True,계약·질의검토,0.3394449571467581,0.3016016696549497,0.3589533731982921,계약·질의검토,0.3011329271032853,0.3103117542145079,0.3885553186822067,통상수용,0.3502648693335701,0.3068954497927112,0.3428396808737187,0.3302809178612045,0.3062696245540563,0.3634494575847392
5,kangwon_land_genai,kangwon_land_genai:SIR-003,통상수용,0.5,통상수용,통상수용,True,False,True,통상수용,0.66620813217746,0.16293413659055936,0.17085773123198067,통상수용,0.7795751262142779,0.1095678532643693,0.1108570205213527,통상수용,0.6913681096037305,0.15404779314131922,0.15458409725495023,0.7123837893318227,0.1421832609987493,0.14543294966942788
5,kangwon_land_genai,kangwon_land_genai:TER-002,통상수용,0.5,통상수용,통상수용,True,False,True,통상수용,0.3967348664309404,0.23099448037188053,0.37227065319717895,통상수용,0.43367869087710265,0.18631285388586366,0.3800084552370338,통상수용,0.395592692217326,0.2320170689964254,0.37239023878624855,0.40866874984178975,0.21644146775138987,0.3748897824068204
5,kangwon_land_genai,kangwon_land_genai:TER-003,계약·질의검토,0.5,계약·질의검토,계약·질의검토,True,False,True,계약·질의검토,0.3194652338427706,0.1791888532553833,0.501345912901846,계약·질의검토,0.3358435294739277,0.20122502929408684,0.4629314412319855,계약·질의검토,0.289085736332231,0.17925807402276953,0.5316561896449994,0.3147981665496431,0.18655731885741322,0.4986445145929436
5,kangwon_land_genai,kangwon_land_genai:TER-004,통상수용,0.5,통상수용,통상수용,True,False,True,통상수용,0.40252368566905794,0.22018880160946705,0.377287512721475,통상수용,0.4552486212813176,0.20261890494483167,0.34213247377385064,통상수용,0.4011557519935911,0.21714733640743694,0.3816969115989719,0.41964268631465557,0.2133183476539119,0.36703896603143255
6,kexim_ai_platform,kexim_ai_platform:ASR-001,견적반영,1.0,견적반영,견적반영,True,False,True,견적반영,0.21522835939333204,0.4522625215359918,0.3325091190706761,견적반영,0.16810853152634006,0.48523382134632237,0.34665764712733743,견적반영,0.19083206816475806,0.4874161598997527,0.32175177193548926,0.19138965302814337,0.4749708342606889,0.3336395127111676
6,kexim_ai_platform,kexim_ai_platform:ASR-002,견적반영,1.0,견적반영,견적반영,True,False,True,견적반영,0.08654717020419524,0.5950807160298797,0.31837211376592506,견적반영,0.06215598836389458,0.6683186233839102,0.2695253882521951,견적반영,0.07851054746551865,0.6308308284081714,0.29065862412630983,0.07573790201120283,0.6314100559406538,0.2928520420481433
6,kexim_ai_platform,kexim_ai_platform:ASR-003,견적반영,1.0,견적반영,견적반영,True,False,True,견적반영,0.1510858677589791,0.5273932285029448,0.32152090373807607,견적반영,0.12583333061021237,0.5625059067466665,0.31166076264312115,견적반영,0.12225205287542468,0.5764694470702033,0.30127850005437207,0.13305708374820538,0.5554561941066049,0.31148672214518974
6,kexim_ai_platform,kexim_ai_platform:ASR-004,계약·질의검토,1.0,견적반영,계약·질의검토,False,False,True,견적반영,0.24267419883514152,0.3812062151302448,0.37611958603461365,계약·질의검토,0.22305807878801084,0.3616965431672331,0.4152453780447561,견적반영,0.18987363268459453,0.45584904422951233,0.35427732308589316,0.21853530343591565,0.39958393417566346,0.381880762388421
6,kexim_ai_platform,kexim_ai_platform:ASR-005,견적반영,1.0,견적반영,견적반영,True,False,True,견적반영,0.2082404433430993,0.4587122601467901,0.3330472965101107,견적반영,0.18184259398027924,0.46462472367949975,0.353532682340221,견적반영,0.13822099556805892,0.5287597028498217,0.33301930158211945,0.17610134429714583,0.4840322288920372,0.3398664268108171
6,kexim_ai_platform,kexim_ai_platform:ASR-006,계약·질의검토,1.0,견적반영,견적반영,True,True,False,견적반영,0.12975774786912717,0.4973151830703696,0.37292706906050316,견적반영,0.10246629325304395,0.5351297986483804,0.36240390809857564,견적반영,0.08290037892086255,0.549175048895857,0.3679245721832804,0.10504147334767788,0.5272066768715357,0.3677518497807864
6,kexim_ai_platform,kexim_ai_platform:ASR-007,견적반영,1.0,견적반영,견적반영,True,False,True,견적반영,0.17800071386520344,0.5277138175806041,0.2942854685541925,견적반영,0.14061847893894824,0.5589919454256873,0.3003895756353644,견적반영,0.12145895729928043,0.5789871946573852,0.29955384804333435,0.14669271670114403,0.5552309858878922,0.2980762974109638
6,kexim_ai_platform,kexim_ai_platform:ASR-008,견적반영,1.0,견적반영,견적반영,True,False,True,견적반영,0.2219156754972723,0.5632418959239098,0.2148424285788178,견적반영,0.19342303041031192,0.6116090959886592,0.1949678736010289,견적반영,0.21562441912587732,0.5984439722652092,0.1859316086089134,0.2103210416778205,0.5910983213925928,0.1985806369295867
6,kexim_ai_platform,kexim_ai_platform:ASR-009,견적반영,1.0,견적반영,견적반영,True,False,True,견적반영,0.15425325450230037,0.5856999496920421,0.2600467958056575,견적반영,0.11955678561521278,0.6169273079112157,0.2635159064735715,견적반영,0.10907441824106039,0.6494150297113918,0.24151055204754776,0.1276281527861912,0.6173474291048833,0.25502441810892557
6,kexim_ai_platform,kexim_ai_platform:COR-001,통상수용,1.0,통상수용,통상수용,True,False,True,통상수용,0.5957011688876243,0.24150947219627072,0.16278935891610496,통상수용,0.7041311537609412,0.18153565738520977,0.11433318885384913,통상수용,0.7396993444777292,0.15435059292371978,0.10595006259855108,0.6798438890420982,0.19246524083506675,0.12769087012283506
6,kexim_ai_platform,kexim_ai_platform:COR-002,통상수용,1.0,통상수용,통상수용,True,False,True,통상수용,0.5836347785626241,0.2129522232834484,0.20341299815392747,통상수용,0.7067993563766539,0.1480334271226077,0.1451672165007384,통상수용,0.6274397890276181,0.19663787762337875,0.17592233334900317,0.6392913079889654,0.18587450934314495,0.17483418266788966
6,kexim_ai_platform,kexim_ai_platform:COR-003,계약·질의검토,1.0,통상수용,통상수용,True,True,False,통상수용,0.4569429011768318,0.20179154328080934,0.3412655555423589,통상수용,0.4965848287439836,0.16509367728701088,0.3383214939690057,통상수용,0.5170374220596717,0.1617517861422772,0.321210791798051,0.4901883839934957,0.17621233557003246,0.3335992804364718
6,kexim_ai_platform,kexim_ai_platform:COR-004,통상수용,1.0,통상수용,통상수용,True,False,True,통상수용,0.6892377023855432,0.17426169308488673,0.13650060452957008,통상수용,0.7655859017991726,0.13618843402357464,0.09822566417725279,통상수용,0.7993989213032178,0.11460980547772351,0.08599127321905864,0.7514075084959778,0.14168664419539498,0.10690584730862718
6,kexim_ai_platform,kexim_ai_platform:COR-005,통상수용,1.0,통상수용,통상수용,True,False,True,통상수용,0.6210179877980505,0.1436688552863871,0.23531315691556232,통상수용,0.7061371239080568,0.09821998551219266,0.19564289057975043,통상수용,0.7000083047571798,0.10058391623902606,0.19940777900379422,0.6757211388210957,0.11415758567920194,0.2101212754997023
6,kexim_ai_platform,kexim_ai_platform:COR-006,견적반영,1.0,통상수용,통상수용,True,True,False,통상수용,0.5129299523415913,0.34916941065268803,0.13790063700572056,통상수용,0.5762309155871078,0.3262020089485137,0.0975670754643785,통상수용,0.5270898145473777,0.34151964136398866,0.13139054408863363,0.5387502274920256,0.3389636869883968,0.12228608551957758
6,kexim_ai_platform,kexim_ai_platform:COR-007,계약·질의검토,1.0,계약·질의검토,계약·질의검토,True,False,True,계약·질의검토,0.38458470628213925,0.14996203753003906,0.4654532561878218,계약·질의검토,0.3898043009540672,0.11855815814867131,0.4916375408972614,계약·질의검토,0.42582421437112056,0.12709570056580846,0.44708008506307106,0.40007107386910906,0.13187196541483961,0.4680569607160514
6,kexim_ai_platform,kexim_ai_platform:COR-008,계약·질의검토,1.0,통상수용,통상수용,True,True,False,통상수용,0.6360250507888385,0.12466229590452992,0.23931265330663157,통상수용,0.7379044022290284,0.08728719925360029,0.1748083985173712,통상수용,0.6585848620606697,0.1126647711863027,0.22875036675302762,0.6775047716928455,0.1082047554481443,0.21429047285901012
6,kexim_ai_platform,kexim_ai_platform:DAR-002,계약·질의검토,1.0,견적반영,견적반영,True,True,False,견적반영,0.13999129643180463,0.6059465844791234,0.2540621190890719,견적반영,0.10798814794138224,0.671271128940932,0.2207407231176856,견적반영,0.07500509725511771,0.7046515550096549,0.22034334773522748,0.10766151387610153,0.66062308947657,0.23171539664732832
6,kexim_ai_platform,kexim_ai_platform:DAR-003,견적반영,1.0,견적반영,견적반영,True,False,True,견적반영,0.30079543421322613,0.44749239320188605,0.25171217258488776,견적반영,0.28492606194138553,0.5082889959393081,0.20678494211930631,견적반영,0.2999789273928942,0.48618940370255626,0.21383166890454958,0.2952334745158353,0.4806569309479168,0.2241095945362479
6,kexim_ai_platform,kexim_ai_platform:DAR-004,견적반영,1.0,견적반영,견적반영,True,False,True,견적반영,0.1307108505447607,0.5623103800158501,0.30697876943938923,견적반영,0.08773845336144621,0.5958536112339579,0.31640793540459594,견적반영,0.1031745779226659,0.5941450469560543,0.30268037512127977,0.10720796060962427,0.5841030127352874,0.3086890266550883
6,kexim_ai_platform,kexim_ai_platform:DAR-005,통상수용,1.0,견적반영,견적반영,True,True,False,견적반영,0.3212368572752658,0.5316236199855152,0.147139522739219,견적반영,0.3006495750505728,0.6009303144826177,0.09842011046680943,견적반영,0.2952955307780773,0.5714925206934941,0.13321194852842866,0.3057273210346387,0.5680154850538757,0.12625719391148568
6,kexim_ai_platform,kexim_ai_platform:DAR-006,견적반영,1.0,견적반영,견적반영,True,False,True,견적반영,0.21721458568766258,0.6407798122138612,0.14200560209847632,견적반영,0.19743650336943125,0.6843965509965091,0.11816694563405973,견적반영,0.19895045188536206,0.692308175982668,0.10874137213196995,0.20453384698081864,0.6724948463976794,0.122971306621502
6,kexim_ai_platform,kexim_ai_platform:DAR-007,통상수용,1.0,통상수용,통상수용,False,False,True,견적반영,0.3908147739589417,0.4440251209549609,0.16516010508609727,견적반영,0.42936757653518615,0.4443212480104739,0.12631117545433987,통상수용,0.501767277043209,0.3737489083017654,0.1244838146550256,0.4406498758457789,0.42069842575573335,0.1386516983984876
6,kexim_ai_platform,kexim_ai_platform:DAR-008,통상수용,1.0,통상수용,통상수용,True,False,True,통상수용,0.7290134224415706,0.1634471114468438,0.10753946611158549,통상수용,0.8205978752746053,0.1056353668814744,0.07376675784392035,통상수용,0.7263356373261775,0.17257537002136306,0.10108899265245955,0.758648978347451,0.14721928278322707,0.0941317388693218
6,kexim_ai_platform,kexim_ai_platform:ECR-001,계약·질의검토,1.0,견적반영,견적반영,True,True,False,견적반영,0.21682556730852154,0.44579331773349273,0.33738111495798573,견적반영,0.1828671814648373,0.4660155513547322,0.35111726718043046,견적반영,0.1665613553222652,0.52372259043545,0.3097160542422849,0.18875136803187467,0.4785104865078916,0.33273814546023367
6,kexim_ai_platform,kexim_ai_platform:ECR-002,견적반영,1.0,견적반영,계약·질의검토,False,False,True,계약·질의검토,0.31309078364319104,0.3423559833227421,0.34455323303406693,계약·질의검토,0.3180992405363464,0.3392880341027704,0.3426127253608831,견적반영,0.3167650922409917,0.36242433006136404,0.32081057769764426,0.31598503880684303,0.3480227824956255,0.33599217869753145
6,kexim_ai_platform,kexim_ai_platform:ECR-004,계약·질의검토,1.0,통상수용,통상수용,False,True,False,통상수용,0.42419936342243714,0.335449989759063,0.24035064681849982,통상수용,0.4328560380965938,0.355594746115658,0.21154921578774824,견적반영,0.3680758482075107,0.3885610159202229,0.24336313587226638,0.4083770832421805,0.35986858393164795,0.23175433282617144
6,kexim_ai_platform,kexim_ai_platform:ECR-005,계약·질의검토,1.0,계약·질의검토,계약·질의검토,True,False,True,계약·질의검토,0.194473691456113,0.20215632819628587,0.603369980347601,계약·질의검토,0.1472373820690627,0.1610160746100753,0.6917465433208619,계약·질의검토,0.18840481960404304,0.21476480609185797,0.596830374304099,0.17670529770973956,0.1926457362994064,0.630648965990854
6,kexim_ai_platform,kexim_ai_platform:ECR-006,통상수용,1.0,견적반영,견적반영,True,True,False,견적반영,0.31541765070877653,0.4820804571243069,0.2025018921669166,견적반영,0.38423501015566414,0.42027606593996714,0.19548892390436864,견적반영,0.2926976119795123,0.5307570648687394,0.17654532315174845,0.33078342428131763,0.4777045293110045,0.1915120464076779
6,kexim_ai_platform,kexim_ai_platform:ECR-007,계약·질의검토,1.0,통상수용,통상수용,True,True,False,통상수용,0.3760362286508373,0.3186631991178884,0.3053005722312743,통상수용,0.37867980565552933,0.30680080077798266,0.3145193935664881,통상수용,0.4359002579356161,0.32835654969092465,0.23574319237345934,0.39687209741399426,0.3179401831955986,0.28518771939040727
6,kexim_ai_platform,kexim_ai_platform:ECR-008,견적반영,1.0,계약·질의검토,계약·질의검토,False,False,True,계약·질의검토,0.25931337975267704,0.35594027632385494,0.38474634392346807,계약·질의검토,0.22265589390944426,0.330793028116838,0.44655107797371774,견적반영,0.2155982422825367,0.4321511557245231,0.3522506019929401,0.23252250531488597,0.37296148672173873,0.3945160079633753
6,kexim_ai_platform,kexim_ai_platform:ECR-009,견적반영,1.0,견적반영,견적반영,True,False,True,견적반영,0.27354706764312503,0.4277994582844307,0.2986534740724442,견적반영,0.2538005269499229,0.47081157317400557,0.2753878998760716,견적반영,0.24383297904601156,0.504578629942542,0.2515883910114465,0.2570601912130198,0.4677298871336594,0.27520992165332075
6,kexim_ai_platform,kexim_ai_platform:ECR-010,견적반영,1.0,견적반영,견적반영,True,False,True,견적반영,0.25637129695051303,0.4624481857207428,0.28118051732874416,견적반영,0.23778508808617077,0.4420914574880617,0.3201234544257675,견적반영,0.21554945398171635,0.541104858362488,0.24334568765579562,0.23656861300613338,0.4818815005237642,0.28154988647010243
6,kexim_ai_platform,kexim_ai_platform:GOV-001,견적반영,1.0,계약·질의검토,계약·질의검토,False,True,False,통상수용,0.3502324215881055,0.31878729983387977,0.3309802785780147,계약·질의검토,0.34228852270948673,0.2944922017291245,0.36321927556138883,계약·질의검토,0.3327464251457798,0.3142313739718902,0.3530222008823299,0.34175578981445737,0.3091702918449648,0.34907391834057777
6,kexim_ai_platform,kexim_ai_platform:GOV-002,통상수용,1.0,계약·질의검토,계약·질의검토,False,False,True,계약·질의검토,0.37847104967725603,0.21939812240747858,0.40213082791526533,계약·질의검토,0.3793764981952671,0.20698687323439968,0.4136366285703332,통상수용,0.4043153228956717,0.20609516005917217,0.3895895170451562,0.38738762358939827,0.21082671856701682,0.40178565784358494
6,kexim_ai_platform,kexim_ai_platform:GOV-003,견적반영,1.0,견적반영,견적반영,True,False,True,견적반영,0.3116596195433298,0.3711935080528991,0.3171468724037712,견적반영,0.26449259794511076,0.3789429974717519,0.3565644045831373,견적반영,0.2366034368992997,0.38795193321374505,0.3754446298869553,0.2709185514625801,0.37936281291279866,0.3497186356246213
6,kexim_ai_platform,kexim_ai_platform:GOV-004,통상수용,1.0,통상수용,통상수용,False,False,True,통상수용,0.3750154446235471,0.3596342725170213,0.26535028285943174,견적반영,0.3397858821566259,0.3634164860810238,0.2967976317623502,통상수용,0.4283248519202513,0.32707009274037396,0.24460505533937482,0.3810420595668081,0.350040283779473,0.2689176566537189
6,kexim_ai_platform,kexim_ai_platform:GOV-005,통상수용,1.0,통상수용,통상수용,True,False,True,통상수용,0.45937569754610386,0.2436430205256956,0.29698128192820045,통상수용,0.49836763448726173,0.2208807976151303,0.2807515678976079,통상수용,0.46486093441812315,0.25195756694408855,0.28318149863778824,0.4742014221504962,0.23882712836163814,0.2869714494878655
6,kexim_ai_platform,kexim_ai_platform:INF-001,통상수용,1.0,통상수용,통상수용,True,False,True,통상수용,0.6061351275982807,0.18812153256450395,0.20574333983721532,통상수용,0.6744268929024886,0.15704483505561598,0.16852827204189547,통상수용,0.6829256159006956,0.15404534175447418,0.16302904234483026,0.6544958788004883,0.16640390312486472,0.17910021807464702
6,kexim_ai_platform,kexim_ai_platform:INF-002,통상수용,1.0,통상수용,통상수용,True,False,True,통상수용,0.496964712504307,0.13517072765423588,0.36786455984145705,통상수용,0.5813389953431466,0.09061445112748587,0.32804655352936757,통상수용,0.5734860218521032,0.12307911173079553,0.30343486641710143,0.550596576566519,0.11628809683750575,0.33311532659597537
6,kexim_ai_platform,kexim_ai_platform:INF-003,통상수용,1.0,통상수용,통상수용,True,False,True,통상수용,0.42192819433814616,0.24979311045182392,0.32827869521002984,통상수용,0.44038512684965575,0.2395501669914215,0.32006470615892285,통상수용,0.46696194441667077,0.21594711412012876,0.3170909414632005,0.44309175520149086,0.23509679718779142,0.3218114476107177
6,kexim_ai_platform,kexim_ai_platform:INF-004,통상수용,1.0,통상수용,통상수용,True,False,True,통상수용,0.407454708812142,0.3457840868661489,0.246761204321709,통상수용,0.41205743859536587,0.3483705869899096,0.2395719744147245,통상수용,0.5201360384895725,0.28528262827460305,0.1945813332358244,0.44654939529902676,0.3264791007102205,0.22697150399075264
6,kexim_ai_platform,kexim_ai_platform:INR-001,견적반영,1.0,계약·질의검토,계약·질의검토,True,True,False,계약·질의검토,0.1611543603602982,0.40616755382381337,0.4326780858158883,계약·질의검토,0.12339537714709417,0.40584629083379475,0.47075833201911116,계약·질의검토,0.12858808220044846,0.4076620151754079,0.4637499026241435,0.13771260656928028,0.4065586199443387,0.455728773486381
6,kexim_ai_platform,kexim_ai_platform:INR-002,견적반영,1.0,견적반영,견적반영,True,False,True,견적반영,0.1877346354388532,0.4116981093842978,0.4005672551768491,견적반영,0.14644367624467228,0.4351845232521087,0.4183718005032191,견적반영,0.19193101327200726,0.41542718571535886,0.392641801012634,0.17536977498517758,0.42076993945058844,0.4038602855642341
6,kexim_ai_platform,kexim_ai_platform:INR-003,견적반영,1.0,견적반영,견적반영,True,False,True,견적반영,0.21620485791470598,0.46109849037313866,0.3226966517121553,견적반영,0.17381399433318245,0.5172329010290857,0.3089531046377318,견적반영,0.20256086483249222,0.506323236010581,0.2911158991569267,0.1975265723601269,0.4948848758042685,0.3075885518356046
6,kexim_ai_platform,kexim_ai_platform:INR-004,견적반영,1.0,계약·질의검토,계약·질의검토,True,True,False,계약·질의검토,0.22695565174901322,0.3569978747263281,0.41604647352465873,계약·질의검토,0.17167268247676296,0.3418513089686828,0.4864760085545542,계약·질의검토,0.18063631872754857,0.3953302675669083,0.42403341370554304,0.19308821765110826,0.36472648375397304,0.4421852985949187
6,kexim_ai_platform,kexim_ai_platform:INR-005,계약·질의검토,1.0,계약·질의검토,계약·질의검토,True,False,True,계약·질의검토,0.12067916117380127,0.16427257368575432,0.7150482651404444,계약·질의검토,0.08629446999318358,0.12000051302607295,0.7937050169807435,계약·질의검토,0.09781030131270015,0.17648200425271549,0.7257076944345844,0.101594644159895,0.15358503032151424,0.7448203255185907
6,kexim_ai_platform,kexim_ai_platform:INR-006,계약·질의검토,1.0,계약·질의검토,계약·질의검토,True,False,True,계약·질의검토,0.2736766945676493,0.2287482434314728,0.4975750620008778,계약·질의검토,0.2633945091731455,0.2046808887868348,0.5319246020400198,계약·질의검토,0.22796649996056667,0.23239628473934665,0.5396372153000867,0.2550125679004538,0.22194180565255142,0.5230456264469948
6,kexim_ai_platform,kexim_ai_platform:INR-007,계약·질의검토,1.0,계약·질의검토,계약·질의검토,True,False,True,계약·질의검토,0.22441239761384912,0.2725882146896446,0.5029993876965063,계약·질의검토,0.20765082820640246,0.26838499023529305,0.5239641815583045,계약·질의검토,0.22103723577610063,0.2728370638255353,0.5061257003983642,0.21770015386545075,0.27127008958349097,0.5110297565510583
6,kexim_ai_platform,kexim_ai_platform:INR-008,계약·질의검토,1.0,계약·질의검토,계약·질의검토,False,False,True,계약·질의검토,0.33252400263826376,0.2251028678247856,0.4423731295369507,계약·질의검토,0.3579818622316856,0.19922726873283764,0.44279086903547676,통상수용,0.4433405993784947,0.1738761202521709,0.3827832803693344,0.377948821416148,0.1994020856032647,0.4226490929805873
6,kexim_ai_platform,kexim_ai_platform:INR-009,계약·질의검토,1.0,계약·질의검토,계약·질의검토,True,False,True,계약·질의검토,0.3027512867923476,0.22191171058045225,0.4753370026272002,계약·질의검토,0.2726539430924815,0.1745844021752255,0.552761654732293,계약·질의검토,0.25434104055004136,0.20658826543125847,0.5390706940187002,0.2765820901449568,0.20102812606231205,0.5223897837927312
6,kexim_ai_platform,kexim_ai_platform:INR-010,계약·질의검토,1.0,계약·질의검토,계약·질의검토,True,False,True,계약·질의검토,0.08741352409801559,0.1685725653052055,0.7440139105967788,계약·질의검토,0.054220255458655796,0.13121737920850698,0.8145623653328373,계약·질의검토,0.0747146208560798,0.16769877391999552,0.7575866052239246,0.07211613347091707,0.155829572811236,0.7720542937178468
6,kexim_ai_platform,kexim_ai_platform:INR-011,계약·질의검토,1.0,계약·질의검토,계약·질의검토,True,False,True,계약·질의검토,0.17949924467101228,0.14257024205629656,0.6779305132726912,계약·질의검토,0.14965907907946555,0.11070053132460647,0.739640389595928,계약·질의검토,0.13773282458194616,0.12827380813655342,0.7339933672815004,0.15563038277747465,0.1271815271724855,0.7171880900500399
6,kexim_ai_platform,kexim_ai_platform:INR-012,견적반영,1.0,견적반영,견적반영,True,False,True,견적반영,0.3621729560142386,0.4000751502749387,0.23775189371082278,견적반영,0.36170732490375057,0.42523670779421063,0.2130559673020388,견적반영,0.3401738994768273,0.45407538241523365,0.205750718107939,0.3546847267982722,0.4264624134947943,0.21885285970693355
6,kexim_ai_platform,kexim_ai_platform:INR-DTL-001,계약·질의검토,1.0,계약·질의검토,계약·질의검토,True,False,True,계약·질의검토,0.08540322582414762,0.17107702928063756,0.7435197448952148,계약·질의검토,0.04357776330739176,0.1000197554504709,0.8564024812421374,계약·질의검토,0.04838595591125612,0.18002295782801073,0.7715910862607332,0.05912231501426516,0.15037324751970638,0.7905044374660285
6,kexim_ai_platform,kexim_ai_platform:INR-DTL-002,계약·질의검토,1.0,계약·질의검토,계약·질의검토,False,False,True,계약·질의검토,0.11469317358010632,0.4270104045638642,0.4582964218560294,계약·질의검토,0.0748150653708189,0.4397991557292449,0.48538577889993617,견적반영,0.07101287015969279,0.46859265975483216,0.46039447008547496,0.08684036970353932,0.4451340733493137,0.4680255569471468
6,kexim_ai_platform,kexim_ai_platform:INR-DTL-003,견적반영,1.0,계약·질의검토,계약·질의검토,True,True,False,계약·질의검토,0.1435930246887872,0.28296654139084587,0.5734404339203669,계약·질의검토,0.11286015872252778,0.2410264031962577,0.6461134380812146,계약·질의검토,0.10194125845982761,0.30038354056176864,0.5976752009784038,0.11946481395704751,0.27479216171629073,0.6057430243266618
6,kexim_ai_platform,kexim_ai_platform:INR-DTL-004,견적반영,1.0,계약·질의검토,계약·질의검토,True,True,False,계약·질의검토,0.25433832195894945,0.21870522227780745,0.5269564557632432,계약·질의검토,0.24793290888329733,0.1824985604185021,0.5695685306982007,계약·질의검토,0.2023788374305424,0.19962105477458425,0.5980001077948732,0.23488335609092972,0.20027494582363126,0.564841698085439
6,kexim_ai_platform,kexim_ai_platform:PER-001,계약·질의검토,1.0,계약·질의검토,계약·질의검토,True,False,True,계약·질의검토,0.30879917208917684,0.19450524144343417,0.49669558646738904,계약·질의검토,0.27316937323988844,0.1654687343180825,0.5613618924420289,계약·질의검토,0.29241444087827595,0.1744680401025165,0.5331175190192075,0.2914609954024471,0.17814733862134438,0.5303916659762085
6,kexim_ai_platform,kexim_ai_platform:PER-002,계약·질의검토,1.0,견적반영,견적반영,True,True,False,견적반영,0.3014854023292656,0.3980340374428913,0.30048056022784314,견적반영,0.3295811830361438,0.3902758465974448,0.28014297036641145,견적반영,0.3282855583535512,0.40499383318044085,0.26672060846600787,0.3197840479063202,0.397767905740259,0.28244804635342086
6,kexim_ai_platform,kexim_ai_platform:PER-003,계약·질의검토,1.0,계약·질의검토,계약·질의검토,True,False,True,계약·질의검토,0.16021436803229988,0.18360270585646563,0.6561829261112344,계약·질의검토,0.12088003667579804,0.13946509951994207,0.7396548638042599,계약·질의검토,0.16061548589864272,0.16934571790889372,0.6700387961924634,0.1472366302022469,0.16413784109510046,0.6886255287026527
6,kexim_ai_platform,kexim_ai_platform:PER-004,계약·질의검토,1.0,계약·질의검토,계약·질의검토,True,False,True,계약·질의검토,0.22813037530611746,0.16379823032249147,0.6080713943713911,계약·질의검토,0.19220145384684936,0.13021945197586116,0.6775790941772896,계약·질의검토,0.20058040256548396,0.14783811757624102,0.651581479858275,0.20697074390615025,0.14728526662486455,0.6457439894689853
6,kexim_ai_platform,kexim_ai_platform:PMR-001,통상수용,1.0,통상수용,통상수용,True,False,True,통상수용,0.5113060841654158,0.13949039209205305,0.34920352374253116,통상수용,0.49177572011571224,0.11859354192417307,0.3896307379601146,통상수용,0.5211872989237841,0.1366805672768383,0.34213213379937757,0.508089701068304,0.13158816709768814,0.36032213183400774
6,kexim_ai_platform,kexim_ai_platform:PMR-002,통상수용,1.0,통상수용,통상수용,True,False,True,통상수용,0.4793439292750471,0.23636960322046932,0.2842864675044836,통상수용,0.5547854660268299,0.21072149632022152,0.23449303765294852,통상수용,0.4558701554882574,0.2471341338125481,0.29699571069919456,0.4966665169300448,0.23140841111774632,0.2719250719522089
6,kexim_ai_platform,kexim_ai_platform:PMR-003,통상수용,1.0,통상수용,계약·질의검토,False,False,True,계약·질의검토,0.3704850125343049,0.2531060837302208,0.37640890373547425,통상수용,0.37624162938876393,0.25182575877087493,0.3719326118403612,통상수용,0.37653536275254157,0.25120055484456977,0.37226408240288866,0.3744206682252034,0.25204413244855517,0.3735351993262414
6,kexim_ai_platform,kexim_ai_platform:PMR-004,견적반영,1.0,견적반영,견적반영,True,False,True,견적반영,0.33530961290622635,0.37647908171384326,0.28821130537993045,견적반영,0.3085802285738738,0.41846996912466233,0.27294980230146393,견적반영,0.28522681868008026,0.3866990965003081,0.3280740848196116,0.30970555338672684,0.39388271577960454,0.2964117308336687
6,kexim_ai_platform,kexim_ai_platform:PMR-005,통상수용,1.0,통상수용,통상수용,True,False,True,통상수용,0.647357039609472,0.1414086407711806,0.21123431961934747,통상수용,0.7479018778927309,0.09903813188442871,0.15305999022284042,통상수용,0.6708354013241059,0.11896086303148473,0.2102037356444094,0.6886981062754362,0.11980254522903135,0.19149934849553243
6,kexim_ai_platform,kexim_ai_platform:PMR-006,통상수용,1.0,통상수용,통상수용,True,False,True,통상수용,0.6016541605320154,0.20410596481525276,0.19423987465273193,통상수용,0.7015355464374889,0.15428678994472153,0.1441776636177894,통상수용,0.7074297868735309,0.15156467802661094,0.14100553509985825,0.6702064979476784,0.16998581092886175,0.15980769112345986
6,kexim_ai_platform,kexim_ai_platform:PMR-007,통상수용,1.0,통상수용,통상수용,True,False,True,통상수용,0.6835447093598028,0.14583707190244644,0.17061821873775068,통상수용,0.7464309202494898,0.11894640291415338,0.1346226768363569,통상수용,0.7433737751049453,0.11394003941366554,0.14268618548138917,0.7244498015714126,0.12624117141008845,0.14930902701849894
6,kexim_ai_platform,kexim_ai_platform:PMR-008,통상수용,1.0,통상수용,통상수용,True,False,True,통상수용,0.7291102819808896,0.13735864980518955,0.13353106821392094,통상수용,0.8002261605298787,0.10051667736634957,0.09925716210377175,통상수용,0.8276368994039632,0.09336417258489665,0.07899892801114014,0.7856577806382439,0.1104131665854786,0.10392905277627762
6,kexim_ai_platform,kexim_ai_platform:PMR-009,통상수용,1.0,통상수용,통상수용,True,False,True,통상수용,0.5842207120434241,0.22272439812763611,0.19305488982893984,통상수용,0.6778710447191555,0.1774760802318674,0.14465287504897717,통상수용,0.7009164830008889,0.15434243193871577,0.14474108506039526,0.6543360799211562,0.1848476367660731,0.16081628331277076
6,kexim_ai_platform,kexim_ai_platform:PMR-010,통상수용,1.0,통상수용,통상수용,True,False,True,통상수용,0.6116180756969724,0.15793836738546585,0.23044355691756174,통상수용,0.6446370987535173,0.12792182448817016,0.22744107675831254,통상수용,0.6544975911560126,0.13833220152100364,0.20717020732298372,0.6369175885355007,0.14139746446487989,0.22168494699961935
6,kexim_ai_platform,kexim_ai_platform:PMR-011,통상수용,1.0,통상수용,통상수용,True,False,True,통상수용,0.5245426973100704,0.27663156009010703,0.19882574259982252,통상수용,0.5303451725242463,0.2607267488094685,0.20892807866628513,통상수용,0.6588218639317787,0.20041144710833728,0.1407666889598841,0.5712365779220318,0.24592325200263757,0.1828401700753306
6,kexim_ai_platform,kexim_ai_platform:PMR-012,통상수용,1.0,통상수용,통상수용,True,False,True,통상수용,0.6244557429892487,0.19814077858656953,0.17740347842418183,통상수용,0.7264010121255272,0.15534839573695952,0.11825059213751332,통상수용,0.7475150577271106,0.14022833549500927,0.1122566067778802,0.6994572709472955,0.16457250327284612,0.13597022577985843
6,kexim_ai_platform,kexim_ai_platform:PMR-013,계약·질의검토,1.0,통상수용,통상수용,True,True,False,통상수용,0.5178936644297151,0.23436172100388636,0.24774461456639857,통상수용,0.600888648436316,0.1916421204108327,0.20746923115285135,통상수용,0.6238394626427687,0.15585158571461832,0.220308951642613,0.5808739251695999,0.19395180904311246,0.22517426578728764
6,kexim_ai_platform,kexim_ai_platform:PMR-014,통상수용,1.0,통상수용,통상수용,True,False,True,통상수용,0.5451024836016767,0.2534058698733484,0.2014916465249749,통상수용,0.5932087895325058,0.24568534275311327,0.16110586771438096,통상수용,0.6741733879554329,0.1798275457366006,0.14599906630796647,0.6041615536965385,0.22630625278768743,0.1695321935157741
6,kexim_ai_platform,kexim_ai_platform:PMR-015,통상수용,1.0,통상수용,통상수용,True,False,True,통상수용,0.6776487671222421,0.15056858209193033,0.17178265078582763,통상수용,0.7779329969853767,0.10738868920711288,0.1146783138075104,통상수용,0.7908535622274838,0.09430987954928226,0.11483655822323402,0.7488117754450342,0.1174223836161085,0.13376584093885735
6,kexim_ai_platform,kexim_ai_platform:PMR-016,통상수용,1.0,통상수용,통상수용,True,False,True,통상수용,0.6710431354143844,0.13331557440670241,0.19564129017891327,통상수용,0.7171522276895421,0.10683606001588768,0.17601171229457013,통상수용,0.7634239863470607,0.09694916358363628,0.13962685006930314,0.7172064498169958,0.11236693266874213,0.17042661751426222
6,kexim_ai_platform,kexim_ai_platform:PMR-017,통상수용,1.0,통상수용,통상수용,True,False,True,통상수용,0.437113155045802,0.20098884635284073,0.3618979986013572,통상수용,0.5047473114211223,0.1937799611707264,0.3014727274081513,통상수용,0.4839407444802749,0.14756596194624025,0.36849329357348476,0.47526707031573306,0.1807782564899358,0.3439546731943311
6,kexim_ai_platform,kexim_ai_platform:PMR-018,통상수용,1.0,통상수용,통상수용,True,False,True,통상수용,0.5930563851155283,0.17650269947664177,0.2304409154078301,통상수용,0.7351060329741445,0.11273426584151737,0.1521597011843382,통상수용,0.6501554220729369,0.14017777692475689,0.2096668010023062,0.6594392800542032,0.14313824741430534,0.19742247253149148
6,kexim_ai_platform,kexim_ai_platform:PMR-019,통상수용,1.0,통상수용,통상수용,True,False,True,통상수용,0.5850442360655073,0.20915838299181208,0.20579738094268066,통상수용,0.6786603647433438,0.15349230560397314,0.167847329652683,통상수용,0.6436906456249729,0.1592157254602888,0.19709362891473833,0.6357984154779414,0.1739554713520247,0.190246113170034
6,kexim_ai_platform,kexim_ai_platform:PMR-020,통상수용,1.0,통상수용,통상수용,True,False,True,통상수용,0.6559897664966071,0.17031034918756316,0.1736998843158297,통상수용,0.7721678391097199,0.11381394258173945,0.11401821830854068,통상수용,0.7231603991829276,0.14023001297539658,0.13660958784167573,0.7171060015964182,0.14145143491489973,0.14144256348868203
6,kexim_ai_platform,kexim_ai_platform:PMR-021,견적반영,1.0,계약·질의검토,계약·질의검토,True,True,False,계약·질의검토,0.30383106549466,0.2795377601052522,0.4166311744000878,계약·질의검토,0.3279529856840569,0.270792359687026,0.4012546546289172,계약·질의검토,0.30179292786123524,0.2881958347545387,0.41001123738422596,0.3111923263466507,0.2795086515156056,0.40929902213774366
6,kexim_ai_platform,kexim_ai_platform:PMR-022,통상수용,1.0,통상수용,통상수용,True,False,True,통상수용,0.5116483595252803,0.24242956030570384,0.24592208016901576,통상수용,0.6210915255582052,0.2092434892654261,0.16966498517636874,통상수용,0.6104681544885917,0.18617461870725358,0.20335722680415483,0.5810693465240258,0.21261588942612786,0.20631476404984642
6,kexim_ai_platform,kexim_ai_platform:PMR-023,통상수용,1.0,통상수용,통상수용,True,False,True,통상수용,0.5661583372272371,0.22199455432737858,0.21184710844538435,통상수용,0.6784877910124195,0.1641609772422256,0.15735123174535498,통상수용,0.6258003766918969,0.19538766823512702,0.17881195507297615,0.6234821683105178,0.1938477332682437,0.1826700984212385
6,kexim_ai_platform,kexim_ai_platform:PMR-024,통상수용,1.0,통상수용,통상수용,True,False,True,통상수용,0.653606290270241,0.19064050367973814,0.15575320605002088,통상수용,0.7547783927594319,0.1391002975031344,0.10612130973743358,통상수용,0.7732129424635437,0.11954595445717059,0.10724110307928575,0.7271992084977388,0.14976225188001438,0.12303853962224674
6,kexim_ai_platform,kexim_ai_platform:PMR-027,통상수용,1.0,통상수용,통상수용,True,False,True,통상수용,0.6585608594844928,0.15060682831094144,0.19083231220456578,통상수용,0.7162701666398011,0.12060865131550662,0.16312118204469211,통상수용,0.7095663735705298,0.12602195617539041,0.16441167025407985,0.694799133231608,0.1324124786006128,0.17278838816777928
6,kexim_ai_platform,kexim_ai_platform:PMR-028,통상수용,1.0,통상수용,통상수용,False,False,True,통상수용,0.41234192684729365,0.34401935092638863,0.24363872222631763,견적반영,0.35824767680085623,0.41381704843304107,0.22793527476610276,통상수용,0.398914405789347,0.35255158588380736,0.2485340083268456,0.389834669812499,0.3701293284144123,0.24003600177308868
6,kexim_ai_platform,kexim_ai_platform:PMR-029,통상수용,1.0,통상수용,통상수용,True,False,True,통상수용,0.6561017689246118,0.175390766481315,0.16850746459407318,통상수용,0.7153062153042374,0.13505956653667944,0.14963421815908298,통상수용,0.7819452094093208,0.11223164130609012,0.10582314928458915,0.71778439787939,0.1408939914413615,0.14132161067924842
6,kexim_ai_platform,kexim_ai_platform:PMR-030,계약·질의검토,1.0,계약·질의검토,계약·질의검토,True,False,True,계약·질의검토,0.3601007490589177,0.13566634976745004,0.5042329011736323,계약·질의검토,0.36469295140151936,0.10951912784114617,0.5257879207573345,계약·질의검토,0.36155250627708774,0.12395545898659986,0.5144920347363124,0.36211540224584154,0.12304697886506537,0.5148376188890931
6,kexim_ai_platform,kexim_ai_platform:PSR-001,계약·질의검토,1.0,통상수용,통상수용,True,True,False,통상수용,0.5106160700563817,0.164517258519538,0.3248666714240803,통상수용,0.5414624965757727,0.13387130832025593,0.3246661951039713,통상수용,0.4476449151008877,0.20137928422891876,0.35097580067019346,0.49990782724434735,0.1665892836895709,0.33350288906608166
6,kexim_ai_platform,kexim_ai_platform:PSR-002,계약·질의검토,1.0,계약·질의검토,계약·질의검토,True,False,True,계약·질의검토,0.3170811806935101,0.16021190603331342,0.5227069132731765,계약·질의검토,0.265305176724746,0.13990124048667354,0.5947935827885805,계약·질의검토,0.29349255573886185,0.16741279406285964,0.5390946501982785,0.2919596377190394,0.15584198019428222,0.5521983820866786
6,kexim_ai_platform,kexim_ai_platform:PSR-003,통상수용,1.0,통상수용,통상수용,True,False,True,통상수용,0.5502191385012041,0.2559840039005381,0.19379685759825782,통상수용,0.652925638020416,0.19213066124325914,0.15494370073632488,통상수용,0.6320487545910287,0.2180470154221613,0.14990422998680994,0.6117311770375496,0.2220538935219862,0.16621492944046423
6,kexim_ai_platform,kexim_ai_platform:PSR-004,통상수용,1.0,통상수용,통상수용,True,False,True,통상수용,0.5004416501577031,0.22082285493894108,0.27873549490335586,통상수용,0.55396670214591,0.21243378605395366,0.23359951180013633,통상수용,0.42493556059022874,0.23019807175944834,0.34486636765032286,0.49311463763128066,0.22115157091744772,0.2857337914512717
6,kexim_ai_platform,kexim_ai_platform:PSR-005,계약·질의검토,1.0,계약·질의검토,계약·질의검토,True,False,True,계약·질의검토,0.37794449368193883,0.2041677750917942,0.4178877312262669,계약·질의검토,0.39735691846752214,0.20143810169331194,0.40120497983916587,계약·질의검토,0.2939716755460552,0.2247660993616017,0.4812622250923431,0.356424362565172,0.21012399204890264,0.43345164538592523
6,kexim_ai_platform,kexim_ai_platform:PSR-006,계약·질의검토,1.0,계약·질의검토,계약·질의검토,True,False,True,계약·질의검토,0.2178782943754625,0.15632609962798355,0.6257956059965539,계약·질의검토,0.17812675232497557,0.13033874504020856,0.6915345026348159,계약·질의검토,0.18223233715337323,0.14937780986817795,0.6683898529784488,0.1927457946179371,0.14534755151212334,0.6619066538699395
6,kexim_ai_platform,kexim_ai_platform:QMR-001,견적반영,1.0,견적반영,견적반영,True,False,True,견적반영,0.23089123338306067,0.5333168750072891,0.2357918916096503,견적반영,0.266035409041776,0.5283504400190453,0.20561415093917862,견적반영,0.19699166606768967,0.5681221580671111,0.23488617586519928,0.2313061028308421,0.5432631576978152,0.22543073947134273
6,kexim_ai_platform,kexim_ai_platform:QMR-002,통상수용,1.0,통상수용,통상수용,False,False,True,견적반영,0.35014366256139096,0.3618199374185152,0.28803640002009384,견적반영,0.3306263546162105,0.40141730027566186,0.26795634510812766,통상수용,0.4516329672743696,0.3341084108093754,0.21425862191625492,0.3774676614839903,0.36578188283451746,0.25675045568149213
6,kexim_ai_platform,kexim_ai_platform:QMR-004,통상수용,1.0,통상수용,통상수용,True,False,True,통상수용,0.5863085129520615,0.2090928623299133,0.20459862471802515,통상수용,0.6389054875225227,0.1765289867200876,0.18456552575738966,통상수용,0.6476771468969227,0.1894810881186855,0.1628417649843918,0.6242970491238357,0.19170097905622882,0.18400197181993552
6,kexim_ai_platform,kexim_ai_platform:QMR-005,통상수용,1.0,통상수용,통상수용,True,False,True,통상수용,0.5441126911233876,0.15782300733742152,0.29806430153919095,통상수용,0.6647535530665848,0.1121300897057402,0.22311635722767498,통상수용,0.5964635602865939,0.13422667722481976,0.2693097624885864,0.6017766014921887,0.1347265914226605,0.2634968070851508
6,kexim_ai_platform,kexim_ai_platform:QMR-006,통상수용,1.0,계약·질의검토,계약·질의검토,True,True,False,계약·질의검토,0.3195488372580554,0.2901019875307283,0.39034917521121637,계약·질의검토,0.3216995519893112,0.2699895828237578,0.40831086518693094,계약·질의검토,0.3179089220203147,0.2813127066542842,0.4007783713254011,0.31971910375589374,0.28046809233625675,0.39981280390784946
6,kexim_ai_platform,kexim_ai_platform:QMR-007,통상수용,1.0,통상수용,통상수용,True,False,True,통상수용,0.6387527631414454,0.18351121225767822,0.1777360246008765,통상수용,0.712442196002287,0.14583796210187722,0.14171984189583575,통상수용,0.7515068850112485,0.1364655784705614,0.1120275365181901,0.7009006147183271,0.15527158427670562,0.14382780100496745
6,kexim_ai_platform,kexim_ai_platform:QMR-008,통상수용,1.0,통상수용,통상수용,True,False,True,통상수용,0.5723068194459368,0.17636781853155475,0.25132536202250844,통상수용,0.6793647714041243,0.12910778060493588,0.19152744799093976,통상수용,0.6423298095661666,0.1440502623008828,0.21361992813295064,0.6313338001387425,0.14984195381245782,0.2188242460487996
6,kexim_ai_platform,kexim_ai_platform:QMR-009,통상수용,1.0,통상수용,통상수용,True,False,True,통상수용,0.5820938870999929,0.16168892072053143,0.2562171921794757,통상수용,0.7015453623721606,0.11575394902414919,0.18270068860369024,통상수용,0.6399592350483242,0.11869538476934696,0.24134538018232887,0.6411994948401593,0.1320460848380092,0.2267544203218316
6,kexim_ai_platform,kexim_ai_platform:QMR-010,통상수용,1.0,통상수용,통상수용,True,False,True,통상수용,0.46239575286012485,0.19501914218001526,0.3425851049598599,통상수용,0.4880346871845183,0.1479101224091681,0.36405519040631346,통상수용,0.5647081082415487,0.14566326429469104,0.28962862746376034,0.5050461827620639,0.1628641762946248,0.3320896409433112
6,kexim_ai_platform,kexim_ai_platform:QMR-011,통상수용,1.0,통상수용,통상수용,True,False,True,통상수용,0.4367329964080898,0.24826490471467647,0.31500209887723374,통상수용,0.5430465559352171,0.21134441417765343,0.24560902988712946,통상수용,0.41906137282987577,0.27292323414762637,0.3080153930224978,0.46628030839106094,0.2441775176799854,0.28954217392895365
6,kexim_ai_platform,kexim_ai_platform:QMR-012,통상수용,1.0,통상수용,통상수용,True,False,True,통상수용,0.6252800832320752,0.18936039988390418,0.18535951688402064,통상수용,0.7299128414902724,0.14173666247035685,0.12835049603937085,통상수용,0.74251768920065,0.11787292587182248,0.13960938492752759,0.6992368713076659,0.14965666274202785,0.15110646595030638
6,kexim_ai_platform,kexim_ai_platform:SEC-001,통상수용,1.0,계약·질의검토,계약·질의검토,False,False,True,통상수용,0.40989159864323765,0.2022400185283272,0.38786838282843517,통상수용,0.4195386086173092,0.18260810743582045,0.3978532839468704,계약·질의검토,0.3809656893636939,0.19199858781893,0.4270357228173761,0.4034652988747469,0.19228223792769253,0.40425246319756053
6,kexim_ai_platform,kexim_ai_platform:SEC-002,통상수용,1.0,통상수용,통상수용,True,False,True,통상수용,0.5979785188585564,0.16759316648745654,0.2344283146539871,통상수용,0.7312878253729903,0.11105651496808007,0.15765565965892964,통상수용,0.6735419480845429,0.1406157254949493,0.18584232642050777,0.6676027641053631,0.13975513565016195,0.19264210024447484
6,kexim_ai_platform,kexim_ai_platform:SEC-003,통상수용,1.0,통상수용,통상수용,True,False,True,통상수용,0.6242109120677917,0.1720125128355551,0.20377657509665315,통상수용,0.7099648484104508,0.12200347137864909,0.16803168021090015,통상수용,0.737081209418388,0.11421681219557345,0.14870197838603869,0.6904189899655435,0.1360775988032592,0.1735034112311973
6,kexim_ai_platform,kexim_ai_platform:SEC-004,통상수용,1.0,계약·질의검토,계약·질의검토,True,True,False,계약·질의검토,0.3373436148445299,0.2161691692986117,0.44648721585685835,계약·질의검토,0.38579991404621056,0.17952703271406698,0.43467305323972244,계약·질의검토,0.38360041614294427,0.18270570831604954,0.4336938755410061,0.36891464834456156,0.19280063677624273,0.43828471487919557
6,kexim_ai_platform,kexim_ai_platform:SEC-007,통상수용,1.0,계약·질의검토,계약·질의검토,False,False,True,계약·질의검토,0.378371520770139,0.20713514939227118,0.41449332983758974,통상수용,0.41722111832707603,0.17241945545724668,0.4103594262156772,통상수용,0.40881178428042514,0.18260288478580364,0.4085853309337713,0.40146814112588003,0.18738582987844052,0.4111460289956794
6,kexim_ai_platform,kexim_ai_platform:SEC-008,견적반영,1.0,계약·질의검토,계약·질의검토,True,True,False,계약·질의검토,0.21613010727465398,0.3612706050092183,0.42259928771612787,계약·질의검토,0.17122066026567617,0.3543266656860442,0.4744526740482796,계약·질의검토,0.17059510279674991,0.3773341109576928,0.45207078624555724,0.1859819567790267,0.3643104605509851,0.4497075826699883
6,kexim_ai_platform,kexim_ai_platform:SER-002,통상수용,1.0,계약·질의검토,계약·질의검토,True,True,False,계약·질의검토,0.21059959531089614,0.38848455354967654,0.40091585113942735,계약·질의검토,0.1669780681522954,0.3832850716681669,0.44973686017953773,계약·질의검토,0.18632625398050826,0.3917038614038364,0.42196988461565527,0.1879679724812333,0.3878244955405599,0.42420753197820676
6,kexim_ai_platform,kexim_ai_platform:SER-003,계약·질의검토,1.0,계약·질의검토,계약·질의검토,True,False,True,계약·질의검토,0.15181530472958643,0.4209962574825113,0.4271884377879023,계약·질의검토,0.12021382730194549,0.42250857862505997,0.45727759407299456,계약·질의검토,0.10331762135777352,0.4364017604286252,0.46028061821360117,0.1251155844631018,0.4266355321787321,0.448248883358166
6,kexim_ai_platform,kexim_ai_platform:SER-004,계약·질의검토,1.0,계약·질의검토,계약·질의검토,True,False,True,계약·질의검토,0.13246490373509506,0.3794692946191801,0.48806580164572494,계약·질의검토,0.09322536503855298,0.37934386010386945,0.5274307748575776,계약·질의검토,0.11469691152411984,0.3702221503682689,0.5150809381076112,0.1134623934325893,0.37634510169710617,0.5101925048703047
6,kexim_ai_platform,kexim_ai_platform:SYS-001,견적반영,1.0,계약·질의검토,계약·질의검토,True,True,False,계약·질의검토,0.31295940711215486,0.3236762280911934,0.3633643647966518,계약·질의검토,0.24117054498276402,0.2992215987328137,0.45960785628442236,계약·질의검토,0.2915131815294793,0.3381745037260784,0.3703123147444422,0.28188104454146606,0.32035744351669515,0.3977615119418388
6,kexim_ai_platform,kexim_ai_platform:SYS-003,견적반영,1.0,계약·질의검토,계약·질의검토,True,True,False,계약·질의검토,0.30784223165990715,0.2512978691379241,0.4408598992021688,계약·질의검토,0.24993234462771702,0.2115776071682239,0.538490048204059,계약·질의검토,0.2975229479871112,0.2365709499524017,0.465906102060487,0.28509917475824514,0.2331488087528499,0.4817520164889049
6,kexim_ai_platform,kexim_ai_platform:TER-001,통상수용,1.0,통상수용,통상수용,True,False,True,통상수용,0.4896376086675056,0.24292711693783509,0.26743527439465936,통상수용,0.5209838959500342,0.23976465178196968,0.23925145226799605,통상수용,0.47302760962414764,0.26925902446327876,0.2577133659125736,0.49454970474722915,0.25065026439436117,0.2548000308584097
6,kexim_ai_platform,kexim_ai_platform:TER-002,통상수용,1.0,통상수용,통상수용,True,False,True,통상수용,0.5595828080478782,0.1748873064084865,0.2655298855436354,통상수용,0.697986447688447,0.12578661763662677,0.17622693467492628,통상수용,0.5545719659215523,0.18835295795249066,0.25707507612595687,0.6040470738859591,0.16300896066586798,0.23294396544817286
6,kexim_ai_platform,kexim_ai_platform:TER-003,통상수용,1.0,통상수용,통상수용,True,False,True,통상수용,0.4400763248963404,0.26651252719119806,0.2934111479124616,통상수용,0.504660640139084,0.23189081555177876,0.2634485443091372,통상수용,0.4545029729412501,0.3010571183934418,0.24443990866530826,0.46641331265889147,0.2664868203788062,0.26709986696230237
6,kexim_ai_platform,kexim_ai_platform:TER-004,통상수용,1.0,통상수용,통상수용,True,False,True,통상수용,0.5176483590032628,0.1813404259741285,0.30101121502260875,통상수용,0.5413864960814786,0.13977763799084608,0.3188358659276753,통상수용,0.5733702769937774,0.1792650302613455,0.24736469274487702,0.5441350440261729,0.1667943647421067,0.28907059123172035
6,kexim_ai_platform,kexim_ai_platform:TER-005,통상수용,1.0,계약·질의검토,계약·질의검토,True,True,False,계약·질의검토,0.3216573057864696,0.2976281899826182,0.38071450423091213,계약·질의검토,0.30045829891069453,0.264783162856658,0.4347585382326474,계약·질의검토,0.30855177301974407,0.2968270245700952,0.3946212024101607,0.31022245923896935,0.2864127924697905,0.4033647482912401
6,kexim_ai_platform,kexim_ai_platform:TER-006,계약·질의검토,1.0,계약·질의검토,계약·질의검토,True,False,True,계약·질의검토,0.23958714121123473,0.17788962391403573,0.5825232348747295,계약·질의검토,0.1987245607139111,0.14185249451856735,0.6594229447675215,계약·질의검토,0.2603301602386778,0.18119318764924086,0.5584766521120813,0.2328806207212745,0.16697843536061466,0.6001409439181108
6,kexim_ai_platform,kexim_ai_platform:TER-007,통상수용,1.0,통상수용,통상수용,True,False,True,통상수용,0.4638821064282993,0.15087028703004168,0.3852476065416591,통상수용,0.5120157684082293,0.1277057202080909,0.3602785113836798,통상수용,0.5631882654443402,0.12605583320860808,0.3107559013470517,0.5130287134269563,0.13487728014891356,0.35209400642413025
7,koen_ai_infrastructure,koen_ai_infrastructure:CON-001,통상수용,0.0,통상수용,계약·질의검토,False,False,True,계약·질의검토,0.33557241852543734,0.32463499932533885,0.3397925821492237,통상수용,0.34852994355926015,0.3272707921381835,0.3241992643025563,계약·질의검토,0.33557241852543956,0.3246349993253383,0.3397925821492222,0.3398915935367124,0.3255135969296202,0.33459480953366744
7,koen_ai_infrastructure,koen_ai_infrastructure:CON-002,계약·질의검토,0.0,견적반영,견적반영,True,True,False,견적반영,0.29388313807752414,0.4131724135664086,0.29294444835606726,견적반영,0.31851935424938416,0.40364393772749363,0.2778367080231221,견적반영,0.2938831380775266,0.41317241356640777,0.29294444835606553,0.3020952101348116,0.4099962549534366,0.2879085349117516
7,koen_ai_infrastructure,koen_ai_infrastructure:CON-004,통상수용,0.0,통상수용,통상수용,False,False,True,견적반영,0.4089201810933239,0.4098508212910228,0.1812289976156533,통상수용,0.4782803749985348,0.3880186941229889,0.13370093087847626,견적반영,0.40892018109332673,0.40985082129102146,0.1812289976156518,0.43204024572839517,0.40257344556834435,0.16538630870326046
7,koen_ai_infrastructure,koen_ai_infrastructure:COR-001,통상수용,0.0,통상수용,통상수용,True,False,True,통상수용,0.61533810474341,0.18949751197382655,0.19516438328276348,통상수용,0.7217541803874274,0.12634923933263106,0.15189658027994152,통상수용,0.6153381047434122,0.18949751197382558,0.19516438328276223,0.6508101299580832,0.16844808776009437,0.1807417822818224
7,koen_ai_infrastructure,koen_ai_infrastructure:COR-002,통상수용,0.0,통상수용,통상수용,True,False,True,통상수용,0.6863572502359252,0.12880075529700155,0.18484199446707325,통상수용,0.7648772438795371,0.08877984349926936,0.1463429126211935,통상수용,0.686357250235927,0.12880075529700102,0.18484199446707206,0.712530581450463,0.11546045136442397,0.17200896718511294
7,koen_ai_infrastructure,koen_ai_infrastructure:COR-004,통상수용,0.0,통상수용,통상수용,True,False,True,통상수용,0.6724714017942808,0.17009670874993713,0.15743188945578213,통상수용,0.7340775969473446,0.13135590761070634,0.13456649544194912,통상수용,0.6724714017942828,0.1700967087499363,0.157431889455781,0.6930068001786361,0.15718310837019325,0.14981009145117075
7,koen_ai_infrastructure,koen_ai_infrastructure:COR-005,통상수용,0.0,통상수용,통상수용,True,False,True,통상수용,0.5231831876176185,0.29110289290219016,0.18571391948019128,통상수용,0.5839730809141916,0.28004906894560905,0.13597785014019936,통상수용,0.5231831876176216,0.2911028929021884,0.18571391948018998,0.5434464853831439,0.2874182849166625,0.16913522970019354
7,koen_ai_infrastructure,koen_ai_infrastructure:COR-006,통상수용,0.0,통상수용,통상수용,True,False,True,통상수용,0.6695132560063226,0.1195066910305694,0.21098005296310796,통상수용,0.7604780660054054,0.08374757345715468,0.15577436053743995,통상수용,0.6695132560063236,0.11950669103056923,0.2109800529631072,0.6998348593393505,0.10758698517276444,0.19257815548788504
7,koen_ai_infrastructure,koen_ai_infrastructure:DAT-002,통상수용,0.0,견적반영,견적반영,True,True,False,견적반영,0.294058213932322,0.5711668145855968,0.13477497148208123,견적반영,0.3218939341062423,0.5604445857403975,0.11766148015336023,견적반영,0.29405821393232434,0.5711668145855957,0.13477497148207995,0.30333678732362956,0.5675927383038634,0.12907047437250715
7,koen_ai_infrastructure,koen_ai_infrastructure:DAT-003,통상수용,0.0,통상수용,통상수용,True,False,True,통상수용,0.5294110099488174,0.3821540335172111,0.0884349565339716,통상수용,0.5981895146549825,0.34399609192388375,0.05781439342113376,통상수용,0.5294110099488206,0.38215403351720906,0.08843495653397039,0.5523371781842069,0.36943471965276803,0.07822810216302524
7,koen_ai_infrastructure,koen_ai_infrastructure:DAT-004,통상수용,0.0,통상수용,통상수용,True,False,True,통상수용,0.5251811367767177,0.38836052978020247,0.08645833344307975,통상수용,0.5927790939244933,0.3400986768494862,0.06712222922602057,통상수용,0.525181136776721,0.3883605297802004,0.08645833344307859,0.5477137891593107,0.37227324546996304,0.08001296537072629
7,koen_ai_infrastructure,koen_ai_infrastructure:DAT-005,통상수용,0.0,통상수용,통상수용,True,False,True,통상수용,0.5260253820684697,0.3468766171272893,0.127098000804241,통상수용,0.5657445824971508,0.3306756778213508,0.10357973968149839,통상수용,0.5260253820684733,0.34687661712728723,0.12709800080423952,0.5392651155446979,0.3414763040253091,0.11925858042999297
7,koen_ai_infrastructure,koen_ai_infrastructure:DAT-006,통상수용,0.0,통상수용,통상수용,True,False,True,통상수용,0.5310851161907733,0.3471372005855292,0.12177768322369759,통상수용,0.6071955405908107,0.2981998230019202,0.09460463640726904,통상수용,0.5310851161907763,0.3471372005855276,0.1217776832236962,0.5564552576574534,0.3308247413909923,0.11272000095155428
7,koen_ai_infrastructure,koen_ai_infrastructure:FUN-001,견적반영,0.0,견적반영,견적반영,True,False,True,견적반영,0.32811693972310907,0.34802378626130437,0.32385927401558656,견적반영,0.34217345937762345,0.35292750094774616,0.30489903967463033,견적반영,0.32811693972311157,0.3480237862613037,0.3238592740155847,0.3328024462746147,0.3496583578234514,0.31753919590193386
7,koen_ai_infrastructure,koen_ai_infrastructure:FUN-002,견적반영,0.0,견적반영,견적반영,True,False,True,견적반영,0.23656194826041166,0.46431408324841955,0.29912396849116896,견적반영,0.2210811449940025,0.4872510244196082,0.29166783058638923,견적반영,0.23656194826041385,0.46431408324841855,0.2991239684911674,0.23140168050494267,0.4719597303054821,0.2966385891895752
7,koen_ai_infrastructure,koen_ai_infrastructure:FUN-003,견적반영,0.0,견적반영,견적반영,True,False,True,견적반영,0.30229360483906137,0.4684031736157499,0.22930322154518873,견적반영,0.27672464319238294,0.5170525093703797,0.2062228474372373,견적반영,0.3022936048390639,0.46840317361574924,0.2293032215451869,0.2937706176235027,0.48461961886729293,0.22160976350920433
7,koen_ai_infrastructure,koen_ai_infrastructure:FUN-004,견적반영,0.0,견적반영,견적반영,True,False,True,견적반영,0.3284185514991142,0.37528765945722137,0.29629378904366444,견적반영,0.3319828793483565,0.37214723261224564,0.29586988803939784,견적반영,0.32841855149911686,0.37528765945722076,0.2962937890436623,0.32960666078219586,0.37424085050889594,0.2961524887089082
7,koen_ai_infrastructure,koen_ai_infrastructure:FUN-005,통상수용,0.0,통상수용,통상수용,True,False,True,통상수용,0.4732637087374052,0.38220076341527326,0.1445355278473216,통상수용,0.4860656856613552,0.4134472485797241,0.1004870657589208,통상수용,0.473263708737409,0.38220076341527087,0.14453552784732002,0.47753103437872313,0.3926162584700894,0.12985270715118746
7,koen_ai_infrastructure,koen_ai_infrastructure:FUN-007,통상수용,0.0,견적반영,견적반영,True,True,False,견적반영,0.2373895429735652,0.6385995950667295,0.12401086195970526,견적반영,0.20260080130232208,0.6965697126992603,0.10082948599841764,견적반영,0.23738954297356743,0.6385995950667286,0.12401086195970394,0.22579329574981824,0.6579229676109061,0.11628373663927562
7,koen_ai_infrastructure,koen_ai_infrastructure:FUN-008,견적반영,0.0,견적반영,견적반영,True,False,True,견적반영,0.32840575081564644,0.5240453614173669,0.14754888776698669,견적반영,0.33233351191007043,0.5458787304569075,0.12178775763302206,견적반영,0.3284057508156493,0.5240453614173652,0.1475488877669854,0.3297150045137887,0.5313231510972132,0.13896184438899806
7,koen_ai_infrastructure,koen_ai_infrastructure:FUN-009,통상수용,0.0,통상수용,통상수용,True,False,True,통상수용,0.5605912963299337,0.37167065298504914,0.06773805068501722,통상수용,0.6248710574089569,0.32979196529064575,0.04533697730039733,통상수용,0.5605912963299379,0.37167065298504603,0.06773805068501616,0.5820178833562761,0.35771109042024696,0.06027102622347691
7,koen_ai_infrastructure,koen_ai_infrastructure:FUN-010,통상수용,0.0,통상수용,통상수용,True,False,True,통상수용,0.42646043171513687,0.42204380706425787,0.15149576122060512,통상수용,0.44227518368807867,0.4324127505086754,0.125312065803246,통상수용,0.42646043171514103,0.4220438070642555,0.15149576122060343,0.43173201570611885,0.42550012154572964,0.1427678627481515
7,koen_ai_infrastructure,koen_ai_infrastructure:FUN-011,통상수용,0.0,견적반영,견적반영,True,True,False,견적반영,0.3233334388507468,0.4868640527441385,0.18980250840511456,견적반영,0.32173854552592934,0.5213470193179519,0.15691443515611875,견적반영,0.3233334388507497,0.48686405274413724,0.18980250840511304,0.3228018077424753,0.49835837493540924,0.17883981732211543
7,koen_ai_infrastructure,koen_ai_infrastructure:FUN-014,통상수용,0.0,견적반영,견적반영,True,True,False,견적반영,0.21885454508802424,0.5228406685318028,0.258304786380173,견적반영,0.1907597319411501,0.6044490338719307,0.2047912341869192,견적반영,0.21885454508802624,0.5228406685318023,0.25830478638017146,0.2094896073724002,0.550043456978512,0.24046693564908792
7,koen_ai_infrastructure,koen_ai_infrastructure:FUN-015,통상수용,0.0,통상수용,통상수용,True,False,True,통상수용,0.43718904893561356,0.42290597637462035,0.1399049746897661,통상수용,0.48315898848690686,0.4080160403551064,0.1088249711579869,통상수용,0.4371890489356173,0.42290597637461813,0.13990497468976468,0.45251236211937923,0.41794266436811495,0.1295449735125059
7,koen_ai_infrastructure,koen_ai_infrastructure:FUN-016,통상수용,0.0,통상수용,통상수용,True,False,True,통상수용,0.39441907407878624,0.3673281681618721,0.2382527577593416,통상수용,0.40262443486029775,0.39907700237594373,0.1982985627637585,통상수용,0.3944190740787896,0.36732816816187064,0.2382527577593398,0.39715419433929117,0.3779111128998955,0.22493469276081327
7,koen_ai_infrastructure,koen_ai_infrastructure:FUN-017,통상수용,0.0,통상수용,통상수용,True,False,True,통상수용,0.47643500963498037,0.3974946298604333,0.12607036050458625,통상수용,0.5260957936197788,0.3898395707109977,0.08406463566922362,통상수용,0.47643500963498464,0.39749462986043066,0.12607036050458462,0.4929886042965812,0.39494294347728726,0.11206845222613149
7,koen_ai_infrastructure,koen_ai_infrastructure:FUN-018,통상수용,0.0,견적반영,견적반영,True,True,False,견적반영,0.37265060723778115,0.4421877913462265,0.1851616014159924,견적반영,0.4037139351379962,0.4460927260248611,0.15019333883714275,견적반영,0.37265060723778437,0.4421877913462245,0.18516160141599117,0.3830050498711872,0.44348943623910403,0.17350551388970878
7,koen_ai_infrastructure,koen_ai_infrastructure:FUN-019,통상수용,0.0,견적반영,견적반영,True,True,False,견적반영,0.26762623608389535,0.5142811668659006,0.21809259705020417,견적반영,0.3227338527911275,0.4850731756258254,0.1921929715830471,견적반영,0.2676262360838977,0.5142811668658995,0.21809259705020284,0.2859954416529735,0.5045451697858753,0.2094593885611514
7,koen_ai_infrastructure,koen_ai_infrastructure:FUN-020,견적반영,0.0,견적반영,견적반영,True,False,True,견적반영,0.27333946948862603,0.4618454373187873,0.2648150931925867,견적반영,0.32025511283834296,0.4325742161673021,0.24717067099435502,견적반영,0.2733394694886287,0.4618454373187859,0.26481509319258545,0.2889780172718659,0.4520883636016251,0.2589336191265091
7,koen_ai_infrastructure,koen_ai_infrastructure:FUN-021,견적반영,0.0,견적반영,견적반영,True,False,True,견적반영,0.15151245263046423,0.5158462513988705,0.33264129597066516,견적반영,0.1196539473981431,0.5516648449495585,0.32868120765229847,견적반영,0.1515124526304656,0.5158462513988701,0.33264129597066433,0.14089295088635764,0.5277857825824329,0.3313212665312093
7,koen_ai_infrastructure,koen_ai_infrastructure:FUN-022,통상수용,0.0,견적반영,견적반영,True,True,False,견적반영,0.20472811838182192,0.5851629321179983,0.21010894950017978,견적반영,0.18862207687840535,0.6157965549750261,0.19558136814656857,견적반영,0.20472811838182392,0.5851629321179977,0.21010894950017828,0.19935943788068375,0.5953741397370074,0.20526642238230886
7,koen_ai_infrastructure,koen_ai_infrastructure:INT-001,통상수용,0.0,통상수용,통상수용,True,False,True,통상수용,0.350445865134984,0.32171897709078734,0.3278351577742286,통상수용,0.38863125223988665,0.3102529194200314,0.30111582834008205,통상수용,0.3504458651349875,0.32171897709078623,0.3278351577742263,0.3631743275032861,0.3178969578672017,0.31892871462951233
7,koen_ai_infrastructure,koen_ai_infrastructure:INT-002,통상수용,0.0,견적반영,견적반영,True,True,False,견적반영,0.30921514292354657,0.39871399919866696,0.2920708578777865,견적반영,0.3184777400759592,0.3979764245498381,0.2835458353742027,견적반영,0.3092151429235496,0.3987139991986665,0.2920708578777838,0.31230267530768513,0.39846814098239053,0.28922918370992434
7,koen_ai_infrastructure,koen_ai_infrastructure:INT-003,통상수용,0.0,견적반영,견적반영,True,True,False,견적반영,0.34201331218804804,0.425741010760694,0.23224567705125793,견적반영,0.3658516206683935,0.4088724092617689,0.22527597006983752,견적반영,0.34201331218805164,0.42574101076069254,0.23224567705125582,0.3499594150148311,0.4201181435943851,0.22992244139078374
7,koen_ai_infrastructure,koen_ai_infrastructure:PER-001,통상수용,0.0,계약·질의검토,계약·질의검토,False,True,False,견적반영,0.1904539347861681,0.40528397305489994,0.40426209215893205,계약·질의검토,0.19253908776593956,0.3809192841888001,0.4265416280452603,견적반영,0.19045393478616968,0.40528397305489966,0.40426209215893066,0.19114898577942577,0.39716241009953324,0.411688604121041
7,koen_ai_infrastructure,koen_ai_infrastructure:PER-002,견적반영,0.0,계약·질의검토,계약·질의검토,True,True,False,계약·질의검토,0.18302943370863903,0.35960047421098423,0.4573700920803767,계약·질의검토,0.13835005881705437,0.3244286829557669,0.5372212582271788,계약·질의검토,0.18302943370864047,0.35960047421098384,0.4573700920803756,0.16813630874477795,0.3478765437925784,0.48398714746264365
7,koen_ai_infrastructure,koen_ai_infrastructure:PER-003,견적반영,0.0,견적반영,견적반영,True,False,True,견적반영,0.24373344777842978,0.4944638503760491,0.2618027018455211,견적반영,0.2124551219270275,0.5275239173841837,0.2600209606887889,견적반영,0.24373344777843217,0.49446385037604823,0.2618027018455197,0.2333073391612965,0.5054838727120937,0.2612087881266099
7,koen_ai_infrastructure,koen_ai_infrastructure:PER-004,견적반영,0.0,견적반영,견적반영,True,False,True,견적반영,0.163825640042428,0.5030558522734787,0.33311850768409323,견적반영,0.12944940634193375,0.58636666567741,0.2841839279806563,견적반영,0.1638256400424294,0.5030558522734783,0.3331185076840924,0.15236689547559704,0.5308261234081223,0.31680698111628064
7,koen_ai_infrastructure,koen_ai_infrastructure:PMR-001,통상수용,0.0,통상수용,통상수용,True,False,True,통상수용,0.4587516693902135,0.2549413166826651,0.28630701392712143,통상수용,0.47618593891091143,0.23817857187772076,0.2856354892113678,통상수용,0.4587516693902153,0.2549413166826645,0.2863070139271203,0.4645630925637801,0.2493537350810168,0.2860831723552032
7,koen_ai_infrastructure,koen_ai_infrastructure:PMR-002,통상수용,0.0,통상수용,통상수용,True,False,True,통상수용,0.6198461191861477,0.18823403435089855,0.19191984646295376,통상수용,0.704737640720401,0.15056193181995148,0.1447004274596475,통상수용,0.6198461191861497,0.18823403435089767,0.19191984646295254,0.6481432930308996,0.17567666684058258,0.17618004012851796
7,koen_ai_infrastructure,koen_ai_infrastructure:PMR-003,통상수용,0.0,통상수용,계약·질의검토,False,False,True,통상수용,0.40083035321572236,0.20436238564996742,0.3948072611343102,계약·질의검토,0.39447999759150687,0.20817603070298743,0.3973439717055057,통상수용,0.40083035321572363,0.2043623856499671,0.3948072611343093,0.39871356800765095,0.20563360066764066,0.39565283132470846
7,koen_ai_infrastructure,koen_ai_infrastructure:PMR-005,통상수용,0.0,통상수용,통상수용,True,False,True,통상수용,0.4565668914346398,0.22870574054451562,0.3147273680208445,통상수용,0.4589500249771996,0.21786572247986602,0.32318425254293437,통상수용,0.4565668914346416,0.22870574054451498,0.3147273680208435,0.4573612692821603,0.22509240118963222,0.3175463295282075
7,koen_ai_infrastructure,koen_ai_infrastructure:PMR-006,통상수용,0.0,통상수용,통상수용,True,False,True,통상수용,0.6691774167747231,0.12719212484176734,0.2036304583835096,통상수용,0.7574887936445603,0.10345190674161052,0.13905929961382923,통상수용,0.6691774167747255,0.12719212484176648,0.20363045838350802,0.698614542398003,0.11927871880838144,0.1821067387936156
7,koen_ai_infrastructure,koen_ai_infrastructure:PMR-009,통상수용,0.0,통상수용,통상수용,True,False,True,통상수용,0.6064314667515192,0.1698319552127387,0.2237365780357422,통상수용,0.679952361848756,0.13029575609770352,0.18975188205354052,통상수용,0.6064314667515208,0.1698319552127381,0.22373657803574104,0.630938431783932,0.15665322217439345,0.21240834604167458
7,koen_ai_infrastructure,koen_ai_infrastructure:PMR-010,통상수용,0.0,통상수용,통상수용,True,False,True,통상수용,0.4428275413075658,0.13360159097471253,0.4235708677177218,통상수용,0.5039963382697358,0.10009100044285488,0.3959126612874093,통상수용,0.44282754130756596,0.13360159097471205,0.42357086771772207,0.46321714029495586,0.12243139413075982,0.41435146557428437
7,koen_ai_infrastructure,koen_ai_infrastructure:PMR-011,통상수용,0.0,통상수용,통상수용,True,False,True,통상수용,0.7185725621657784,0.12203985679110453,0.15938758104311707,통상수용,0.7847526151605477,0.09188897897806214,0.12335840586139028,통상수용,0.7185725621657801,0.12203985679110382,0.15938758104311607,0.740632579830702,0.11198956418675683,0.14737785598254113
7,koen_ai_infrastructure,koen_ai_infrastructure:PMR-012,견적반영,0.0,통상수용,통상수용,True,True,False,통상수용,0.5928439314695138,0.16721433877561834,0.23994172975486788,통상수용,0.6931134401404409,0.1225460205778434,0.1843405392817158,통상수용,0.5928439314695165,0.16721433877561726,0.23994172975486622,0.6262671010264903,0.15232489937635965,0.22140799959714996
7,koen_ai_infrastructure,koen_ai_infrastructure:PMR-013,통상수용,0.0,통상수용,통상수용,True,False,True,통상수용,0.5955656206990023,0.15249000454563771,0.25194437475535997,통상수용,0.6336432570973201,0.14434072439925189,0.22201601850342806,통상수용,0.5955656206990043,0.15249000454563696,0.2519443747553587,0.6082581661651089,0.14977357783017553,0.24196825600471558
7,koen_ai_infrastructure,koen_ai_infrastructure:PMR-014,통상수용,0.0,통상수용,통상수용,True,False,True,통상수용,0.5643857715875934,0.23024531268907136,0.20536891572333524,통상수용,0.5381860314026085,0.2587701391971561,0.2030438294002355,통상수용,0.5643857715875961,0.23024531268907014,0.20536891572333385,0.555652524859266,0.23975358819176584,0.20459388694896818
7,koen_ai_infrastructure,koen_ai_infrastructure:PMR-015,계약·질의검토,0.0,통상수용,계약·질의검토,False,False,True,통상수용,0.43904069029513354,0.14286316914030237,0.41809614056456423,계약·질의검토,0.41868914233891225,0.1401085563023453,0.44120230135874244,통상수용,0.43904069029513526,0.14286316914030175,0.41809614056456307,0.43225684097639366,0.14194496486098315,0.42579819416262327
7,koen_ai_infrastructure,koen_ai_infrastructure:PMR-016,계약·질의검토,0.0,계약·질의검토,계약·질의검토,True,False,True,계약·질의검토,0.3055059226558941,0.12883484765939374,0.5656592296847122,계약·질의검토,0.32801717006093895,0.10258435799192467,0.5693984719471364,계약·질의검토,0.30550592265589444,0.12883484765939338,0.5656592296847123,0.31300967179090916,0.12008468443690394,0.566905643772187
7,koen_ai_infrastructure,koen_ai_infrastructure:PMR-017,계약·질의검토,0.0,계약·질의검토,계약·질의검토,True,False,True,계약·질의검토,0.35956694540349754,0.1498101057384349,0.4906229488580674,계약·질의검토,0.3541551072926279,0.10806840919815101,0.537776483509221,계약·질의검토,0.35956694540349815,0.14981010573843434,0.4906229488580674,0.3577629993665412,0.13589620689167342,0.5063407937417853
7,koen_ai_infrastructure,koen_ai_infrastructure:PMR-018,통상수용,0.0,통상수용,통상수용,True,False,True,통상수용,0.6403670507235972,0.15623309417648076,0.20339985509992198,통상수용,0.7344159914991485,0.11491774309823435,0.15066626540261716,통상수용,0.6403670507235986,0.1562330941764802,0.20339985509992123,0.6717166976487814,0.14246131048373178,0.1858219918674868
7,koen_ai_infrastructure,koen_ai_infrastructure:PMR-019,통상수용,0.0,통상수용,통상수용,True,False,True,통상수용,0.567387560120707,0.12694080353315626,0.30567163634613675,통상수용,0.6845868348309749,0.09214263760116131,0.22327052756786384,통상수용,0.5673875601207081,0.1269408035331558,0.30567163634613603,0.6064539850241301,0.11534141488915779,0.2782046000867122
7,koen_ai_infrastructure,koen_ai_infrastructure:PMR-020,통상수용,0.0,통상수용,통상수용,True,False,True,통상수용,0.49054138070238507,0.18713043037678165,0.32232818892083337,통상수용,0.5432068955984959,0.15585594334242528,0.30093716105907886,통상수용,0.490541380702386,0.18713043037678115,0.32232818892083287,0.5080965523344223,0.17670560136532934,0.31519784630024833
7,koen_ai_infrastructure,koen_ai_infrastructure:PMR-021,통상수용,0.0,통상수용,통상수용,True,False,True,통상수용,0.4267210313455692,0.30010313113084663,0.2731758375235842,통상수용,0.45415942899192163,0.282292018450535,0.26354855255754345,통상수용,0.4267210313455708,0.30010313113084575,0.2731758375235834,0.4358671638943539,0.29416609357074247,0.26996674253490366
7,koen_ai_infrastructure,koen_ai_infrastructure:PMR-022,견적반영,0.0,통상수용,통상수용,True,True,False,통상수용,0.391419239824481,0.3019003592055321,0.30668040096998683,통상수용,0.4401434934442565,0.2842086296722699,0.2756478768834736,통상수용,0.3914192398244821,0.3019003592055313,0.30668040096998667,0.4076606576977399,0.2960031160277778,0.29633622627448236
7,koen_ai_infrastructure,koen_ai_infrastructure:PMR-07,통상수용,0.0,통상수용,통상수용,True,False,True,통상수용,0.630095646737814,0.19437033551045443,0.17553401775173155,통상수용,0.6918188698376138,0.17470964933506536,0.13347148082732077,통상수용,0.6300956467378163,0.19437033551045332,0.17553401775173044,0.6506700544377481,0.18781677345199102,0.16151317211026092
7,koen_ai_infrastructure,koen_ai_infrastructure:PMR-08,통상수용,0.0,통상수용,통상수용,True,False,True,통상수용,0.6712431994647204,0.1439842993946502,0.1847725011406293,통상수용,0.758753679618993,0.10256629499272636,0.13868002538828061,통상수용,0.6712431994647221,0.14398429939464957,0.18477250114062832,0.7004133595161451,0.13017829792734206,0.16940834255651271
7,koen_ai_infrastructure,koen_ai_infrastructure:PSR-001,통상수용,0.0,통상수용,통상수용,True,False,True,통상수용,0.5328772259389626,0.2221757482708742,0.24494702579016325,통상수용,0.5929477206411152,0.18632288464424418,0.2207293947146405,통상수용,0.5328772259389646,0.2221757482708734,0.24494702579016198,0.5529007241730142,0.2102247937286639,0.23687448209832188
7,koen_ai_infrastructure,koen_ai_infrastructure:PSR-002,통상수용,0.0,통상수용,통상수용,True,False,True,통상수용,0.42176414684316216,0.20497416414596412,0.3732616890108737,통상수용,0.4751503907488409,0.17690523376186354,0.3479443754892955,통상수용,0.4217641468431634,0.20497416414596364,0.3732616890108729,0.43955956147838887,0.19561785401793044,0.3648225845036807
7,koen_ai_infrastructure,koen_ai_infrastructure:PSR-003,통상수용,0.0,통상수용,통상수용,True,False,True,통상수용,0.516594502815586,0.16225948535894896,0.3211460118254651,통상수용,0.5811704053293428,0.116010315415411,0.3028192792552462,통상수용,0.5165945028155879,0.1622594853589484,0.32114601182546365,0.5381198036535055,0.14684309537776946,0.315037100968725
7,koen_ai_infrastructure,koen_ai_infrastructure:PSR-004,계약·질의검토,0.0,계약·질의검토,계약·질의검토,True,False,True,계약·질의검토,0.3249259333931473,0.16846507659285057,0.5066089900140022,계약·질의검토,0.3260798193291909,0.13320860395328477,0.5407115767175242,계약·질의검토,0.32492593339314846,0.16846507659285034,0.5066089900140012,0.32531056203849557,0.15671291904632856,0.5179765189151758
7,koen_ai_infrastructure,koen_ai_infrastructure:PSR-005,통상수용,0.0,통상수용,통상수용,True,False,True,통상수용,0.6146414930149332,0.19576097773987483,0.18959752924519194,통상수용,0.6713119363680554,0.16125653389652336,0.16743152973542125,통상수용,0.6146414930149351,0.19576097773987416,0.18959752924519074,0.6335316407993079,0.18425949645875747,0.18220886274193462
7,koen_ai_infrastructure,koen_ai_infrastructure:PSR-006,통상수용,0.0,통상수용,통상수용,True,False,True,통상수용,0.566558288557864,0.2511518297963079,0.18228988164582807,통상수용,0.6535939236402359,0.19808070923261833,0.14832536712714567,통상수용,0.5665582885578657,0.2511518297963073,0.18228988164582696,0.5955701669186553,0.23346145627507786,0.1709683768062669
7,koen_ai_infrastructure,koen_ai_infrastructure:PSR-008,통상수용,0.0,계약·질의검토,계약·질의검토,True,True,False,계약·질의검토,0.40244917008930803,0.15684774734939286,0.4407030825612991,계약·질의검토,0.4222635646396603,0.13933470399238265,0.438401731367957,계약·질의검토,0.4024491700893091,0.15684774734939236,0.4407030825612986,0.40905396827275914,0.1510100662303893,0.43993596549685154
7,koen_ai_infrastructure,koen_ai_infrastructure:PSR-009,통상수용,0.0,통상수용,통상수용,True,False,True,통상수용,0.5270018031721999,0.2299216656819127,0.2430765311458874,통상수용,0.5663094089822203,0.19894850209144413,0.23474208892633563,통상수용,0.5270018031722026,0.22992166568191166,0.24307653114588582,0.5401043384422076,0.21959727781842284,0.24029838373936963
7,koen_ai_infrastructure,koen_ai_infrastructure:PSR-010,통상수용,0.0,계약·질의검토,계약·질의검토,True,True,False,계약·질의검토,0.24660910151461338,0.1512452606959385,0.6021456377894482,계약·질의검토,0.23304198632493395,0.1422165406150386,0.6247414730600275,계약·질의검토,0.246609101514614,0.1512452606959381,0.602145637789448,0.24208672978472046,0.1482356873356384,0.6096775828796411
7,koen_ai_infrastructure,koen_ai_infrastructure:PSR-07,계약·질의검토,0.0,계약·질의검토,계약·질의검토,True,False,True,계약·질의검토,0.26199114640561577,0.14215300836281017,0.5958558452315742,계약·질의검토,0.20086141570627275,0.11480248531962219,0.6843360989741051,계약·질의검토,0.261991146405616,0.14215300836280959,0.5958558452315744,0.24161456950583485,0.13303616734841398,0.6253492631457512
7,koen_ai_infrastructure,koen_ai_infrastructure:QUR-001,통상수용,0.0,통상수용,통상수용,True,False,True,통상수용,0.6995813347041283,0.11997284635502471,0.18044581894084685,통상수용,0.8141338265820721,0.07502363788785724,0.11084253553007072,통상수용,0.6995813347041309,0.11997284635502373,0.18044581894084546,0.7377654986634438,0.10498977686596855,0.15724472447058768
7,koen_ai_infrastructure,koen_ai_infrastructure:QUR-002,통상수용,0.0,통상수용,통상수용,True,False,True,통상수용,0.6211731423608889,0.16723318999447498,0.21159366764463605,통상수용,0.7579745839526812,0.10661282290221895,0.13541259314509982,통상수용,0.6211731423608915,0.16723318999447417,0.21159366764463436,0.6667736228914872,0.1470264009637227,0.18619997614479009
7,koen_ai_infrastructure,koen_ai_infrastructure:QUR-003,통상수용,0.0,통상수용,통상수용,True,False,True,통상수용,0.7364826159226129,0.1310308989131088,0.13248648516427824,통상수용,0.8218147550315932,0.08845017999578353,0.0897350649726233,통상수용,0.7364826159226153,0.13103089891310787,0.1324864851642768,0.7649266622922738,0.11683732594066672,0.11823601176705945
7,koen_ai_infrastructure,koen_ai_infrastructure:QUR-004,통상수용,0.0,통상수용,통상수용,True,False,True,통상수용,0.5528158779509811,0.23935282221489756,0.2078312998341213,통상수용,0.5655440678579396,0.2143184381495095,0.22013749399255086,통상수용,0.5528158779509831,0.23935282221489668,0.2078312998341203,0.557058607919968,0.23100802752643457,0.2119333645535975
7,koen_ai_infrastructure,koen_ai_infrastructure:QUR-005,통상수용,0.0,통상수용,통상수용,True,False,True,통상수용,0.621883458934589,0.17012100217070958,0.2079955388947014,통상수용,0.712657422367635,0.13125152577687393,0.15609105185549113,통상수용,0.6218834589345916,0.17012100217070872,0.20799553889469974,0.6521414467456051,0.15716451003943074,0.1906940432149641
7,koen_ai_infrastructure,koen_ai_infrastructure:QUR-006,통상수용,0.0,통상수용,통상수용,True,False,True,통상수용,0.6890569022707091,0.1377082772719418,0.17323482045734917,통상수용,0.783976217460512,0.09562181823159782,0.12040196430789005,통상수용,0.6890569022707124,0.13770827727194035,0.1732348204573473,0.7206966740006445,0.12367945759182665,0.15562386840752884
7,koen_ai_infrastructure,koen_ai_infrastructure:QUR-008,통상수용,0.0,통상수용,통상수용,True,False,True,통상수용,0.4480505944922599,0.14219755247250823,0.40975185303523176,통상수용,0.5411328671186233,0.09389272929601236,0.36497440358536437,통상수용,0.44805059449226137,0.14219755247250762,0.40975185303523093,0.47907801870104816,0.1260959447470094,0.3948260365519423
7,koen_ai_infrastructure,koen_ai_infrastructure:QUR-009,통상수용,0.0,통상수용,통상수용,True,False,True,통상수용,0.6991777967148708,0.2057701232782726,0.09505208000685665,통상수용,0.7518118290466206,0.16419256326914547,0.08399560768423388,통상수용,0.6991777967148737,0.20577012327827096,0.09505208000685539,0.7167224741587884,0.19191093660856298,0.09136658923264863
7,koen_ai_infrastructure,koen_ai_infrastructure:QUR-010,통상수용,0.0,통상수용,통상수용,True,False,True,통상수용,0.6353757690766653,0.17708963389030216,0.18753459703303257,통상수용,0.6937678959874579,0.14143812005610146,0.16479398395644052,통상수용,0.6353757690766672,0.1770896338903016,0.18753459703303124,0.6548398113802634,0.16520579594556842,0.1799543926741681
7,koen_ai_infrastructure,koen_ai_infrastructure:QUR-011,통상수용,0.0,통상수용,통상수용,True,False,True,통상수용,0.6886441657904708,0.1791994795691078,0.1321563546404215,통상수용,0.7121124514062599,0.19365431340953748,0.09423323518420261,통상수용,0.6886441657904732,0.17919947956910667,0.1321563546404202,0.6964669276624013,0.1840177575159173,0.11951531482168143
7,koen_ai_infrastructure,koen_ai_infrastructure:QUR-012,통상수용,0.0,통상수용,통상수용,True,False,True,통상수용,0.3668832908992721,0.35652118923777054,0.27659551986295733,통상수용,0.4008673448099011,0.3514484644373276,0.24768419075277134,통상수용,0.3668832908992743,0.3565211892377698,0.27659551986295583,0.3782113088694825,0.354830280970956,0.2669584101595615
7,koen_ai_infrastructure,koen_ai_infrastructure:SER-001,통상수용,0.0,통상수용,통상수용,True,False,True,통상수용,0.4911174393198806,0.2027510689487075,0.30613149173141174,통상수용,0.5279294190099992,0.18579026017737854,0.2862803208126222,통상수용,0.4911174393198818,0.20275106894870698,0.30613149173141124,0.5033880992165872,0.19709746602493103,0.2995144347584817
7,koen_ai_infrastructure,koen_ai_infrastructure:SER-002,통상수용,0.0,통상수용,통상수용,True,False,True,통상수용,0.42969085695712844,0.3363804676941061,0.2339286753487654,통상수용,0.4773417982635162,0.2938691292124904,0.22878907252399347,통상수용,0.429690856957131,0.336380467694105,0.23392867534876405,0.4455745040592585,0.3222100215335672,0.2322154744071743
7,koen_ai_infrastructure,koen_ai_infrastructure:SER-003,통상수용,0.0,계약·질의검토,계약·질의검토,True,True,False,계약·질의검토,0.4020773949023069,0.16178840917610243,0.43613419592159075,계약·질의검토,0.4262850707402287,0.13258818779238932,0.441126741467382,계약·질의검토,0.40207739490230804,0.16178840917610202,0.4361341959215899,0.4101466201816146,0.1520550020481979,0.43779837777018754
7,koen_ai_infrastructure,koen_ai_infrastructure:SER-005,통상수용,0.0,통상수용,통상수용,True,False,True,통상수용,0.4431060944015261,0.2679244426586556,0.28896946293981834,통상수용,0.48422699538150993,0.24942033658226404,0.26635266803622587,통상수용,0.44310609440152926,0.26792444265865445,0.2889694629398163,0.4568130613948551,0.261756407299858,0.28143053130528684
7,koen_ai_infrastructure,koen_ai_infrastructure:SER-008,통상수용,0.0,통상수용,통상수용,True,False,True,통상수용,0.5841082207560794,0.18577719675343632,0.23011458249048428,통상수용,0.6534474440324926,0.14973966459142837,0.19681289137607907,통상수용,0.5841082207560817,0.1857771967534354,0.23011458249048292,0.6072212951815512,0.1737646860327667,0.21901401878568208
7,koen_ai_infrastructure,koen_ai_infrastructure:SER-009,통상수용,0.0,통상수용,통상수용,True,False,True,통상수용,0.4633702203269202,0.24576311691902789,0.29086666275405193,통상수용,0.45099026438760664,0.2145902435798958,0.3344194920324974,통상수용,0.4633702203269223,0.24576311691902733,0.2908666627540504,0.4592435683471497,0.235372159139317,0.30538427251353323
7,koen_ai_infrastructure,koen_ai_infrastructure:SER-06,통상수용,0.0,통상수용,통상수용,True,False,True,통상수용,0.5688946084569891,0.18798220574368538,0.2431231857993255,통상수용,0.6174937847420642,0.15495054637445854,0.2275556688834772,통상수용,0.5688946084569919,0.18798220574368443,0.24312318579932354,0.5850943338853484,0.17697165262060943,0.23793401349404208
7,koen_ai_infrastructure,koen_ai_infrastructure:TST-002,계약·질의검토,0.0,계약·질의검토,계약·질의검토,False,False,True,견적반영,0.21592264822140125,0.39230243442899626,0.39177491734960246,계약·질의검토,0.16448526382873305,0.40366971011876573,0.4318450260525012,견적반영,0.21592264822140297,0.3923024344289962,0.3917749173496008,0.19877685342384577,0.39609152632558603,0.40513162025056815
7,koen_ai_infrastructure,koen_ai_infrastructure:TST-003,통상수용,0.0,통상수용,통상수용,True,False,True,통상수용,0.4927333173726035,0.2739032239221617,0.2333634587052349,통상수용,0.4763921788762846,0.298498370615243,0.22510945050847242,통상수용,0.49273331737260634,0.2739032239221605,0.23336345870523326,0.48728627120716483,0.2821016061531884,0.23061212263964684
8,korail_genai_isp_ismp,korail_genai_isp_ismp:COR-001,통상수용,0.0,통상수용,통상수용,True,False,True,통상수용,0.47548189973007404,0.13741800920457872,0.38710009106534726,통상수용,0.465502306798374,0.10180504380406476,0.4326926493975612,통상수용,0.475481899730074,0.13741800920457886,0.3871000910653473,0.47215536875284064,0.1255470207377408,0.40229761050941854
8,korail_genai_isp_ismp,korail_genai_isp_ismp:COR-002,계약·질의검토,0.0,통상수용,통상수용,True,True,False,통상수용,0.5024738884169461,0.17265162225146644,0.3248744893315876,통상수용,0.5781458362736509,0.1446911373015296,0.27716302642481944,통상수용,0.5024738884169461,0.17265162225146652,0.32487448933158747,0.5276978710358476,0.16333146060148754,0.30897066836266485
8,korail_genai_isp_ismp,korail_genai_isp_ismp:COR-003,계약·질의검토,0.0,계약·질의검토,계약·질의검토,True,False,True,계약·질의검토,0.29406063937035637,0.14064077018996723,0.5652985904396763,계약·질의검토,0.257583549509573,0.12477651665061706,0.61763993383981,계약·질의검토,0.29406063937035637,0.1406407701899673,0.5652985904396763,0.2819016094167619,0.13535268567685052,0.5827457049063876
8,korail_genai_isp_ismp,korail_genai_isp_ismp:CSR-002,통상수용,0.0,통상수용,계약·질의검토,False,False,True,통상수용,0.3817325144958737,0.27481204903104395,0.34345543647308235,계약·질의검토,0.34942315741148133,0.2936763598302854,0.35690048275823316,통상수용,0.38173251449587364,0.2748120490310441,0.34345543647308224,0.3709627288010762,0.2811001526307912,0.3479371185681326
8,korail_genai_isp_ismp,korail_genai_isp_ismp:CSR-004,통상수용,0.0,견적반영,견적반영,True,True,False,견적반영,0.38018155127791703,0.3854967072562805,0.23432174146580245,견적반영,0.3877220076851911,0.4031105926327942,0.20916739968201464,견적반영,0.380181551277917,0.3854967072562806,0.23432174146580237,0.3826950367470084,0.3913680023817851,0.22593696087120652
8,korail_genai_isp_ismp,korail_genai_isp_ismp:CSR-005,통상수용,0.0,통상수용,통상수용,True,False,True,통상수용,0.4552416632478465,0.2264049409245322,0.3183533958276213,통상수용,0.4536352670678217,0.19441672253653078,0.35194801039564744,통상수용,0.4552416632478465,0.2264049409245323,0.3183533958276211,0.4547061978545049,0.2157422014618651,0.32955160068362993
8,korail_genai_isp_ismp,korail_genai_isp_ismp:CSR-006,통상수용,0.0,통상수용,통상수용,True,False,True,통상수용,0.44341483045084007,0.2868280117148842,0.2697571578342756,통상수용,0.41332232904465704,0.29594485419707856,0.29073281675826446,통상수용,0.44341483045084007,0.2868280117148844,0.26975715783427556,0.4333839966487791,0.28986695920894906,0.27674904414227186
8,korail_genai_isp_ismp,korail_genai_isp_ismp:CSR-007,견적반영,0.0,통상수용,통상수용,True,True,False,통상수용,0.40737286162095526,0.29526121125123006,0.2973659271278146,통상수용,0.4516583009477626,0.2564233576505054,0.29191834140173206,통상수용,0.40737286162095515,0.2952612112512302,0.29736592712781457,0.422134674729891,0.28231526005098856,0.2955500652191205
8,korail_genai_isp_ismp,korail_genai_isp_ismp:CSR-008,견적반영,0.0,견적반영,견적반영,True,False,True,견적반영,0.2798978118035471,0.37195921985913977,0.34814296833731306,견적반영,0.21570402261512014,0.44079854898595455,0.34349742839892533,견적반영,0.2798978118035471,0.3719592198591398,0.34814296833731306,0.25849988207407143,0.3949056629014114,0.3465944550245171
8,korail_genai_isp_ismp,korail_genai_isp_ismp:CSR-010,통상수용,0.0,통상수용,통상수용,True,False,True,통상수용,0.4314587747672161,0.30913415475831885,0.259407070474465,통상수용,0.432045428566641,0.33577746001409065,0.2321771114192683,통상수용,0.4314587747672161,0.309134154758319,0.25940707047446493,0.4316543260336911,0.3180152565102428,0.2503304174560661
8,korail_genai_isp_ismp,korail_genai_isp_ismp:CSR-012,견적반영,0.0,계약·질의검토,계약·질의검토,True,True,False,계약·질의검토,0.34738441736806286,0.23328821747068929,0.4193273651612478,계약·질의검토,0.38180484438681717,0.18006338258928883,0.4381317730238941,계약·질의검토,0.3473844173680628,0.23328821747068942,0.41932736516124774,0.358857893040981,0.21554660584355587,0.42559550111546324
8,korail_genai_isp_ismp,korail_genai_isp_ismp:CSR-013,통상수용,0.0,통상수용,통상수용,True,False,True,통상수용,0.4545292627695557,0.2940463434159059,0.2514243938145383,통상수용,0.509867445373989,0.2558119562772125,0.23432059834879854,통상수용,0.45452926276955563,0.29404634341590613,0.2514243938145383,0.4729753236377001,0.28130154770300814,0.24572312865929172
8,korail_genai_isp_ismp,korail_genai_isp_ismp:DAR-001,통상수용,0.0,통상수용,통상수용,True,False,True,통상수용,0.5937047015333403,0.2631544604730179,0.14314083799364172,통상수용,0.6712710708262873,0.23085976309276102,0.0978691660809516,통상수용,0.5937047015333403,0.263154460473018,0.1431408379936417,0.6195601579643226,0.2523895613462656,0.12805028068941168
8,korail_genai_isp_ismp,korail_genai_isp_ismp:DAR-002,통상수용,0.0,통상수용,통상수용,True,False,True,통상수용,0.5428432459514198,0.3018305480099683,0.15532620603861197,통상수용,0.6408114115543762,0.2584051776762234,0.10078341076940052,통상수용,0.5428432459514195,0.30183054800996845,0.155326206038612,0.5754993011524051,0.2873554245653867,0.13714527428220816
8,korail_genai_isp_ismp,korail_genai_isp_ismp:DAR-003,통상수용,0.0,통상수용,통상수용,True,False,True,통상수용,0.5555564182760514,0.24804363962777862,0.19639994209617004,통상수용,0.6258873396371378,0.2056739083048839,0.16843875205797817,통상수용,0.5555564182760514,0.24804363962777867,0.19639994209616995,0.5790000587297469,0.23392039585348037,0.1870795454167727
8,korail_genai_isp_ismp,korail_genai_isp_ismp:DAR-004,통상수용,0.0,통상수용,통상수용,True,False,True,통상수용,0.4492183582470228,0.29286566171361933,0.257915980039358,통상수용,0.5012796724363444,0.26652829160129765,0.23219203596235802,통상수용,0.4492183582470226,0.2928656617136194,0.2579159800393579,0.4665721296434633,0.2840865383428455,0.24934133201369132
8,korail_genai_isp_ismp,korail_genai_isp_ismp:DAR-005,통상수용,0.0,통상수용,통상수용,True,False,True,통상수용,0.530781884531232,0.30863566728536024,0.16058244818340767,통상수용,0.5628714271974027,0.29741227966648465,0.1397162931361126,통상수용,0.530781884531232,0.3086356672853604,0.16058244818340767,0.5414783987532888,0.30489453807906847,0.15362706316764266
8,korail_genai_isp_ismp,korail_genai_isp_ismp:DAR-007,견적반영,0.0,견적반영,견적반영,True,False,True,견적반영,0.2935840210526988,0.4307111901831312,0.27570478876417004,견적반영,0.27758204933680347,0.47663866849054404,0.24577928217265246,견적반영,0.29358402105269876,0.43071119018313136,0.27570478876417,0.28825003048073367,0.4460203496189355,0.2657296199003308
8,korail_genai_isp_ismp,korail_genai_isp_ismp:DAR-008,통상수용,0.0,통상수용,통상수용,True,False,True,통상수용,0.6551723250870004,0.1756058162552318,0.1692218586577678,통상수용,0.7312905992837999,0.13799282054801365,0.13071658016818655,통상수용,0.6551723250870002,0.17560581625523194,0.16922185865776784,0.6805450831526002,0.16306815101949246,0.1563867658279074
8,korail_genai_isp_ismp,korail_genai_isp_ismp:DAR-009,통상수용,0.0,통상수용,통상수용,True,False,True,통상수용,0.544150084221789,0.2568366301730869,0.19901328560512405,통상수용,0.6191375539620585,0.22429688552222063,0.1565655605157208,통상수용,0.5441500842217891,0.256836630173087,0.19901328560512394,0.5691459074685455,0.24599004862279816,0.18486404390865627
8,korail_genai_isp_ismp,korail_genai_isp_ismp:PMR-001,통상수용,0.0,통상수용,통상수용,True,False,True,통상수용,0.4272033136753484,0.26573195714633846,0.3070647291783131,통상수용,0.48389469574821026,0.2288938668455034,0.28721143740628624,통상수용,0.42720331367534825,0.2657319571463386,0.3070647291783131,0.446100441032969,0.2534525937127268,0.3004469652543042
8,korail_genai_isp_ismp,korail_genai_isp_ismp:PMR-002,견적반영,0.0,통상수용,통상수용,True,True,False,통상수용,0.44699391544845546,0.30690880816868593,0.2460972763828586,통상수용,0.47220795296416923,0.321501469484368,0.20629057755146285,통상수용,0.4469939154484553,0.30690880816868615,0.2460972763828586,0.45539859462036,0.3117730286072467,0.23282837677239335
8,korail_genai_isp_ismp,korail_genai_isp_ismp:PMR-003,통상수용,0.0,통상수용,통상수용,True,False,True,통상수용,0.4939547265787462,0.2709962047802295,0.2350490686410243,통상수용,0.5420632496312512,0.25955343625234917,0.19838331411639967,통상수용,0.49395472657874595,0.2709962047802297,0.23504906864102432,0.5099909009295812,0.26718194860426947,0.22282715046614943
8,korail_genai_isp_ismp,korail_genai_isp_ismp:PMR-004,통상수용,0.0,통상수용,통상수용,True,False,True,통상수용,0.5392584391568682,0.17386280409595195,0.28687875674717983,통상수용,0.5959118803286407,0.15625178842118684,0.2478363312501725,통상수용,0.5392584391568681,0.17386280409595206,0.28687875674717983,0.5581429195474591,0.16799246553769698,0.27386461491484404
8,korail_genai_isp_ismp,korail_genai_isp_ismp:PMR-006,통상수용,0.0,통상수용,통상수용,True,False,True,통상수용,0.5456430593582209,0.2066390043478427,0.24771793629393643,통상수용,0.6150640684551053,0.1744324090811468,0.21050352246374787,통상수용,0.5456430593582207,0.20663900434784285,0.24771793629393643,0.568783395723849,0.19590347259227744,0.23531313168387358
8,korail_genai_isp_ismp,korail_genai_isp_ismp:PMR-007,통상수용,0.0,통상수용,통상수용,True,False,True,통상수용,0.47525091094753374,0.13316992142730802,0.39157916762515826,통상수용,0.5184443177453334,0.1148709299227505,0.36668475233191616,통상수용,0.47525091094753374,0.13316992142730816,0.39157916762515826,0.489648713213467,0.12707025759245558,0.3832810291940776
8,korail_genai_isp_ismp,korail_genai_isp_ismp:PMR-008,통상수용,0.0,통상수용,통상수용,True,False,True,통상수용,0.5855143150980914,0.13183934843961306,0.2826463364622956,통상수용,0.6599707483457371,0.11436016966742009,0.2256690819868428,통상수용,0.5855143150980913,0.1318393484396132,0.2826463364622955,0.6103331261806398,0.12601295551554878,0.2636539183038113
8,korail_genai_isp_ismp,korail_genai_isp_ismp:PMR-009,통상수용,0.0,통상수용,통상수용,True,False,True,통상수용,0.6444717652218294,0.18804796502541074,0.16748026975275995,통상수용,0.7506328430188625,0.12921154102005722,0.12015561596108039,통상수용,0.6444717652218294,0.18804796502541077,0.16748026975275987,0.6798587911541737,0.1684358236902929,0.15170538515553342
8,korail_genai_isp_ismp,korail_genai_isp_ismp:PMR-011,통상수용,0.0,통상수용,통상수용,True,False,True,통상수용,0.6760279420427916,0.10089044916044251,0.22308160879676592,통상수용,0.7387626700971334,0.07674769952704992,0.18448963037581673,통상수용,0.6760279420427915,0.1008904491604426,0.2230816087967659,0.6969395180609054,0.09284286594931168,0.21021761598978284
8,korail_genai_isp_ismp,korail_genai_isp_ismp:PSR-002,계약·질의검토,0.0,계약·질의검토,계약·질의검토,True,False,True,계약·질의검토,0.32083816059238623,0.16905543011083987,0.510106409296774,계약·질의검토,0.2929021374679171,0.1294535372561754,0.5776443252759076,계약·질의검토,0.32083816059238623,0.16905543011083998,0.5101064092967739,0.31152615288422986,0.1558547991592851,0.5326190479564851
8,korail_genai_isp_ismp,korail_genai_isp_ismp:QUR-001,통상수용,0.0,통상수용,통상수용,True,False,True,통상수용,0.5419129475395179,0.1867117844726477,0.27137526798783446,통상수용,0.5368178111203794,0.19346599640224327,0.26971619247737727,통상수용,0.5419129475395178,0.18671178447264783,0.2713752679878344,0.5402145687331384,0.1889631884491796,0.270822242817682
8,korail_genai_isp_ismp,korail_genai_isp_ismp:QUR-002,통상수용,0.0,통상수용,통상수용,True,False,True,통상수용,0.7244763947546242,0.13872507126730071,0.13679853397807518,통상수용,0.7643267793748294,0.11561246255133688,0.12006075807383372,통상수용,0.724476394754624,0.13872507126730085,0.1367985339780752,0.7377598562946925,0.1310208683619795,0.13121927534332803
8,korail_genai_isp_ismp,korail_genai_isp_ismp:QUR-003,통상수용,0.0,통상수용,통상수용,True,False,True,통상수용,0.5328931130860918,0.28962607349577296,0.1774808134181353,통상수용,0.5264551204913256,0.2977262610945306,0.17581861841414387,통상수용,0.5328931130860916,0.2896260734957732,0.1774808134181353,0.530747115554503,0.29232613602869223,0.1769267484168048
8,korail_genai_isp_ismp,korail_genai_isp_ismp:SAR-001,계약·질의검토,0.0,계약·질의검토,계약·질의검토,True,False,True,계약·질의검토,0.41918528673405503,0.154683498964988,0.426131214300957,계약·질의검토,0.43675053865148566,0.10878804196687243,0.4544614193816419,계약·질의검토,0.41918528673405503,0.15468349896498818,0.42613121430095685,0.42504037070653194,0.13938501329894953,0.4355746159945186
8,korail_genai_isp_ismp,korail_genai_isp_ismp:SAR-002,통상수용,0.0,통상수용,통상수용,True,False,True,통상수용,0.4552024538940715,0.28558464431124536,0.25921290179468304,통상수용,0.46858929432644425,0.27233899241038206,0.25907171326317374,통상수용,0.4552024538940713,0.28558464431124553,0.25921290179468304,0.4596647340381957,0.28116942701095765,0.2591658389508466
8,korail_genai_isp_ismp,korail_genai_isp_ismp:SER-003,계약·질의검토,0.0,통상수용,통상수용,True,True,False,통상수용,0.42810098385607115,0.28062134043396214,0.2912776757099666,통상수용,0.46088274995160006,0.2843071692521013,0.25481008079629863,통상수용,0.42810098385607126,0.28062134043396225,0.2912776757099665,0.43902823922124745,0.28184995004000857,0.27912181073874387
8,korail_genai_isp_ismp,korail_genai_isp_ismp:SER-004,통상수용,0.0,통상수용,통상수용,True,False,True,통상수용,0.513220625872207,0.22077599401577863,0.2660033801120144,통상수용,0.6116554327569008,0.18334032441161544,0.20500424283148383,통상수용,0.5132206258722067,0.2207759940157788,0.26600338011201435,0.5460322281671048,0.20829743748105764,0.24567033435183752
9,mfds_drug_ai_review,mfds_drug_ai_review:COR-001,계약·질의검토,0.5,견적반영,견적반영,True,True,False,견적반영,0.3206061194626948,0.3548273405317865,0.3245665400055187,견적반영,0.2906692518457865,0.398006661673747,0.31132408648046656,견적반영,0.29807412669304406,0.3581860788668588,0.3437397944400971,0.30311649933384177,0.37034002702413077,0.32654347364202746
9,mfds_drug_ai_review,mfds_drug_ai_review:COR-002,통상수용,0.5,통상수용,통상수용,True,False,True,통상수용,0.6094191560509276,0.21037364184525245,0.18020720210382002,통상수용,0.669289970524415,0.1724620972213628,0.15824793225422232,통상수용,0.6197234111270697,0.20683999721100071,0.17343659166192954,0.632810845900804,0.19655857875920532,0.1706305753399906
9,mfds_drug_ai_review,mfds_drug_ai_review:COR-003,통상수용,0.5,통상수용,통상수용,True,False,True,통상수용,0.5158284976314763,0.21641612777974575,0.26775537458877796,통상수용,0.6095355770400716,0.1857092415189802,0.20475518144094823,통상수용,0.5413739780189916,0.2071378007891119,0.25148822119189657,0.5555793508968465,0.2030877233626126,0.2413329257405409
9,mfds_drug_ai_review,mfds_drug_ai_review:COR-004,통상수용,0.5,통상수용,통상수용,True,False,True,통상수용,0.6097095267291947,0.24198524221739043,0.14830523105341492,통상수용,0.6978015169838362,0.19722812530603753,0.10497035771012629,통상수용,0.6440893887396345,0.2212022727553392,0.13470833850502625,0.6505334774842217,0.22013854675958908,0.12932797575618915
9,mfds_drug_ai_review,mfds_drug_ai_review:COR-005,통상수용,0.5,통상수용,통상수용,True,False,True,통상수용,0.56557392333922,0.2297570776185719,0.2046689990422081,통상수용,0.6948156738167803,0.15147768196750375,0.153706644215716,통상수용,0.5904747953845262,0.21727726114302354,0.19224794347245025,0.6169547975135088,0.19950400690969974,0.18354119557679147
9,mfds_drug_ai_review,mfds_drug_ai_review:COR-006,통상수용,0.5,통상수용,통상수용,True,False,True,통상수용,0.43966460853040923,0.2694679151837263,0.2908674762858644,통상수용,0.5324445711043098,0.2183953368476053,0.24916009204808487,통상수용,0.5033419659942701,0.23140655688081446,0.2652514771249155,0.4918170485429963,0.23975660297071535,0.26842634848628827
9,mfds_drug_ai_review,mfds_drug_ai_review:COR-007,통상수용,0.5,통상수용,통상수용,True,False,True,통상수용,0.5466619958722355,0.15678235732533047,0.29655564680243407,통상수용,0.5995893220486878,0.11819638620243281,0.2822142917488793,통상수용,0.576205098969234,0.1410853319796738,0.2827095690510922,0.5741521389633858,0.1386880251691457,0.2871598358674685
9,mfds_drug_ai_review,mfds_drug_ai_review:COR-010,통상수용,0.5,통상수용,통상수용,True,False,True,통상수용,0.6520442440469756,0.13820466421053446,0.20975109174249004,통상수용,0.7644389326879931,0.09216037559991021,0.14340069171209668,통상수용,0.6847754164999681,0.11913533253307906,0.19608925096695284,0.7004195310783122,0.1165001241145079,0.18308034480717986
9,mfds_drug_ai_review,mfds_drug_ai_review:COR-011,통상수용,0.5,통상수용,통상수용,True,False,True,통상수용,0.45711040995752994,0.18414527556051621,0.3587443144819539,통상수용,0.49184711196228653,0.14131048903941346,0.3668423989983001,통상수용,0.49000053194361637,0.1732336184685928,0.3367658495877907,0.47965268462114424,0.16622979435617416,0.3541175210226816
9,mfds_drug_ai_review,mfds_drug_ai_review:COR-012,통상수용,0.5,통상수용,통상수용,True,False,True,통상수용,0.673960439273004,0.1683493241175611,0.15769023660943496,통상수용,0.7585701886502976,0.11533158528655427,0.12609822606314827,통상수용,0.6762236832635174,0.16300154939919095,0.16077476733729168,0.7029181037289397,0.14889415293443545,0.14818774333662496
9,mfds_drug_ai_review,mfds_drug_ai_review:COR-013,통상수용,0.5,통상수용,통상수용,True,False,True,통상수용,0.5739567827769576,0.20523266058122136,0.22081055664182103,통상수용,0.6717391476334295,0.153260110606581,0.1750007417599896,통상수용,0.5913016146160989,0.19353426067614724,0.2151641247077539,0.6123325150088287,0.18400901062131655,0.20365847436985485
9,mfds_drug_ai_review,mfds_drug_ai_review:COR-014,통상수용,0.5,통상수용,통상수용,True,False,True,통상수용,0.6066459056724993,0.1868774481871698,0.20647664614033082,통상수용,0.6920084885474028,0.13604057526727265,0.1719509361853245,통상수용,0.6374478767169498,0.1695049254892644,0.19304719779378574,0.6453674236456173,0.1641409829812356,0.19049159337314703
9,mfds_drug_ai_review,mfds_drug_ai_review:DAR-001,견적반영,0.5,견적반영,견적반영,True,False,True,견적반영,0.2951424815511962,0.46048816671385057,0.24436935173495308,견적반영,0.330948726543744,0.42898763421164093,0.24006363924461502,견적반영,0.3007413905793276,0.46157526580049574,0.23768334362017673,0.30894419955808927,0.45035035557532904,0.2407054448665816
9,mfds_drug_ai_review,mfds_drug_ai_review:DAR-002,견적반영,0.5,통상수용,통상수용,True,True,False,통상수용,0.3875327656227696,0.3488743709931498,0.26359286338408067,통상수용,0.3789462296146767,0.3756314818044676,0.24542228858085566,통상수용,0.4035066031597632,0.3509548340700924,0.24553856277014438,0.3899951994657365,0.35848689562256997,0.25151790491169357
9,mfds_drug_ai_review,mfds_drug_ai_review:DAR-003,통상수용,0.5,통상수용,통상수용,True,False,True,통상수용,0.5048274084667055,0.24472145423975944,0.2504511372935352,통상수용,0.554131568805876,0.23157483942239923,0.21429359177172475,통상수용,0.5215493322567054,0.24712180003133283,0.23132886771196182,0.526836103176429,0.24113936456449717,0.23202453225907393
9,mfds_drug_ai_review,mfds_drug_ai_review:DAR-004,견적반영,0.5,통상수용,통상수용,True,True,False,통상수용,0.5136341048106938,0.22966555787431175,0.2567003373149944,통상수용,0.6183661214556062,0.17937030669205778,0.20226357185233593,통상수용,0.4885092655025995,0.2405212154683311,0.2709695190290694,0.5401698305896332,0.21651902667823353,0.24331114273213325
9,mfds_drug_ai_review,mfds_drug_ai_review:DAR-005,견적반영,0.5,통상수용,통상수용,True,True,False,통상수용,0.47205957246396757,0.3016647014063944,0.2262757261296381,통상수용,0.5431290013860913,0.24399808746095444,0.21287291115295418,통상수용,0.45061744054951214,0.30477620151215995,0.24460635793832788,0.488602004799857,0.2834796634598363,0.2279183317403067
9,mfds_drug_ai_review,mfds_drug_ai_review:DAR-006,견적반영,0.5,견적반영,견적반영,False,False,True,견적반영,0.34201744190481964,0.3506186839086854,0.307363874186495,통상수용,0.3682166741687479,0.3584779871582006,0.2733053386730514,견적반영,0.322093352286203,0.3664270929144874,0.31147955479930955,0.3441091561199235,0.35850792132712445,0.297382922552952
9,mfds_drug_ai_review,mfds_drug_ai_review:DAR-007,견적반영,0.5,계약·질의검토,계약·질의검토,True,True,False,계약·질의검토,0.3261906950724417,0.2935212692134194,0.38028803571413883,계약·질의검토,0.33119647078284603,0.2667297880645309,0.402073741152623,계약·질의검토,0.3147706120469346,0.2933647894047431,0.3918645985483223,0.3240525926340741,0.2845386155608978,0.391408791805028
9,mfds_drug_ai_review,mfds_drug_ai_review:DAR-008,견적반영,0.5,계약·질의검토,계약·질의검토,True,True,False,계약·질의검토,0.31299140741970055,0.30098066032601617,0.38602793225428317,계약·질의검토,0.31322247510494666,0.2893902562586833,0.3973872686363699,계약·질의검토,0.2870136964791811,0.3052279629260653,0.4077583405947536,0.30440919300127617,0.2985329598369216,0.39705784716180226
9,mfds_drug_ai_review,mfds_drug_ai_review:DAR-009,견적반영,0.5,견적반영,계약·질의검토,False,False,True,계약·질의검토,0.28849501148363166,0.3535381551847725,0.3579668333315959,견적반영,0.2680718531966059,0.3819352602320695,0.34999288657132466,견적반영,0.30039046151214527,0.35198529465866457,0.34762424382919016,0.2856524420641276,0.36248623669183555,0.3518613212440369
9,mfds_drug_ai_review,mfds_drug_ai_review:DAR-010,견적반영,0.5,통상수용,통상수용,True,True,False,통상수용,0.469472744202204,0.2855807190183923,0.2449465367794037,통상수용,0.5045713236739544,0.2638869893585443,0.2315416869675013,통상수용,0.4926730730750156,0.28263590438084,0.22469102254414433,0.4889057136503913,0.27736787091925885,0.23372641543034978
9,mfds_drug_ai_review,mfds_drug_ai_review:DAR-011,통상수용,0.5,통상수용,통상수용,True,False,True,통상수용,0.44147890720589283,0.4024678453586143,0.15605324743549295,통상수용,0.43804761623368466,0.4259612721577611,0.1359911116085542,통상수용,0.4650342676705897,0.39344371462945,0.14152201769996026,0.4481869303700557,0.4072909440486085,0.1445221255813358
9,mfds_drug_ai_review,mfds_drug_ai_review:DAR-012,계약·질의검토,0.5,계약·질의검토,계약·질의검토,True,False,True,계약·질의검토,0.31721096734987364,0.30753802918586043,0.37525100346426593,계약·질의검토,0.28429399692332,0.3409191490963933,0.37478685398028666,계약·질의검토,0.3410213811256766,0.3024101322522341,0.3565684866220893,0.3141754484662901,0.3169557701781626,0.3688687813555473
9,mfds_drug_ai_review,mfds_drug_ai_review:DAR-013,통상수용,0.5,통상수용,통상수용,True,False,True,통상수용,0.6364767638720049,0.23661700883049186,0.12690622729750323,통상수용,0.6677084100435013,0.22527866024477655,0.10701292971172206,통상수용,0.6644453358369126,0.21797456775872726,0.11758009640436018,0.656210169917473,0.22662341227799856,0.11716641780452848
9,mfds_drug_ai_review,mfds_drug_ai_review:DAR-014,견적반영,0.5,견적반영,견적반영,True,False,True,견적반영,0.2456769959794139,0.49828883891595027,0.25603416510463584,견적반영,0.21365816830194642,0.5731508883646735,0.21319094333337996,견적반영,0.23331006589499387,0.5133397143113548,0.25335021979365135,0.23088174339211806,0.5282598138639929,0.24085844274388904
9,mfds_drug_ai_review,mfds_drug_ai_review:DAR-015,통상수용,0.5,견적반영,견적반영,True,True,False,견적반영,0.2941114711403986,0.41647829829775157,0.28941023056184995,견적반영,0.22925838044510408,0.5041756574042269,0.266565962150669,견적반영,0.2948142368265373,0.42105098312540695,0.28413478004805576,0.27272802947068,0.44723497960912845,0.2800369909201916
9,mfds_drug_ai_review,mfds_drug_ai_review:DAR-016,통상수용,0.5,견적반영,견적반영,True,True,False,견적반영,0.3595042596111031,0.4660332850439934,0.17446245534490354,견적반영,0.36987298311459865,0.4803887493633988,0.14973826752200264,견적반영,0.4000001225383555,0.4388057123788053,0.16119416508283924,0.3764591217546857,0.46174258226206577,0.16179829598324846
9,mfds_drug_ai_review,mfds_drug_ai_review:DAR-017,통상수용,0.5,통상수용,통상수용,True,False,True,통상수용,0.6550995827832493,0.1741168804206748,0.17078353679607583,통상수용,0.7601775659733021,0.11489312015074733,0.12492931387595058,통상수용,0.6808659170507715,0.16145603815712353,0.157678044792105,0.6987143552691076,0.15015534624284854,0.1511302984880438
9,mfds_drug_ai_review,mfds_drug_ai_review:DAR-018,통상수용,0.5,통상수용,통상수용,True,False,True,통상수용,0.6607132874206775,0.12838622551179965,0.21090048706752296,통상수용,0.751237879724901,0.09317838799231982,0.15558373228277927,통상수용,0.6802326568462111,0.11840555687139581,0.201361786282393,0.6973946079972633,0.11332339012517177,0.18928200187756508
9,mfds_drug_ai_review,mfds_drug_ai_review:DAR-020,통상수용,0.5,통상수용,통상수용,True,False,True,통상수용,0.5256691858858308,0.23718174347545956,0.2371490706387097,통상수용,0.622193582922598,0.18391368765651048,0.19389272942089159,통상수용,0.5367279273998378,0.2341257966701214,0.2291462759300409,0.5615302320694222,0.2184070759340305,0.22006269199654738
9,mfds_drug_ai_review,mfds_drug_ai_review:DAR-021,통상수용,0.5,통상수용,통상수용,True,False,True,통상수용,0.5811683068467776,0.22089615500060275,0.19793553815261963,통상수용,0.6793800954086097,0.16781911112690676,0.15280079346448355,통상수용,0.5978079663897944,0.21728494253090522,0.1849070910793003,0.6194521228817272,0.20200006955280492,0.17854780756546784
9,mfds_drug_ai_review,mfds_drug_ai_review:DAR-022,통상수용,0.5,통상수용,통상수용,True,False,True,통상수용,0.6380178093302663,0.23563824723964794,0.12634394343008576,통상수용,0.723396977087054,0.18075111449838255,0.09585190841456347,통상수용,0.6637116763910633,0.22303772481150408,0.11325059879743259,0.6750421542694612,0.2131423621831782,0.11181548354736061
9,mfds_drug_ai_review,mfds_drug_ai_review:DAR-023,통상수용,0.5,통상수용,통상수용,True,False,True,통상수용,0.6152831631553862,0.15034707958496174,0.2343697572596521,통상수용,0.6645555085233439,0.13232656296689294,0.20311792850976323,통상수용,0.6479800828003435,0.13635165130445664,0.21566826589519983,0.6426062514930245,0.13967509795210378,0.21771865055487172
9,mfds_drug_ai_review,mfds_drug_ai_review:DAR-024,통상수용,0.5,통상수용,통상수용,True,False,True,통상수용,0.6612536218698222,0.15995711537904436,0.17878926275113347,통상수용,0.7667437384066492,0.1017083512436043,0.13154791034974656,통상수용,0.6589968759822714,0.1621331872145069,0.17886993680322172,0.6956647454195809,0.1412662179457185,0.1630690366347006
9,mfds_drug_ai_review,mfds_drug_ai_review:DAR-025,통상수용,0.5,통상수용,통상수용,True,False,True,통상수용,0.6306435396177624,0.2205258889815075,0.14883057140073014,통상수용,0.7449897249544909,0.15105997737132587,0.1039502976741832,통상수용,0.6619388541896383,0.20732955999962047,0.13073158581074126,0.6791907062539639,0.1929718087841513,0.12783748496188488
9,mfds_drug_ai_review,mfds_drug_ai_review:DAR-026,통상수용,0.5,통상수용,통상수용,True,False,True,통상수용,0.4131299793796777,0.3530693393281252,0.23380068129219717,통상수용,0.435648932078098,0.32842584984690604,0.23592521807499595,통상수용,0.4614546614481701,0.3323699446116735,0.20617539394015647,0.4367445243019819,0.3379550445955682,0.22530043110244988
9,mfds_drug_ai_review,mfds_drug_ai_review:PER-001,통상수용,0.5,통상수용,통상수용,True,False,True,통상수용,0.4442682470498048,0.2298189468961784,0.3259128060540168,통상수용,0.5414888338921762,0.19037193343289635,0.2681392326749275,통상수용,0.4765960292032638,0.21556112086689322,0.30784284992984307,0.48745103671508155,0.21191733373198932,0.30063162955292916
9,mfds_drug_ai_review,mfds_drug_ai_review:PER-002,계약·질의검토,0.5,계약·질의검토,계약·질의검토,True,False,True,계약·질의검토,0.2634092599150013,0.22934316362293455,0.5072475764620641,계약·질의검토,0.24877097990453176,0.20357509474955604,0.5476539253459122,계약·질의검토,0.27416505239209815,0.22007616950088235,0.5057587781070194,0.26211509740387706,0.2176648092911243,0.5202200933049985
9,mfds_drug_ai_review,mfds_drug_ai_review:PER-003,계약·질의검토,0.5,계약·질의검토,계약·질의검토,False,False,True,계약·질의검토,0.358270977130144,0.268087237963661,0.3736417849061949,통상수용,0.37924256568158266,0.2453160858446089,0.3754413484738084,계약·질의검토,0.3702575483758328,0.2580364313586746,0.37170602026549254,0.3692570303958531,0.2571465850556482,0.3735963845484986
9,mfds_drug_ai_review,mfds_drug_ai_review:PER-004,계약·질의검토,0.5,통상수용,통상수용,True,True,False,통상수용,0.38928231824689064,0.3321760293485055,0.27854165240460377,통상수용,0.42950212209932975,0.30558675054330176,0.2649111273573686,통상수용,0.3924589115626593,0.32997255562295047,0.27756853281439037,0.4037477839696266,0.3225784451715859,0.2736737708587876
9,mfds_drug_ai_review,mfds_drug_ai_review:PER-005,계약·질의검토,0.5,계약·질의검토,계약·질의검토,True,False,True,계약·질의검토,0.2429472637537687,0.1749391967070141,0.5821135395392172,계약·질의검토,0.19618882924802752,0.13441245459590948,0.6693987161560631,계약·질의검토,0.251931132893697,0.16749804715550387,0.5805708199507992,0.23035574196516442,0.1589498994861425,0.6106943585486931
9,mfds_drug_ai_review,mfds_drug_ai_review:PER-006,계약·질의검토,0.5,계약·질의검토,계약·질의검토,True,False,True,계약·질의검토,0.38219022333255104,0.17671141629915282,0.4410983603682961,계약·질의검토,0.3950372811023473,0.1408198448397669,0.46414287405788573,계약·질의검토,0.4071387578117122,0.15728143642113593,0.43557980576715194,0.39478875408220354,0.15827089918668522,0.4469403467311112
9,mfds_drug_ai_review,mfds_drug_ai_review:PER-007,계약·질의검토,0.5,계약·질의검토,계약·질의검토,True,False,True,계약·질의검토,0.2615666825251928,0.23805505742984887,0.5003782600449584,계약·질의검토,0.2636873045090356,0.1943124456246325,0.5420002498663319,계약·질의검토,0.260406897851193,0.2303624903408941,0.5092306118079128,0.26188696162847375,0.22090999779845846,0.5172030405730678
9,mfds_drug_ai_review,mfds_drug_ai_review:PER-008,계약·질의검토,0.5,통상수용,통상수용,True,True,False,통상수용,0.36605294493379925,0.30109271014997907,0.3328543449162216,통상수용,0.4012522522803086,0.2602107520120716,0.3385369957076198,통상수용,0.376712358814531,0.2935052399729018,0.32978240121256713,0.38133918534287964,0.2849362340449842,0.3337245806121362
9,mfds_drug_ai_review,mfds_drug_ai_review:PER-009,계약·질의검토,0.5,견적반영,견적반영,True,True,False,견적반영,0.2965950011683127,0.3926217517993531,0.3107832470323342,견적반영,0.2808796239097626,0.4173746709246968,0.3017457051655405,견적반영,0.3115935625977381,0.375610981739257,0.3127954556630048,0.2963560625586045,0.39520246815443566,0.30844146928695987
9,mfds_drug_ai_review,mfds_drug_ai_review:PER-010,계약·질의검토,0.5,통상수용,통상수용,True,True,False,통상수용,0.3892981567067159,0.30148614606734125,0.30921569722594283,통상수용,0.42378704277550333,0.256948066251018,0.3192648909734786,통상수용,0.4131748962321482,0.2912118096192905,0.29561329414856136,0.4087533652381225,0.2832153406458832,0.3080312941159942
9,mfds_drug_ai_review,mfds_drug_ai_review:PMR-001,통상수용,0.5,통상수용,통상수용,True,False,True,통상수용,0.5790236976475558,0.21851779256485246,0.20245850978759175,통상수용,0.6892719109382034,0.1592327217870904,0.1514953672747062,통상수용,0.6194990368716133,0.19908847081450193,0.1814124923138848,0.6292648818191242,0.19227966172214828,0.1784554564587276
9,mfds_drug_ai_review,mfds_drug_ai_review:PMR-002,통상수용,0.5,통상수용,통상수용,True,False,True,통상수용,0.6929520246608786,0.1468994163073724,0.16014855903174902,통상수용,0.8036709616323683,0.09146959996844793,0.10485943839918377,통상수용,0.7194819709571774,0.12945828129270187,0.15105974775012065,0.7387016524168081,0.12260909918950741,0.1386892483936845
9,mfds_drug_ai_review,mfds_drug_ai_review:PMR-003,통상수용,0.5,통상수용,통상수용,True,False,True,통상수용,0.5755207504651676,0.1602202346120899,0.26425901492274245,통상수용,0.647575431764775,0.13545290934523646,0.21697165888998857,통상수용,0.5997527763000665,0.14299654307849727,0.25725068062143625,0.6076163195100031,0.1462232290119412,0.24616045147805576
9,mfds_drug_ai_review,mfds_drug_ai_review:PMR-004,통상수용,0.5,통상수용,통상수용,True,False,True,통상수용,0.6763204217978275,0.14371290677610013,0.17996667142607242,통상수용,0.7709044918746701,0.10506544483789532,0.12403006328743439,통상수용,0.7053813425805172,0.1298959046652819,0.16472275275420095,0.7175354187510049,0.12622475209309245,0.1562398291559026
9,mfds_drug_ai_review,mfds_drug_ai_review:PMR-005,통상수용,0.5,통상수용,통상수용,True,False,True,통상수용,0.7329045038516538,0.12885354812685348,0.13824194802149276,통상수용,0.8012742203588972,0.09700664926567384,0.10171913037542896,통상수용,0.7666518470386153,0.11062998278636559,0.12271817017501911,0.7669435237497221,0.11216339339296431,0.12089308285731361
9,mfds_drug_ai_review,mfds_drug_ai_review:PMR-006,통상수용,0.5,통상수용,통상수용,True,False,True,통상수용,0.5722894975187253,0.23852750365872585,0.18918299882254894,통상수용,0.6717753356840367,0.18712160447292747,0.14110305984303584,통상수용,0.6063055898274116,0.21979748051970335,0.17389692965288514,0.6167901410100578,0.21514886288378557,0.16806099610615666
9,mfds_drug_ai_review,mfds_drug_ai_review:PMR-007,통상수용,0.5,통상수용,통상수용,True,False,True,통상수용,0.6159796615220556,0.18275904164150422,0.20126129683644012,통상수용,0.6888155334150761,0.1430992261130554,0.16808524047186862,통상수용,0.6359931641806738,0.1726324171060798,0.19137441871324648,0.6469294530392685,0.16616356162021315,0.18690698534051842
9,mfds_drug_ai_review,mfds_drug_ai_review:PMR-008,통상수용,0.5,통상수용,통상수용,True,False,True,통상수용,0.687182558190613,0.16834344020272446,0.14447400160666254,통상수용,0.7019688395279688,0.14053857135391118,0.15749258911812,통상수용,0.7224479226132705,0.14963961348104723,0.12791246390568228,0.7038664401106175,0.15284054167922764,0.14329301821015494
9,mfds_drug_ai_review,mfds_drug_ai_review:PMR-009,통상수용,0.5,통상수용,통상수용,True,False,True,통상수용,0.5469346994364762,0.16868658105834056,0.28437871950518323,통상수용,0.57634025143571,0.1373230082536054,0.28633674031068457,통상수용,0.581868009404054,0.1545690009286396,0.26356298966730624,0.5683809867587467,0.15352619674686185,0.2780928164943914
9,mfds_drug_ai_review,mfds_drug_ai_review:PMR-010,통상수용,0.5,통상수용,통상수용,True,False,True,통상수용,0.5830435517503306,0.2034632575704574,0.21349319067921202,통상수용,0.6433175434789831,0.16505389464886733,0.19162856187214952,통상수용,0.5984446438455044,0.19981793565046918,0.2017374205040264,0.608268579691606,0.18944502928993132,0.20228639101846266
9,mfds_drug_ai_review,mfds_drug_ai_review:PMR-011,통상수용,0.5,통상수용,통상수용,True,False,True,통상수용,0.7497790994055158,0.12581431894966366,0.12440658164482049,통상수용,0.8340039184994235,0.08963580080661222,0.07636028069396424,통상수용,0.7748363418986944,0.11215473289761621,0.11300892520368924,0.7862064532678779,0.10920161755129736,0.10459192918082465
9,mfds_drug_ai_review,mfds_drug_ai_review:PMR-012,통상수용,0.5,통상수용,통상수용,True,False,True,통상수용,0.7024209769308772,0.1487999315915118,0.14877909147761093,통상수용,0.8071510315657314,0.096910339039077,0.09593862939519156,통상수용,0.7369101794895997,0.13221910086617386,0.13087071964422647,0.7488273959954027,0.12597645716558756,0.12519614683900965
9,mfds_drug_ai_review,mfds_drug_ai_review:PMR-013,통상수용,0.5,통상수용,통상수용,True,False,True,통상수용,0.6520368950497503,0.16386945560135815,0.1840936493488915,통상수용,0.751540575642442,0.11292974338784541,0.13552968096971263,통상수용,0.6984844419719761,0.13700080699867764,0.16451475102934623,0.7006873042213894,0.13793333532929375,0.16137936044931678
9,mfds_drug_ai_review,mfds_drug_ai_review:PMR-014,통상수용,0.5,통상수용,통상수용,True,False,True,통상수용,0.6530840427553047,0.1947125397722202,0.15220341747247518,통상수용,0.7500105316554099,0.14166768410360772,0.1083217842409824,통상수용,0.6718103721915046,0.17397671486333327,0.15421291294516204,0.6916349822007398,0.17011897957972036,0.13824603821953987
9,mfds_drug_ai_review,mfds_drug_ai_review:PMR-015,통상수용,0.5,통상수용,통상수용,True,False,True,통상수용,0.5922947111832761,0.1807796819162107,0.22692560690051314,통상수용,0.6730075143586101,0.14537741248010416,0.1816150731612857,통상수용,0.6257740658718592,0.16248889531639266,0.21173703881174802,0.6303587638045819,0.1628819965709025,0.20675923962451562
9,mfds_drug_ai_review,mfds_drug_ai_review:PMR-016,통상수용,0.5,통상수용,통상수용,True,False,True,통상수용,0.7137897167956897,0.11358005254709266,0.17263023065721766,통상수용,0.8004530897517367,0.0808094207297971,0.11873748951846634,통상수용,0.7281886181238101,0.10529468172633444,0.16651670014985548,0.7474771415570789,0.09989471833440806,0.15262814010851317
9,mfds_drug_ai_review,mfds_drug_ai_review:PMR-017,통상수용,0.5,통상수용,통상수용,True,False,True,통상수용,0.6743879898143882,0.16107549703635668,0.16453651314925516,통상수용,0.771561885902673,0.10842659796063531,0.12001151613669174,통상수용,0.7105475205500383,0.14235547059439946,0.1470970088555623,0.7188324654223665,0.13728585519713046,0.14388167938050309
9,mfds_drug_ai_review,mfds_drug_ai_review:PMR-018,계약·질의검토,0.5,계약·질의검토,계약·질의검토,True,False,True,계약·질의검토,0.3792337658489261,0.1962769963755219,0.424489237775552,계약·질의검토,0.4008099866740367,0.16690326017835352,0.43228675314760984,계약·질의검토,0.3815280273162018,0.19633800764324869,0.42213396504054956,0.38719059327972155,0.18650608806570804,0.42630331865457044
9,mfds_drug_ai_review,mfds_drug_ai_review:PMR-019,통상수용,0.5,통상수용,계약·질의검토,False,False,True,계약·질의검토,0.4299931496910413,0.13023536573257719,0.43977148457638165,통상수용,0.4993024166506162,0.10443711773114947,0.3962604656182343,계약·질의검토,0.430953248388821,0.1235745680907022,0.4454721835204767,0.4534162715768262,0.11941568385147629,0.4271680445716976
9,mfds_drug_ai_review,mfds_drug_ai_review:PMR-020,통상수용,0.5,통상수용,통상수용,True,False,True,통상수용,0.6162337096888942,0.14500808290612333,0.23875820740498252,통상수용,0.7523199928759184,0.09215585071635342,0.1555241564077281,통상수용,0.6432214878200698,0.13005873987608838,0.22671977230384185,0.6705917301282942,0.12240755783285502,0.20700071203885084
9,mfds_drug_ai_review,mfds_drug_ai_review:PMR-021,통상수용,0.5,통상수용,통상수용,True,False,True,통상수용,0.6277232420271682,0.1717742981651348,0.200502459807697,통상수용,0.7336912262815012,0.1224500030392153,0.14385877067928354,통상수용,0.645684137740746,0.15510400705038926,0.19921185520886478,0.6690328686831385,0.1497761027515798,0.18119102856528177
9,mfds_drug_ai_review,mfds_drug_ai_review:PMR-022,통상수용,0.5,통상수용,통상수용,True,False,True,통상수용,0.6273268401700588,0.18293677996155064,0.18973637986839056,통상수용,0.7161526032303637,0.14410805616832703,0.1397393406013093,통상수용,0.6682500063501396,0.16193968043592263,0.16981031321393783,0.6705764832501874,0.16299483885526678,0.16642867789454588
9,mfds_drug_ai_review,mfds_drug_ai_review:PMR-023,통상수용,0.5,통상수용,통상수용,True,False,True,통상수용,0.4492688742811195,0.24264008034111959,0.30809104537776094,통상수용,0.489574680241078,0.2423587621779475,0.2680665575809747,통상수용,0.47616139921882905,0.22800595847799654,0.2958326423031743,0.4716683179136755,0.23766826699902122,0.2906634150873033
9,mfds_drug_ai_review,mfds_drug_ai_review:PMR-024,통상수용,0.5,통상수용,통상수용,True,False,True,통상수용,0.5792712293242128,0.20682258183807306,0.21390618883771415,통상수용,0.6809992828604265,0.15651082054304888,0.16248989659652457,통상수용,0.6021646570100766,0.1925879041229585,0.20524743886696495,0.6208117230649054,0.18530710216802682,0.1938811747670679
9,mfds_drug_ai_review,mfds_drug_ai_review:PMR-025,통상수용,0.5,통상수용,통상수용,True,False,True,통상수용,0.7073473535339282,0.16383894464135904,0.12881370182471286,통상수용,0.819495369026024,0.10270562043738839,0.07779901053658748,통상수용,0.7409357306598016,0.1435570437925138,0.11550722554768464,0.7559261510732512,0.13670053629042042,0.10737331263632832
9,mfds_drug_ai_review,mfds_drug_ai_review:PMR-026,통상수용,0.5,통상수용,통상수용,True,False,True,통상수용,0.5170678721901368,0.27805331450791765,0.20487881330194554,통상수용,0.5266599355202294,0.2793292318232941,0.1940108326564766,통상수용,0.5421610258550531,0.26305004927672015,0.1947889248682267,0.5286296111884731,0.2734775318693106,0.19789285694221626
9,mfds_drug_ai_review,mfds_drug_ai_review:PSR-001,통상수용,0.5,계약·질의검토,계약·질의검토,True,True,False,계약·질의검토,0.40305245835022513,0.1524155890578349,0.44453195259194006,계약·질의검토,0.38429004010320494,0.12999547844529613,0.485714481451499,계약·질의검토,0.4046725141229886,0.13750009764378887,0.4578273882332224,0.3973383375254729,0.13997038838230666,0.4626912740922205
9,mfds_drug_ai_review,mfds_drug_ai_review:PSR-002,통상수용,0.5,통상수용,통상수용,True,False,True,통상수용,0.5982327876885161,0.24278196334565708,0.1589852489658268,통상수용,0.6493389341680287,0.21931188726879447,0.1313491785631769,통상수용,0.6193224255529101,0.23908173326897278,0.14159584117811708,0.6222980491364849,0.23372519462780808,0.14397675623570694
9,mfds_drug_ai_review,mfds_drug_ai_review:PSR-003,통상수용,0.5,계약·질의검토,계약·질의검토,True,True,False,계약·질의검토,0.39937789957012493,0.13967821700472333,0.4609438834251517,계약·질의검토,0.42370616619598755,0.10459084474351489,0.4717029890604976,계약·질의검토,0.4255083505442218,0.12600667438274263,0.4484849750730355,0.41619747210344477,0.12342524537699362,0.4603772825195616
9,mfds_drug_ai_review,mfds_drug_ai_review:PSR-004,통상수용,0.5,통상수용,통상수용,True,False,True,통상수용,0.5911273915880777,0.2124622012382674,0.1964104071736549,통상수용,0.6426994282159059,0.18393777676192777,0.17336279502216637,통상수용,0.6146621848283293,0.20007184401929928,0.1852659711523713,0.6161630015441043,0.1988239406731648,0.18501305778273083
9,mfds_drug_ai_review,mfds_drug_ai_review:PSR-005,통상수용,0.5,통상수용,통상수용,True,False,True,통상수용,0.4988039409823991,0.16646303657644804,0.3347330224411529,통상수용,0.577765839706126,0.11801232443310637,0.3042218358607677,통상수용,0.5158489733871355,0.1585860555242136,0.32556497108865085,0.5308062513585535,0.1476871388445893,0.32150660979685713
9,mfds_drug_ai_review,mfds_drug_ai_review:PSR-006,계약·질의검토,0.5,통상수용,계약·질의검토,False,False,True,계약·질의검토,0.3472621800156855,0.2955522582940403,0.35718556169027416,통상수용,0.347784205569615,0.3127655798705686,0.3394502145598165,통상수용,0.38490107133923657,0.27022593301880754,0.34487299564195595,0.35998248564151236,0.29284792372780544,0.3471695906306822
9,mfds_drug_ai_review,mfds_drug_ai_review:PSR-007,통상수용,0.5,통상수용,통상수용,True,False,True,통상수용,0.483645995775487,0.20539602431113424,0.3109579799133786,통상수용,0.5001485504212038,0.20524998840309963,0.2946014611756966,통상수용,0.5195825493047358,0.18340094169528462,0.2970165089999795,0.5011256985004756,0.1980156514698395,0.30085865002968487
9,mfds_drug_ai_review,mfds_drug_ai_review:PSR-008,통상수용,0.5,통상수용,통상수용,True,False,True,통상수용,0.5853588665486507,0.1830019463767266,0.23163918707462272,통상수용,0.6204079314343738,0.15809253980570673,0.22149952875991946,통상수용,0.6057211107148379,0.16824428332978417,0.22603460595537803,0.6038293028992875,0.16977958983740582,0.22639110726330672
9,mfds_drug_ai_review,mfds_drug_ai_review:PSR-009,견적반영,0.5,통상수용,통상수용,True,True,False,통상수용,0.5702814200612338,0.18885557667325129,0.24086300326551488,통상수용,0.6467370611015479,0.14285892641340525,0.2104040124850467,통상수용,0.6210640893499588,0.16566302340937886,0.21327288724066232,0.6126941901709135,0.1657925088320118,0.22151330099707464
9,mfds_drug_ai_review,mfds_drug_ai_review:PSR-010,계약·질의검토,0.5,통상수용,통상수용,True,True,False,통상수용,0.5374095289582039,0.24277636876165604,0.21981410228013998,통상수용,0.5735230445044764,0.20815823754840906,0.21831871794711444,통상수용,0.5386042789977933,0.23791239880860846,0.22348332219359832,0.5498456174868246,0.22961566837289119,0.22053871414028425
9,mfds_drug_ai_review,mfds_drug_ai_review:PSR-011,계약·질의검토,0.5,계약·질의검토,계약·질의검토,True,False,True,계약·질의검토,0.37277557314528675,0.17428118119086689,0.45294324566384647,계약·질의검토,0.3675373782685402,0.12939203827673854,0.5030705834547212,계약·질의검토,0.4004205145536138,0.17151225710091977,0.4280672283454665,0.38024448865581356,0.15839515885617506,0.4613603524880114
9,mfds_drug_ai_review,mfds_drug_ai_review:PSR-012,통상수용,0.5,통상수용,통상수용,True,False,True,통상수용,0.4438803326648287,0.1614413675179186,0.39467829981725266,통상수용,0.4389076243214308,0.12993726495449526,0.4311551107240739,통상수용,0.4798216611587603,0.14504388782170244,0.37513445101953713,0.4542032060483399,0.14547417343137212,0.4003226205202879
9,mfds_drug_ai_review,mfds_drug_ai_review:PSR-013,통상수용,0.5,통상수용,통상수용,True,False,True,통상수용,0.4665838033735879,0.2755879030386565,0.25782829358775555,통상수용,0.513333281557976,0.24331756694482531,0.24334915149719868,통상수용,0.5089989123784948,0.24258680486054462,0.24841428276096053,0.49630533243668623,0.25383075828134216,0.24986390928197158
9,mfds_drug_ai_review,mfds_drug_ai_review:PSR-014,통상수용,0.5,통상수용,통상수용,True,False,True,통상수용,0.4600269248010769,0.3873462162323303,0.15262685896659298,통상수용,0.4635846899148509,0.4238465379902679,0.11256877209488121,통상수용,0.4753247319107527,0.37732924689089314,0.1473460211983542,0.4663121155422268,0.3961740003711638,0.13751388408660947
9,mfds_drug_ai_review,mfds_drug_ai_review:PSR-015,계약·질의검토,0.5,통상수용,통상수용,True,True,False,통상수용,0.4947249037801965,0.22497646857265496,0.2802986276471485,통상수용,0.5379553343764953,0.1854018649810996,0.2766428006424051,통상수용,0.4659279956389624,0.23841294769780566,0.2956590566632319,0.4995360779318847,0.21626376041718673,0.2842001616509285
9,mfds_drug_ai_review,mfds_drug_ai_review:QUR-001,통상수용,0.5,통상수용,통상수용,True,False,True,통상수용,0.621232820060039,0.1626944642197486,0.21607271572021233,통상수용,0.7604967962412966,0.10310929771440303,0.13639390604430032,통상수용,0.6333119883991983,0.15933451500587512,0.2073534965949266,0.6716805349001781,0.1417127589800089,0.1866067061198131
9,mfds_drug_ai_review,mfds_drug_ai_review:QUR-003,통상수용,0.5,통상수용,통상수용,True,False,True,통상수용,0.6220588933535172,0.18926293641102293,0.18867817023545994,통상수용,0.7022670405199725,0.15035446568196334,0.14737849379806425,통상수용,0.6550388833940685,0.1729253004621181,0.17203581614381336,0.6597882724225194,0.17084756751836813,0.1693641600591125
9,mfds_drug_ai_review,mfds_drug_ai_review:QUR-004,통상수용,0.5,통상수용,통상수용,True,False,True,통상수용,0.6921009051011769,0.14171082511992333,0.16618826977889967,통상수용,0.7840110821658856,0.09454736030332202,0.12144155753079248,통상수용,0.7195701064260911,0.1295329825939098,0.15089691097999905,0.7318940312310511,0.12193038933905172,0.1461755794298971
9,mfds_drug_ai_review,mfds_drug_ai_review:QUR-005,통상수용,0.5,통상수용,통상수용,True,False,True,통상수용,0.633747385324209,0.17567741667690243,0.19057519799888858,통상수용,0.7589092401830173,0.11866485824233483,0.12242590157464801,통상수용,0.639875889489389,0.17276912765430727,0.18735498285630378,0.6775108383322052,0.15570380085784818,0.1667853608099468
9,mfds_drug_ai_review,mfds_drug_ai_review:SER-001,계약·질의검토,0.5,통상수용,통상수용,True,True,False,통상수용,0.43099550044445334,0.1857797332738927,0.383224766281654,통상수용,0.47204200561381016,0.14375029091816732,0.3842077034680227,통상수용,0.4720238565427114,0.16739076623573232,0.36058537722155637,0.4583537875336583,0.16564026347593078,0.376005948990411
9,mfds_drug_ai_review,mfds_drug_ai_review:SER-003,통상수용,0.5,통상수용,통상수용,True,False,True,통상수용,0.48078544415566465,0.1638987647824331,0.3553157910619023,통상수용,0.4822188822993536,0.13732713377367387,0.3804539839269725,통상수용,0.4933774326398071,0.1583552723072287,0.3482672950529642,0.48546058636494177,0.15319372362111186,0.3613456900139463
9,mfds_drug_ai_review,mfds_drug_ai_review:SER-004,통상수용,0.5,통상수용,통상수용,True,False,True,통상수용,0.4181848151459743,0.27305574281090794,0.30875944204311784,통상수용,0.4934831119537076,0.24244454812441668,0.2640723399218758,통상수용,0.4380548525146129,0.2598966893472717,0.30204845813811537,0.4499075932047649,0.25846566009419875,0.29162674670103633
9,mfds_drug_ai_review,mfds_drug_ai_review:SER-005,통상수용,0.5,통상수용,통상수용,True,False,True,통상수용,0.48041950765923824,0.33586103461747646,0.18371945772328524,통상수용,0.5287024749312579,0.3077168769442785,0.16358064812446357,통상수용,0.5242322723730235,0.3156328068187756,0.16013492080820085,0.5111180849878398,0.3197369061268435,0.16914500888531658
9,mfds_drug_ai_review,mfds_drug_ai_review:SER-006,통상수용,0.5,통상수용,통상수용,True,False,True,통상수용,0.4251539955541161,0.21786923172170064,0.3569767727241832,통상수용,0.4581994403299459,0.19442892804493947,0.34737163162511464,통상수용,0.4460862082869812,0.2076021384749719,0.346311653238047,0.4431465480570144,0.206633432747204,0.3502200191957816
9,mfds_drug_ai_review,mfds_drug_ai_review:SER-007,통상수용,0.5,통상수용,통상수용,True,False,True,통상수용,0.5077311631944231,0.2406424442070083,0.2516263925985686,통상수용,0.5456114744605257,0.20473483420948524,0.24965369132998905,통상수용,0.5437267804887868,0.22672750007719658,0.22954571943401667,0.5323564727145785,0.22403492616456336,0.2436086011208581
9,mfds_drug_ai_review,mfds_drug_ai_review:SER-008,계약·질의검토,0.5,통상수용,통상수용,True,True,False,통상수용,0.43788506699300156,0.26981671645223315,0.29229821655476523,통상수용,0.445472447326179,0.29261447649146,0.2619130761823609,통상수용,0.436000841955512,0.27314844682440276,0.2908507112200853,0.4397861187582308,0.2785265465893653,0.2816873346524038
9,mfds_drug_ai_review,mfds_drug_ai_review:SER-009,통상수용,0.5,통상수용,통상수용,True,False,True,통상수용,0.5353719035736941,0.23175752060479454,0.23287057582151133,통상수용,0.6169971509275674,0.18414694943880225,0.19885589963363035,통상수용,0.5435920299131841,0.224444416331746,0.2319635537550698,0.5653203614714819,0.21344962879178095,0.22123000973673715
9,mfds_drug_ai_review,mfds_drug_ai_review:SER-010,통상수용,0.5,통상수용,통상수용,True,False,True,통상수용,0.4746629096781271,0.2491129328139524,0.27622415750792045,통상수용,0.5406032287903293,0.205781860381211,0.2536149108284597,통상수용,0.5081496463058469,0.24020637742075615,0.25164397627339696,0.5078052615914345,0.2317003902053065,0.26049434820325906
9,mfds_drug_ai_review,mfds_drug_ai_review:SER-011,통상수용,0.5,통상수용,통상수용,True,False,True,통상수용,0.5387773260642511,0.30073352232067074,0.1604891516150782,통상수용,0.6185733082212014,0.24808875277442538,0.13333793900437324,통상수용,0.5637424690914151,0.2903730772314724,0.14588445367711245,0.5736977011256226,0.2797317841088562,0.1465705147655213
9,mfds_drug_ai_review,mfds_drug_ai_review:SER-012,통상수용,0.5,통상수용,통상수용,True,False,True,통상수용,0.3816540886855614,0.25759884256345483,0.3607470687509837,통상수용,0.38813897200013714,0.22676391331117612,0.3850971146886868,통상수용,0.40254921068631133,0.2546157556295219,0.3428350336841668,0.39078075712400323,0.24632617050138428,0.36289307237461244
9,mfds_drug_ai_review,mfds_drug_ai_review:SER-014,통상수용,0.5,통상수용,통상수용,True,False,True,통상수용,0.45208378679958267,0.3141694963752711,0.2337467168251462,통상수용,0.4972962697328704,0.2738287934451922,0.22887493682193744,통상수용,0.47182994859056615,0.3008778465749806,0.22729220483445328,0.47373666837433975,0.2962920454651479,0.22997128616051232
9,mfds_drug_ai_review,mfds_drug_ai_review:SER-015,통상수용,0.5,통상수용,통상수용,True,False,True,통상수용,0.417770885859467,0.28739634614289755,0.29483276799763536,통상수용,0.43486833665405256,0.2754930711892345,0.28963859215671295,통상수용,0.42875835589850647,0.27931200627057445,0.2919296378309192,0.427132526137342,0.2807338078675688,0.29213366599508916
9,mfds_drug_ai_review,mfds_drug_ai_review:SER-016,통상수용,0.5,통상수용,통상수용,True,False,True,통상수용,0.4583459986232378,0.31879906222588134,0.22285493915088075,통상수용,0.4870540416401899,0.2662939763558646,0.24665198200394559,통상수용,0.46538665562670456,0.31249736199405814,0.22211598237923724,0.4702622319633774,0.2991968001919347,0.23054096784468783
9,mfds_drug_ai_review,mfds_drug_ai_review:SER-017,통상수용,0.5,통상수용,계약·질의검토,False,False,True,통상수용,0.37081295081449617,0.27537357145710495,0.3538134777283989,계약·질의검토,0.3842147393324942,0.23135499782883084,0.38443026283867493,통상수용,0.3804185191425737,0.25998504196492744,0.3595964388924989,0.37848206976318804,0.25557120375028775,0.3659467264865242
9,mfds_drug_ai_review,mfds_drug_ai_review:SER-018,통상수용,0.5,통상수용,통상수용,True,False,True,통상수용,0.4415636818498216,0.20126080560006193,0.3571755125501164,통상수용,0.48271600651014157,0.17412683210513405,0.3431571613847244,통상수용,0.45772630327360425,0.19327116251528614,0.34900253421110955,0.4606686638778558,0.1895529334068274,0.3497784027153168
9,mfds_drug_ai_review,mfds_drug_ai_review:SFR-003,견적반영,0.5,계약·질의검토,계약·질의검토,True,True,False,계약·질의검토,0.3456092627577104,0.281793726841147,0.3725970104011427,계약·질의검토,0.3270692585740486,0.27748947839030813,0.39544126303564325,계약·질의검토,0.32359937475062217,0.2982108212788501,0.37818980397052765,0.33209263202746037,0.28583134217010175,0.3820760258024378
9,mfds_drug_ai_review,mfds_drug_ai_review:SFR-004,계약·질의검토,0.5,통상수용,통상수용,True,True,False,통상수용,0.42633241845650893,0.27446353236901255,0.2992040491744786,통상수용,0.4800941586270022,0.24751723333959727,0.27238860803340065,통상수용,0.4305706020038014,0.2728814374866902,0.2965479605095085,0.4456657263624375,0.2649540677317667,0.28938020590579594
9,mfds_drug_ai_review,mfds_drug_ai_review:SFR-005,견적반영,0.5,통상수용,통상수용,True,True,False,통상수용,0.4464624787641724,0.3203449733963445,0.2331925478394832,통상수용,0.5045351399550099,0.28344553608651435,0.21201932395847584,통상수용,0.4532069602263232,0.3178191163786025,0.22897392339507427,0.4680681929818351,0.3072032086204871,0.22472859839767778
9,mfds_drug_ai_review,mfds_drug_ai_review:SFR-006,계약·질의검토,0.5,통상수용,통상수용,True,True,False,통상수용,0.44561462666944934,0.31032899741222325,0.2440563759183274,통상수용,0.4995501706486285,0.2907803944091999,0.20966943494217158,통상수용,0.4378934179131031,0.31905416686025717,0.24305241522663978,0.46101940507706035,0.30672118622722677,0.23225940869571293
9,mfds_drug_ai_review,mfds_drug_ai_review:SFR-007,계약·질의검토,0.5,계약·질의검토,계약·질의검토,True,False,True,계약·질의검토,0.31943325072404194,0.31074838505049596,0.3698183642254621,계약·질의검토,0.32749980889136915,0.3278763377653034,0.34462385334332746,계약·질의검토,0.3219280435805558,0.3112767723502724,0.3667951840691718,0.3229537010653223,0.3166338317220239,0.3604124672126538
9,mfds_drug_ai_review,mfds_drug_ai_review:SFR-008,통상수용,0.5,견적반영,견적반영,True,True,False,견적반영,0.33085870366216363,0.5289281369751269,0.14021315936270948,견적반영,0.3660225202655646,0.5305249058394355,0.103452573895,견적반영,0.3287727576860922,0.5354897514464599,0.13573749086744794,0.34188466053794014,0.5316475980870075,0.12646774137505246
9,mfds_drug_ai_review,mfds_drug_ai_review:SFR-009,통상수용,0.5,견적반영,견적반영,True,True,False,견적반영,0.3807290198482038,0.4474451963231272,0.17182578382866898,견적반영,0.39685963082718106,0.4460936062584458,0.1570467629143732,견적반영,0.39110749299940917,0.45630790400288396,0.15258460299770693,0.38956538122493134,0.4499489021948189,0.1604857165802497
9,mfds_drug_ai_review,mfds_drug_ai_review:SFR-010,통상수용,0.5,통상수용,통상수용,True,False,True,통상수용,0.47959626366308894,0.41479684821875384,0.1056068881181573,통상수용,0.4967127299366812,0.41742797661941505,0.08585929344390374,통상수용,0.4918492438186486,0.4137909384115813,0.09435981776977029,0.4893860791394729,0.4153385877499168,0.09527533311061043
9,mfds_drug_ai_review,mfds_drug_ai_review:SFR-011,통상수용,0.5,통상수용,통상수용,True,False,True,통상수용,0.4479412045000669,0.3157308661734274,0.2363279293265056,통상수용,0.4778364244346032,0.3199344411629676,0.20222913440242912,통상수용,0.4472808123991536,0.3114344508520637,0.2412847367487827,0.4576861471112746,0.3156999193961529,0.22661393349257244
9,mfds_drug_ai_review,mfds_drug_ai_review:SFR-012,견적반영,0.5,통상수용,통상수용,True,True,False,통상수용,0.39074273750643373,0.26678555194441717,0.34247171054914904,통상수용,0.4128732305511472,0.2642091627905797,0.32291760665827307,통상수용,0.38530631089881284,0.2576136735349451,0.35708001556624214,0.39630742631879795,0.2628694627566473,0.34082311092455475
9,mfds_drug_ai_review,mfds_drug_ai_review:SFR-013,통상수용,0.5,통상수용,통상수용,True,False,True,통상수용,0.4390625615045482,0.3267408237916691,0.23419661470378283,통상수용,0.47457745901791554,0.33213147203308335,0.19329106894900097,통상수용,0.46105138325225625,0.3142221107041834,0.22472650604356043,0.4582304679249067,0.3243648021763119,0.21740472989878143
9,mfds_drug_ai_review,mfds_drug_ai_review:SFR-014,견적반영,0.5,통상수용,통상수용,True,True,False,통상수용,0.4474539951013167,0.30622724838808946,0.24631875651059396,통상수용,0.4800082900266013,0.2990235198606151,0.22096819011278365,통상수용,0.44241495754137866,0.3055253651552484,0.2520596773033729,0.4566257475564322,0.3035920444679843,0.2397822079755835
9,mfds_drug_ai_review,mfds_drug_ai_review:SFR-015,견적반영,0.5,견적반영,견적반영,True,False,True,견적반영,0.3385326457025308,0.39015163851312845,0.27131571578434077,견적반영,0.34492712976477885,0.40065989266907015,0.25441297756615094,견적반영,0.336798074811899,0.3817160616407189,0.2814858635473821,0.3400859500930695,0.3908425309409725,0.2690715189659579
9,mfds_drug_ai_review,mfds_drug_ai_review:SFR-016,통상수용,0.5,견적반영,견적반영,True,True,False,견적반영,0.3602830476905827,0.3901563491271593,0.249560603182258,견적반영,0.31263422649097733,0.4687692644833901,0.21859650902563257,견적반영,0.3642990466527241,0.38434879521725984,0.25135215813001605,0.3457387736114281,0.41442480294260314,0.2398364234459689
9,mfds_drug_ai_review,mfds_drug_ai_review:SFR-017,계약·질의검토,0.5,통상수용,통상수용,True,True,False,통상수용,0.35213577656610257,0.3303012635334548,0.3175629599004426,통상수용,0.3731474666272782,0.33403559591517984,0.29281693745754195,통상수용,0.3398764383784051,0.33776966384311363,0.3223538977784813,0.3550532271905953,0.3340355077639161,0.3109112650454886
9,mfds_drug_ai_review,mfds_drug_ai_review:SFR-018,견적반영,0.5,견적반영,견적반영,True,False,True,견적반영,0.34843007554847033,0.4085241484740424,0.24304577597748717,견적반영,0.31716028942710234,0.47844182561491655,0.2043978849579811,견적반영,0.34727051795196706,0.4137144078686036,0.23901507417942938,0.33762029430917995,0.4335601273191875,0.22881957837163255
9,mfds_drug_ai_review,mfds_drug_ai_review:SFR-019,견적반영,0.5,통상수용,통상수용,False,False,True,통상수용,0.3837452516991838,0.34343382416830004,0.27282092413251613,견적반영,0.3795425265848134,0.39631016400368896,0.2241473094114976,통상수용,0.38280190375804646,0.3523745510728295,0.264823545169124,0.38202989401401455,0.36403951308160615,0.25393059290437925
9,mfds_drug_ai_review,mfds_drug_ai_review:SFR-021,통상수용,0.5,통상수용,통상수용,True,False,True,통상수용,0.4813909071048877,0.3420327227972501,0.17657637009786212,통상수용,0.5091716292902727,0.3045402059792877,0.18628816473043946,통상수용,0.5185057220215586,0.3147602719399898,0.16673400603845157,0.5030227528055731,0.3204444002388425,0.17653284695558438
9,mfds_drug_ai_review,mfds_drug_ai_review:SFR-022,통상수용,0.5,통상수용,통상수용,True,False,True,통상수용,0.5123479473948465,0.2513263362636645,0.23632571634148894,통상수용,0.5498186722647086,0.2458825314192797,0.20429879631601158,통상수용,0.5671771566441903,0.2175420218182947,0.21528082153751485,0.5431145921012485,0.238250296500413,0.21863511139833847
9,mfds_drug_ai_review,mfds_drug_ai_review:SFR-023,통상수용,0.5,통상수용,통상수용,True,False,True,통상수용,0.4731051896605356,0.30635262930202717,0.2205421810374372,통상수용,0.500759500213277,0.309672393924384,0.18956810586233913,통상수용,0.5168060660928372,0.28071240133723613,0.20248153256992663,0.4968902519888833,0.2989124748545491,0.20419727315656766
9,mfds_drug_ai_review,mfds_drug_ai_review:SFR-024,통상수용,0.5,통상수용,통상수용,True,False,True,통상수용,0.496706871449325,0.3465590315008355,0.1567340970498396,통상수용,0.5626842606485556,0.3048808114961617,0.1324349278552826,통상수용,0.5098228896097227,0.3305018015775386,0.15967530881273875,0.5230713405692011,0.32731388152484525,0.14961477790595365
9,mfds_drug_ai_review,mfds_drug_ai_review:SFR-025,통상수용,0.5,통상수용,통상수용,True,False,True,통상수용,0.5511018338726326,0.31387003608813374,0.1350281300392337,통상수용,0.6285085409282541,0.25990014844512144,0.1115913106266244,통상수용,0.5936795847124665,0.2859245720499598,0.12039584323757373,0.5910966531711177,0.28656491886107166,0.12233842796781062
9,mfds_drug_ai_review,mfds_drug_ai_review:SFR-026,통상수용,0.5,통상수용,통상수용,True,False,True,통상수용,0.4695838623362692,0.35990065984701247,0.17051547781671825,통상수용,0.5077537151482842,0.3529418774639382,0.13930440738777777,통상수용,0.4866000441254092,0.3499494169863862,0.1634505388882047,0.4879792072033209,0.3542639847657789,0.15775680803090023
9,mfds_drug_ai_review,mfds_drug_ai_review:SFR-027,견적반영,0.5,견적반영,계약·질의검토,False,False,True,견적반영,0.2549380646953621,0.4048301408870918,0.34023179441754614,계약·질의검토,0.23398804565972742,0.37500318698742213,0.3910087673528505,견적반영,0.23973880772902087,0.4229964583112188,0.3372647339597603,0.2428883060280368,0.40094326206191094,0.35616843191005226
9,mfds_drug_ai_review,mfds_drug_ai_review:SFR-028,견적반영,0.5,통상수용,통상수용,True,True,False,통상수용,0.39917951567174464,0.3309297044841581,0.26989077984409726,통상수용,0.4643518937058965,0.30688295943331617,0.22876514686078722,통상수용,0.4022104715487793,0.3438222840078915,0.25396724444332924,0.42191396030880685,0.32721164930845525,0.2508743903827379
9,mfds_drug_ai_review,mfds_drug_ai_review:SFR-029,통상수용,0.5,견적반영,견적반영,True,True,False,견적반영,0.3368384234994069,0.35806946567068093,0.3050921108299121,견적반영,0.33620490688873345,0.3667016500655426,0.29709344304572394,견적반영,0.33982454020620795,0.36791438187698283,0.2922610779168092,0.33762262353144945,0.3642284992044021,0.2981488772641484
9,mfds_drug_ai_review,mfds_drug_ai_review:SFR-030,통상수용,0.5,견적반영,견적반영,True,True,False,견적반영,0.35068288582559626,0.35305266921918044,0.29626444495522325,견적반영,0.3475412676082871,0.37484030212799974,0.27761843026371313,견적반영,0.33952079924785017,0.3717601847731812,0.2887190159789686,0.3459149842272445,0.3665510520401205,0.287533963732635
9,mfds_drug_ai_review,mfds_drug_ai_review:SFR-031,통상수용,0.5,견적반영,견적반영,True,True,False,견적반영,0.30304739383388013,0.3898053505751436,0.3071472555909763,견적반영,0.30817953054486635,0.3892877765833613,0.3025326928717723,견적반영,0.29064974802881366,0.4032621723112443,0.30608807965994217,0.30062555746918673,0.39411843315658307,0.30525600937423025
9,mfds_drug_ai_review,mfds_drug_ai_review:SFR-032,통상수용,0.5,통상수용,통상수용,True,False,True,통상수용,0.35791384605379134,0.3408191478760591,0.30126700607014956,통상수용,0.3590149460509785,0.3370473737495583,0.3039376801994632,통상수용,0.3664447292010732,0.34143786452211533,0.2921174062768116,0.3611245071019476,0.33976812871591094,0.29910736418214146
9,mfds_drug_ai_review,mfds_drug_ai_review:SFR-033,통상수용,0.5,통상수용,통상수용,True,False,True,통상수용,0.5265535099544567,0.21665635519177187,0.2567901348537715,통상수용,0.5770342825907543,0.16472873918034298,0.2582369782289028,통상수용,0.5388887263315512,0.2077957925168233,0.2533154811516256,0.5474921729589207,0.1963936289629794,0.25611419807809993
9,mfds_drug_ai_review,mfds_drug_ai_review:SFR-034,통상수용,0.5,견적반영,견적반영,True,True,False,견적반영,0.33282610205477925,0.4018656728260598,0.26530822511916097,견적반영,0.34400668179843225,0.3998114255733911,0.25618189262817676,견적반영,0.3229006062456121,0.40811966515807646,0.2689797285963114,0.33324446336627456,0.4032655878525091,0.26348994878121634
9,mfds_drug_ai_review,mfds_drug_ai_review:SFR-035,견적반영,0.5,통상수용,통상수용,True,True,False,통상수용,0.440513574950453,0.24497950597059176,0.3145069190789552,통상수용,0.5018256025379626,0.19571828678818384,0.3024561106738536,통상수용,0.4460437564773558,0.241984919808126,0.31197132371451824,0.4627943113219238,0.2275609041889672,0.30964478448910904
9,mfds_drug_ai_review,mfds_drug_ai_review:SFR-036,통상수용,0.5,통상수용,통상수용,True,False,True,통상수용,0.5277132074850684,0.27044662928533214,0.20184016322959944,통상수용,0.5412655075282831,0.2867618450265752,0.17197264744514176,통상수용,0.5422022166340646,0.2690522278136778,0.18874555555225753,0.5370603105491387,0.2754202340418617,0.18751945540899959
9,mfds_drug_ai_review,mfds_drug_ai_review:SFR-037,통상수용,0.5,통상수용,통상수용,True,False,True,통상수용,0.46301648864141975,0.3233554067492212,0.21362810460935908,통상수용,0.5058882510748632,0.31392838353953606,0.1801833653856007,통상수용,0.48954540431847354,0.3103781804020026,0.20007641527952386,0.4861500480115855,0.3158873235635866,0.19796262842482784
9,mfds_drug_ai_review,mfds_drug_ai_review:SFR-038,통상수용,0.5,통상수용,통상수용,True,False,True,통상수용,0.5098953193399887,0.28837773330997213,0.2017269473500392,통상수용,0.5266585879749501,0.30644170511662133,0.1668997069084286,통상수용,0.5411635664623733,0.27392282024212017,0.1849136132955065,0.5259058245924374,0.28958075288957125,0.18451342251799144
9,mfds_drug_ai_review,mfds_drug_ai_review:SFR-039,통상수용,0.5,견적반영,견적반영,True,True,False,견적반영,0.32629411356151167,0.3598876925335527,0.31381819390493565,견적반영,0.34128489432129194,0.3730706312673281,0.28564447441138,견적반영,0.32057006917121816,0.3616710003683322,0.31775893046044956,0.3293830256846739,0.3648764413897377,0.3057405329255884
9,mfds_drug_ai_review,mfds_drug_ai_review:SFR-040,통상수용,0.5,통상수용,통상수용,True,False,True,통상수용,0.4119865165815967,0.32844440111768425,0.2595690823007192,통상수용,0.40143009727239154,0.3785347261718472,0.22003517655576119,통상수용,0.42912284553598784,0.32062240272496606,0.2502547517390462,0.4141798197966587,0.3425338433381658,0.24328633686517553
9,mfds_drug_ai_review,mfds_drug_ai_review:SFR-041,통상수용,0.5,통상수용,통상수용,True,False,True,통상수용,0.5262949738548234,0.3313433071598051,0.14236171898537153,통상수용,0.5759213636571444,0.3166502345023878,0.10742840184046781,통상수용,0.5577597834572525,0.30802164135808546,0.13421857518466213,0.5533253736564068,0.3186717276734261,0.12800289867016715
9,mfds_drug_ai_review,mfds_drug_ai_review:SFR-042,통상수용,0.5,통상수용,통상수용,True,False,True,통상수용,0.5513363364130152,0.3144608803301063,0.13420278325687846,통상수용,0.6138789539866777,0.28380770543698824,0.10231334057633415,통상수용,0.5760909186147362,0.29613979371800275,0.1277692876672611,0.5804354030048097,0.2981361264950324,0.12142847050015788
9,mfds_drug_ai_review,mfds_drug_ai_review:SFR-043,통상수용,0.5,통상수용,통상수용,True,False,True,통상수용,0.41953337791152295,0.40622776067746097,0.17423886141101602,통상수용,0.4805014572108571,0.3484429219109118,0.17105562087823104,통상수용,0.43375978392541387,0.39571622689089275,0.17052398918369335,0.4445982063492646,0.3834623031597552,0.17193949049098015
9,mfds_drug_ai_review,mfds_drug_ai_review:SFR-044,통상수용,0.5,통상수용,통상수용,True,False,True,통상수용,0.6015765620388089,0.2746257313286002,0.12379770663259093,통상수용,0.6933977928059973,0.22192159222724017,0.08468061496676245,통상수용,0.6055660198956692,0.2706543697606987,0.12377961034363208,0.6335134582468251,0.2557338977721797,0.11075264398099516
9,mfds_drug_ai_review,mfds_drug_ai_review:SFR-045,계약·질의검토,0.5,견적반영,견적반영,True,True,False,견적반영,0.17962757905805665,0.5006748566385112,0.31969756430343205,견적반영,0.15941546464469164,0.5004225720639209,0.3401619632913876,견적반영,0.16395998872496423,0.5112276212130894,0.32481239006194623,0.16766767747590416,0.5041083499718405,0.32822397255225527
9,mfds_drug_ai_review,mfds_drug_ai_review:SFR-047,통상수용,0.5,통상수용,통상수용,True,False,True,통상수용,0.3999994079479643,0.36956534429685034,0.23043524775518542,통상수용,0.4222245149328212,0.34536734654615775,0.23240813852102105,통상수용,0.4156958959855402,0.3656972176476326,0.21860688636682732,0.41263993962210854,0.36020996949688017,0.22715009088101126
9,mfds_drug_ai_review,mfds_drug_ai_review:SFR-048,통상수용,0.5,통상수용,통상수용,True,False,True,통상수용,0.42174368830692044,0.39101968006583193,0.18723663162724752,통상수용,0.4585000097505301,0.38379700326261135,0.1577029869868585,통상수용,0.4131796704703909,0.3983554485317488,0.18846488099786032,0.43114112284261386,0.39105737728673073,0.17780149987065544
9,mfds_drug_ai_review,mfds_drug_ai_review:SFR-049,통상수용,0.5,견적반영,견적반영,True,True,False,견적반영,0.31487342545340435,0.5097995038018219,0.1753270707447738,견적반영,0.31607268453155046,0.5380409681812838,0.14588634728716576,견적반영,0.30914643828767474,0.5171224021903084,0.17373115952201681,0.3133641827575432,0.5216542913911381,0.16498152585131878
9,mfds_drug_ai_review,mfds_drug_ai_review:SFR-050,통상수용,0.5,통상수용,통상수용,True,False,True,통상수용,0.41657959472665623,0.40423770500926415,0.1791827002640795,통상수용,0.47211856610828284,0.36630674451737183,0.16157468937434535,통상수용,0.4360941616092062,0.38925250839729153,0.1746533299935023,0.44159744081471514,0.38659898597464254,0.17180357321064235
9,mfds_drug_ai_review,mfds_drug_ai_review:SFR-051,통상수용,0.5,견적반영,견적반영,True,True,False,견적반영,0.362622430009442,0.48736522420485273,0.1500123457857053,견적반영,0.4029363997327829,0.4701408345579347,0.1269227657092824,견적반영,0.3682205662369576,0.488938110350761,0.14284132341228134,0.3779264653263941,0.48214805637118285,0.13992547830242302
9,mfds_drug_ai_review,mfds_drug_ai_review:SFR-052,통상수용,0.5,견적반영,견적반영,True,True,False,견적반영,0.3490978724556468,0.43942929183369517,0.21147283571065814,견적반영,0.3542735214184774,0.43166769105752534,0.21405878752399726,견적반영,0.35698007791586195,0.4385844245167566,0.20443549756738144,0.353450490596662,0.43656046913599234,0.20998904026734563
9,mfds_drug_ai_review,mfds_drug_ai_review:SFR-053,통상수용,0.5,견적반영,견적반영,True,True,False,견적반영,0.3465531738441306,0.5052399110723984,0.14820691508347103,견적반영,0.3771776898187633,0.5003455902883984,0.12247671989283825,견적반영,0.35101790189439663,0.5080511843990577,0.14093091370654565,0.35824958851909683,0.5045455619199516,0.13720484956095164
9,mfds_drug_ai_review,mfds_drug_ai_review:SFR-054,계약·질의검토,0.5,계약·질의검토,계약·질의검토,True,False,True,계약·질의검토,0.18939016722377816,0.3905449282797945,0.4200649044964274,계약·질의검토,0.1693407919288942,0.3564807124315721,0.4741784956395337,계약·질의검토,0.16833739850466276,0.3995016319444573,0.43216096955087996,0.17568945255244506,0.38217575755194133,0.44213478989561367
9,mfds_drug_ai_review,mfds_drug_ai_review:SFR-055,통상수용,0.5,통상수용,통상수용,True,False,True,통상수용,0.4817206519390333,0.3471207059279629,0.17115864213300383,통상수용,0.5555754353998972,0.31021889034251976,0.134205674257583,통상수용,0.5115818958378195,0.33206335046915864,0.1563547536930218,0.5162926610589167,0.3298009822465471,0.1539063566945362
9,mfds_drug_ai_review,mfds_drug_ai_review:SFR-056,견적반영,0.5,계약·질의검토,계약·질의검토,True,True,False,계약·질의검토,0.15993962224343689,0.3580652998004076,0.48199507795615565,계약·질의검토,0.12148224853031685,0.3395555965727832,0.5389621548968999,계약·질의검토,0.1547223242839471,0.3520258524510153,0.4932518232650375,0.14538139835256694,0.3498822496080687,0.5047363520393644
9,mfds_drug_ai_review,mfds_drug_ai_review:SFR-057,견적반영,0.5,통상수용,통상수용,True,True,False,통상수용,0.36834493871900625,0.3522740993316326,0.2793809619493612,통상수용,0.37356824292843654,0.3502839459029098,0.2761478111686538,통상수용,0.37174664066950736,0.35080107905498487,0.2774522802755077,0.37121994077231674,0.3511197080965091,0.2776603511311742
9,mfds_drug_ai_review,mfds_drug_ai_review:SFR-058,통상수용,0.5,통상수용,통상수용,True,False,True,통상수용,0.45990415919772515,0.2687335484292886,0.27136229237298626,통상수용,0.5029594297034818,0.2513183188532298,0.24572225144328835,통상수용,0.5032323786812772,0.2514619227156762,0.24530569860304655,0.488698655860828,0.2571712633327315,0.25413008080644034
9,mfds_drug_ai_review,mfds_drug_ai_review:SFR-059,통상수용,0.5,통상수용,통상수용,True,False,True,통상수용,0.4527365036653771,0.3611045055558176,0.18615899077880538,통상수용,0.5156940231148573,0.3431992144263089,0.1411067624588337,통상수용,0.49417285239861325,0.33743559779225973,0.1683915498091271,0.48753445972628257,0.3472464392581287,0.1652191010155887
9,mfds_drug_ai_review,mfds_drug_ai_review:SFR-060,통상수용,0.5,통상수용,통상수용,True,False,True,통상수용,0.47750706244518015,0.33192047809907776,0.19057245945574225,통상수용,0.5031385854735981,0.34593344974797974,0.1509279647784221,통상수용,0.5205083624156331,0.31060592760656297,0.16888570997780383,0.5003846701114705,0.32948661848454014,0.1701287114039894
9,mfds_drug_ai_review,mfds_drug_ai_review:SFR-061,통상수용,0.5,통상수용,통상수용,True,False,True,통상수용,0.395825409936426,0.3448050445068941,0.25936954555667985,통상수용,0.44692738277263305,0.3109405532559256,0.24213206397144146,통상수용,0.39369765916375943,0.3418120178222487,0.26449032301399183,0.4121501506242728,0.3325192051950228,0.2553306441807044
9,mfds_drug_ai_review,mfds_drug_ai_review:SIR-001,통상수용,0.5,통상수용,통상수용,True,False,True,통상수용,0.6015118067503862,0.19569015058576203,0.20279804266385182,통상수용,0.7161756026974001,0.12868514283256774,0.15513925447003207,통상수용,0.615185333652926,0.18410718473000046,0.20070748161707344,0.6442909143669041,0.16949415938277676,0.1862149262503191
9,mfds_drug_ai_review,mfds_drug_ai_review:SIR-002,통상수용,0.5,통상수용,통상수용,True,False,True,통상수용,0.40496119839187505,0.30261823397972387,0.2924205676284011,통상수용,0.4170072695246771,0.29269823808327794,0.29029449239204497,통상수용,0.4542856568648038,0.2789576903110902,0.266756652824106,0.4254180415937854,0.291424720791364,0.2831572376148507
9,mfds_drug_ai_review,mfds_drug_ai_review:SIR-003,통상수용,0.5,통상수용,통상수용,True,False,True,통상수용,0.4515053593217428,0.3750070838439555,0.17348755683430186,통상수용,0.5093385038753809,0.36180649606031473,0.12885500006430442,통상수용,0.46610298402816464,0.36214826967913283,0.17174874629270243,0.4756489490750961,0.366320616527801,0.1580304343971029
9,mfds_drug_ai_review,mfds_drug_ai_review:SIR-004,통상수용,0.5,통상수용,통상수용,True,False,True,통상수용,0.601033667917313,0.18483734236021254,0.2141289897224744,통상수용,0.6434236898482375,0.17029438524741466,0.18628192490434795,통상수용,0.6314932659029289,0.1659770698572674,0.20252966423980376,0.6253168745561598,0.17370293248829824,0.20098019295554204
9,mfds_drug_ai_review,mfds_drug_ai_review:SIR-005,통상수용,0.5,통상수용,통상수용,True,False,True,통상수용,0.5130225626916725,0.22548301549482183,0.2614944218135057,통상수용,0.5671225218858319,0.20351488568808507,0.22936259242608303,통상수용,0.5167636592332022,0.22184132324129696,0.26139501752550076,0.5323029146035689,0.2169464081414013,0.2507506772550298
9,mfds_drug_ai_review,mfds_drug_ai_review:SIR-006,계약·질의검토,0.5,계약·질의검토,계약·질의검토,False,False,True,통상수용,0.4073889851571789,0.21501808828010577,0.37759292656271526,계약·질의검토,0.3546512726105386,0.18993523691498843,0.455413490474473,통상수용,0.4285203150592516,0.2061085869426498,0.3653710979980985,0.39685352427565634,0.20368730404591465,0.39945917167842887
9,mfds_drug_ai_review,mfds_drug_ai_review:SIR-007,통상수용,0.5,통상수용,통상수용,True,False,True,통상수용,0.35471887210261016,0.29481022761859893,0.35047090027879085,통상수용,0.37763385587427206,0.27178413467348317,0.3505820094522447,통상수용,0.36504928039518103,0.2817519879606424,0.3531987316441766,0.3658006694573544,0.2827821167509082,0.35141721379173746
9,mfds_drug_ai_review,mfds_drug_ai_review:SIR-008,계약·질의검토,0.5,통상수용,통상수용,True,True,False,통상수용,0.42531508846304816,0.2917723911375721,0.28291252039937975,통상수용,0.42328314836687975,0.2667065369532415,0.31001031467987883,통상수용,0.41953122553048805,0.3064471209689854,0.27402165350052654,0.42270982078680525,0.288308683019933,0.2889814961932617
9,mfds_drug_ai_review,mfds_drug_ai_review:SIR-009,통상수용,0.5,통상수용,통상수용,True,False,True,통상수용,0.49843557740991373,0.3591734134157764,0.14239100917430988,통상수용,0.5316725904289161,0.352813360217706,0.11551404935337788,통상수용,0.5235407570426568,0.35192273750644937,0.12453650545089383,0.5178829749604955,0.35463650371331057,0.12748052132619386
9,mfds_drug_ai_review,mfds_drug_ai_review:SIR-010,계약·질의검토,0.5,계약·질의검토,계약·질의검토,False,False,True,계약·질의검토,0.39063908566884203,0.17710277746311948,0.4322581368680386,계약·질의검토,0.4257770686144853,0.1252482992590179,0.44897463212649674,통상수용,0.42003111454544256,0.1646230798016598,0.4153458056528975,0.4121490896095899,0.15565805217459905,0.432192858215811
9,mfds_drug_ai_review,mfds_drug_ai_review:TER-001,통상수용,0.5,통상수용,통상수용,True,False,True,통상수용,0.6389439331533006,0.1538173677156979,0.2072386991310016,통상수용,0.7394885152258077,0.10846744184177722,0.15204404293241522,통상수용,0.6622709480510534,0.13840696964031127,0.19932208230863535,0.6802344654767204,0.13356392639926215,0.1862016081240174
9,mfds_drug_ai_review,mfds_drug_ai_review:TER-002,통상수용,0.5,통상수용,통상수용,True,False,True,통상수용,0.5295341726342451,0.19132452933898353,0.27914129802677146,통상수용,0.6161488295779117,0.14838906331569085,0.23546210710639748,통상수용,0.5455785709082785,0.18190762630957127,0.27251380278215015,0.5637538577068117,0.17387373965474853,0.2623724026384397
9,mfds_drug_ai_review,mfds_drug_ai_review:TER-003,통상수용,0.5,통상수용,통상수용,True,False,True,통상수용,0.5538825715395326,0.16408370071922476,0.28203372774124263,통상수용,0.6482531374443341,0.11762472215527718,0.23412214040038867,통상수용,0.5578949291294611,0.1642937515307245,0.27781131933981446,0.5866768793711093,0.14866739146840882,0.2646557291604819
9,mfds_drug_ai_review,mfds_drug_ai_review:TER-004,계약·질의검토,0.5,계약·질의검토,계약·질의검토,True,False,True,계약·질의검토,0.35011746101873586,0.16683061794885135,0.4830519210324128,계약·질의검토,0.3355453726723057,0.12890125154102172,0.5355533757866726,계약·질의검토,0.3681884408187663,0.15630288825563032,0.4755086709256035,0.35128375816993596,0.15067825258183445,0.4980379892482296
9,mfds_drug_ai_review,mfds_drug_ai_review:TER-005,견적반영,0.5,통상수용,계약·질의검토,False,True,False,계약·질의검토,0.3548973683445252,0.26323093857187635,0.3818716930835985,통상수용,0.40538937893198157,0.25975555868242267,0.3348550623855957,계약·질의검토,0.3477143499979817,0.26678318539778956,0.38550246460422877,0.3693336990914961,0.26325656088402954,0.3674097400244743
9,mfds_drug_ai_review,mfds_drug_ai_review:TER-006,계약·질의검토,0.5,계약·질의검토,계약·질의검토,True,False,True,계약·질의검토,0.2739110416261367,0.15578481847578865,0.5703041398980746,계약·질의검토,0.21224790905249996,0.13173186287575597,0.656020228071744,계약·질의검토,0.2748595969722438,0.1530698367925222,0.5720705662352339,0.25367284921696015,0.14686217271468893,0.5994649780683509
