fold,test_document,requirement_uid,gold,tfidf_e5_weight,soft_vote_pred,review_union_pred,all_agree,all_wrong,at_least_one_correct,char_logistic_pred,char_logistic_p_통상수용,char_logistic_p_견적반영,char_logistic_p_계약·질의검토,word_char_logistic_pred,word_char_logistic_p_통상수용,word_char_logistic_p_견적반영,word_char_logistic_p_계약·질의검토,tfidf_e5_hybrid_pred,tfidf_e5_hybrid_p_통상수용,tfidf_e5_hybrid_p_견적반영,tfidf_e5_hybrid_p_계약·질의검토,soft_vote_p_통상수용,soft_vote_p_견적반영,soft_vote_p_계약·질의검토
0,ccrs_ai_platform,ccrs_ai_platform:CNR-001,통상수용,0.25,통상수용,통상수용,True,False,True,통상수용,0.3998956980639624,0.36301347007657125,0.23709083185946636,통상수용,0.4159635110881196,0.3573727696725012,0.22666371923937934,통상수용,0.3956448096173994,0.3640126400492188,0.2403425503333818,0.4038346729231605,0.3614662932660971,0.2346990338107425
0,ccrs_ai_platform,ccrs_ai_platform:CNR-002,통상수용,0.25,견적반영,견적반영,True,True,False,견적반영,0.3978341676651096,0.4434720560434931,0.15869377629139733,견적반영,0.37000101533527485,0.5054817419090932,0.1245172427556318,견적반영,0.4047059891034166,0.43975862760765205,0.15553538328893135,0.3908470573679337,0.46290414185341283,0.1462488007786535
0,ccrs_ai_platform,ccrs_ai_platform:COR-001,통상수용,0.25,통상수용,통상수용,True,False,True,통상수용,0.48041615806352733,0.1811175830061678,0.3384662589303049,통상수용,0.47973913425273296,0.15403320104827722,0.3662276646989899,통상수용,0.4814035295883547,0.17991081580946996,0.33868565460217537,0.4805196073015383,0.17168719995463833,0.34779319274382337
0,ccrs_ai_platform,ccrs_ai_platform:COR-002,통상수용,0.25,통상수용,통상수용,True,False,True,통상수용,0.590398141345518,0.1868543055478878,0.22274755310659416,통상수용,0.6855923909131887,0.14338130333470678,0.17102630575210445,통상수용,0.603487890963595,0.17919570158457798,0.21731640745182698,0.6264928077407672,0.16981043682239086,0.20369675543684188
0,ccrs_ai_platform,ccrs_ai_platform:COR-003,통상수용,0.25,통상수용,통상수용,True,False,True,통상수용,0.42033970503875334,0.16550559885705995,0.4141546961041867,통상수용,0.5271180665415418,0.14831708799346102,0.3245648454649972,통상수용,0.42839753445185247,0.16107501981699132,0.4105274457311563,0.4586184353440492,0.15829923555583744,0.38308232910011336
0,ccrs_ai_platform,ccrs_ai_platform:COR-004,계약·질의검토,0.25,계약·질의검토,계약·질의검토,True,False,True,계약·질의검토,0.3020384290248909,0.13764602575315554,0.5603155452219536,계약·질의검토,0.32957296785735435,0.10918195014595772,0.561245081996688,계약·질의검토,0.3058214316557591,0.1348571047316098,0.5593214636126311,0.31247760951266806,0.127228360210241,0.5602940302770909
0,ccrs_ai_platform,ccrs_ai_platform:COR-005,통상수용,0.25,통상수용,통상수용,True,False,True,통상수용,0.3680586568734445,0.28573209437270713,0.34620924875384845,통상수용,0.3815797984524445,0.2767727710429653,0.3416474305045902,통상수용,0.3802789386257992,0.27691739000352844,0.3428036713706724,0.3766391313172294,0.27980741847306695,0.3435534502097037
0,ccrs_ai_platform,ccrs_ai_platform:COR-006,견적반영,0.25,통상수용,통상수용,True,True,False,통상수용,0.4206442801163462,0.25100764693946526,0.32834807294418855,통상수용,0.4703762446201067,0.2350976038785364,0.2945261515013568,통상수용,0.4089910594622203,0.2569571229580136,0.33405181757976604,0.43333719473289106,0.24768745792533842,0.31897534734177047
0,ccrs_ai_platform,ccrs_ai_platform:COR-007,계약·질의검토,0.25,계약·질의검토,계약·질의검토,True,False,True,계약·질의검토,0.2472955151743834,0.22786072019699857,0.524843764628618,계약·질의검토,0.23636108926058355,0.20948439820930506,0.5541545125301115,계약·질의검토,0.24630864830534516,0.22466804256028686,0.5290233091343679,0.24332175091343736,0.22067105365553016,0.5360071954310325
0,ccrs_ai_platform,ccrs_ai_platform:COR-008,통상수용,0.25,통상수용,통상수용,True,False,True,통상수용,0.6355422877805463,0.13751880407362865,0.22693890814582507,통상수용,0.7031065671743142,0.10682918790559254,0.1900642449200932,통상수용,0.6423442645658685,0.13265484482458997,0.2250008906095415,0.660331039840243,0.12566761226793707,0.21400134789181993
0,ccrs_ai_platform,ccrs_ai_platform:DAR-002,통상수용,0.25,견적반영,견적반영,True,True,False,견적반영,0.39214114554869084,0.43096112769898176,0.1768977267523274,견적반영,0.42453023851761423,0.4370286660014247,0.13844109548096117,견적반영,0.40212742667811585,0.42520001243148575,0.17267256089039845,0.4062662702481403,0.4310632687106308,0.162670461041229
0,ccrs_ai_platform,ccrs_ai_platform:DAR-003,통상수용,0.25,통상수용,통상수용,True,False,True,통상수용,0.5160122146082623,0.24916656259723943,0.23482122279449819,통상수용,0.5491466355574183,0.25232208128147715,0.19853128316110455,통상수용,0.5312178350636999,0.24147628600505805,0.227305878931242,0.5321255617431269,0.24765497662792488,0.22021946162894823
0,ccrs_ai_platform,ccrs_ai_platform:DAR-004,통상수용,0.25,통상수용,통상수용,True,False,True,통상수용,0.6114212537214636,0.265140547086883,0.12343819919165343,통상수용,0.6914281356864286,0.23081389757323142,0.07775796674033991,통상수용,0.6216632219730653,0.2584023284478397,0.11993444957909494,0.6415042037936526,0.2514522577026514,0.10704353850369609
0,ccrs_ai_platform,ccrs_ai_platform:ECR-001,견적반영,0.25,계약·질의검토,계약·질의검토,True,True,False,계약·질의검토,0.2388003044323531,0.2626958002836609,0.498503895283986,계약·질의검토,0.23454477882351346,0.24810653499458676,0.5173486861818998,계약·질의검토,0.23383070386666946,0.26313717265457043,0.50303212347876,0.23572526237417868,0.25797983597760604,0.5062949016482153
0,ccrs_ai_platform,ccrs_ai_platform:ECR-002,통상수용,0.25,견적반영,견적반영,True,True,False,견적반영,0.21611125978360468,0.6225473072899652,0.1613414329264301,견적반영,0.21544981105409342,0.6521784852516657,0.13237170369424098,견적반영,0.21455403137648815,0.625019040145923,0.16042692847758877,0.21537170073806208,0.633248277562518,0.15138002169941997
0,ccrs_ai_platform,ccrs_ai_platform:ECR-003,계약·질의검토,0.25,견적반영,견적반영,True,True,False,견적반영,0.09127623808050879,0.5334553522860089,0.3752684096334823,견적반영,0.053940727838649415,0.5849904109407625,0.3610688612205881,견적반영,0.08714200303808328,0.5344495356583696,0.37840846130354694,0.07745298965241383,0.5509650996283804,0.37158191071920577
0,ccrs_ai_platform,ccrs_ai_platform:ECR-004,견적반영,0.25,견적반영,견적반영,True,False,True,견적반영,0.16392504819668632,0.6279889151122297,0.2080860366910841,견적반영,0.11517758582962608,0.7321888811023717,0.15263353306800226,견적반영,0.1597377134086257,0.6292085630957327,0.2110537234956416,0.14628011581164604,0.663128786436778,0.19059109775157598
0,ccrs_ai_platform,ccrs_ai_platform:ECR-006,계약·질의검토,0.25,계약·질의검토,계약·질의검토,True,False,True,계약·질의검토,0.08791625979920224,0.3899795381336155,0.5221042020671823,계약·질의검토,0.047012548766993775,0.3815114668484104,0.5714759843845958,계약·질의검토,0.08232547106932142,0.38837025985962914,0.5293042690710494,0.07241809321183915,0.38662042161388505,0.5409614851742759
0,ccrs_ai_platform,ccrs_ai_platform:ECR-007,견적반영,0.25,계약·질의검토,계약·질의검토,True,True,False,계약·질의검토,0.18874093973312916,0.3210889587549005,0.4901701015119703,계약·질의검토,0.15591465645657276,0.2913035707634293,0.552781772779998,계약·질의검토,0.18051938361275202,0.32108806213262986,0.49839255425461804,0.175058326600818,0.31116019721698657,0.5137814761821954
0,ccrs_ai_platform,ccrs_ai_platform:ECR-008,계약·질의검토,0.25,계약·질의검토,계약·질의검토,True,False,True,계약·질의검토,0.15407581035860426,0.37533818519848305,0.4705860044429127,계약·질의검토,0.12350891287331123,0.3882421638931169,0.4882489232335718,계약·질의검토,0.14589358048137896,0.3766645368720169,0.4774418826466041,0.14115943457109817,0.380081628654539,0.4787589367743628
0,ccrs_ai_platform,ccrs_ai_platform:ECR-009,계약·질의검토,0.25,견적반영,견적반영,True,True,False,견적반영,0.32659339315662006,0.35599236601776363,0.3174142408256163,견적반영,0.3199589436891692,0.34566691171999164,0.33437414459083925,견적반영,0.32235228121331017,0.3590385336829868,0.318609185103703,0.32296820601969983,0.35356593714024737,0.32346585684005286
0,ccrs_ai_platform,ccrs_ai_platform:INR-001,통상수용,0.25,계약·질의검토,계약·질의검토,False,True,False,견적반영,0.24161706922783535,0.38284323961054184,0.37553969116162284,계약·질의검토,0.19129057082859105,0.38727172081088285,0.42143770836052613,견적반영,0.23419509128334368,0.3855910492346099,0.38021385948204645,0.2223675771132567,0.38523533655201153,0.39239708633473186
0,ccrs_ai_platform,ccrs_ai_platform:INR-002,견적반영,0.25,견적반영,견적반영,True,False,True,견적반영,0.32722290421340666,0.40598861699131356,0.26678847879527984,견적반영,0.32965808600077157,0.4047211934535582,0.2656207205456702,견적반영,0.3235101460050712,0.40973014365683663,0.26675971033809215,0.32679704540641646,0.4068133180339028,0.26638963655968073
0,ccrs_ai_platform,ccrs_ai_platform:INR-003,견적반영,0.25,견적반영,견적반영,True,False,True,견적반영,0.2575754121289803,0.5913280348778148,0.15109655299320485,견적반영,0.19565961282925676,0.6942629642044468,0.11007742296629659,견적반영,0.2620815055401925,0.5876869351312376,0.15023155932856996,0.2384388434994765,0.6244259780711664,0.13713517842935713
0,ccrs_ai_platform,ccrs_ai_platform:INR-004,통상수용,0.25,견적반영,견적반영,False,False,True,통상수용,0.3995177662709017,0.3856002477745868,0.21488198595451147,견적반영,0.39602203412123826,0.4297760763896453,0.1742018894891163,통상수용,0.4013618813343043,0.3826578454908576,0.21598027317483803,0.39896722724214806,0.3993447232183633,0.2016880495394886
0,ccrs_ai_platform,ccrs_ai_platform:INR-005,통상수용,0.25,견적반영,견적반영,True,True,False,견적반영,0.3413566251704997,0.38484957407338555,0.27379380075611476,견적반영,0.302366709164292,0.4134374938956293,0.2841957969400787,견적반영,0.33858281560531145,0.38687775242133615,0.2745394319733523,0.3274353833133677,0.39505494013011705,0.27750967655651526
0,ccrs_ai_platform,ccrs_ai_platform:INR-006,통상수용,0.25,통상수용,통상수용,True,False,True,통상수용,0.4885084812076201,0.2539593076032815,0.2575322111890984,통상수용,0.5836770997306263,0.2228238544170097,0.19349904585236408,통상수용,0.48952483329087165,0.25052737705765643,0.25994778965147186,0.5205701380763726,0.24243684635931587,0.2369930155643115
0,ccrs_ai_platform,ccrs_ai_platform:INR-007,통상수용,0.25,견적반영,견적반영,True,True,False,견적반영,0.3211647626044352,0.42619709342428186,0.2526381439712828,견적반영,0.2744200447782152,0.45148137430788676,0.27409858091389805,견적반영,0.3179803888118748,0.4336205732990236,0.2483990378891017,0.30452173206484173,0.43709968034373076,0.2583785875914275
0,ccrs_ai_platform,ccrs_ai_platform:PER-001,계약·질의검토,0.25,계약·질의검토,계약·질의검토,True,False,True,계약·질의검토,0.23051352571229616,0.3270642930736733,0.4424221812140305,계약·질의검토,0.22096018666220346,0.29388350028052024,0.4851563130572763,계약·질의검토,0.22913333910963637,0.3287225506948559,0.4421441101955077,0.22686901716137867,0.3165567813496832,0.4565742014889382
0,ccrs_ai_platform,ccrs_ai_platform:PER-002,계약·질의검토,0.25,계약·질의검토,계약·질의검토,True,False,True,계약·질의검토,0.1920122917925069,0.17577910392148718,0.6322086042860059,계약·질의검토,0.16922210559399645,0.15734226419246697,0.6734356302135366,계약·질의검토,0.18207304168309033,0.1746211797606356,0.6433057785562741,0.18110247968986457,0.16924751595819656,0.6496500043519389
0,ccrs_ai_platform,ccrs_ai_platform:PER-003,계약·질의검토,0.25,계약·질의검토,계약·질의검토,True,False,True,계약·질의검토,0.09865774970403263,0.286950189076234,0.6143920612197334,계약·질의검토,0.06910894433163646,0.2640655331586152,0.6668255225097482,계약·질의검토,0.09228771678496663,0.2878573248670778,0.6198549583479555,0.08668480360687857,0.27962434903397565,0.6336908473591457
0,ccrs_ai_platform,ccrs_ai_platform:PER-004,계약·질의검토,0.25,견적반영,계약·질의검토,False,False,True,견적반영,0.25645082344191406,0.39347944842184696,0.3500697281362391,계약·질의검토,0.2124954939741064,0.379542970362795,0.40796153566309873,견적반영,0.2557811767400694,0.3882107503428568,0.3560080729170738,0.2415758313853633,0.3870777230424996,0.3713464455721372
0,ccrs_ai_platform,ccrs_ai_platform:PER-005,견적반영,0.25,견적반영,견적반영,True,False,True,견적반영,0.2646615109750813,0.3782393336034537,0.357099155421465,견적반영,0.25287593837836664,0.37429454232822856,0.37282951929340485,견적반영,0.2676876410982409,0.3741386831137995,0.35817367578795956,0.26174169681722964,0.3755575196818272,0.3627007835009432
0,ccrs_ai_platform,ccrs_ai_platform:PMR-001,견적반영,0.25,견적반영,견적반영,True,False,True,견적반영,0.3514414721787248,0.4539184933059178,0.19464003451535727,견적반영,0.31826907648795705,0.5164436070133097,0.16528731649873324,견적반영,0.3459521679788408,0.459774784760928,0.1942730472602312,0.33855423888184094,0.47671229502671847,0.1847334660914406
0,ccrs_ai_platform,ccrs_ai_platform:PMR-002,통상수용,0.25,통상수용,통상수용,True,False,True,통상수용,0.6319360105460959,0.14075204015494908,0.22731194929895499,통상수용,0.7363665504444453,0.09978049414845366,0.16385295540710093,통상수용,0.6397106071171953,0.1367560549380023,0.22353333794480226,0.6693377227025789,0.12576286308046836,0.2048994142169527
0,ccrs_ai_platform,ccrs_ai_platform:PMR-003,견적반영,0.25,통상수용,통상수용,True,True,False,통상수용,0.5848932552514565,0.27066835381589843,0.14443839093264504,통상수용,0.665676654517394,0.24381008219203884,0.09051326329056728,통상수용,0.5772566360514811,0.2761858786969106,0.1465574852516083,0.6092755152734438,0.2635547715682826,0.12716971315827355
0,ccrs_ai_platform,ccrs_ai_platform:PMR-004,계약·질의검토,0.25,통상수용,통상수용,True,True,False,통상수용,0.4005056283829945,0.31560745555968284,0.2838869160573226,통상수용,0.4314870717738085,0.3184533634217685,0.25005956480442293,통상수용,0.3897838402344127,0.3203077138440749,0.28990844592151244,0.4072588467970719,0.3181228442751754,0.2746183089277527
0,ccrs_ai_platform,ccrs_ai_platform:PMR-005,통상수용,0.25,통상수용,통상수용,True,False,True,통상수용,0.6545691659433485,0.18667802261466362,0.1587528114419878,통상수용,0.7275916664848717,0.16371594632737996,0.10869238718774833,통상수용,0.6595234865084033,0.18412723701089703,0.15634927648069977,0.6805614396455412,0.17817373531764688,0.14126482503681195
0,ccrs_ai_platform,ccrs_ai_platform:PSR-001,계약·질의검토,0.25,견적반영,견적반영,True,True,False,견적반영,0.17887365990607276,0.4710616958266471,0.3500646442672801,견적반영,0.13355943603892628,0.5300505255466403,0.3363900384144333,견적반영,0.1768434129611855,0.46613023406032517,0.3570263529784893,0.16309216963539483,0.48908081847787094,0.3478270118867342
0,ccrs_ai_platform,ccrs_ai_platform:PSR-002,계약·질의검토,0.25,견적반영,계약·질의검토,False,False,True,계약·질의검토,0.06715741691944824,0.4629751201836549,0.46986746289689696,견적반영,0.04033138048424403,0.4997134653080344,0.45995515420772154,계약·질의검토,0.06532185422267676,0.4638774788281322,0.47080066694919104,0.057603550542123017,0.4755220214399405,0.4668744280179365
0,ccrs_ai_platform,ccrs_ai_platform:PSR-003,계약·질의검토,0.25,견적반영,견적반영,True,True,False,견적반영,0.17387393926227618,0.5404422849239346,0.2856837758137892,견적반영,0.13736266921326784,0.613661151211031,0.2489761795757011,견적반영,0.1669943614935749,0.5443416812516361,0.2886639572547891,0.15941032332303964,0.5661483724622006,0.2744413042147598
0,ccrs_ai_platform,ccrs_ai_platform:PSR-004,견적반영,0.25,견적반영,견적반영,True,False,True,견적반영,0.12792026116139266,0.6347482273973287,0.2373315114412786,견적반영,0.10725292604221338,0.6787895768658279,0.21395749709195877,견적반영,0.1246378008565747,0.6343122922482661,0.24104990689515915,0.11993699602006025,0.6492833655038076,0.23077963847613217
0,ccrs_ai_platform,ccrs_ai_platform:QUR-001,통상수용,0.25,통상수용,통상수용,True,False,True,통상수용,0.41850593303181494,0.37659515626552004,0.20489891070266497,통상수용,0.44778672848914475,0.3747078786244178,0.17750539288643735,통상수용,0.41004739113647004,0.3821490211115642,0.20780358775196578,0.4254466842191433,0.37781735200050065,0.19673596378035604
0,ccrs_ai_platform,ccrs_ai_platform:QUR-002,통상수용,0.25,견적반영,견적반영,True,True,False,견적반영,0.22575747361365858,0.5290220319627833,0.24522049442355814,견적반영,0.21474385345719027,0.5555311544729873,0.22972499206982241,견적반영,0.2165438629603699,0.5337767991821875,0.2496793378574427,0.21901506334373957,0.5394433285393193,0.24154160811694106
0,ccrs_ai_platform,ccrs_ai_platform:QUR-003,통상수용,0.25,통상수용,통상수용,True,False,True,통상수용,0.44938242650051824,0.4194090657817643,0.13120850771771736,통상수용,0.4820660802726176,0.4267359889062938,0.09119793082108855,통상수용,0.4531482305365838,0.41534005898559184,0.1315117104778243,0.46153224576990654,0.4204950378912166,0.11797271633887674
0,ccrs_ai_platform,ccrs_ai_platform:QUR-004,통상수용,0.25,통상수용,통상수용,True,False,True,통상수용,0.4291984112092144,0.40248688755345624,0.16831470123732922,통상수용,0.4554389561642842,0.4033514349973914,0.14120960883832448,통상수용,0.4328294233040537,0.3970150749713115,0.17015550172463478,0.43915559689251743,0.4009511325073864,0.15989327060009617
0,ccrs_ai_platform,ccrs_ai_platform:QUR-005,통상수용,0.25,통상수용,통상수용,True,False,True,통상수용,0.5932069300551753,0.23864850006368998,0.16814456988113463,통상수용,0.5923944013832488,0.2558374989486728,0.15176809966807833,통상수용,0.5906834732191782,0.23993941731426252,0.16937710946655918,0.5920949348858674,0.2448084721088751,0.16309659300525736
0,ccrs_ai_platform,ccrs_ai_platform:SER-001,견적반영,0.25,견적반영,견적반영,True,False,True,견적반영,0.27571239157451727,0.5475157732530184,0.1767718351724642,견적반영,0.26359392824675804,0.5894006239494785,0.14700544780376343,견적반영,0.26828454219784303,0.5550745103444817,0.17664094745767533,0.2691969540063728,0.5639969691823262,0.166806076811301
0,ccrs_ai_platform,ccrs_ai_platform:SER-002,계약·질의검토,0.25,견적반영,견적반영,True,True,False,견적반영,0.1916735031795003,0.5434048075192951,0.2649216893012046,견적반영,0.14795288133926293,0.6367587158252466,0.21528840283549053,견적반영,0.18472588507044488,0.5503102730602194,0.26496384186933575,0.17478408986306937,0.5768245988015871,0.24839131133534362
0,ccrs_ai_platform,ccrs_ai_platform:SER-003,견적반영,0.25,견적반영,견적반영,True,False,True,견적반영,0.26028399563863164,0.5615650571436825,0.17815094721768585,견적반영,0.20915360902549904,0.640423137056511,0.15042325391799,견적반영,0.2530349920519588,0.5674127526243523,0.17955225532368893,0.24082419890536313,0.589800315608182,0.1693754854864549
0,ccrs_ai_platform,ccrs_ai_platform:SER-004,통상수용,0.25,견적반영,견적반영,True,True,False,견적반영,0.31605131169757456,0.4641229257225052,0.2198257625799203,견적반영,0.31288655025524226,0.5163983599358862,0.17071508980887162,견적반영,0.30781902952239476,0.47035388104395676,0.22182708943364857,0.31225229715840386,0.48362505556744934,0.20412264727414683
0,ccrs_ai_platform,ccrs_ai_platform:SER-005,견적반영,0.25,견적반영,견적반영,True,False,True,견적반영,0.25022372498957857,0.47857390176905673,0.27120237324136465,견적반영,0.23974486917377277,0.49313718691053365,0.2671179439156936,견적반영,0.2449588394173915,0.483158845679013,0.2718823149035955,0.24497581119358094,0.4849566447862011,0.27006754402021793
0,ccrs_ai_platform,ccrs_ai_platform:SER-006,계약·질의검토,0.25,견적반영,견적반영,True,True,False,견적반영,0.20584494809765455,0.5133606150429966,0.2807944368593489,견적반영,0.16095003516185272,0.56646820043866,0.2725817643994872,견적반영,0.19564068214286157,0.5194391696557217,0.2849201482014167,0.18747855513412293,0.533089328379126,0.279432116486751
0,ccrs_ai_platform,ccrs_ai_platform:SER-007,통상수용,0.25,견적반영,견적반영,True,True,False,견적반영,0.3344522018234672,0.384985445741584,0.2805623524349487,견적반영,0.31073616959247674,0.4231540352194644,0.26610979518805894,견적반영,0.3258443360527196,0.3920337342820914,0.28212192966518895,0.3236775691562212,0.4000577384143799,0.27626469242939883
0,ccrs_ai_platform,ccrs_ai_platform:SER-008,통상수용,0.25,통상수용,통상수용,False,False,True,견적반영,0.3599255202788324,0.39780777285244584,0.2422667068687217,통상수용,0.4380911678278386,0.3408948887388957,0.22101394343326583,견적반영,0.3564553080866645,0.39994354594234033,0.24360114597099525,0.3848239987311118,0.3795487358445606,0.23562726542432758
0,ccrs_ai_platform,ccrs_ai_platform:SER-009,견적반영,0.25,견적반영,견적반영,True,False,True,견적반영,0.2432556852920451,0.5354775229631806,0.22126679174477418,견적반영,0.21508596963775076,0.5876222230630983,0.19729180729915094,견적반영,0.23574591451180718,0.543532200626537,0.22072188486165578,0.231362523147201,0.5555439822176053,0.21309349463519364
0,ccrs_ai_platform,ccrs_ai_platform:SER-010,통상수용,0.25,통상수용,통상수용,True,False,True,통상수용,0.4522858779916498,0.200829123995923,0.3468849980124272,통상수용,0.49271388878538286,0.16438268975183792,0.34290342146277913,통상수용,0.455849566391837,0.19793415185419916,0.3462162817539638,0.46694977772295654,0.18771532186732,0.3453349004097234
0,ccrs_ai_platform,ccrs_ai_platform:SER-011,통상수용,0.25,통상수용,통상수용,True,False,True,통상수용,0.5119059815850019,0.21989899513912609,0.268195023275872,통상수용,0.5257554338065465,0.21619065767387058,0.25805390851958276,통상수용,0.5153159866895423,0.2186974712544879,0.26598654205596983,0.5176591340270302,0.21826237468916151,0.2640784912838082
0,ccrs_ai_platform,ccrs_ai_platform:SFR-002,견적반영,0.25,견적반영,견적반영,True,False,True,견적반영,0.20197664182157093,0.48175831495945076,0.3162650432189783,견적반영,0.16727624883768316,0.527383771911353,0.3053399792509639,견적반영,0.1926088196408282,0.4859954144130793,0.32139576594609237,0.1872872367666941,0.49837916709462765,0.3143335961386782
0,ccrs_ai_platform,ccrs_ai_platform:SFR-003,견적반영,0.25,견적반영,견적반영,True,False,True,견적반영,0.12674860406916122,0.6609325960218936,0.2123187999089452,견적반영,0.08251779024364402,0.7455391564094312,0.17194305334692483,견적반영,0.12636923086382293,0.6572518497288115,0.2163789194073656,0.11187854172554272,0.6879078673867122,0.20021359088774524
0,ccrs_ai_platform,ccrs_ai_platform:SFR-004,견적반영,0.25,견적반영,견적반영,True,False,True,견적반영,0.36882831562623897,0.43455239358191455,0.19661929079184648,견적반영,0.375872724169705,0.4352065740788495,0.1889207017514456,견적반영,0.3619283281485124,0.4359631229773055,0.20210854887418214,0.36887645598148544,0.4352406968793565,0.19588284713915807
0,ccrs_ai_platform,ccrs_ai_platform:SFR-005,통상수용,0.25,견적반영,견적반영,True,True,False,견적반영,0.25999883727770146,0.4705375250183159,0.2694636377039826,견적반영,0.2763493273901434,0.46727419240853507,0.2563764802013214,견적반영,0.24824802389975112,0.47698629846172913,0.2747656776385198,0.26153206285586533,0.4715993386295267,0.2668685985146079
0,ccrs_ai_platform,ccrs_ai_platform:SFR-006,견적반영,0.25,견적반영,견적반영,True,False,True,견적반영,0.38313869828794817,0.3973035179149689,0.2195577837970829,견적반영,0.39840948973794327,0.42675095716782796,0.17483955309422872,견적반영,0.37769443447356915,0.3999078935580317,0.22239767196839919,0.3864142074998202,0.4079874562136095,0.2055983362865703
0,ccrs_ai_platform,ccrs_ai_platform:SFR-007,견적반영,0.25,견적반영,견적반영,False,False,True,견적반영,0.3468580595492023,0.39335165084986584,0.2597902896009319,통상수용,0.39891428473087587,0.3621805171043667,0.23890519816475744,견적반영,0.33416488858181476,0.4010954310507643,0.2647396803674209,0.3599790776206309,0.3855425330016657,0.25447838937770345
0,ccrs_ai_platform,ccrs_ai_platform:SFR-008,견적반영,0.25,견적반영,견적반영,True,False,True,견적반영,0.2507170944210385,0.38992272524683974,0.35936018033212186,견적반영,0.2342430332225285,0.40170652617889907,0.3640504405985725,견적반영,0.24170758340392237,0.39157695724842473,0.36671545934765293,0.24222257034916314,0.3944020695580545,0.36337536009278243
0,ccrs_ai_platform,ccrs_ai_platform:SFR-009,견적반영,0.25,견적반영,견적반영,True,False,True,견적반영,0.2309845874231846,0.410979212895055,0.35803619968176026,견적반영,0.2212815634153384,0.3925551731816971,0.3861632634029645,견적반영,0.2258620522191445,0.40926211034778,0.3648758374330755,0.2260427343525558,0.40426549880817736,0.36969176683926674
0,ccrs_ai_platform,ccrs_ai_platform:SFR-010,견적반영,0.25,견적반영,견적반영,True,False,True,견적반영,0.29457305571673603,0.44756291645138124,0.25786402783188267,견적반영,0.28284899196696106,0.4727761126160444,0.24437489541699453,견적반영,0.2906176101560604,0.44972440957579846,0.25965798026814113,0.28934655261325254,0.4566878128810747,0.2539656345056728
0,ccrs_ai_platform,ccrs_ai_platform:SFR-012,계약·질의검토,0.25,견적반영,견적반영,True,True,False,견적반영,0.08438887324766503,0.6274414873476648,0.2881696394046701,견적반영,0.05110013969760929,0.68919871496903,0.25970114533336086,견적반영,0.08097595182010403,0.6239315841413836,0.29509246403851236,0.07215498825512612,0.6468572621526928,0.2809877495921811
0,ccrs_ai_platform,ccrs_ai_platform:SFR-013,견적반영,0.25,견적반영,견적반영,True,False,True,견적반영,0.2307279503712481,0.46963499088709215,0.2996370587416597,견적반영,0.22686624065588856,0.5240632324243997,0.24907052691971182,견적반영,0.22192294613868213,0.4740110211899068,0.3040660326714112,0.22650571238860628,0.48923641483379954,0.28425787277759423
0,ccrs_ai_platform,ccrs_ai_platform:SFR-014,견적반영,0.25,견적반영,견적반영,True,False,True,견적반영,0.20606660207077268,0.5245799802198109,0.26935341770941645,견적반영,0.17513300560762354,0.5863189812707851,0.23854801312159146,견적반영,0.19641145653269107,0.5300736424803939,0.27351490098691505,0.19253702140369577,0.5469908679903299,0.26047211060597436
0,ccrs_ai_platform,ccrs_ai_platform:SFR-016,견적반영,0.25,견적반영,견적반영,True,False,True,견적반영,0.27776579650808103,0.4813690401165031,0.2408651633754159,견적반영,0.2540300225128945,0.5150802867617884,0.23088969072531712,견적반영,0.2674672593388345,0.4871424344326134,0.24539030622855215,0.2664210261199367,0.49453058710363496,0.2390483867764284
0,ccrs_ai_platform,ccrs_ai_platform:SFR-017,통상수용,0.25,견적반영,견적반영,True,True,False,견적반영,0.2808424657484699,0.5037448586460183,0.21541267560551194,견적반영,0.2502229886493921,0.5649733033062876,0.18480370804432045,견적반영,0.27200446738455974,0.511152959973636,0.21684257264180426,0.2676899739274739,0.5266237073086473,0.20568631876387888
0,ccrs_ai_platform,ccrs_ai_platform:SFR-018,통상수용,0.25,견적반영,견적반영,True,True,False,견적반영,0.26588178657726835,0.3834871043609584,0.35063110906177325,견적반영,0.24099514645593723,0.4084408954732952,0.3505639580707675,견적반영,0.2587214841590663,0.3864731855381995,0.3548053303027341,0.25519947239742397,0.39280039512415105,0.352000132478425
0,ccrs_ai_platform,ccrs_ai_platform:SFR-019,견적반영,0.25,견적반영,견적반영,True,False,True,견적반영,0.2614816165143849,0.4272597302256211,0.311258653259994,견적반영,0.21907086474278106,0.4395301818990722,0.34139895335814663,견적반영,0.25329228668870385,0.43136117775001775,0.31534653556127845,0.24461492264862328,0.432717029958237,0.3226680473931397
0,ccrs_ai_platform,ccrs_ai_platform:SFR-020,통상수용,0.25,견적반영,견적반영,True,True,False,견적반영,0.3328162652354136,0.38092841882262757,0.2862553159419589,견적반영,0.30437319611117214,0.3978404259529208,0.297786377935907,견적반영,0.3307518745704299,0.38404812373933955,0.2852000016902305,0.3226471119723386,0.3876056561716293,0.28974723185603213
0,ccrs_ai_platform,ccrs_ai_platform:SFR-021,견적반영,0.25,견적반영,견적반영,True,False,True,견적반영,0.2484868120163979,0.47929684053212174,0.2722163474514803,견적반영,0.21820717715489177,0.47875094333673707,0.3030418795083711,견적반영,0.2482754628441183,0.480646648262668,0.27107788889321377,0.23832315067180265,0.479564810710509,0.28211203861768835
0,ccrs_ai_platform,ccrs_ai_platform:SFR-023,통상수용,0.25,견적반영,견적반영,True,True,False,견적반영,0.2633281246519877,0.41044047628694824,0.3262313990610641,견적반영,0.24639843315107104,0.43322048006919334,0.3203810867797356,견적반영,0.25948841748481244,0.40889186159298213,0.33161972092220543,0.2564049917626237,0.4175176059830412,0.32607740225433507
0,ccrs_ai_platform,ccrs_ai_platform:SFR-024,견적반영,0.25,견적반영,견적반영,True,False,True,견적반영,0.2757294612721165,0.46070990586421184,0.26356063286367165,견적반영,0.2497479210965783,0.5086648013208256,0.24158727758259607,견적반영,0.27801647104724453,0.4600124228711006,0.261971106081655,0.26783128447197974,0.47646237668537933,0.2557063388426409
0,ccrs_ai_platform,ccrs_ai_platform:SFR-025,견적반영,0.25,견적반영,견적반영,True,False,True,견적반영,0.289154295310042,0.4464010852217787,0.26444461946817927,견적반영,0.2921750713812853,0.4534014182002453,0.2544235104184692,견적반영,0.2900525860659921,0.447575524927428,0.2623718890065798,0.2904606509191065,0.44912600944981734,0.2604133396310761
0,ccrs_ai_platform,ccrs_ai_platform:SFR-026,견적반영,0.25,견적반영,견적반영,True,False,True,견적반영,0.25530880318905685,0.44860149510558645,0.29608970170535676,견적반영,0.2354400951458278,0.4738337807554008,0.2907261240987714,견적반영,0.25851945032859724,0.44564236483193725,0.2958381848394655,0.24975611622116065,0.45602588023097484,0.29421800354786454
0,ccrs_ai_platform,ccrs_ai_platform:SFR-027,견적반영,0.25,견적반영,견적반영,True,False,True,견적반영,0.23350650907902884,0.42946499840838664,0.33702849251258454,견적반영,0.21718258652384853,0.4558830594134835,0.32693435406266796,견적반영,0.22979742543055937,0.42999531628091425,0.3402072582885264,0.22682884034447892,0.4384477913675948,0.33472336828792626
0,ccrs_ai_platform,ccrs_ai_platform:SFR-028,견적반영,0.25,견적반영,견적반영,True,False,True,견적반영,0.2411908205865583,0.45612082650363006,0.3026883529098116,견적반영,0.20012325736385622,0.4996739206435772,0.30020282199256654,견적반영,0.2379854774502494,0.4573717280281808,0.30464279452156967,0.22643318513355468,0.47105549172512934,0.30251132314131596
0,ccrs_ai_platform,ccrs_ai_platform:SFR-029,견적반영,0.25,견적반영,견적반영,True,False,True,견적반영,0.190797665533062,0.5685773062918917,0.24062502817504622,견적반영,0.15429189575131277,0.599613201085557,0.24609490316313024,견적반영,0.18927451633564366,0.5683795994857521,0.24234588417860423,0.1781213592066728,0.5788567022877337,0.2430219385055936
0,ccrs_ai_platform,ccrs_ai_platform:SFR-030,견적반영,0.25,견적반영,견적반영,True,False,True,견적반영,0.299797193899325,0.44536215564664794,0.2548406504540271,견적반영,0.26554652729191336,0.4888567230805537,0.24559674962753295,견적반영,0.2957999702228442,0.44707992618007864,0.2571201035970772,0.28704789713802753,0.46043293496909343,0.2525191678928791
0,ccrs_ai_platform,ccrs_ai_platform:TER-001,통상수용,0.25,통상수용,통상수용,True,False,True,통상수용,0.44182007179559607,0.25341310835303366,0.30476681985137033,통상수용,0.5055824454666333,0.27339579604459896,0.22102175848876773,통상수용,0.46179508188646023,0.24361770906658348,0.29458720904695623,0.4697325330495632,0.2568088711547387,0.2734585957956981
0,ccrs_ai_platform,ccrs_ai_platform:TER-002,계약·질의검토,0.25,통상수용,통상수용,True,True,False,통상수용,0.46065744947577675,0.2638293152905603,0.275513235233663,통상수용,0.4920753223136235,0.2503385000941164,0.25758617759226,통상수용,0.4716822130900731,0.2572171665470988,0.27110062036282806,0.4748049949598245,0.2571283273105918,0.2680666777295837
0,ccrs_ai_platform,ccrs_ai_platform:TER-003,계약·질의검토,0.25,견적반영,견적반영,True,True,False,견적반영,0.3565866360672345,0.3854012171674096,0.2580121467653558,견적반영,0.3703871568528223,0.4051566322515556,0.224456210895622,견적반영,0.34823304371426145,0.3894182746114079,0.2623486816743306,0.3584022788781061,0.393325374676791,0.2482723464451028
0,ccrs_ai_platform,ccrs_ai_platform:TER-004,통상수용,0.25,통상수용,통상수용,True,False,True,통상수용,0.4420589791137597,0.24847380362937174,0.3094672172568686,통상수용,0.5444751824633525,0.21955371197241522,0.23597110556423237,통상수용,0.4496920829846534,0.24268802873504072,0.30761988828030595,0.4787420815205885,0.23690518144560924,0.2843527370338023
1,defense_intelligent_platform,defense_intelligent_platform:COR-001,통상수용,0.0,통상수용,통상수용,True,False,True,통상수용,0.6787168788045553,0.11895759888009269,0.20232552231535192,통상수용,0.7503501869738284,0.08583029371576051,0.16381951931041117,통상수용,0.6787168788045561,0.11895759888009268,0.20232552231535117,0.7025946481943133,0.1079151638253153,0.18949018798037143
1,defense_intelligent_platform,defense_intelligent_platform:COR-002,통상수용,0.0,통상수용,통상수용,True,False,True,통상수용,0.6116770325850898,0.18683838364732372,0.2014845837675865,통상수용,0.7053416214946315,0.13772391968753397,0.15693445881783455,통상수용,0.61167703258509,0.18683838364732355,0.2014845837675865,0.6428985622216038,0.17046689566072706,0.18663454211766917
1,defense_intelligent_platform,defense_intelligent_platform:COR-003,통상수용,0.0,통상수용,통상수용,True,False,True,통상수용,0.800766394942035,0.08104100554660608,0.11819259951135888,통상수용,0.8434867739191054,0.06575899315090507,0.0907542329299894,통상수용,0.8007663949420356,0.08104100554660588,0.11819259951135845,0.8150065212677253,0.07594700141470567,0.1090464773175689
1,defense_intelligent_platform,defense_intelligent_platform:COR-004,통상수용,0.0,계약·질의검토,계약·질의검토,True,True,False,계약·질의검토,0.31352256264530354,0.09216548158645482,0.5943119557682416,계약·질의검토,0.2691870698980037,0.07272290780277717,0.6580900222992191,계약·질의검토,0.31352256264530376,0.09216548158645493,0.5943119557682414,0.2987440650628703,0.08568462365856232,0.6155713112785673
1,defense_intelligent_platform,defense_intelligent_platform:COR-005,계약·질의검토,0.0,계약·질의검토,계약·질의검토,True,False,True,계약·질의검토,0.2280787569582217,0.10977834844633053,0.662142894595448,계약·질의검토,0.21656142369864295,0.08933530119862079,0.6941032751027362,계약·질의검토,0.22807875695822205,0.10977834844633076,0.6621428945954472,0.22423964587169554,0.1029639993637607,0.6727963547645438
1,defense_intelligent_platform,defense_intelligent_platform:COR-006,통상수용,0.0,통상수용,통상수용,True,False,True,통상수용,0.610740852031614,0.29619308340286615,0.09306606456551987,통상수용,0.6220521120710643,0.2907237988376952,0.08722408909124048,통상수용,0.6107408520316137,0.2961930834028667,0.09306606456551965,0.614511272044764,0.2943699885478093,0.09111873940742667
1,defense_intelligent_platform,defense_intelligent_platform:COR-007,통상수용,0.0,통상수용,통상수용,True,False,True,통상수용,0.7138158259102158,0.2056511257583072,0.08053304833147695,통상수용,0.8013472174571592,0.14467684938673908,0.05397593315610176,통상수용,0.713815825910216,0.20565112575830732,0.08053304833147676,0.7429929564258636,0.18532636696778457,0.07168067660635183
1,defense_intelligent_platform,defense_intelligent_platform:DAR-001,견적반영,0.0,통상수용,통상수용,True,True,False,통상수용,0.3967578068643658,0.2734011168205129,0.3298410763151213,통상수용,0.41108702684314136,0.26904364722686974,0.31986932592998896,통상수용,0.3967578068643663,0.27340111682051355,0.3298410763151201,0.40153421352395785,0.2719486269559654,0.3265171595200768
1,defense_intelligent_platform,defense_intelligent_platform:DAR-002,견적반영,0.0,통상수용,통상수용,True,True,False,통상수용,0.5679326379147176,0.27406624189648143,0.158001120188801,통상수용,0.6162262873634134,0.25083917894978014,0.13293453368680638,통상수용,0.5679326379147173,0.27406624189648193,0.15800112018880083,0.5840305210642828,0.26632388758091446,0.14964559135480274
1,defense_intelligent_platform,defense_intelligent_platform:DAR-003,통상수용,0.0,통상수용,통상수용,True,False,True,통상수용,0.4921087632273393,0.3383746961028108,0.1695165406698499,통상수용,0.48148643938846564,0.3546626820287225,0.1638508785828118,통상수용,0.492108763227339,0.3383746961028112,0.16951654066984984,0.4885679886143814,0.3438040247447815,0.16762798664083714
1,defense_intelligent_platform,defense_intelligent_platform:ECR-002,계약·질의검토,0.0,계약·질의검토,계약·질의검토,True,False,True,계약·질의검토,0.1088403942005402,0.17388352618450142,0.7172760796149583,계약·질의검토,0.07248109776611578,0.12529730604313175,0.8022215961907524,계약·질의검토,0.10884039420054029,0.17388352618450117,0.7172760796149585,0.09672062872239877,0.15768811947071146,0.7455912518068898
1,defense_intelligent_platform,defense_intelligent_platform:ECR-003,통상수용,0.0,통상수용,통상수용,True,False,True,통상수용,0.455871851814286,0.3134176688094342,0.23071047937627964,통상수용,0.4859617031755551,0.261641688096303,0.25239660872814196,통상수용,0.455871851814286,0.3134176688094344,0.2307104793762796,0.46590180226804234,0.29615900857172384,0.23793918916023374
1,defense_intelligent_platform,defense_intelligent_platform:ECR-004,견적반영,0.0,견적반영,견적반영,True,False,True,견적반영,0.36637328511516304,0.37441699480053686,0.25920972008430004,견적반영,0.38047317725072594,0.39145989829508493,0.22806692445418905,견적반영,0.3663732851151625,0.3744169948005372,0.25920972008430027,0.3710732491603505,0.38009796263205303,0.24882878820759644
1,defense_intelligent_platform,defense_intelligent_platform:ECR-005,통상수용,0.0,견적반영,견적반영,False,False,True,견적반영,0.38362985419859197,0.41962351436645196,0.1967466314349562,통상수용,0.4165188588651228,0.3982660423388444,0.1852150987960329,견적반영,0.383629854198592,0.41962351436645157,0.1967466314349564,0.3945928557541023,0.41250435702391597,0.19290278722198184
1,defense_intelligent_platform,defense_intelligent_platform:ECR-007,견적반영,0.0,계약·질의검토,계약·질의검토,True,True,False,계약·질의검토,0.22465376976547644,0.3122146587038409,0.4631315715306826,계약·질의검토,0.20500386019843966,0.2982474082546933,0.49674873154686705,계약·질의검토,0.22465376976547646,0.31221465870384063,0.4631315715306829,0.21810379990979753,0.307558908554125,0.4743372915360775
1,defense_intelligent_platform,defense_intelligent_platform:ECR-008,견적반영,0.0,계약·질의검토,계약·질의검토,True,True,False,계약·질의검토,0.24134419709981483,0.37053890958544106,0.3881168933147441,계약·질의검토,0.22126054350983315,0.37554217132849044,0.4031972851616765,계약·질의검토,0.24134419709981478,0.37053890958544067,0.38811689331474464,0.23464964590315426,0.37220666349979076,0.39314369059705506
1,defense_intelligent_platform,defense_intelligent_platform:ECR-009,견적반영,0.0,계약·질의검토,계약·질의검토,True,True,False,계약·질의검토,0.2381575981005191,0.34115397549385607,0.4206884264056248,계약·질의검토,0.2211013003464544,0.3391876271390114,0.43971107251453423,계약·질의검토,0.23815759810051912,0.34115397549385557,0.42068842640562537,0.23247216551583086,0.340498526042241,0.42702930844192816
1,defense_intelligent_platform,defense_intelligent_platform:ECR-010,계약·질의검토,0.0,계약·질의검토,계약·질의검토,True,False,True,계약·질의검토,0.18051853858807265,0.26761080687241673,0.5518706545395106,계약·질의검토,0.14432346588791972,0.24081667754546704,0.6148598565666131,계약·질의검토,0.18051853858807246,0.26761080687241584,0.5518706545395117,0.16845351435468828,0.2586794304300999,0.5728670552152119
1,defense_intelligent_platform,defense_intelligent_platform:ECR-011,계약·질의검토,0.0,계약·질의검토,계약·질의검토,True,False,True,계약·질의검토,0.09519891486693487,0.34239212322329643,0.5624089619097687,계약·질의검토,0.06405941401779155,0.32858156323945137,0.6073590227427572,계약·질의검토,0.09519891486693481,0.3423921232232951,0.5624089619097701,0.08481908125055375,0.337788603228681,0.5773923155207653
1,defense_intelligent_platform,defense_intelligent_platform:ECR-012,계약·질의검토,0.0,계약·질의검토,계약·질의검토,True,False,True,계약·질의검토,0.18109990569816584,0.33827577838518574,0.4806243159166484,계약·질의검토,0.1517222539037286,0.3421073961786047,0.5061703499176666,계약·질의검토,0.1810999056981658,0.33827577838518513,0.4806243159166491,0.17130735510002007,0.3395529843163252,0.48913966058365466
1,defense_intelligent_platform,defense_intelligent_platform:ECR-013,견적반영,0.0,계약·질의검토,계약·질의검토,True,True,False,계약·질의검토,0.3339293037672867,0.24302651535685996,0.4230441808758534,계약·질의검토,0.2697492389309401,0.19548516875688485,0.534765592312175,계약·질의검토,0.3339293037672864,0.24302651535685985,0.4230441808758536,0.3125359488218377,0.22717939982353488,0.4602846513546273
1,defense_intelligent_platform,defense_intelligent_platform:ECR-014,견적반영,0.0,계약·질의검토,계약·질의검토,True,True,False,계약·질의검토,0.33075922153998305,0.2802112489439914,0.3890295295160256,계약·질의검토,0.27539441692992916,0.25406641951417325,0.4705391635558976,계약·질의검토,0.33075922153998283,0.2802112489439913,0.3890295295160259,0.312304286669965,0.27149630580071865,0.41619940752931633
1,defense_intelligent_platform,defense_intelligent_platform:ECR-015,견적반영,0.0,계약·질의검토,계약·질의검토,True,True,False,계약·질의검토,0.2817244981452213,0.20820211785286388,0.5100733840019148,계약·질의검토,0.22376034167288958,0.1577371986204929,0.6185024597066175,계약·질의검토,0.28172449814522077,0.20820211785286374,0.5100733840019155,0.2624031126544439,0.19138047810874018,0.5462164092368159
1,defense_intelligent_platform,defense_intelligent_platform:ECR-016,견적반영,0.0,견적반영,견적반영,True,False,True,견적반영,0.24547472116935426,0.429630203859067,0.32489507497157877,견적반영,0.22958001432722377,0.4465460080808232,0.32387397759195313,견적반영,0.24547472116935448,0.4296302038590664,0.3248950749715791,0.24017648555531088,0.4352688052663189,0.3245547091783703
1,defense_intelligent_platform,defense_intelligent_platform:ECR-017,견적반영,0.0,견적반영,견적반영,True,False,True,견적반영,0.3291926243200062,0.3676894242900944,0.30311795138989955,견적반영,0.28907655109095526,0.41093519428769776,0.2999882546213469,견적반영,0.32919262432000607,0.3676894242900941,0.30311795138989983,0.3158205999103225,0.38210468095596206,0.3020747191337154
1,defense_intelligent_platform,defense_intelligent_platform:ECR-018,계약·질의검토,0.0,견적반영,견적반영,True,True,False,견적반영,0.26657264300291716,0.3898858899002531,0.3435414670968298,견적반영,0.2705559321690768,0.38365574158597743,0.34578832624494577,견적반영,0.2665726430029174,0.3898858899002525,0.34354146709683014,0.2679004060583038,0.3878091737954943,0.34429042014620187
1,defense_intelligent_platform,defense_intelligent_platform:ECR-020,통상수용,0.0,통상수용,통상수용,True,False,True,통상수용,0.4328270946879521,0.3063550292732978,0.26081787603875006,통상수용,0.48422853571242597,0.2906950524743659,0.22507641181320825,통상수용,0.4328270946879521,0.30635502927329783,0.26081787603874995,0.44996090836277675,0.3011350370069871,0.2489040546302361
1,defense_intelligent_platform,defense_intelligent_platform:ECR-021,계약·질의검토,0.0,통상수용,통상수용,True,True,False,통상수용,0.401230409891111,0.3695729304378285,0.22919665967106048,통상수용,0.4131932937251554,0.350712910282939,0.23609379599190558,통상수용,0.40123040989111103,0.36957293043782813,0.22919665967106084,0.4052180378357925,0.3632862570528652,0.2314957051113423
1,defense_intelligent_platform,defense_intelligent_platform:ECR-022,견적반영,0.0,견적반영,견적반영,True,False,True,견적반영,0.2324441618046633,0.5005297044186399,0.2670261337766969,견적반영,0.21791738473708266,0.522816460607957,0.2592661546549603,견적반영,0.2324441618046632,0.5005297044186395,0.26702613377669726,0.2276019027821364,0.5079586231484122,0.2644394740694515
1,defense_intelligent_platform,defense_intelligent_platform:ECR-023,계약·질의검토,0.0,견적반영,견적반영,True,True,False,견적반영,0.24561476868389268,0.48354842686113564,0.27083680445497166,견적반영,0.19905821033429993,0.5386471434998453,0.2622946461658548,견적반영,0.24561476868389273,0.48354842686113514,0.2708368044549721,0.2300959159006951,0.5019146657407054,0.2679894183585995
1,defense_intelligent_platform,defense_intelligent_platform:ECR-024,계약·질의검토,0.0,견적반영,견적반영,True,True,False,견적반영,0.3299835386555011,0.3988764017694142,0.2711400595750846,견적반영,0.35441067102061286,0.36855049627208397,0.27703883270730323,견적반영,0.32998353865550106,0.39887640176941397,0.2711400595750849,0.3381259161105383,0.3887677666036374,0.27310631728582424
1,defense_intelligent_platform,defense_intelligent_platform:ECR-025,견적반영,0.0,견적반영,견적반영,True,False,True,견적반영,0.23623985655996502,0.4572437515969885,0.30651639184304647,견적반영,0.2514682321286265,0.4228343280939434,0.32569743977743,견적반영,0.2362398565599652,0.45724375159698716,0.30651639184304763,0.24131598174951888,0.44577394376263973,0.3129100744878413
1,defense_intelligent_platform,defense_intelligent_platform:ECR-026,견적반영,0.0,견적반영,견적반영,True,False,True,견적반영,0.15349629797801786,0.5627114100022768,0.2837922920197054,견적반영,0.1142264441160332,0.5880214843564225,0.2977520715275444,견적반영,0.15349629797801806,0.5627114100022753,0.2837922920197066,0.14040634669068972,0.5711481014536582,0.2884455518556521
1,defense_intelligent_platform,defense_intelligent_platform:ECR-027,견적반영,0.0,견적반영,견적반영,True,False,True,견적반영,0.3227033288724942,0.3932316130812807,0.284065058046225,견적반영,0.32418001968339294,0.39077897583169197,0.285041004484915,견적반영,0.32270332887249453,0.39323161308127985,0.28406505804622556,0.3231955591427939,0.39241406733141754,0.2843903735257885
1,defense_intelligent_platform,defense_intelligent_platform:ECR-028,견적반영,0.0,계약·질의검토,계약·질의검토,True,True,False,계약·질의검토,0.2617197426108516,0.34758863206245877,0.3906916253266896,계약·질의검토,0.2515501126570609,0.3491342775143904,0.3993156098285487,계약·질의검토,0.2617197426108516,0.34758863206245794,0.39069162532669044,0.258329865959588,0.3481038472131024,0.3935662868273096
1,defense_intelligent_platform,defense_intelligent_platform:INR-001,통상수용,0.0,통상수용,통상수용,True,False,True,통상수용,0.6845573017402317,0.14541333398541204,0.17002936427435636,통상수용,0.7681063008306083,0.1134471634389929,0.11844653573039877,통상수용,0.6845573017402315,0.1454133339854122,0.17002936427435625,0.7124069681036905,0.13475794380327236,0.15283508809303714
1,defense_intelligent_platform,defense_intelligent_platform:INR-002,통상수용,0.0,통상수용,통상수용,True,False,True,통상수용,0.6977214396573888,0.10567392838319985,0.19660463195941133,통상수용,0.7823778340167458,0.07350123215561868,0.14412093382763552,통상수용,0.6977214396573891,0.10567392838319961,0.19660463195941136,0.7259402377771745,0.09494969630733939,0.17911006591548606
1,defense_intelligent_platform,defense_intelligent_platform:INR-004,계약·질의검토,0.0,통상수용,통상수용,True,True,False,통상수용,0.4456596752083525,0.25434912101852153,0.299991203773126,통상수용,0.4154128819099569,0.29026652549842524,0.29432059259161775,통상수용,0.4456596752083524,0.2543491210185215,0.2999912037731261,0.4355774107755539,0.2663215891784894,0.2981010000459566
1,defense_intelligent_platform,defense_intelligent_platform:PER-001,통상수용,0.0,통상수용,통상수용,True,False,True,통상수용,0.4752960364299316,0.28811394092577963,0.23659002264428872,통상수용,0.5717727921255471,0.2620503129340114,0.16617689494044147,통상수용,0.47529603642993135,0.28811394092578013,0.23659002264428852,0.5074549549951367,0.27942606492852373,0.21311898007633956
1,defense_intelligent_platform,defense_intelligent_platform:PER-002,계약·질의검토,0.0,계약·질의검토,계약·질의검토,True,False,True,계약·질의검토,0.12778765297866934,0.05964055302251183,0.8125717939988188,계약·질의검토,0.08588324538635904,0.037645986824138604,0.8764707677895024,계약·질의검토,0.12778765297866923,0.059640553022511915,0.8125717939988188,0.11381951711456588,0.05230903095638745,0.8338714519290468
1,defense_intelligent_platform,defense_intelligent_platform:PER-003,계약·질의검토,0.0,계약·질의검토,계약·질의검토,True,False,True,계약·질의검토,0.24183072640642966,0.14108068523735198,0.6170885883562184,계약·질의검토,0.19392188083869563,0.10142282581699723,0.7046552933443071,계약·질의검토,0.24183072640642952,0.14108068523735187,0.6170885883562186,0.22586111121718497,0.12786139876390035,0.6462774900189148
1,defense_intelligent_platform,defense_intelligent_platform:PER-004,계약·질의검토,0.0,계약·질의검토,계약·질의검토,True,False,True,계약·질의검토,0.2384907796144079,0.12846755563843812,0.633041664747154,계약·질의검토,0.2202176740210201,0.09610788448597274,0.6836744414930072,계약·질의검토,0.238490779614408,0.128467555638438,0.633041664747154,0.23239974441661201,0.11768099858761628,0.6499192569957717
1,defense_intelligent_platform,defense_intelligent_platform:PER-005,계약·질의검토,0.0,계약·질의검토,계약·질의검토,True,False,True,계약·질의검토,0.3279478620333916,0.281035054666383,0.39101708330022533,계약·질의검토,0.31082206608038765,0.28704396805859683,0.4021339658610156,계약·질의검토,0.3279478620333915,0.2810350546663828,0.3910170833002257,0.3222392633823903,0.2830380257971209,0.3947227108204889
1,defense_intelligent_platform,defense_intelligent_platform:PER-006,계약·질의검토,0.0,계약·질의검토,계약·질의검토,True,False,True,계약·질의검토,0.3130224466157608,0.3115734489617651,0.37540410442247424,계약·질의검토,0.3552371662295808,0.27920156551047315,0.36556126825994606,계약·질의검토,0.3130224466157608,0.31157344896176464,0.37540410442247457,0.3270940198203674,0.30078282114466764,0.37212315903496496
1,defense_intelligent_platform,defense_intelligent_platform:PMR-001,통상수용,0.0,통상수용,통상수용,True,False,True,통상수용,0.718006769584409,0.11647931422286693,0.165513916192724,통상수용,0.8165041549482128,0.07781632742548598,0.10567951762630116,통상수용,0.7180067695844092,0.11647931422286695,0.16551391619272376,0.7508392313723437,0.10359165195707327,0.14556911667058298
1,defense_intelligent_platform,defense_intelligent_platform:PMR-002,통상수용,0.0,통상수용,통상수용,True,False,True,통상수용,0.6539160563590568,0.14097753512807756,0.20510640851286566,통상수용,0.7043989027914296,0.1470850535938183,0.14851604361475218,통상수용,0.6539160563590567,0.14097753512807784,0.20510640851286543,0.6707436718365143,0.1430133746166579,0.18624295354682774
1,defense_intelligent_platform,defense_intelligent_platform:PMR-003,견적반영,0.0,견적반영,견적반영,True,False,True,견적반영,0.3195117197627561,0.3462189465059681,0.33426933373127576,견적반영,0.31741200768372074,0.34574194147320114,0.33684605084307806,견적반영,0.3195117197627562,0.3462189465059685,0.3342693337312752,0.31881181573641104,0.34605994482837926,0.3351282394352097
1,defense_intelligent_platform,defense_intelligent_platform:PMR-004,통상수용,0.0,통상수용,통상수용,True,False,True,통상수용,0.6037304114187704,0.2613589931873476,0.13491059539388198,통상수용,0.6277454006299539,0.2599793170034874,0.11227528236655868,통상수용,0.6037304114187696,0.26135899318734857,0.13491059539388178,0.611735407822498,0.26089910112606124,0.12736549105144082
1,defense_intelligent_platform,defense_intelligent_platform:PMR-005,통상수용,0.0,통상수용,통상수용,True,False,True,통상수용,0.5663075280610066,0.13682316418531767,0.2968693077536757,통상수용,0.6625935382233706,0.104745578801711,0.2326608829749184,통상수용,0.5663075280610067,0.13682316418531773,0.29686930775367565,0.5984028647817946,0.12613063572411545,0.2754664994940899
1,defense_intelligent_platform,defense_intelligent_platform:PMR-006,통상수용,0.0,통상수용,통상수용,True,False,True,통상수용,0.7428243988334922,0.12908979990595026,0.1280858012605576,통상수용,0.8194855601795535,0.09716854158547131,0.08334589823497501,통상수용,0.7428243988334926,0.12908979990595015,0.1280858012605572,0.7683781192821795,0.11844938046579057,0.11317250025202995
1,defense_intelligent_platform,defense_intelligent_platform:PMR-007,계약·질의검토,0.0,통상수용,통상수용,True,True,False,통상수용,0.6026885863457638,0.14066067888985226,0.25665073476438377,통상수용,0.6618858344244939,0.11428318270840028,0.2238309828671058,통상수용,0.602688586345764,0.1406606788898526,0.2566507347643833,0.6224210023720073,0.13186818016270171,0.24571081746529097
1,defense_intelligent_platform,defense_intelligent_platform:PMR-008,계약·질의검토,0.0,통상수용,통상수용,True,True,False,통상수용,0.5688157888247942,0.17799332691560657,0.25319088425959924,통상수용,0.6030369218352977,0.16221664124520363,0.23474643691949865,통상수용,0.5688157888247951,0.17799332691560654,0.25319088425959835,0.580222833161629,0.1727344316921389,0.2470427351462321
1,defense_intelligent_platform,defense_intelligent_platform:PMR-009,계약·질의검토,0.0,통상수용,통상수용,True,True,False,통상수용,0.4625425683618383,0.2192429947712913,0.3182144368668703,통상수용,0.4819104086660794,0.2046883019962536,0.3134012893376671,통상수용,0.46254256836183805,0.2192429947712916,0.31821443686687034,0.4689985151299186,0.2143914305129455,0.3166100543571359
1,defense_intelligent_platform,defense_intelligent_platform:PMR-010,통상수용,0.0,통상수용,통상수용,True,False,True,통상수용,0.616901009793395,0.18055862614152346,0.20254036406508152,통상수용,0.6235406848065812,0.15735481830581158,0.21910449688760708,통상수용,0.6169010097933949,0.18055862614152382,0.20254036406508125,0.6191142347977904,0.17282402352961965,0.20806174167258995
1,defense_intelligent_platform,defense_intelligent_platform:PMR-011,통상수용,0.0,통상수용,통상수용,True,False,True,통상수용,0.6694561916708902,0.12838523672981705,0.20215857159929268,통상수용,0.7466344990068287,0.10840172043058112,0.1449637805625902,통상수용,0.66945619167089,0.12838523672981725,0.20215857159929282,0.6951822941162029,0.1217240646300718,0.18309364125372526
1,defense_intelligent_platform,defense_intelligent_platform:PMR-012,통상수용,0.0,통상수용,통상수용,True,False,True,통상수용,0.7346486165060625,0.12764840116733273,0.13770298232660466,통상수용,0.8117631700842731,0.10896102766587962,0.07927580224984723,통상수용,0.7346486165060627,0.1276484011673327,0.13770298232660444,0.7603534676987994,0.12141927666684833,0.1182272556343521
1,defense_intelligent_platform,defense_intelligent_platform:PMR-013,계약·질의검토,0.0,통상수용,통상수용,True,True,False,통상수용,0.5118202034359322,0.15311342568831846,0.33506637087574936,통상수용,0.5840317638306839,0.12342092616568279,0.2925473100036333,통상수용,0.5118202034359316,0.1531134256883184,0.3350663708757499,0.5358907235675159,0.1432159258474399,0.3208933505850442
1,defense_intelligent_platform,defense_intelligent_platform:PMR-014,통상수용,0.0,통상수용,통상수용,True,False,True,통상수용,0.7105565507936492,0.15510841535055825,0.13433503385579257,통상수용,0.7665839194909931,0.13037165576282014,0.10304442474618679,통상수용,0.7105565507936488,0.15510841535055855,0.13433503385579262,0.7292323403594304,0.1468628288213123,0.12390483081925734
1,defense_intelligent_platform,defense_intelligent_platform:PMR-015,통상수용,0.0,통상수용,통상수용,True,False,True,통상수용,0.7229201667237639,0.12112354599434706,0.15595628728188898,통상수용,0.7921467569678826,0.08974283292176836,0.11811041011034897,통상수용,0.7229201667237641,0.1211235459943471,0.15595628728188862,0.7459956968051369,0.11066330830348751,0.14334099489137553
1,defense_intelligent_platform,defense_intelligent_platform:PMR-016,계약·질의검토,0.0,계약·질의검토,계약·질의검토,True,False,True,계약·질의검토,0.338889032433033,0.13422398358774532,0.5268869839792217,계약·질의검토,0.3323287258719307,0.11175324426409387,0.5559180298639754,계약·질의검토,0.33888903243303214,0.13422398358774537,0.5268869839792225,0.336702263579332,0.12673373714652816,0.5365639992741399
1,defense_intelligent_platform,defense_intelligent_platform:PMR-017,통상수용,0.0,통상수용,통상수용,True,False,True,통상수용,0.7273827178090517,0.10470310802056772,0.16791417417038051,통상수용,0.7974418290052965,0.0798495642091578,0.12270860678554577,통상수용,0.7273827178090525,0.1047031080205678,0.16791417417037965,0.750735754874467,0.09641859341676444,0.15284565170876865
1,defense_intelligent_platform,defense_intelligent_platform:PMR-018,계약·질의검토,0.0,통상수용,계약·질의검토,False,False,True,통상수용,0.36010100861096145,0.31601543655807185,0.32388355483096665,계약·질의검토,0.33224232756764926,0.3288660781937823,0.33889159423856857,통상수용,0.36010100861096106,0.3160154365580718,0.3238835548309671,0.3508147815965239,0.3202989837699753,0.3288862346335008
1,defense_intelligent_platform,defense_intelligent_platform:PMR-019,견적반영,0.0,통상수용,통상수용,True,True,False,통상수용,0.44821440863752077,0.34116621943957487,0.21061937192290428,통상수용,0.4311458598534936,0.3552687482659554,0.21358539188055103,통상수용,0.44821440863752093,0.3411662194395749,0.21061937192290406,0.4425248923761784,0.34586706238170173,0.21160804524211976
1,defense_intelligent_platform,defense_intelligent_platform:PSR-002,견적반영,0.0,견적반영,견적반영,True,False,True,견적반영,0.2612573159245946,0.5030740892131924,0.2356685948622129,견적반영,0.23438996708066523,0.5429418609304818,0.222668171988853,견적반영,0.261257315924595,0.5030740892131915,0.23566859486221348,0.2523015329766183,0.5163633464522885,0.2313351205710931
1,defense_intelligent_platform,defense_intelligent_platform:PSR-003,계약·질의검토,0.0,계약·질의검토,계약·질의검토,True,False,True,계약·질의검토,0.27613449376154464,0.26796544453366333,0.45590006170479214,계약·질의검토,0.28372558615205284,0.27404949638322884,0.4422249174647185,계약·질의검토,0.27613449376154503,0.267965444533664,0.4559000617047909,0.2786648578917142,0.2699934618168521,0.45134168029143384
1,defense_intelligent_platform,defense_intelligent_platform:PSR-004,견적반영,0.0,통상수용,통상수용,True,True,False,통상수용,0.5102207817503143,0.2530094095554378,0.23676980869424796,통상수용,0.5239941984973843,0.2681044312257986,0.20790137027681715,통상수용,0.5102207817503143,0.2530094095554381,0.23676980869424757,0.5148119206660042,0.25804108344555815,0.22714699588843756
1,defense_intelligent_platform,defense_intelligent_platform:PSR-005,통상수용,0.0,통상수용,통상수용,True,False,True,통상수용,0.5714293056905577,0.25196139006804036,0.17660930424140187,통상수용,0.661198896096833,0.20513207409499865,0.13366902980816833,통상수용,0.5714293056905574,0.2519613900680406,0.17660930424140195,0.6013525024926495,0.2363516180770265,0.16229587943032406
1,defense_intelligent_platform,defense_intelligent_platform:PSR-006,견적반영,0.0,통상수용,통상수용,True,True,False,통상수용,0.40121493651956314,0.298873827331743,0.2999112361486939,통상수용,0.4273629921742512,0.29022780028878936,0.2824092075369594,통상수용,0.4012149365195636,0.2988738273317434,0.29991123614869303,0.40993095507112604,0.2959918183174252,0.2940772266114488
1,defense_intelligent_platform,defense_intelligent_platform:PSR-007,통상수용,0.0,통상수용,통상수용,True,False,True,통상수용,0.5783803908407971,0.21106983014229844,0.21054977901690458,통상수용,0.6206296554808696,0.18656674383206714,0.19280360068706326,통상수용,0.5783803908407976,0.21106983014229855,0.21054977901690386,0.5924634790541548,0.2029021347055547,0.20463438624029054
1,defense_intelligent_platform,defense_intelligent_platform:PSR-008,통상수용,0.0,통상수용,통상수용,True,False,True,통상수용,0.5540610722723518,0.3496868657415818,0.09625206198606633,통상수용,0.5725955764746581,0.3498470087739588,0.07755741475138314,통상수용,0.5540610722723515,0.3496868657415821,0.09625206198606634,0.5602392403397872,0.34974024675237425,0.09002051290783859
1,defense_intelligent_platform,defense_intelligent_platform:PSR-009,통상수용,0.0,통상수용,통상수용,True,False,True,통상수용,0.5133082512498542,0.2477283714049544,0.23896337734519127,통상수용,0.5992117906949483,0.20680816539210034,0.1939800439129513,통상수용,0.5133082512498544,0.2477283714049547,0.2389633773451909,0.541942764398219,0.23408830273400316,0.22396893286777783
1,defense_intelligent_platform,defense_intelligent_platform:PSR-010,통상수용,0.0,통상수용,통상수용,True,False,True,통상수용,0.5692526362780287,0.21947884305768947,0.21126852066428198,통상수용,0.6229995158445201,0.19761451704942012,0.17938596710605978,통상수용,0.5692526362780288,0.21947884305768925,0.21126852066428195,0.5871682628001925,0.2121907343882663,0.2006410028115412
1,defense_intelligent_platform,defense_intelligent_platform:QUR-002,통상수용,0.0,통상수용,통상수용,True,False,True,통상수용,0.637337890564692,0.1020133115336929,0.260648797901615,통상수용,0.7124818359823184,0.08186109247406871,0.20565707154361282,통상수용,0.6373378905646923,0.10201331153369318,0.26064879790161455,0.6623858723705676,0.09529590518048493,0.24231822244894743
1,defense_intelligent_platform,defense_intelligent_platform:QUR-003,통상수용,0.0,통상수용,통상수용,True,False,True,통상수용,0.6147736925402401,0.15468598716080967,0.23054032029895022,통상수용,0.6726506888179226,0.14846834019709165,0.1788809709849858,통상수용,0.6147736925402395,0.15468598716081006,0.23054032029895044,0.6340660246328006,0.1526134381729038,0.21332053719429547
1,defense_intelligent_platform,defense_intelligent_platform:QUR-004,통상수용,0.0,통상수용,통상수용,True,False,True,통상수용,0.7008824156832892,0.17548720429184908,0.1236303800248618,통상수용,0.7673607273421587,0.14080874156079362,0.09183053109704778,통상수용,0.700882415683289,0.1754872042918492,0.1236303800248619,0.7230418529029122,0.16392771671483064,0.11303043038225717
1,defense_intelligent_platform,defense_intelligent_platform:QUR-005,계약·질의검토,0.0,통상수용,통상수용,True,True,False,통상수용,0.619507890717728,0.17051995075927054,0.20997215852300147,통상수용,0.6415303811953506,0.16543997005643993,0.19302964874820958,통상수용,0.6195078907177283,0.17051995075927048,0.20997215852300133,0.6268487208769357,0.168826623858327,0.20432465526473745
1,defense_intelligent_platform,defense_intelligent_platform:QUR-006,통상수용,0.0,통상수용,통상수용,True,False,True,통상수용,0.6915417140006779,0.13410988726983503,0.1743483987294871,통상수용,0.7875001282728631,0.09587771506410277,0.11662215666303413,통상수용,0.6915417140006778,0.13410988726983541,0.17434839872948688,0.7235278520914062,0.1213658298679244,0.15510631804066938
1,defense_intelligent_platform,defense_intelligent_platform:SER-001,계약·질의검토,0.0,통상수용,통상수용,True,True,False,통상수용,0.5266783196679738,0.09870405406542487,0.3746176262666012,통상수용,0.5671427756797591,0.08585310174830761,0.34700412257193325,통상수용,0.5266783196679746,0.09870405406542503,0.37461762626660033,0.5401664716719026,0.09442040329305251,0.3654131250350449
1,defense_intelligent_platform,defense_intelligent_platform:SER-002,계약·질의검토,0.0,통상수용,통상수용,True,True,False,통상수용,0.5763588693337234,0.1084040951114237,0.31523703555485294,통상수용,0.5943600287059742,0.09207599525711017,0.31356397603691555,통상수용,0.5763588693337236,0.10840409511142386,0.3152370355548526,0.5823592557911405,0.10296139515998591,0.3146793490488737
1,defense_intelligent_platform,defense_intelligent_platform:SER-003,계약·질의검토,0.0,통상수용,통상수용,True,True,False,통상수용,0.5475868599538597,0.20298043607452648,0.2494327039716138,통상수용,0.5906988726320618,0.18409232437334416,0.22520880299459403,통상수용,0.5475868599538598,0.20298043607452676,0.2494327039716135,0.5619575308465937,0.19668439884079914,0.24135807031260711
1,defense_intelligent_platform,defense_intelligent_platform:SER-004,견적반영,0.0,통상수용,통상수용,True,True,False,통상수용,0.48984418906270216,0.22163530723609476,0.28852050370120297,통상수용,0.4907388981740816,0.22787732922058915,0.28138377260532915,통상수용,0.48984418906270216,0.221635307236095,0.28852050370120275,0.49014242543316194,0.22371598123092631,0.2861415933359116
1,defense_intelligent_platform,defense_intelligent_platform:SER-007,계약·질의검토,0.0,통상수용,통상수용,True,True,False,통상수용,0.4280605346133478,0.19652509465124263,0.3754143707354096,통상수용,0.44653314996251625,0.20774411012031385,0.34572273991716984,통상수용,0.42806053461334787,0.19652509465124288,0.3754143707354092,0.43421807306307064,0.20026476647426647,0.36551716046266286
1,defense_intelligent_platform,defense_intelligent_platform:SER-008,통상수용,0.0,통상수용,통상수용,True,False,True,통상수용,0.6299622887871683,0.1979206690011239,0.17211704221170782,통상수용,0.6381400471969204,0.23260733607626086,0.12925261672681868,통상수용,0.6299622887871683,0.19792066900112384,0.17211704221170782,0.6326882082570857,0.20948289135950285,0.15782890038341144
1,defense_intelligent_platform,defense_intelligent_platform:SER-009,통상수용,0.0,통상수용,통상수용,True,False,True,통상수용,0.5522951005031452,0.24972616092216288,0.1979787385746919,통상수용,0.6001383081456617,0.22123252652476835,0.17862916532956993,통상수용,0.5522951005031453,0.2497261609221631,0.19797873857469153,0.5682428363839841,0.24022828278969813,0.19152888082631778
1,defense_intelligent_platform,defense_intelligent_platform:SFR-001,통상수용,0.0,통상수용,통상수용,True,False,True,통상수용,0.568791480386655,0.23991323865827763,0.19129528095506731,통상수용,0.5739764188341693,0.21916082013810112,0.20686276102772957,통상수용,0.568791480386655,0.23991323865827732,0.19129528095506768,0.570519793202493,0.23299576581821868,0.1964844409792882
1,defense_intelligent_platform,defense_intelligent_platform:SFR-003,계약·질의검토,0.0,통상수용,통상수용,True,True,False,통상수용,0.6679022203238878,0.17843292977045933,0.15366484990565288,통상수용,0.7303260568418296,0.1279096609538228,0.14176428220434764,통상수용,0.6679022203238877,0.1784329297704593,0.15366484990565304,0.6887101658298684,0.16159184016491382,0.14969799400521785
1,defense_intelligent_platform,defense_intelligent_platform:SFR-004,통상수용,0.0,통상수용,통상수용,True,False,True,통상수용,0.7426510457812078,0.16775774648823605,0.08959120773055619,통상수용,0.8411228350843555,0.10731149994749643,0.051565664968148156,통상수용,0.742651045781208,0.16775774648823602,0.08959120773055598,0.7754749755489238,0.14760899764132285,0.07691602680975344
1,defense_intelligent_platform,defense_intelligent_platform:SFR-005,통상수용,0.0,통상수용,통상수용,True,False,True,통상수용,0.5652126794936893,0.27455994085963076,0.16022737964668,통상수용,0.6164726398579927,0.250834366199142,0.13269299394286532,통상수용,0.5652126794936895,0.27455994085963065,0.1602273796466799,0.5822993329484571,0.2666514159728011,0.15104925107874176
1,defense_intelligent_platform,defense_intelligent_platform:SFR-006,통상수용,0.0,통상수용,통상수용,True,False,True,통상수용,0.6933335053619424,0.21649908542640633,0.09016740921165121,통상수용,0.7539713657353859,0.170391491184522,0.0756371430800922,통상수용,0.6933335053619426,0.2164990854264062,0.09016740921165108,0.7135461254864236,0.20112988734577816,0.08532398716779815
1,defense_intelligent_platform,defense_intelligent_platform:SFR-007,견적반영,0.0,견적반영,견적반영,True,False,True,견적반영,0.32984553651177656,0.42431461404636517,0.2458398494418582,견적반영,0.2732584899562258,0.46082105817832847,0.2659204518654458,견적반영,0.3298455365117768,0.4243146140463646,0.24583984944185858,0.31098318765992633,0.43648342875701945,0.25253338358305416
1,defense_intelligent_platform,defense_intelligent_platform:SFR-008,통상수용,0.0,견적반영,견적반영,True,True,False,견적반영,0.3863611063857685,0.4060998880032554,0.20753900561097602,견적반영,0.34046526166981966,0.4698970047610005,0.1896377335691798,견적반영,0.3863611063857688,0.40609988800325475,0.2075390056109764,0.37106249148045234,0.4273655935891702,0.2015719149303774
1,defense_intelligent_platform,defense_intelligent_platform:SFR-009,통상수용,0.0,통상수용,통상수용,True,False,True,통상수용,0.6282337799646901,0.28106929341172365,0.09069692662358632,통상수용,0.678546691123145,0.25352205276798023,0.06793125610887489,통상수용,0.6282337799646902,0.2810692934117235,0.09069692662358622,0.6450047503508418,0.2718868798638091,0.08310836978534915
1,defense_intelligent_platform,defense_intelligent_platform:SFR-010,통상수용,0.0,통상수용,통상수용,True,False,True,통상수용,0.4614139223994204,0.33826544184868035,0.20032063575189923,통상수용,0.5052811504565252,0.3256422173957056,0.1690766321477691,통상수용,0.4614139223994205,0.33826544184868024,0.20032063575189932,0.47603633175178867,0.33405770036435545,0.18990596788385586
1,defense_intelligent_platform,defense_intelligent_platform:SFR-011,통상수용,0.0,통상수용,통상수용,True,False,True,통상수용,0.4704558493642811,0.3477101419399669,0.18183400869575198,통상수용,0.49984539739939987,0.3508116197028132,0.14934298289778677,통상수용,0.4704558493642812,0.3477101419399668,0.181834008695752,0.48025236537598737,0.34874396786091566,0.1710036667630969
1,defense_intelligent_platform,defense_intelligent_platform:SFR-012,계약·질의검토,0.0,통상수용,통상수용,True,True,False,통상수용,0.3952724729005813,0.27813222945502203,0.32659529764439665,통상수용,0.4025809776676443,0.2644117461681301,0.33300727616422554,통상수용,0.39527247290058126,0.2781322294550218,0.32659529764439693,0.3977086411562689,0.273558735026058,0.32873262381767304
1,defense_intelligent_platform,defense_intelligent_platform:SFR-013,통상수용,0.0,견적반영,견적반영,False,False,True,통상수용,0.4066719959626392,0.40598534356881905,0.18734266046854173,견적반영,0.37736165687610856,0.4315428882452335,0.1910954548786579,통상수용,0.40667199596263964,0.4059853435688186,0.18734266046854178,0.3969018829337958,0.41450452512762376,0.18859359193858047
1,defense_intelligent_platform,defense_intelligent_platform:SFR-014,통상수용,0.0,견적반영,견적반영,True,True,False,견적반영,0.3870032149422726,0.406834534957376,0.20616225010035155,견적반영,0.38853165567972875,0.43753513365220487,0.17393321066806638,견적반영,0.38700321494227286,0.4068345349573755,0.20616225010035172,0.3875126951880914,0.41706806785565215,0.19541923695625654
1,defense_intelligent_platform,defense_intelligent_platform:SFR-015,통상수용,0.0,견적반영,견적반영,False,False,True,견적반영,0.33897571138626476,0.39193027485957666,0.26909401375415865,통상수용,0.3510574007268651,0.349563138911799,0.29937946036133595,견적반영,0.3389757113862649,0.39193027485957577,0.2690940137541594,0.34300294116646485,0.37780789621031713,0.279189162623218
1,defense_intelligent_platform,defense_intelligent_platform:SFR-017,통상수용,0.0,통상수용,통상수용,True,False,True,통상수용,0.5265997613428148,0.285476207522726,0.18792403113445916,통상수용,0.6009302071829411,0.24477700590742282,0.15429278690963602,통상수용,0.526599761342815,0.28547620752272557,0.18792403113445943,0.551376576622857,0.2719098069842915,0.17671361639285155
1,defense_intelligent_platform,defense_intelligent_platform:SFR-018,통상수용,0.0,통상수용,통상수용,True,False,True,통상수용,0.5149285849418663,0.3284726553832426,0.15659875967489112,통상수용,0.5836190299907962,0.2956803161187694,0.1207006538904344,통상수용,0.5149285849418668,0.3284726553832419,0.15659875967489134,0.5378253999581765,0.31754187562841796,0.1446327244134056
1,defense_intelligent_platform,defense_intelligent_platform:SFR-019,통상수용,0.0,통상수용,통상수용,True,False,True,통상수용,0.6339064175227397,0.2413177295709225,0.1247758529063377,통상수용,0.739690754478644,0.187166575228483,0.07314267029287302,통상수용,0.63390641752274,0.24131772957092226,0.12477585290633772,0.6691678631747079,0.22326734479010926,0.10756479203518281
1,defense_intelligent_platform,defense_intelligent_platform:SFR-020,견적반영,0.0,계약·질의검토,계약·질의검토,True,True,False,계약·질의검토,0.32131692466972656,0.3352847803280437,0.3433982950022296,계약·질의검토,0.3283113988253967,0.28147894770750814,0.39020965346709513,계약·질의검토,0.32131692466972667,0.3352847803280431,0.3433982950022302,0.32364841605495,0.31734950278786495,0.35900208115718496
1,defense_intelligent_platform,defense_intelligent_platform:SFR-021,통상수용,0.0,견적반영,견적반영,True,True,False,견적반영,0.37525040499559453,0.3823235124417441,0.24242608256266138,견적반영,0.3597643517515203,0.36633729162810286,0.2738983566203769,견적반영,0.3752504049955948,0.3823235124417433,0.242426082562662,0.3700883872475698,0.37699477217053007,0.25291684058190006
1,defense_intelligent_platform,defense_intelligent_platform:SFR-022,계약·질의검토,0.0,통상수용,통상수용,True,True,False,통상수용,0.6265684386514124,0.22901581199106655,0.14441574935752108,통상수용,0.6808491542978081,0.20625246348783277,0.11289838221435906,통상수용,0.6265684386514123,0.22901581199106646,0.1444157493575212,0.6446620105335442,0.22142802915665527,0.13390996030980043
1,defense_intelligent_platform,defense_intelligent_platform:SFR-023,견적반영,0.0,통상수용,통상수용,True,True,False,통상수용,0.4651107989847363,0.40442412513741904,0.1304650758778447,통상수용,0.5498774977898443,0.35094423080362513,0.0991782714065306,통상수용,0.4651107989847365,0.4044241251374188,0.13046507587784464,0.49336636525310573,0.386597493692821,0.1200361410540733
1,defense_intelligent_platform,defense_intelligent_platform:SFR-024,견적반영,0.0,통상수용,통상수용,True,True,False,통상수용,0.5263812289517036,0.3278732173861855,0.14574555366211095,통상수용,0.5762335710077562,0.3118735170168783,0.11189291197536554,통상수용,0.5263812289517034,0.3278732173861855,0.1457455536621112,0.542998676303721,0.3225399839297498,0.13446133976652921
1,defense_intelligent_platform,defense_intelligent_platform:SFR-025,견적반영,0.0,견적반영,견적반영,True,False,True,견적반영,0.20387819412300198,0.5928509311361188,0.20327087474087924,견적반영,0.18743250981441736,0.6579932175616054,0.1545742726239772,견적반영,0.203878194123002,0.5928509311361183,0.20327087474087976,0.1983962993534738,0.6145650266112809,0.1870386740352454
1,defense_intelligent_platform,defense_intelligent_platform:SFR-026,견적반영,0.0,견적반영,견적반영,True,False,True,견적반영,0.353863359114236,0.4007072151654581,0.24542942572030593,견적반영,0.35120812575520055,0.45562034486352393,0.19317152938127555,견적반영,0.35386335911423583,0.4007072151654581,0.24542942572030607,0.35297828132789083,0.41901159173148006,0.22801012694062917
1,defense_intelligent_platform,defense_intelligent_platform:SFR-027,통상수용,0.0,통상수용,통상수용,True,False,True,통상수용,0.5667139594528747,0.2978232905387447,0.13546275000838057,통상수용,0.6036340328672948,0.3019174957093665,0.09444847142333873,통상수용,0.566713959452874,0.2978232905387453,0.13546275000838073,0.5790206505910146,0.2991880255956188,0.12179132381336667
1,defense_intelligent_platform,defense_intelligent_platform:SFR-028,통상수용,0.0,견적반영,견적반영,True,True,False,견적반영,0.2891713973547132,0.49543107537463704,0.21539752727064976,견적반영,0.29375200374099286,0.5360501247242726,0.1701978715347345,견적반영,0.28917139735471337,0.4954310753746367,0.21539752727065,0.29069826615013983,0.5089707584911821,0.20033097535867808
1,defense_intelligent_platform,defense_intelligent_platform:SFR-029,견적반영,0.0,견적반영,견적반영,True,False,True,견적반영,0.14214629744830237,0.602504535853515,0.2553491666981827,견적반영,0.1300704288803165,0.6463219469875743,0.2236076241321092,견적반영,0.1421462974483022,0.6025045358535143,0.25534916669818347,0.13812100792564036,0.6171103395648679,0.24476865250949179
1,defense_intelligent_platform,defense_intelligent_platform:SFR-030,견적반영,0.0,견적반영,견적반영,True,False,True,견적반영,0.10647874212901239,0.6952315155719899,0.19828974229899768,견적반영,0.07279050726786604,0.7919552207872845,0.13525427194484946,견적반영,0.10647874212901244,0.695231515571989,0.19828974229899848,0.09524933050863028,0.7274727506437545,0.17727791884761523
1,defense_intelligent_platform,defense_intelligent_platform:SFR-031,견적반영,0.0,견적반영,견적반영,True,False,True,견적반영,0.36241916209156766,0.5037505300225636,0.13383030788586872,견적반영,0.37817800569924104,0.5170807627919318,0.10474123150882707,견적반영,0.3624191620915675,0.5037505300225638,0.13383030788586878,0.3676721099607921,0.5081939409456865,0.12413394909352153
1,defense_intelligent_platform,defense_intelligent_platform:SFR-032,견적반영,0.0,견적반영,견적반영,True,False,True,견적반영,0.33527848559043916,0.5192790856670126,0.14544242874254829,견적반영,0.3368706905281262,0.5407122529947535,0.12241705647712056,견적반영,0.33527848559043905,0.5192790856670125,0.14544242874254854,0.3358092205696681,0.5264234747762595,0.13776730465407247
1,defense_intelligent_platform,defense_intelligent_platform:SFR-033,계약·질의검토,0.0,견적반영,견적반영,True,True,False,견적반영,0.242778961971319,0.45175342134176755,0.30546761668691347,견적반영,0.19694157576140955,0.4906015812231432,0.3124568430154473,견적반영,0.24277896197131876,0.45175342134176744,0.3054676166869137,0.22749983323468245,0.4647028079688928,0.30779735879642484
1,defense_intelligent_platform,defense_intelligent_platform:SFR-034,견적반영,0.0,견적반영,견적반영,True,False,True,견적반영,0.2704493562361925,0.4206851408590702,0.30886550290473735,견적반영,0.2643625898389843,0.4200799434795502,0.3155574666814654,견적반영,0.2704493562361926,0.4206851408590699,0.3088655029047376,0.2684204341037898,0.4204834083992301,0.3110961574969801
1,defense_intelligent_platform,defense_intelligent_platform:SFR-035,견적반영,0.0,견적반영,견적반영,True,False,True,견적반영,0.161511377791455,0.5597024332899891,0.27878618891855594,견적반영,0.13219077886937863,0.5986872569386669,0.26912196419195455,견적반영,0.16151137779145502,0.5597024332899884,0.27878618891855667,0.15173784481742955,0.5726973745062148,0.27556478067635576
1,defense_intelligent_platform,defense_intelligent_platform:SFR-036,견적반영,0.0,견적반영,견적반영,True,False,True,견적반영,0.19453829709370088,0.5794608121536361,0.22600089075266314,견적반영,0.18677069993517778,0.6077635744499528,0.20546572561486953,견적반영,0.19453829709370124,0.5794608121536348,0.22600089075266414,0.19194909804085994,0.5888950662524078,0.21915583570673228
1,defense_intelligent_platform,defense_intelligent_platform:SFR-038,계약·질의검토,0.0,견적반영,견적반영,True,True,False,견적반영,0.3235892356527488,0.44995089733651616,0.22645986701073506,견적반영,0.3106026454286438,0.48590075107474684,0.20349660349660945,견적반영,0.3235892356527489,0.4499508973365153,0.22645986701073595,0.3192603722447138,0.4619341819159261,0.21880544583936015
1,defense_intelligent_platform,defense_intelligent_platform:SFR-039,견적반영,0.0,견적반영,견적반영,True,False,True,견적반영,0.24817506147185195,0.559112038082812,0.1927129004453361,견적반영,0.25941976346252715,0.5635146571322743,0.17706557940519857,견적반영,0.24817506147185217,0.5591120380828111,0.1927129004453367,0.25192329546874376,0.5605795777659658,0.18749712676529048
1,defense_intelligent_platform,defense_intelligent_platform:SFR-040,통상수용,0.0,견적반영,견적반영,True,True,False,견적반영,0.3463269647084779,0.4104803869781007,0.2431926483134215,견적반영,0.29711504562361885,0.457431662177948,0.24545329219843307,견적반영,0.3463269647084782,0.4104803869781,0.2431926483134218,0.3299229916801916,0.42613081204471626,0.2439461962750921
1,defense_intelligent_platform,defense_intelligent_platform:SFR-041,견적반영,0.0,견적반영,견적반영,True,False,True,견적반영,0.18434908676247838,0.5589501653295367,0.2567007479079851,견적반영,0.14192261532585482,0.6075412670497179,0.25053611762442746,견적반영,0.18434908676247844,0.5589501653295356,0.256700747907986,0.1702069296169372,0.5751471992362633,0.25464587114679954
1,defense_intelligent_platform,defense_intelligent_platform:SFR-042,견적반영,0.0,견적반영,견적반영,True,False,True,견적반영,0.19842241348439366,0.5539714583649518,0.2476061281506545,견적반영,0.17261226460427515,0.6191512464858918,0.20823648890983298,견적반영,0.19842241348439374,0.5539714583649511,0.2476061281506552,0.1898190305243542,0.5756980544052649,0.23448291507038088
1,defense_intelligent_platform,defense_intelligent_platform:SFR-043,견적반영,0.0,견적반영,견적반영,True,False,True,견적반영,0.16542835793606797,0.5725729664284813,0.2619986756354506,견적반영,0.15850736485237046,0.5600911164896157,0.2814015186580137,견적반영,0.16542835793606794,0.5725729664284804,0.2619986756354516,0.16312136024150212,0.5684123497821925,0.2684662899763053
1,defense_intelligent_platform,defense_intelligent_platform:SFR-044,견적반영,0.0,견적반영,견적반영,True,False,True,견적반영,0.2935751659847615,0.5358213325435116,0.1706035014717269,견적반영,0.2624048021721289,0.5795405097380772,0.1580546880897938,견적반영,0.2935751659847615,0.5358213325435113,0.1706035014717273,0.283185044713884,0.5503943916083668,0.16642056367774935
1,defense_intelligent_platform,defense_intelligent_platform:SFR-045,견적반영,0.0,견적반영,견적반영,True,False,True,견적반영,0.26680836909189626,0.48453889953372176,0.248652731374382,견적반영,0.2599686076172504,0.5007729786272951,0.23925841375545454,견적반영,0.26680836909189626,0.48453889953372103,0.24865273137438276,0.26452844860034763,0.48995025923157925,0.24552129216807309
1,defense_intelligent_platform,defense_intelligent_platform:SFR-046,통상수용,0.0,통상수용,통상수용,True,False,True,통상수용,0.4613203728381117,0.3764147304495707,0.1622648967123177,통상수용,0.4619701674969611,0.3930995364961793,0.14493029600685953,통상수용,0.4613203728381115,0.3764147304495704,0.16226489671231795,0.4615369710577281,0.3819763324651068,0.15648669647716507
1,defense_intelligent_platform,defense_intelligent_platform:SFR-047,계약·질의검토,0.0,견적반영,견적반영,True,True,False,견적반영,0.16974228771278826,0.5418365905152149,0.28842112177199675,견적반영,0.1395490653526267,0.5828224488116979,0.2776284858356754,견적반영,0.16974228771278851,0.5418365905152139,0.2884211217719975,0.1596778802594012,0.5554985432807089,0.2848235764598899
1,defense_intelligent_platform,defense_intelligent_platform:SFR-048,견적반영,0.0,견적반영,견적반영,True,False,True,견적반영,0.18383492004089896,0.5802923453849076,0.23587273457419342,견적반영,0.15140618020745397,0.6197738710786008,0.22881994871394515,견적반영,0.1838349200408992,0.5802923453849066,0.23587273457419417,0.17302534009641737,0.5934528539494717,0.2335218059541109
1,defense_intelligent_platform,defense_intelligent_platform:SFR-049,계약·질의검토,0.0,견적반영,견적반영,True,True,False,견적반영,0.2053622339690695,0.44987298148298194,0.34476478454794857,견적반영,0.176384659619797,0.4711331831127298,0.3524821572674732,견적반영,0.20536223396906927,0.44987298148298127,0.34476478454794945,0.19570304251931192,0.45695971535956437,0.34733724212112377
1,defense_intelligent_platform,defense_intelligent_platform:SFR-050,계약·질의검토,0.0,계약·질의검토,계약·질의검토,False,False,True,견적반영,0.32299843598367284,0.34509169323042593,0.33190987078590123,계약·질의검토,0.333906736058716,0.31304627927423123,0.3530469846670527,견적반영,0.32299843598367295,0.34509169323042554,0.33190987078590145,0.32663453600868725,0.3344098885783609,0.3389555754129518
1,defense_intelligent_platform,defense_intelligent_platform:SFR-051,계약·질의검토,0.0,견적반영,견적반영,True,True,False,견적반영,0.16779178905996012,0.4503410537645981,0.3818671571754418,견적반영,0.15678049851584272,0.48188464029139855,0.3613348611927587,견적반영,0.16779178905996026,0.4503410537645972,0.3818671571754425,0.1641213588785877,0.4608555826068646,0.3750230585145477
1,defense_intelligent_platform,defense_intelligent_platform:SFR-052,견적반영,0.0,견적반영,견적반영,True,False,True,견적반영,0.333375299313489,0.40480939541513117,0.26181530527137975,견적반영,0.3290508898630207,0.42380330183954595,0.2471458082974332,견적반영,0.33337529931348897,0.4048093954151308,0.26181530527138014,0.3319338294966662,0.4111406975566026,0.256925472946731
1,defense_intelligent_platform,defense_intelligent_platform:SFR-053,통상수용,0.0,통상수용,통상수용,True,False,True,통상수용,0.5359915483726921,0.2922306534125704,0.1717777982147375,통상수용,0.6346756705781026,0.22966669107346357,0.1356576383484338,통상수용,0.5359915483726921,0.2922306534125702,0.1717777982147376,0.5688862557744957,0.27137599929953476,0.15973774492596962
1,defense_intelligent_platform,defense_intelligent_platform:SFR-054,견적반영,0.0,견적반영,견적반영,True,False,True,견적반영,0.22529869874773253,0.5585100407198388,0.21619126053242868,견적반영,0.21136220952934337,0.5747048046519679,0.21393298581868864,견적반영,0.22529869874773256,0.5585100407198379,0.2161912605324296,0.22065320234160282,0.5639082953638815,0.21543850229451564
1,defense_intelligent_platform,defense_intelligent_platform:SFR-055,견적반영,0.0,견적반영,견적반영,True,False,True,견적반영,0.22635426387857163,0.4650382529298457,0.3086074831915828,견적반영,0.1910959474575575,0.5025551855813527,0.3063488669610899,견적반영,0.22635426387857166,0.46503825292984513,0.30860748319158327,0.2146014917382336,0.4775438971470145,0.307854611114752
1,defense_intelligent_platform,defense_intelligent_platform:SFR-056,견적반영,0.0,견적반영,견적반영,True,False,True,견적반영,0.27719755853141637,0.480144202511067,0.2426582389575167,견적반영,0.24548420248704383,0.556199201259598,0.19831659625335807,견적반영,0.2771975585314167,0.4801442025110664,0.24265823895751698,0.266626439849959,0.5054958687605771,0.22787769138946393
1,defense_intelligent_platform,defense_intelligent_platform:SFR-057,통상수용,0.0,통상수용,통상수용,True,False,True,통상수용,0.48405416773218424,0.3498746239447306,0.16607120832308528,통상수용,0.4929347361534621,0.3562981709447059,0.15076709290183185,통상수용,0.48405416773218435,0.3498746239447301,0.16607120832308547,0.48701435720594355,0.35201580627805557,0.16096983651600086
1,defense_intelligent_platform,defense_intelligent_platform:SFR-058,견적반영,0.0,견적반영,견적반영,True,False,True,견적반영,0.2929991242073417,0.4679258952638075,0.23907498052885068,견적반영,0.26675669869028135,0.5081955004601055,0.22504780084961312,견적반영,0.29299912420734253,0.46792589526380585,0.23907498052885165,0.2842516490349885,0.4813490969959063,0.23439925396910513
1,defense_intelligent_platform,defense_intelligent_platform:SFR-059,견적반영,0.0,견적반영,견적반영,True,False,True,견적반영,0.32221939375233244,0.4110697881307502,0.26671081811691755,견적반영,0.35917892495582876,0.39283602411255614,0.24798505093161505,견적반영,0.32221939375233283,0.4110697881307488,0.2667108181169184,0.3345392374868313,0.4049918667913517,0.26046889572181703
1,defense_intelligent_platform,defense_intelligent_platform:SFR-060,견적반영,0.0,통상수용,통상수용,True,True,False,통상수용,0.4438700611928083,0.2903451073909902,0.26578483141620163,통상수용,0.5463309466724405,0.2440611476080899,0.20960790571946958,통상수용,0.4438700611928083,0.29034510739098945,0.26578483141620235,0.47802368968601905,0.27491712079668984,0.2470591895172912
1,defense_intelligent_platform,defense_intelligent_platform:SFR-061,통상수용,0.0,통상수용,통상수용,True,False,True,통상수용,0.4220636759651332,0.35896232180854515,0.21897400222632152,통상수용,0.4360156236346473,0.40158597664279483,0.16239839972255793,통상수용,0.42206367596513356,0.35896232180854426,0.2189740022263223,0.4267143251883047,0.37317020675329476,0.2001154680584006
1,defense_intelligent_platform,defense_intelligent_platform:SFR-062,견적반영,0.0,견적반영,견적반영,True,False,True,견적반영,0.22604515166970096,0.45268439862648074,0.3212704497038183,견적반영,0.2023794793770819,0.4580639036523477,0.3395566169705704,견적반영,0.22604515166970154,0.4526843986264792,0.3212704497038194,0.21815659423882813,0.45447756696843594,0.32736583879273606
1,defense_intelligent_platform,defense_intelligent_platform:SFR-063,견적반영,0.0,견적반영,견적반영,True,False,True,견적반영,0.17776191658729346,0.5636749278798612,0.25856315553284537,견적반영,0.17024173363065565,0.5717779397942945,0.2579803265750497,견적반영,0.17776191658729368,0.5636749278798598,0.25856315553284653,0.17525518893508094,0.5663759318513385,0.25836887921358054
1,defense_intelligent_platform,defense_intelligent_platform:SFR-064,통상수용,0.0,견적반영,견적반영,True,True,False,견적반영,0.34456694956247563,0.4715106356186433,0.18392241481888097,견적반영,0.40317047708075493,0.4308140237626136,0.16601549915663144,견적반영,0.34456694956247563,0.47151063561864287,0.18392241481888147,0.3641014587352354,0.45794509833329994,0.17795344293146464
1,defense_intelligent_platform,defense_intelligent_platform:SFR-065,견적반영,0.0,견적반영,견적반영,True,False,True,견적반영,0.149657146508,0.514116766809238,0.33622608668276205,견적반영,0.11093318357162225,0.5616254219980615,0.3274413944303162,견적반영,0.149657146508,0.5141167668092371,0.3362260866827628,0.13674915886254074,0.5299529852055122,0.33329785593194705
1,defense_intelligent_platform,defense_intelligent_platform:SFR-066,견적반영,0.0,통상수용,통상수용,True,True,False,통상수용,0.5655393790948172,0.2225611448896788,0.2118994760155041,통상수용,0.6258256211563805,0.19911509363689464,0.17505928520672479,통상수용,0.5655393790948169,0.22256114488967868,0.21189947601550443,0.5856347931153382,0.21474579447208406,0.19961941241257777
1,defense_intelligent_platform,defense_intelligent_platform:SFR-067,통상수용,0.0,통상수용,통상수용,True,False,True,통상수용,0.57011042947675,0.2771773466780769,0.1527122238451732,통상수용,0.6623278119734393,0.2209081006764144,0.11676408735014633,통상수용,0.57011042947675,0.2771773466780769,0.1527122238451732,0.6008495569756463,0.2584209313441894,0.14072951168016423
1,defense_intelligent_platform,defense_intelligent_platform:TER-002,통상수용,0.0,통상수용,통상수용,True,False,True,통상수용,0.460501584336826,0.18062313858487142,0.3588752770783026,통상수용,0.47999752669714746,0.17257515790955927,0.3474273153932934,통상수용,0.4605015843368262,0.18062313858487156,0.3588752770783023,0.46700023179026656,0.17794047835976742,0.3550592898499661
1,defense_intelligent_platform,defense_intelligent_platform:TER-003,통상수용,0.0,계약·질의검토,계약·질의검토,False,False,True,계약·질의검토,0.3725298575785992,0.24469224522417923,0.3827778971972216,통상수용,0.4111216486863178,0.1964653742115375,0.39241297710214473,계약·질의검토,0.37252985757859886,0.24469224522417965,0.3827778971972216,0.38539378794783863,0.2286166215532988,0.3859895904988626
1,defense_intelligent_platform,defense_intelligent_platform:TER-004,계약·질의검토,0.0,계약·질의검토,계약·질의검토,True,False,True,계약·질의검토,0.16465342544589143,0.1545764999807425,0.680770074573366,계약·질의검토,0.12517705979916158,0.12507474762329407,0.7497481925775442,계약·질의검토,0.1646534254458911,0.15457649998074277,0.680770074573366,0.15149463689698137,0.14474258252825978,0.7037627805747588
1,defense_intelligent_platform,defense_intelligent_platform:TER-005,계약·질의검토,0.0,견적반영,견적반영,True,True,False,견적반영,0.3009712351454828,0.36576757369118895,0.3332611911633282,견적반영,0.26585274284471383,0.39660007518783197,0.33754718196745415,견적반영,0.30097123514548185,0.3657675736911893,0.3332611911633288,0.2892650710452262,0.37604507419007005,0.3346898547647037
1,defense_intelligent_platform,defense_intelligent_platform:TER-006,계약·질의검토,0.0,계약·질의검토,계약·질의검토,True,False,True,계약·질의검토,0.3241617478890756,0.16962251335557346,0.506215738755351,계약·질의검토,0.35148365259424563,0.1419096644209901,0.5066066829847642,계약·질의검토,0.3241617478890756,0.16962251335557404,0.5062157387553504,0.3332690494574656,0.16038489704404588,0.5063460534984885
1,defense_intelligent_platform,defense_intelligent_platform:TER-007,계약·질의검토,0.0,계약·질의검토,계약·질의검토,True,False,True,계약·질의검토,0.24697124239896634,0.22013444444750416,0.5328943131535295,계약·질의검토,0.2290437478546954,0.20171623727474838,0.5692400148705563,계약·질의검토,0.2469712423989663,0.22013444444750432,0.5328943131535294,0.24099541088420937,0.21399504205658562,0.545009547059205
1,defense_intelligent_platform,defense_intelligent_platform:TER-008,계약·질의검토,0.0,견적반영,견적반영,True,True,False,견적반영,0.3536607590047296,0.45320134782059535,0.19313789317467497,견적반영,0.30171242792507286,0.5228191826443513,0.17546838943057594,견적반영,0.3536607590047297,0.453201347820595,0.19313789317467525,0.33634464864484404,0.47640729276184723,0.18724805859330873
1,defense_intelligent_platform,defense_intelligent_platform:TER-009,계약·질의검토,0.0,통상수용,통상수용,True,True,False,통상수용,0.5202704950514455,0.2039433201395836,0.27578618480897094,통상수용,0.5323981393464531,0.17593036124815126,0.29167149940539566,통상수용,0.5202704950514457,0.20394332013958386,0.27578618480897044,0.5243130431497814,0.1946056671757729,0.2810812896744457
2,genai_incident_response,genai_incident_response:CNR-001,통상수용,0.5,견적반영,견적반영,False,False,True,통상수용,0.3949401886205956,0.36413197469910014,0.24092783668030432,견적반영,0.3564062155524826,0.4237071592252651,0.21988662522225225,견적반영,0.364575827615601,0.3866579188317003,0.24876625355269885,0.37197407726289305,0.39149901758535516,0.23652690515175182
2,genai_incident_response,genai_incident_response:DAR-001,견적반영,0.5,통상수용,통상수용,True,True,False,통상수용,0.4672772883103583,0.36235637921731795,0.17036633247232363,통상수용,0.4498054547860297,0.3963625279125066,0.15383201730146367,통상수용,0.43793307678553756,0.3832680067791838,0.1787989164352785,0.45167193996064187,0.38066230463633616,0.16766575540302195
2,genai_incident_response,genai_incident_response:DAR-002,견적반영,0.5,통상수용,통상수용,True,True,False,통상수용,0.46925890231679795,0.42354993849148265,0.10719115919171938,통상수용,0.46476357096001875,0.45438759830723663,0.08084883073274456,통상수용,0.4954996600451773,0.4060036394439743,0.09849670051084844,0.47650737777399804,0.42798039208089783,0.09551223014510413
2,genai_incident_response,genai_incident_response:DAR-003,견적반영,0.5,통상수용,통상수용,False,False,True,통상수용,0.45542813312713587,0.41921578471346793,0.12535608215939617,통상수용,0.5031523551980255,0.38719590323697706,0.10965174156499745,견적반영,0.41433878608491104,0.46428269126091254,0.12137852265417644,0.45763975813669083,0.4235647930704525,0.11879544879285668
2,genai_incident_response,genai_incident_response:DAR-004,통상수용,0.5,견적반영,견적반영,True,True,False,견적반영,0.29498310078216716,0.5480097290306687,0.15700717018716423,견적반영,0.2838583444673465,0.5884667359956383,0.12767491953701526,견적반영,0.2584004238369359,0.5803242831164387,0.16127529304662538,0.27908062302881653,0.5722669160475818,0.14865246092360163
2,genai_incident_response,genai_incident_response:DAR-005,견적반영,0.5,견적반영,견적반영,True,False,True,견적반영,0.309311129394452,0.37763136299310673,0.3130575076124412,견적반영,0.2955282647950485,0.3794753460887172,0.3249963891162343,견적반영,0.293276835512981,0.38478429948206794,0.321938865004951,0.2993720765674938,0.380630336187964,0.3199975872445422
2,genai_incident_response,genai_incident_response:INR-001,견적반영,0.5,견적반영,견적반영,True,False,True,견적반영,0.20665828102004344,0.4938209750271966,0.29952074395276,견적반영,0.1707467890018307,0.49579585127155845,0.3334573597266108,견적반영,0.19102246516353596,0.5089006557610591,0.3000768790754049,0.18947584506180337,0.49950582735327137,0.31101832758492526
2,genai_incident_response,genai_incident_response:INR-002,견적반영,0.5,견적반영,견적반영,True,False,True,견적반영,0.2927588030272928,0.4217021253065361,0.28553907166617104,견적반영,0.2912446141773859,0.3967570035340265,0.3119983822885876,견적반영,0.2701665289888192,0.43252338949586616,0.29731008151531446,0.28472331539783263,0.41699417277880957,0.2982825118233577
2,genai_incident_response,genai_incident_response:INR-003,통상수용,0.5,견적반영,견적반영,True,True,False,견적반영,0.36115274070992975,0.4082699910928023,0.23057726819726784,견적반영,0.3560338558521239,0.39170528080258704,0.2522608633452891,견적반영,0.3320232525701832,0.41958092803791336,0.24839581939190342,0.34973661637741227,0.4065187333111009,0.24374465031148676
2,genai_incident_response,genai_incident_response:INR-004,통상수용,0.5,통상수용,통상수용,True,False,True,통상수용,0.49901525620966103,0.26875019636699854,0.23223454742334032,통상수용,0.5518367083595929,0.24241720564956099,0.2057460859908461,통상수용,0.4754868946889266,0.28483320166686826,0.23967990364420513,0.5087796197527269,0.26533353456114256,0.22588684568613052
2,genai_incident_response,genai_incident_response:INR-005,견적반영,0.5,견적반영,견적반영,True,False,True,견적반영,0.28624646052867386,0.5540417488884425,0.1597117905828837,견적반영,0.31608182990759814,0.5517315230689293,0.1321866470234726,견적반영,0.2749665597767048,0.5676827475920876,0.15735069263120763,0.29243161673765894,0.5578186731831531,0.149749710079188
2,genai_incident_response,genai_incident_response:INR-006,통상수용,0.5,견적반영,견적반영,True,True,False,견적반영,0.3683786467080292,0.4875590447180736,0.14406230857389707,견적반영,0.3833487715591557,0.5184061213228098,0.09824510711803455,견적반영,0.34635952350218385,0.5107674921512947,0.14287298434652154,0.3660289805897896,0.5055775527307261,0.1283934666794844
2,genai_incident_response,genai_incident_response:INR-007,통상수용,0.5,통상수용,통상수용,True,False,True,통상수용,0.5099026167528737,0.369153097272721,0.12094428597440528,통상수용,0.5189574116375232,0.3711303176496655,0.10991227071281126,통상수용,0.5281015865990397,0.358178005073572,0.11372040832738825,0.5189872049964789,0.36615380666531944,0.11485898833820159
2,genai_incident_response,genai_incident_response:INR-008,통상수용,0.5,통상수용,통상수용,True,False,True,통상수용,0.40972483662808806,0.3874336710969091,0.20284149227500275,통상수용,0.41679664675338907,0.3920233145906368,0.19118003865597416,통상수용,0.399460511247819,0.3980346708141562,0.20250481793802474,0.4086606648764321,0.3924972188339007,0.19884211628966722
2,genai_incident_response,genai_incident_response:INR-009,통상수용,0.5,통상수용,통상수용,True,False,True,통상수용,0.47194177283004884,0.29614741163064434,0.23191081553930684,통상수용,0.5335956355743886,0.24939829985917888,0.21700606456643248,통상수용,0.4620693116274151,0.29937265461569534,0.2385580337568896,0.4892022400106175,0.2816394553685062,0.2291583046208763
2,genai_incident_response,genai_incident_response:INR-010,통상수용,0.5,통상수용,통상수용,True,False,True,통상수용,0.5044562653499592,0.2784754734503734,0.2170682611996674,통상수용,0.5692768364056513,0.23536402127036915,0.19535914232397952,통상수용,0.4847629581626294,0.29567270832014175,0.2195643335172289,0.5194986866394132,0.26983740101362813,0.2106639123469586
2,genai_incident_response,genai_incident_response:PER-001,계약·질의검토,0.5,계약·질의검토,계약·질의검토,True,False,True,계약·질의검토,0.18885195720689174,0.22987049438172072,0.5812775484113876,계약·질의검토,0.1363252527223502,0.22099261299026937,0.6426821342873804,계약·질의검토,0.1784466195560812,0.2278105484261364,0.5937428320177823,0.16787460982844105,0.22622455193270885,0.6059008382388501
2,genai_incident_response,genai_incident_response:PER-002,계약·질의검토,0.5,계약·질의검토,계약·질의검토,True,False,True,계약·질의검토,0.2508481063093661,0.2765165294148627,0.4726353642757712,계약·질의검토,0.22368488569101286,0.22927229615339195,0.5470428181555952,계약·질의검토,0.24305073768140065,0.2607940731793442,0.4961551891392551,0.2391945765605932,0.2555276329158663,0.5052777905235405
2,genai_incident_response,genai_incident_response:PER-003,계약·질의검토,0.5,견적반영,견적반영,True,True,False,견적반영,0.2791134076021034,0.4609697049870113,0.2599168874108854,견적반영,0.2916294239160352,0.44460083102158876,0.2637697450623761,견적반영,0.2583012361054576,0.4881226450437367,0.25357611885080567,0.2763480225411987,0.46456439368411223,0.25908758377468905
2,genai_incident_response,genai_incident_response:PMR-001,견적반영,0.5,견적반영,견적반영,True,False,True,견적반영,0.2744878572712597,0.376660171421403,0.34885197130733714,견적반영,0.2429791046804892,0.4363719390618522,0.3206489562576586,견적반영,0.22046809120815758,0.41520929372304843,0.364322615068794,0.24597835105330215,0.4094138014021012,0.34460784754459656
2,genai_incident_response,genai_incident_response:PMR-002,통상수용,0.5,통상수용,통상수용,True,False,True,통상수용,0.6112188831441551,0.1430325682613825,0.24574854859446232,통상수용,0.6545043945685515,0.1358545788846612,0.2096410265467873,통상수용,0.6338515644178583,0.13776154692321269,0.22838688865892898,0.6331916140435215,0.13888289802308545,0.22792548793339287
2,genai_incident_response,genai_incident_response:PMR-003,통상수용,0.5,통상수용,통상수용,True,False,True,통상수용,0.7211524213979511,0.11018295965787796,0.168664618944171,통상수용,0.7593218156612017,0.10082149134777604,0.1398566929910221,통상수용,0.7311933815253432,0.10659264178966221,0.16221397668499465,0.7372225395281653,0.10586569759843874,0.15691176287339592
2,genai_incident_response,genai_incident_response:PMR-004,계약·질의검토,0.5,계약·질의검토,계약·질의검토,True,False,True,계약·질의검토,0.3728868221160719,0.12392310659143253,0.5031900712924955,계약·질의검토,0.42891798511095397,0.1054293781946249,0.46565263669442114,계약·질의검토,0.3289692912491308,0.12182463928836668,0.5492060694625024,0.37692469949205226,0.11705904135814138,0.5060162591498063
2,genai_incident_response,genai_incident_response:PMR-005,통상수용,0.5,통상수용,통상수용,True,False,True,통상수용,0.5529840513323114,0.16272857756840725,0.28428737109928137,통상수용,0.6290397421691952,0.13527429989288237,0.23568595793792244,통상수용,0.5720566918826003,0.1560003914337796,0.2719429166836201,0.5846934951280357,0.15133442296502309,0.2639720819069413
2,genai_incident_response,genai_incident_response:PSR-001,통상수용,0.5,계약·질의검토,계약·질의검토,True,True,False,계약·질의검토,0.34379639017427627,0.1786457047204131,0.47755790510531065,계약·질의검토,0.3517675950175401,0.158049380521105,0.4901830244613548,계약·질의검토,0.3537347227542096,0.1671165093192274,0.4791487679265631,0.3497662359820087,0.1679371981869152,0.4822965658310762
2,genai_incident_response,genai_incident_response:PSR-002,통상수용,0.5,통상수용,통상수용,True,False,True,통상수용,0.3771556751609328,0.270677901453241,0.35216642338582616,통상수용,0.3801396575577918,0.26079135629108624,0.35906898615112204,통상수용,0.4084713866287748,0.2606586095309142,0.33087000384031107,0.3885889064491665,0.2640426224250805,0.34736847112575314
2,genai_incident_response,genai_incident_response:PSR-003,견적반영,0.5,계약·질의검토,계약·질의검토,True,True,False,계약·질의검토,0.24252770572511648,0.3637617055427608,0.3937105887321226,계약·질의검토,0.21469021875199903,0.36394622746350436,0.42136355378449664,계약·질의검토,0.20443154253665483,0.38657483928374947,0.4089936181795956,0.22054982233792345,0.37142759076333826,0.4080225868987383
2,genai_incident_response,genai_incident_response:PSR-004,통상수용,0.5,통상수용,통상수용,False,False,True,통상수용,0.4014129872710465,0.3790624371537069,0.21952457557524663,통상수용,0.4177860733108794,0.4056515734485754,0.17656235324054512,견적반영,0.37624549390873474,0.3999220389343213,0.22383246715694394,0.39848151816355354,0.3948786831788678,0.20663979865757856
2,genai_incident_response,genai_incident_response:PSR-005,견적반영,0.5,계약·질의검토,계약·질의검토,False,False,True,견적반영,0.18606873238069932,0.4194122613484071,0.3945190062708936,계약·질의검토,0.15840456148741644,0.4134039042399811,0.42819153427260254,계약·질의검토,0.16608774129695647,0.4097357087696973,0.4241765499333463,0.17018701172169073,0.4141839581193618,0.41562903015894753
2,genai_incident_response,genai_incident_response:PSR-006,통상수용,0.5,견적반영,견적반영,True,True,False,견적반영,0.3690574109517676,0.49463466440088927,0.13630792464734326,견적반영,0.39991917407888955,0.49822319786373986,0.10185762805737057,견적반영,0.3901363883365216,0.47589948720290304,0.13396412446057543,0.3863709911223929,0.48958578315584406,0.12404322572176309
2,genai_incident_response,genai_incident_response:QUR-002,통상수용,0.5,통상수용,통상수용,True,False,True,통상수용,0.8701352134718167,0.06789053148800182,0.061974255040181565,통상수용,0.90795067623498,0.052505819545684375,0.03954350421933551,통상수용,0.8696183346865906,0.06625225737612113,0.0641294079372883,0.8825680747977956,0.062216202803269116,0.05521572239893513
2,genai_incident_response,genai_incident_response:QUR-003,견적반영,0.5,견적반영,견적반영,True,False,True,견적반영,0.3571627509895636,0.4929614239420155,0.14987582506842081,견적반영,0.31102753609607403,0.5589785590012787,0.12999390490264726,견적반영,0.3207241682993459,0.5272019154858845,0.15207391621476965,0.3296381517949945,0.5263806328097262,0.14398121539527922
2,genai_incident_response,genai_incident_response:QUR-004,계약·질의검토,0.5,통상수용,통상수용,True,True,False,통상수용,0.44127630461994694,0.31796283414913923,0.24076086123091384,통상수용,0.44972874586185135,0.2999431216029851,0.25032813253516367,통상수용,0.4342466030077295,0.321655234405697,0.24409816258657346,0.4417505511631759,0.31318706338594043,0.24506238545088366
2,genai_incident_response,genai_incident_response:SER-002,견적반영,0.5,통상수용,통상수용,True,True,False,통상수용,0.42604129115041456,0.2545729333240519,0.3193857755255336,통상수용,0.4644436598432672,0.20999139553227106,0.3255649446244619,통상수용,0.4026203322388936,0.25382442994223653,0.34355523781886976,0.43103509441085847,0.23946291959951982,0.32950198598962177
2,genai_incident_response,genai_incident_response:SER-004,견적반영,0.5,계약·질의검토,계약·질의검토,True,True,False,계약·질의검토,0.3907831997470467,0.09062177343878888,0.5185950268141645,계약·질의검토,0.37409661453584364,0.07541880484665445,0.5504845806175018,계약·질의검토,0.3876686254091061,0.08032354653987442,0.5320078280510194,0.3841828132306655,0.08212137494177259,0.5336958118275619
2,genai_incident_response,genai_incident_response:SER-005,견적반영,0.5,계약·질의검토,계약·질의검토,False,True,False,계약·질의검토,0.43522207751637765,0.09923299489813502,0.46554492758548743,통상수용,0.4800938617444351,0.0760376801922262,0.4438684580633387,계약·질의검토,0.4345454568823435,0.09041645903470484,0.4750380840829517,0.4499537987143854,0.08856237804168869,0.46148382324392595
2,genai_incident_response,genai_incident_response:SER-006,견적반영,0.5,견적반영,견적반영,True,False,True,견적반영,0.3448191632902833,0.40229837645516553,0.25288246025455124,견적반영,0.29953755111059793,0.4264568365654806,0.2740056123239215,견적반영,0.33277811674202795,0.4166644135086378,0.25055746974933424,0.32571161038096974,0.41513987550976134,0.25914851410926903
2,genai_incident_response,genai_incident_response:SER-007,견적반영,0.5,통상수용,통상수용,True,True,False,통상수용,0.4358700685490009,0.17315569093485286,0.3909742405161463,통상수용,0.47692939013786045,0.1564346911715091,0.3666359186906304,통상수용,0.43503029960067807,0.17491522249106062,0.3900544779082612,0.4492765860958465,0.16816853486580752,0.38255487903834595
2,genai_incident_response,genai_incident_response:SER-008,통상수용,0.5,통상수용,통상수용,True,False,True,통상수용,0.3719481843720742,0.30733196032648713,0.32071985530143865,통상수용,0.3685180893412752,0.31357031291250154,0.31791159774622324,통상수용,0.354609620684511,0.3205545734386093,0.3248358058768797,0.36502529813262014,0.31381894889253265,0.3211557529748472
2,genai_incident_response,genai_incident_response:SER-009,통상수용,0.5,통상수용,통상수용,True,False,True,통상수용,0.41013109377913803,0.2491098431530916,0.34075906306777043,통상수용,0.4038166849597826,0.2246993281852678,0.37148398685494954,통상수용,0.44171507472529803,0.24393232204725948,0.3143526032274424,0.4185542844880729,0.23924716446187297,0.3421985510500541
2,genai_incident_response,genai_incident_response:SFR-002,통상수용,0.5,통상수용,통상수용,False,False,True,통상수용,0.38638588305950244,0.37079482820756754,0.24281928873293004,통상수용,0.40654096521892863,0.3394802065300592,0.2539788282510122,견적반영,0.3638513002333787,0.384941405781043,0.25120729398557834,0.38559271617060326,0.3650721468395566,0.24933513698984022
2,genai_incident_response,genai_incident_response:SFR-003,계약·질의검토,0.5,견적반영,견적반영,True,True,False,견적반영,0.19682556813494048,0.48674111756643157,0.3164333142986279,견적반영,0.16744638807556947,0.5257364201211189,0.30681719180331163,견적반영,0.164225473108322,0.5007802643514278,0.33499426254025017,0.17616580977294397,0.504419267346326,0.3194149228807299
2,genai_incident_response,genai_incident_response:SFR-004,견적반영,0.5,견적반영,견적반영,True,False,True,견적반영,0.28109365855774,0.39155554229540546,0.3273507991468546,견적반영,0.24920011373410897,0.4224680135872836,0.3283318726786075,견적반영,0.22731072218288534,0.4123497555796765,0.3603395222374381,0.25253483149157807,0.40879110382078854,0.3386740646876334
2,genai_incident_response,genai_incident_response:SFR-006,견적반영,0.5,견적반영,견적반영,True,False,True,견적반영,0.3790769265222141,0.45697414987540647,0.16394892360237945,견적반영,0.36302086368751074,0.49049243044474566,0.1464867058677436,견적반영,0.36157879703134865,0.48629454001211264,0.15212666295653876,0.3678921957470245,0.4779203734440882,0.15418743080888728
2,genai_incident_response,genai_incident_response:SFR-007,견적반영,0.5,견적반영,견적반영,True,False,True,견적반영,0.37484563521847386,0.5005140774008084,0.12464028738071764,견적반영,0.3623507017044355,0.549382651802469,0.08826664649309555,견적반영,0.3953011387164036,0.49301209528214435,0.1116867660014519,0.3774991585464376,0.5143029414951407,0.1081978999584217
2,genai_incident_response,genai_incident_response:SFR-008,계약·질의검토,0.5,견적반영,견적반영,True,True,False,견적반영,0.24118215644190039,0.4910489441094733,0.26776889944862636,견적반영,0.21900961054841428,0.5046723059476953,0.2763180835038904,견적반영,0.2077133487093959,0.5045711899889912,0.2877154613016128,0.2226350385665702,0.5000974800153867,0.2772674814180432
2,genai_incident_response,genai_incident_response:SFR-009,계약·질의검토,0.5,견적반영,견적반영,True,True,False,견적반영,0.19256644682673085,0.5955426377989229,0.2118909153743462,견적반영,0.17841809077038367,0.6385131679689454,0.183068741260671,견적반영,0.1605566326120605,0.6177715348469743,0.2216718325409652,0.177180390069725,0.6172757802049476,0.20554382972532748
2,genai_incident_response,genai_incident_response:SFR-010,계약·질의검토,0.5,견적반영,견적반영,True,True,False,견적반영,0.2824677498701399,0.5469186177856795,0.1706136323441806,견적반영,0.2846620803593361,0.5673711438157049,0.147966775824959,견적반영,0.24350696665789717,0.5803490965606876,0.17614393678141532,0.2702122656291244,0.5648796193873573,0.1649081149835183
2,genai_incident_response,genai_incident_response:SFR-011,계약·질의검토,0.5,견적반영,견적반영,True,True,False,견적반영,0.23783860265877618,0.41212186046210536,0.3500395368791184,견적반영,0.22126032382409927,0.43145364452736984,0.34728603164853095,견적반영,0.201359921526661,0.4331831670086256,0.36545691146471343,0.2201529493365121,0.4255862239993669,0.35426082666412095
2,genai_incident_response,genai_incident_response:SFR-012,계약·질의검토,0.5,견적반영,견적반영,True,True,False,견적반영,0.34990494852935955,0.4228239412774131,0.22727111019322732,견적반영,0.3741714628546727,0.40363585311698463,0.2221926840283426,견적반영,0.3079402863766968,0.44863708437851385,0.2434226292447894,0.344005565920243,0.42503229292430383,0.2309621411554531
2,genai_incident_response,genai_incident_response:SFR-013,계약·질의검토,0.5,견적반영,견적반영,True,True,False,견적반영,0.21476129265221655,0.5006205001707101,0.28461820717707326,견적반영,0.19785461874438925,0.504234194749107,0.2979111865065038,견적반영,0.19472509959235446,0.5071598933602882,0.29811500704735727,0.20244700366298676,0.5040048627600351,0.2935481335769781
2,genai_incident_response,genai_incident_response:SFR-014,계약·질의검토,0.5,견적반영,견적반영,True,True,False,견적반영,0.3422691083894153,0.45652854817291916,0.20120234343766544,견적반영,0.32893323745816394,0.4914822988810395,0.1795844636607965,견적반영,0.31448594065820373,0.4794289362944456,0.2060851230473506,0.3285627621685943,0.47581326111613476,0.19562397671527085
2,genai_incident_response,genai_incident_response:SFR-015,견적반영,0.5,견적반영,견적반영,True,False,True,견적반영,0.33327048677950305,0.40407130698736393,0.262658206233133,견적반영,0.33901413236029926,0.4012052915007604,0.25978057613894023,견적반영,0.2994375449621812,0.4357638022182055,0.2647986528196134,0.3239073880339945,0.4136801335687766,0.26241247839722887
2,genai_incident_response,genai_incident_response:SFR-016,견적반영,0.5,견적반영,견적반영,True,False,True,견적반영,0.3014508066187764,0.4482989869617213,0.2502502064195022,견적반영,0.31375446889889397,0.4580946977428776,0.22815083335822858,견적반영,0.30324896260797524,0.4522706014294902,0.24448043596253446,0.3061514127085485,0.4528880953780297,0.24096049191342173
2,genai_incident_response,genai_incident_response:SFR-017,견적반영,0.5,견적반영,견적반영,True,False,True,견적반영,0.40650113832254897,0.42172635952031945,0.17177250215713163,견적반영,0.38076368238251723,0.4805866760335304,0.1386496415839524,견적반영,0.41060303418394606,0.429211119249606,0.1601858465664481,0.3992892849630041,0.4438413849344853,0.1568693301025107
2,genai_incident_response,genai_incident_response:SFR-019,계약·질의검토,0.5,견적반영,견적반영,True,True,False,견적반영,0.33494545237056755,0.5155197853859568,0.1495347622434756,견적반영,0.3404958981624162,0.5542929931142484,0.10521110872333528,견적반영,0.3118190726801986,0.5416856465911507,0.14649528072865078,0.3290868077377274,0.5371661416971186,0.1337470505651539
2,genai_incident_response,genai_incident_response:TER-001,계약·질의검토,0.5,계약·질의검토,계약·질의검토,False,False,True,계약·질의검토,0.20305244183153304,0.38631767552358,0.410629882644887,견적반영,0.19178771055191657,0.4143888089859734,0.3938234804621101,계약·질의검토,0.17408505536689411,0.40823640530524896,0.4176785393278569,0.18964173591678124,0.40298096327160077,0.407377300811618
2,genai_incident_response,genai_incident_response:TER-002,견적반영,0.5,통상수용,통상수용,True,True,False,통상수용,0.5213784486861103,0.1914571373524128,0.2871644139614769,통상수용,0.5561618017223924,0.1703239389723441,0.2735142593052636,통상수용,0.4956434427528668,0.201322489201188,0.30303406804594535,0.5243945643871232,0.18770118850864828,0.2879042471042286
2,genai_incident_response,genai_incident_response:TER-003,견적반영,0.5,계약·질의검토,계약·질의검토,True,True,False,계약·질의검토,0.28456999909702263,0.3075892834580412,0.407840717444936,계약·질의검토,0.2560181192030223,0.2865804775607998,0.45740140323617795,계약·질의검토,0.23490868856598612,0.32369951215595727,0.44139179927805655,0.2584989356220104,0.3059564243915994,0.4355446399863902
3,incheon_airport_digital_work,incheon_airport_digital_work:COR-001,통상수용,0.5,계약·질의검토,계약·질의검토,True,True,False,계약·질의검토,0.3730620818901385,0.12277428446028521,0.5041636336495763,계약·질의검토,0.40973485142774524,0.09263862668322527,0.49762652188902934,계약·질의검토,0.359234859866859,0.11688621253470215,0.5238789275984389,0.38067726439491417,0.1107663745594042,0.5085563610456815
3,incheon_airport_digital_work,incheon_airport_digital_work:COR-002,통상수용,0.5,통상수용,통상수용,True,False,True,통상수용,0.6405060055356415,0.17101734218863365,0.18847665227572488,통상수용,0.6954578345315164,0.1253532876695603,0.17918887779892329,통상수용,0.7128037717824757,0.12887266932234526,0.15832355889517918,0.6829225372832113,0.14174776639351308,0.17532969632327577
3,incheon_airport_digital_work,incheon_airport_digital_work:COR-003,통상수용,0.5,통상수용,통상수용,True,False,True,통상수용,0.6185555905436695,0.1251567917881485,0.25628761766818203,통상수용,0.7138157425151415,0.10592883151832896,0.18025542596652966,통상수용,0.6165977534397455,0.11699278335090184,0.26640946320935255,0.6496563621661855,0.11602613555245977,0.23431750228135476
3,incheon_airport_digital_work,incheon_airport_digital_work:COR-004,통상수용,0.5,통상수용,통상수용,True,False,True,통상수용,0.5388823322640617,0.21968600070459945,0.24143166703133884,통상수용,0.506489487975085,0.22917323828485917,0.26433727374005594,통상수용,0.5983518042315428,0.19128405830081727,0.21036413746763996,0.5479078748235632,0.21338109909675862,0.23871102607967823
3,incheon_airport_digital_work,incheon_airport_digital_work:CUR-CM-001,계약·질의검토,0.5,계약·질의검토,계약·질의검토,True,False,True,계약·질의검토,0.26368729770785365,0.299861170358289,0.43645153193385744,계약·질의검토,0.22056074657414004,0.3120910310043671,0.4673482224214929,계약·질의검토,0.23477193532229423,0.31708509634039267,0.44814296833731304,0.23967332653476267,0.3096790992343496,0.45064757423088775
3,incheon_airport_digital_work,incheon_airport_digital_work:DAR-001,통상수용,0.5,통상수용,통상수용,True,False,True,통상수용,0.507531931737763,0.37186461067213267,0.12060345759010441,통상수용,0.556110088966889,0.35375828419490335,0.09013162683820766,통상수용,0.49714879097466236,0.3852161164148464,0.1176350926104913,0.5202636038931048,0.37027967042729415,0.10945672567960112
3,incheon_airport_digital_work,incheon_airport_digital_work:DAR-002,통상수용,0.5,통상수용,통상수용,True,False,True,통상수용,0.4653465437270482,0.383495683180049,0.15115777309290282,통상수용,0.49805770287324475,0.3617635801978215,0.1401787169289338,통상수용,0.485391474872577,0.38501560662537254,0.12959291850205035,0.4829319071576233,0.376758290001081,0.14030980284129566
3,incheon_airport_digital_work,incheon_airport_digital_work:DAR-003,통상수용,0.5,통상수용,통상수용,True,False,True,통상수용,0.6253783870188906,0.25434709011940676,0.12027452286170259,통상수용,0.6617164703093047,0.2294313669736212,0.10885216271707417,통상수용,0.6718142489528673,0.22776644730426737,0.10041930374286526,0.6529697020936875,0.23718163479909846,0.10984866310721401
3,incheon_airport_digital_work,incheon_airport_digital_work:DAR-004,통상수용,0.5,견적반영,견적반영,False,False,True,견적반영,0.4113352460810378,0.4878657084400252,0.10079904547893702,통상수용,0.46557305626004775,0.4462436013789473,0.08818334236100492,통상수용,0.4621740574069626,0.45336758212114425,0.08445836047189315,0.4463607865826827,0.46249229731337227,0.09114691610394503
3,incheon_airport_digital_work,incheon_airport_digital_work:DAR-005,통상수용,0.5,통상수용,통상수용,True,False,True,통상수용,0.5707662068329555,0.22655663121623984,0.2026771619508046,통상수용,0.6062887368905672,0.22381991636745857,0.16989134674197423,통상수용,0.6128636760987041,0.20096768075617544,0.1861686431451205,0.5966395399407423,0.21711474277995793,0.18624571727929976
3,incheon_airport_digital_work,incheon_airport_digital_work:DAR-006,견적반영,0.5,견적반영,견적반영,True,False,True,견적반영,0.2506178772974736,0.5022060031434896,0.24717611955903676,견적반영,0.24882206515911534,0.5572691123476514,0.19390882249323316,견적반영,0.23344215048710956,0.5240175843741677,0.24254026513872282,0.24429403098123284,0.5278308999551029,0.22787506906366425
3,incheon_airport_digital_work,incheon_airport_digital_work:DAR-007,통상수용,0.5,견적반영,견적반영,False,False,True,견적반영,0.3524218331828115,0.399719491641407,0.24785867517578136,견적반영,0.34917266721264134,0.40662454440588575,0.2442027883814729,통상수용,0.39967159660386525,0.37820877190698904,0.22211963148914576,0.36708869899977276,0.39485093598476056,0.23806036501546668
3,incheon_airport_digital_work,incheon_airport_digital_work:DAR-008,견적반영,0.5,견적반영,견적반영,True,False,True,견적반영,0.2950201156934071,0.5106561777734004,0.19432370653319253,견적반영,0.27413003873478736,0.5565876856019871,0.16928227566322562,견적반영,0.3070408579746127,0.5059707330059453,0.18698840901944183,0.2920636708009357,0.5244048654604443,0.18353146373861998
3,incheon_airport_digital_work,incheon_airport_digital_work:ECR-002,계약·질의검토,0.5,계약·질의검토,계약·질의검토,True,False,True,계약·질의검토,0.14763495828743572,0.2656645841431469,0.5867004575694174,계약·질의검토,0.12454083937917466,0.25420037007945057,0.6212587905413747,계약·질의검토,0.1380924516890223,0.2672754565195641,0.5946320917914136,0.13675608311854423,0.2623801369140539,0.6008637799674019
3,incheon_airport_digital_work,incheon_airport_digital_work:ECR-003,견적반영,0.5,계약·질의검토,계약·질의검토,True,True,False,계약·질의검토,0.1948052679841346,0.2825241215252375,0.5226706104906279,계약·질의검토,0.1988741863842589,0.30698569719755786,0.4941401164181833,계약·질의검토,0.17959002567815907,0.2761153920143676,0.5442945823074733,0.1910898266821842,0.28854173691238766,0.5203684364054282
3,incheon_airport_digital_work,incheon_airport_digital_work:INR-001,통상수용,0.5,통상수용,통상수용,True,False,True,통상수용,0.5650085567334594,0.23197546720602824,0.2030159760605123,통상수용,0.6075373049851606,0.21526519901781588,0.17719749599702356,통상수용,0.6036833263287543,0.21648108593054557,0.17983558774070013,0.5920763960157914,0.2212405840514632,0.1866830199327453
3,incheon_airport_digital_work,incheon_airport_digital_work:INR-002,통상수용,0.5,통상수용,통상수용,True,False,True,통상수용,0.5244110506712997,0.22662197773059878,0.24896697159810155,통상수용,0.5783892754409714,0.19057988798972453,0.23103083656930398,통상수용,0.5191394132757077,0.22371141317483131,0.25714917354946093,0.540646579795993,0.2136377596317182,0.24571566057228886
3,incheon_airport_digital_work,incheon_airport_digital_work:INR-003,통상수용,0.5,통상수용,통상수용,True,False,True,통상수용,0.6096862185419745,0.1493321775128399,0.24098160394518556,통상수용,0.6509562424549432,0.12735995283702553,0.2216838047080312,통상수용,0.6361795551046469,0.13290462903048667,0.2309158158648664,0.6322740053671883,0.13653225312678402,0.2311937415060277
3,incheon_airport_digital_work,incheon_airport_digital_work:INR-004,계약·질의검토,0.5,통상수용,통상수용,True,True,False,통상수용,0.5718394801276895,0.14078256736327374,0.2873779525090367,통상수용,0.580222555784007,0.13180297643526168,0.28797446778073127,통상수용,0.5784556168747209,0.13815222653980314,0.2833921565854759,0.5768392175954725,0.1369125901127795,0.28624819229174797
3,incheon_airport_digital_work,incheon_airport_digital_work:INR-005,계약·질의검토,0.5,계약·질의검토,계약·질의검토,False,False,True,통상수용,0.41988686625937993,0.17043623282700848,0.4096769009136116,계약·질의검토,0.39727962754755797,0.14219896114036795,0.46052141131207414,계약·질의검토,0.3822929819989578,0.1831763717547585,0.4345306462462837,0.39981982526863186,0.16527052190737831,0.4349096528239898
3,incheon_airport_digital_work,incheon_airport_digital_work:PER-001,계약·질의검토,0.5,계약·질의검토,계약·질의검토,True,False,True,계약·질의검토,0.1545002746323757,0.12752598154522932,0.717973743822395,계약·질의검토,0.10521974704919573,0.09053318041202252,0.8042470725387817,계약·질의검토,0.15230661822622293,0.11800502649540862,0.7296883552783683,0.13734221330259813,0.11202139615088681,0.7506363905465151
3,incheon_airport_digital_work,incheon_airport_digital_work:PER-002,계약·질의검토,0.5,통상수용,통상수용,True,True,False,통상수용,0.41280380208315487,0.17687707797867067,0.41031911993817444,통상수용,0.4209915146347114,0.15947403463963158,0.41953445072565715,통상수용,0.44105803986869985,0.15715671136384135,0.4017852487674589,0.42495111886218867,0.16450260799404787,0.4105462731437635
3,incheon_airport_digital_work,incheon_airport_digital_work:PER-003,통상수용,0.5,계약·질의검토,계약·질의검토,True,True,False,계약·질의검토,0.3223679356717106,0.1865583905783556,0.49107367374993377,계약·질의검토,0.3412760218685439,0.17917521070119763,0.47954876743025837,계약·질의검토,0.3405856477356718,0.15984355409200718,0.499570798172321,0.3347432017586421,0.1751923851238535,0.4900644131175043
3,incheon_airport_digital_work,incheon_airport_digital_work:PER-004,통상수용,0.5,견적반영,견적반영,True,True,False,견적반영,0.30250378787987914,0.38000308609422934,0.31749312602589147,견적반영,0.3308089574969968,0.39864836992612857,0.2705426725768747,견적반영,0.3323662347460048,0.35508937726916007,0.3125443879848352,0.32189299337429356,0.377913611096506,0.3001933955292005
3,incheon_airport_digital_work,incheon_airport_digital_work:PER-005,견적반영,0.5,계약·질의검토,계약·질의검토,True,True,False,계약·질의검토,0.22128708884850423,0.17404611447398433,0.6046667966775114,계약·질의검토,0.21750052687556676,0.18374011545738847,0.5987593576670448,계약·질의검토,0.21979617415670052,0.16002753704169087,0.6201762888016086,0.21952792996025716,0.17260458899102119,0.6078674810487216
3,incheon_airport_digital_work,incheon_airport_digital_work:PER-006,통상수용,0.5,계약·질의검토,계약·질의검토,True,True,False,계약·질의검토,0.2692173312290656,0.13148429282534901,0.5992983759455853,계약·질의검토,0.2845790685706277,0.12072987266189439,0.594691058767478,계약·질의검토,0.2634719991561374,0.12252878751800253,0.6139992133258602,0.27242279965194355,0.12491431766841532,0.6026628826796411
3,incheon_airport_digital_work,incheon_airport_digital_work:PER-007,견적반영,0.5,견적반영,견적반영,True,False,True,견적반영,0.31001772663159444,0.507409043057009,0.18257323031139652,견적반영,0.31806411867647366,0.48271715131384896,0.19921873000967727,견적반영,0.3272267112297714,0.5027009451543798,0.1700723436158488,0.31843618551261316,0.4976090465084126,0.18395476797897417
3,incheon_airport_digital_work,incheon_airport_digital_work:PMR-001,계약·질의검토,0.5,통상수용,통상수용,True,True,False,통상수용,0.5096111692965086,0.15811488255869519,0.33227394814479616,통상수용,0.5353921190179302,0.12500465954621007,0.33960322143585986,통상수용,0.5880359115854495,0.12967216143270377,0.28229192698184663,0.5443463999666295,0.13759723451253633,0.3180563655208342
3,incheon_airport_digital_work,incheon_airport_digital_work:PMR-002,통상수용,0.5,통상수용,통상수용,True,False,True,통상수용,0.5388315732339408,0.19866604521740025,0.2625023815486588,통상수용,0.6152416077605054,0.17657367133338378,0.20818472090611087,통상수용,0.5554013592394017,0.180498833927852,0.2640998068327463,0.569824846744616,0.1852461834928787,0.2449289697625053
3,incheon_airport_digital_work,incheon_airport_digital_work:PMR-003,통상수용,0.5,통상수용,통상수용,True,False,True,통상수용,0.5570055539677309,0.17030369340885226,0.27269075262341685,통상수용,0.6555615670549116,0.13135437236274108,0.21308406058234725,통상수용,0.5705496866105904,0.16631640826514774,0.2631339051242619,0.5943722692110777,0.15599149134558035,0.249636239443342
3,incheon_airport_digital_work,incheon_airport_digital_work:PMR-004,통상수용,0.5,통상수용,통상수용,True,False,True,통상수용,0.5307585057990306,0.11193933081815102,0.35730216338281845,통상수용,0.5160054859357539,0.09159944229495724,0.3923950717692889,통상수용,0.52559918617164,0.11084808795507065,0.3635527258732893,0.5241210593021415,0.10479562035605965,0.3710833203417989
3,incheon_airport_digital_work,incheon_airport_digital_work:PMR-005,통상수용,0.5,통상수용,통상수용,True,False,True,통상수용,0.5128679120768381,0.11951607798157178,0.3676160099415901,통상수용,0.547944902709359,0.09234431471171627,0.35971078257892475,통상수용,0.5607375270589299,0.09933400326214231,0.33992846967892776,0.5405167806150423,0.10373146531847678,0.3557517540664809
3,incheon_airport_digital_work,incheon_airport_digital_work:PMR-007,통상수용,0.5,계약·질의검토,계약·질의검토,False,False,True,계약·질의검토,0.41032832386038537,0.15352853677884262,0.43614313936077204,통상수용,0.45002162381911975,0.11852128349986103,0.43145709268101917,계약·질의검토,0.38674827313181137,0.15896673167455902,0.45428499519362964,0.41569940693710555,0.14367218398442091,0.4406284090784736
3,incheon_airport_digital_work,incheon_airport_digital_work:PMR-008,통상수용,0.5,통상수용,통상수용,True,False,True,통상수용,0.44911086625959407,0.15740118801220365,0.3934879457282023,통상수용,0.5201062210669355,0.12535193834128194,0.35454184059178256,통상수용,0.46887382254144777,0.1422726705531831,0.38885350690536924,0.4793636366226591,0.14167526563555624,0.3789610977417847
3,incheon_airport_digital_work,incheon_airport_digital_work:PMR-009,통상수용,0.5,견적반영,견적반영,True,True,False,견적반영,0.33650490094464885,0.5493566773575448,0.11413842169780643,견적반영,0.27587142576311213,0.6537958205626211,0.07033275367426678,견적반영,0.3446319244254543,0.5427226405680754,0.11264543500647024,0.31900275037773845,0.5819583794960804,0.09903887012618114
3,incheon_airport_digital_work,incheon_airport_digital_work:PMR-010,계약·질의검토,0.5,계약·질의검토,계약·질의검토,True,False,True,계약·질의검토,0.37045222673075423,0.1416893930826589,0.4878583801865868,계약·질의검토,0.39905524804224085,0.12128936192942309,0.47965539002833607,계약·질의검토,0.3611926439862802,0.12421430356251358,0.5145930524512062,0.3769000395864251,0.12906435285819853,0.4940356075553763
3,incheon_airport_digital_work,incheon_airport_digital_work:PSR-001,통상수용,0.5,통상수용,통상수용,True,False,True,통상수용,0.528032188886828,0.19726692840278995,0.274700882710382,통상수용,0.5756362593102443,0.14101063293425925,0.28335310775549644,통상수용,0.5704290004557335,0.17526691136044983,0.2543040881838166,0.5580324828842685,0.17118149089916634,0.27078602621656506
3,incheon_airport_digital_work,incheon_airport_digital_work:PSR-002,견적반영,0.5,견적반영,견적반영,True,False,True,견적반영,0.30522046759394544,0.40250962792598777,0.2922699044800668,견적반영,0.26192988870211276,0.4136281605464671,0.3244419507514201,견적반영,0.3119238627080987,0.40362358059683695,0.2844525566950643,0.2930247396680523,0.4065871230230973,0.30038813730885044
3,incheon_airport_digital_work,incheon_airport_digital_work:PSR-003,통상수용,0.5,계약·질의검토,계약·질의검토,False,False,True,계약·질의검토,0.37309745150312473,0.1614249903731329,0.4654775581237424,통상수용,0.4337317364733702,0.14318720067018365,0.4230810628564462,계약·질의검토,0.3838129236518605,0.14754458216076,0.4686424941873794,0.39688070387611846,0.15071892440135884,0.4524003717225227
3,incheon_airport_digital_work,incheon_airport_digital_work:PSR-004,통상수용,0.5,통상수용,통상수용,True,False,True,통상수용,0.47199567023237693,0.14801745188919274,0.37998687787843044,통상수용,0.4983480372465061,0.11798179849621106,0.38367016425728295,통상수용,0.46757348493500717,0.14498538955704932,0.38744112550794363,0.47930573080463007,0.1369948799808177,0.3836993892145523
3,incheon_airport_digital_work,incheon_airport_digital_work:PSR-005,통상수용,0.5,통상수용,통상수용,True,False,True,통상수용,0.4308852137486244,0.1549284172754403,0.41418636897593536,통상수용,0.4597877401815378,0.11325102632852055,0.4269612334899417,통상수용,0.4653489143888862,0.14035401254772775,0.39429707306338607,0.45200728943968277,0.13617781871722953,0.4118148918430877
3,incheon_airport_digital_work,incheon_airport_digital_work:PSR-006,통상수용,0.5,통상수용,통상수용,True,False,True,통상수용,0.527668008563253,0.17793994197930452,0.29439204945744235,통상수용,0.5312825121704964,0.1596583032126888,0.3090591846168148,통상수용,0.54756009819429,0.1703157766480785,0.28212412515763147,0.5355035396426797,0.1693046739466906,0.29519178641062954
3,incheon_airport_digital_work,incheon_airport_digital_work:QUR-001,계약·질의검토,0.5,통상수용,통상수용,True,True,False,통상수용,0.6969659619456872,0.13220602665498604,0.17082801139932682,통상수용,0.7732248632917654,0.09840083759515872,0.12837429911307582,통상수용,0.7247937144317457,0.11660349898273845,0.15860278658551588,0.7316615132230662,0.11573678774429441,0.1526016990326395
3,incheon_airport_digital_work,incheon_airport_digital_work:QUR-003,통상수용,0.5,통상수용,통상수용,True,False,True,통상수용,0.7013256274586132,0.1130676418566,0.18560673068478692,통상수용,0.7657029471173454,0.0923537424561094,0.1419433104265451,통상수용,0.7234901993302334,0.10404844177357392,0.17246135889619274,0.7301729246353973,0.10315660869542777,0.16667046666917493
3,incheon_airport_digital_work,incheon_airport_digital_work:QUR-004,통상수용,0.5,통상수용,통상수용,True,False,True,통상수용,0.4490993614752867,0.27786061480482377,0.27304002371988956,통상수용,0.5021279913921607,0.25320189296009954,0.24467011564773977,통상수용,0.49533751837120904,0.25776286573236656,0.24689961589642453,0.4821882904128854,0.2629417911657633,0.25486991842135126
3,incheon_airport_digital_work,incheon_airport_digital_work:QUR-005,통상수용,0.5,통상수용,통상수용,True,False,True,통상수용,0.7394934647405714,0.13526856039540022,0.12523797486402838,통상수용,0.8018983395310766,0.10678434771947466,0.09131731274944879,통상수용,0.7693949101551807,0.11659203820781552,0.1140130516370038,0.7702622381422762,0.1195483154408968,0.11018944641682699
3,incheon_airport_digital_work,incheon_airport_digital_work:SER-001,통상수용,0.5,통상수용,통상수용,True,False,True,통상수용,0.5004424238265599,0.16313236645134688,0.3364252097220933,통상수용,0.5559456273246877,0.14502407658324054,0.2990302960920717,통상수용,0.4851354600202428,0.15545818071687315,0.3594063592628841,0.5138411703904968,0.15453820791715353,0.3316206216923497
3,incheon_airport_digital_work,incheon_airport_digital_work:SER-002,통상수용,0.5,통상수용,통상수용,True,False,True,통상수용,0.5934335163613295,0.12518816689409398,0.2813783167445765,통상수용,0.6789753330130953,0.09351852605237064,0.22750614093453397,통상수용,0.5813852727460687,0.12591681431470816,0.2926979129392231,0.6179313740401645,0.11487450242039092,0.26719412353944455
3,incheon_airport_digital_work,incheon_airport_digital_work:SER-003,통상수용,0.5,통상수용,통상수용,True,False,True,통상수용,0.4835103524089311,0.24607398141611245,0.27041566617495644,통상수용,0.5368667300270409,0.24593784572155603,0.21719542425140312,통상수용,0.5138927349162422,0.2202687956652205,0.2658384694185373,0.511423272450738,0.23742687426762965,0.25114985328163225
3,incheon_airport_digital_work,incheon_airport_digital_work:SER-004,통상수용,0.5,통상수용,통상수용,True,False,True,통상수용,0.6780557659370611,0.17372299473931924,0.14822123932361972,통상수용,0.7648692597770971,0.12603369690866753,0.10909704331423546,통상수용,0.7011488023317616,0.15537734991564267,0.14347384775259578,0.7146912760153065,0.1517113471878765,0.13359737679681696
3,incheon_airport_digital_work,incheon_airport_digital_work:SER-005,통상수용,0.5,통상수용,통상수용,True,False,True,통상수용,0.6493409456281004,0.14820281269984936,0.20245624167205012,통상수용,0.7150748670059583,0.12710786401887153,0.15781726897517007,통상수용,0.6740486013029313,0.1363761116656863,0.1895752870313825,0.6794881379789968,0.13722892946146906,0.1832829325595342
3,incheon_airport_digital_work,incheon_airport_digital_work:SER-007,통상수용,0.5,통상수용,통상수용,True,False,True,통상수용,0.5447836783174379,0.2113568869337861,0.24385943474877594,통상수용,0.5850827540453429,0.19324687140095465,0.22167037455370237,통상수용,0.583754374652643,0.1868180589356632,0.22942756641169387,0.571206935671808,0.19714060575680128,0.23165245857139075
3,incheon_airport_digital_work,incheon_airport_digital_work:SFR-002,통상수용,0.5,통상수용,통상수용,False,False,True,견적반영,0.34447298757135064,0.36833205216189313,0.2871949602667561,통상수용,0.3808712176077618,0.31724643847654366,0.3018823439156945,견적반영,0.3377930887073193,0.36967811871537076,0.29252879257731,0.35437909796214395,0.35175220311793587,0.29386869891992023
3,incheon_airport_digital_work,incheon_airport_digital_work:SFR-003,계약·질의검토,0.5,계약·질의검토,계약·질의검토,True,False,True,계약·질의검토,0.2454523496003783,0.3136929286671455,0.4408547217324763,계약·질의검토,0.22112785169186083,0.3182745937100526,0.4605975545980866,계약·질의검토,0.24455991258901894,0.3220666846863261,0.433373402724655,0.23704670462708602,0.31801140235450803,0.444941893018406
3,incheon_airport_digital_work,incheon_airport_digital_work:SFR-004,견적반영,0.5,통상수용,통상수용,True,True,False,통상수용,0.40013047595517176,0.26651076479737973,0.3333587592474485,통상수용,0.38957393316470573,0.2636697059691546,0.3467563608661397,통상수용,0.42195106121627224,0.2700573202848154,0.3079916184989123,0.40388515677871656,0.26674593035044986,0.32936891287083353
3,incheon_airport_digital_work,incheon_airport_digital_work:SFR-006,견적반영,0.5,통상수용,통상수용,True,True,False,통상수용,0.3408169815486536,0.33616696957075615,0.3230160488805902,통상수용,0.3511415283105783,0.3137541067855266,0.33510436490389506,통상수용,0.3530941302788929,0.3330715446820072,0.3138343250390999,0.3483508800460416,0.32766420701276333,0.3239849129411951
3,incheon_airport_digital_work,incheon_airport_digital_work:SFR-008,견적반영,0.5,계약·질의검토,계약·질의검토,True,True,False,계약·질의검토,0.27273893976693886,0.33472181238511156,0.39253924784794947,계약·질의검토,0.19893201018481876,0.32302706362680417,0.4780409261883772,계약·질의검토,0.2728844504906857,0.3384026452352249,0.3887129042740894,0.24818513348081442,0.3320505070823802,0.4197643594368053
3,incheon_airport_digital_work,incheon_airport_digital_work:SFR-009,견적반영,0.5,통상수용,계약·질의검토,False,True,False,통상수용,0.33811299967490666,0.32860252512929117,0.3332844751958021,계약·질의검토,0.3350289195821411,0.3248116927254464,0.3401593876924125,통상수용,0.3392882840514639,0.32282166656198347,0.33789004938655265,0.3374767344361706,0.32541196147224033,0.3371113040915891
3,incheon_airport_digital_work,incheon_airport_digital_work:SFR-010,견적반영,0.5,견적반영,견적반영,True,False,True,견적반영,0.3081353726521702,0.37839371136505767,0.31347091598277205,견적반영,0.2705327081153031,0.4137765534960832,0.31569073838861367,견적반영,0.3056605626304918,0.3820159623874754,0.31232347498203283,0.2947762144659884,0.3913954090828721,0.31382837645113953
3,incheon_airport_digital_work,incheon_airport_digital_work:SFR-011,계약·질의검토,0.5,계약·질의검토,계약·질의검토,True,False,True,계약·질의검토,0.3059496677611429,0.26943335914498756,0.4246169730938696,계약·질의검토,0.30315109967076054,0.2352477239546123,0.4616011763746272,계약·질의검토,0.2834863755839071,0.28333813975673755,0.4331754846593553,0.29752904767193683,0.2626730742854458,0.43979787804261744
3,incheon_airport_digital_work,incheon_airport_digital_work:SFR-012,통상수용,0.5,계약·질의검토,계약·질의검토,False,False,True,계약·질의검토,0.33023490419231993,0.3070880636656286,0.36267703214205155,통상수용,0.3590903445299371,0.29929088096940143,0.34161877450066147,계약·질의검토,0.31975994980699357,0.3037489995132222,0.37649105067978417,0.3363617328430835,0.30337598138275074,0.36026228577416575
3,incheon_airport_digital_work,incheon_airport_digital_work:SFR-013,계약·질의검토,0.5,통상수용,통상수용,True,True,False,통상수용,0.47054973759955354,0.3361249965211945,0.19332526587925206,통상수용,0.5057298392251925,0.32916592606777084,0.16510423470703658,통상수용,0.46635992770115003,0.33748163314681706,0.19615843915203288,0.4808798348419654,0.33425751857859415,0.18486264657944051
3,incheon_airport_digital_work,incheon_airport_digital_work:SFR-014,견적반영,0.5,통상수용,계약·질의검토,False,True,False,통상수용,0.4129414105235545,0.196645660216092,0.39041292926035365,계약·질의검토,0.401914049078913,0.18325686156963128,0.4148290893514558,통상수용,0.43021472929652144,0.1977956067072423,0.37198966399623623,0.415023396299663,0.19256604283098852,0.3924105608693485
3,incheon_airport_digital_work,incheon_airport_digital_work:SFR-015,계약·질의검토,0.5,계약·질의검토,계약·질의검토,True,False,True,계약·질의검토,0.24443960105172224,0.24986377296977824,0.5056966259784995,계약·질의검토,0.22274357656932842,0.22322594509459828,0.5540304783360732,계약·질의검토,0.26248173279824466,0.23116954864735972,0.5063487185543956,0.2432216368064318,0.23475308890391208,0.5220252742896561
3,incheon_airport_digital_work,incheon_airport_digital_work:SFR-016,견적반영,0.5,계약·질의검토,계약·질의검토,True,True,False,계약·질의검토,0.3722241893400854,0.25400817502559925,0.37376763563431525,계약·질의검토,0.33967902990618787,0.25030873789096747,0.41001223220284455,계약·질의검토,0.3663330729770676,0.2525611111719976,0.3811058158509349,0.3594120974077803,0.25229267469618816,0.3882952278960316
3,incheon_airport_digital_work,incheon_airport_digital_work:SFR-017,견적반영,0.5,통상수용,통상수용,True,True,False,통상수용,0.4629214307415038,0.3121034126027119,0.22497515665578421,통상수용,0.4898940172070088,0.29963372037793046,0.21047226241506084,통상수용,0.4537620359648253,0.3250499305931022,0.22118803344207247,0.468859161304446,0.3122623545245815,0.21887848417097253
3,incheon_airport_digital_work,incheon_airport_digital_work:SFR-018,계약·질의검토,0.5,통상수용,통상수용,True,True,False,통상수용,0.47229223919224356,0.2828274336267763,0.2448803271809801,통상수용,0.5021184331632297,0.24140534815840706,0.25647621867836323,통상수용,0.5154563799494274,0.26499600459690154,0.21954761545367113,0.49662235076830025,0.2630762621273616,0.24030138710433815
3,incheon_airport_digital_work,incheon_airport_digital_work:SFR-019,견적반영,0.5,통상수용,통상수용,True,True,False,통상수용,0.3797093060605344,0.24509862407078967,0.3751920698686759,통상수용,0.4400263988616537,0.20502532213388003,0.3549482790044663,통상수용,0.39250235155374436,0.22925024568115682,0.37824740276509883,0.40407935215864416,0.22645806396194215,0.36946258387941366
3,incheon_airport_digital_work,incheon_airport_digital_work:TER-001,견적반영,0.5,계약·질의검토,계약·질의검토,True,True,False,계약·질의검토,0.39269583291470617,0.18682284191042334,0.4204813251748705,계약·질의검토,0.38513641837086254,0.1645754189969738,0.4502881626321637,계약·질의검토,0.39034422653858875,0.1779913978400169,0.43166437562139426,0.38939215927471915,0.17646321958247135,0.4341446211428095
3,incheon_airport_digital_work,incheon_airport_digital_work:TER-002,계약·질의검토,0.5,계약·질의검토,계약·질의검토,True,False,True,계약·질의검토,0.31432791924862735,0.20081225852161977,0.48485982222975277,계약·질의검토,0.3064527942919096,0.17017481992362585,0.5233723857844647,계약·질의검토,0.30989985770271145,0.19322686777021658,0.4968732745270719,0.31022685708108283,0.18807131540515407,0.5017018275137631
4,kac_ai_work_platform,kac_ai_work_platform:AIF-002,견적반영,0.25,견적반영,견적반영,True,False,True,견적반영,0.3135067638536946,0.3942733220516755,0.2922199140946299,견적반영,0.317657091235683,0.43206464157665464,0.2502782671876623,견적반영,0.3103645537337529,0.39687165135292146,0.2927637949133257,0.31384280294104344,0.40773653832708384,0.27842065873187266
4,kac_ai_work_platform,kac_ai_work_platform:AIF-004,견적반영,0.25,견적반영,견적반영,True,False,True,견적반영,0.3027124026766663,0.42907031621118424,0.2682172811121495,견적반영,0.2652388234291241,0.486633706678256,0.24812746989261994,견적반영,0.29361976841807735,0.4349936038211909,0.2713866277607318,0.2871903315079559,0.4502325422368771,0.26257712625516705
4,kac_ai_work_platform,kac_ai_work_platform:AIF-005,통상수용,0.25,통상수용,통상수용,True,False,True,통상수용,0.3467567689158262,0.3172470764292078,0.335996154654966,통상수용,0.36481577774116253,0.31706910825967577,0.3181151139991616,통상수용,0.34909807582108987,0.32225806865731554,0.32864385552159464,0.3535568741593595,0.31885808444873304,0.3275850413919074
4,kac_ai_work_platform,kac_ai_work_platform:AIF-006,견적반영,0.25,견적반영,견적반영,True,False,True,견적반영,0.2984751520533784,0.46015623704892783,0.2413686108976937,견적반영,0.3054825951114024,0.4733573628531907,0.22116004203540685,견적반영,0.29269784550529754,0.46849870055949155,0.2388034539352108,0.2988851975566928,0.46733743348720336,0.2337773689561038
4,kac_ai_work_platform,kac_ai_work_platform:AIF-007,견적반영,0.25,견적반영,견적반영,True,False,True,견적반영,0.31781507763293565,0.42705897447378033,0.25512594789328413,견적반영,0.3210728390299942,0.4481460430201584,0.2307811179498474,견적반영,0.3102336375030766,0.43419500828011315,0.25557135421681015,0.31637385138866875,0.4364666752580173,0.2471594733533139
4,kac_ai_work_platform,kac_ai_work_platform:AIP-002,견적반영,0.25,계약·질의검토,계약·질의검토,True,True,False,계약·질의검토,0.2981185217948295,0.29003511244314073,0.41184636576202976,계약·질의검토,0.3036267233732784,0.2739028861777057,0.4224703904490159,계약·질의검토,0.29113709494610024,0.29281762096039793,0.41604528409350183,0.297627446704736,0.2855852065270814,0.41678734676818247
4,kac_ai_work_platform,kac_ai_work_platform:AIP-003,견적반영,0.25,견적반영,견적반영,True,False,True,견적반영,0.2263119552183706,0.5682246387963407,0.20546340598528884,견적반영,0.21293275010103524,0.6006858837815902,0.1863813661173745,견적반영,0.22128710843999727,0.5766761924769334,0.2020366990830695,0.22017727125313438,0.5818622383516213,0.1979604903952443
4,kac_ai_work_platform,kac_ai_work_platform:AIP-004,계약·질의검토,0.25,견적반영,견적반영,True,True,False,견적반영,0.10332758119640352,0.5618580498604571,0.3348143689431394,견적반영,0.07585123781909213,0.5695712612119204,0.3545775009689875,견적반영,0.09848185815784888,0.5648805390664994,0.33663760277565175,0.09255355905778151,0.565436616712959,0.3420098242292595
4,kac_ai_work_platform,kac_ai_work_platform:AIP-005,견적반영,0.25,견적반영,견적반영,True,False,True,견적반영,0.30040107382808473,0.46407335998972793,0.2355255661821873,견적반영,0.3011148886979233,0.4845447133015245,0.21434039800055224,견적반영,0.29384060708072934,0.4748915805473588,0.23126781237191196,0.2984521898689125,0.4745032179462037,0.22704459218488382
4,kac_ai_work_platform,kac_ai_work_platform:AIP-006,견적반영,0.25,견적반영,견적반영,True,False,True,견적반영,0.22694141459347295,0.5850748131521704,0.18798377225435667,견적반영,0.20864423844778995,0.6201088932054868,0.1712468683467233,견적반영,0.22064401580331902,0.591740002243715,0.18761598195296597,0.21874322294819395,0.5989745695337908,0.18228220751801535
4,kac_ai_work_platform,kac_ai_work_platform:AIP-007,통상수용,0.25,통상수용,통상수용,True,False,True,통상수용,0.38079382735395473,0.32696043322827306,0.29224573941777215,통상수용,0.39866725571424044,0.287335618186657,0.3139971260991025,통상수용,0.3749846077500834,0.33335008163221486,0.2916653106177018,0.3848152302727595,0.31588204434904826,0.29930272537819214
4,kac_ai_work_platform,kac_ai_work_platform:AIP-008,견적반영,0.25,견적반영,견적반영,True,False,True,견적반영,0.2184711134486129,0.49367322111523176,0.2878556654361553,견적반영,0.22737595065797583,0.4731955772806516,0.29942847206137246,견적반영,0.21040723667784203,0.5036044102573825,0.28598835306477544,0.21875143359481022,0.4901577362177553,0.29109083018743437
4,kac_ai_work_platform,kac_ai_work_platform:COR-001,통상수용,0.25,통상수용,통상수용,True,False,True,통상수용,0.5002035299243993,0.0968363869572544,0.40296008311834636,통상수용,0.5412752222476074,0.06669837694828361,0.39202640080410905,통상수용,0.48614482155961813,0.09887315976984444,0.4149820186705375,0.5092078579105416,0.08746930789179415,0.4033228341976643
4,kac_ai_work_platform,kac_ai_work_platform:COR-002,통상수용,0.25,통상수용,통상수용,True,False,True,통상수용,0.6698198730884294,0.14720967897541448,0.1829704479361562,통상수용,0.7661382039662904,0.10758472847776955,0.12627706755593995,통상수용,0.6717579529988955,0.14442804049005706,0.18381400651104737,0.7025720100178718,0.13307414931441372,0.16435384066771452
4,kac_ai_work_platform,kac_ai_work_platform:COR-003,통상수용,0.25,통상수용,통상수용,True,False,True,통상수용,0.7300868306645204,0.14969732042491557,0.12021584891056401,통상수용,0.7895797193559044,0.11986810514716131,0.09055217549693426,통상수용,0.7334260923279331,0.14772296061453688,0.11885094705753016,0.7510308807827859,0.13909612872887125,0.1098729904883428
4,kac_ai_work_platform,kac_ai_work_platform:COR-004,통상수용,0.25,계약·질의검토,계약·질의검토,True,True,False,계약·질의검토,0.3356254476045957,0.12333642517205794,0.5410381272233463,계약·질의검토,0.3827243025964209,0.10062303719096038,0.5166526602126188,계약·질의검토,0.33572976421627465,0.12188588970892433,0.542384346074801,0.35135983813909705,0.11528178402398088,0.5333583778369221
4,kac_ai_work_platform,kac_ai_work_platform:COR-005,통상수용,0.25,통상수용,통상수용,True,False,True,통상수용,0.7222907005487824,0.11455922396857281,0.1631500754826447,통상수용,0.8239017106587642,0.06099249545741785,0.11510579388381792,통상수용,0.7215373497616069,0.11418948773257881,0.16427316250581436,0.7559099203230512,0.09658040238618981,0.147509677290759
4,kac_ai_work_platform,kac_ai_work_platform:CUR-001,계약·질의검토,0.25,계약·질의검토,계약·질의검토,True,False,True,계약·질의검토,0.17095797718082403,0.36040483112091626,0.46863719169825957,계약·질의검토,0.14315499287989786,0.31923503856690066,0.5376099685532015,계약·질의검토,0.16526678753293902,0.36294361283138543,0.4717895996356756,0.15979325253122031,0.3475278275064008,0.4926789199623789
4,kac_ai_work_platform,kac_ai_work_platform:DAR-001,통상수용,0.25,통상수용,통상수용,True,False,True,통상수용,0.6800562026239672,0.18440930452948753,0.13553449284654528,통상수용,0.7559057814050588,0.14265110645483337,0.10144311214010782,통상수용,0.6742896862494299,0.18963605414647383,0.13607425960409625,0.7034172234261519,0.17223215504359826,0.12435062153024978
4,kac_ai_work_platform,kac_ai_work_platform:DAR-002,통상수용,0.25,통상수용,통상수용,True,False,True,통상수용,0.7437244084900837,0.17667113251516195,0.07960445899475432,통상수용,0.8256690980210197,0.12298376222986158,0.05134713974911864,통상수용,0.7421214880847975,0.1792012828278708,0.07867722908733163,0.7705049981986337,0.15961872585763145,0.06987627594373487
4,kac_ai_work_platform,kac_ai_work_platform:DAR-003,견적반영,0.25,견적반영,견적반영,True,False,True,견적반영,0.3304521607379375,0.5063164057653579,0.16323143349670471,견적반영,0.33455805261795457,0.543301748127558,0.12214019925448742,견적반영,0.32714614327420055,0.5129254609690044,0.15992839575679516,0.3307187855433642,0.5208478716206401,0.14843334283599577
4,kac_ai_work_platform,kac_ai_work_platform:DAR-004,계약·질의검토,0.25,견적반영,견적반영,True,True,False,견적반영,0.2669218120065744,0.3977696355843888,0.3353085524090369,견적반영,0.24654294646208627,0.43827403828592515,0.3151830152519885,견적반영,0.25619844615027093,0.4050807096084141,0.338720844241315,0.2565544015396439,0.41370812782624267,0.32973747063411346
4,kac_ai_work_platform,kac_ai_work_platform:ECR-002,계약·질의검토,0.25,계약·질의검토,계약·질의검토,True,False,True,계약·질의검토,0.06973583145890343,0.4511675095851129,0.4790966589559835,계약·질의검토,0.04732056245033622,0.42682539451223345,0.5258540430374303,계약·질의검토,0.0646773815197794,0.45679619192331894,0.47852642655690175,0.060577925143006355,0.44492969867355514,0.49449237618343855
4,kac_ai_work_platform,kac_ai_work_platform:ECR-003,계약·질의검토,0.25,계약·질의검토,계약·질의검토,True,False,True,계약·질의검토,0.1457901119632828,0.26014169779605434,0.5940681902406629,계약·질의검토,0.1270844128443884,0.20698591822087734,0.6659296689347343,계약·질의검토,0.13671438423135066,0.2638953059372672,0.5993903098313821,0.1365296363463406,0.24367430731806627,0.6197960563355931
4,kac_ai_work_platform,kac_ai_work_platform:ECR-004,계약·질의검토,0.25,계약·질의검토,계약·질의검토,True,False,True,계약·질의검토,0.059909213601388324,0.3599308238502864,0.5801599625483254,계약·질의검토,0.04609274350861539,0.3644098833568859,0.5894973731344987,계약·질의검토,0.05547119111837053,0.36217071689817854,0.582358091983451,0.053824382742791416,0.3621704747017836,0.584005142555425
4,kac_ai_work_platform,kac_ai_work_platform:ECR-006,견적반영,0.25,견적반영,견적반영,True,False,True,견적반영,0.1231499031248752,0.5216138546017332,0.3552362422733916,견적반영,0.09838779355278719,0.5546711109975483,0.3469410954496645,견적반영,0.11992195837216695,0.5223258209722843,0.3577522206555488,0.11381988501660978,0.5328702621905219,0.35330985279286836
4,kac_ai_work_platform,kac_ai_work_platform:GW-001,계약·질의검토,0.25,통상수용,통상수용,True,True,False,통상수용,0.39372502127661985,0.2977388369018566,0.3085361418215235,통상수용,0.40665909842055964,0.2667354028511239,0.32660549872831646,통상수용,0.3872030560918316,0.2997767948609497,0.3130201490472187,0.3958623919296704,0.2880836782046434,0.3160539298656862
4,kac_ai_work_platform,kac_ai_work_platform:GW-002,견적반영,0.25,계약·질의검토,계약·질의검토,True,True,False,계약·질의검토,0.30325397054970926,0.2517837623309071,0.44496226711938375,계약·질의검토,0.26077337471026435,0.23267585220872072,0.5065507730810149,계약·질의검토,0.2959974695715304,0.25635457135573986,0.4476479590727298,0.286674938277168,0.24693806196512255,0.4663869997577095
4,kac_ai_work_platform,kac_ai_work_platform:GW-003,견적반영,0.25,통상수용,통상수용,True,True,False,통상수용,0.4279664787895387,0.35003591060391975,0.22199761060654152,통상수용,0.44945498325066774,0.3532906826388428,0.19725433411048962,통상수용,0.4258245376829129,0.3506877735450559,0.2234876887720311,0.4344153332410398,0.3513381222626062,0.21424654449635408
4,kac_ai_work_platform,kac_ai_work_platform:GW-004,계약·질의검토,0.25,계약·질의검토,계약·질의검토,True,False,True,계약·질의검토,0.2688682697411547,0.3094640376475988,0.42166769261124654,계약·질의검토,0.24210194436052368,0.31549187406286666,0.44240618157660955,계약·질의검토,0.2679643801547761,0.3069280444099193,0.42510757543530464,0.2596448647521515,0.3106279853734616,0.42972714987438687
4,kac_ai_work_platform,kac_ai_work_platform:GW-005,통상수용,0.25,통상수용,통상수용,True,False,True,통상수용,0.4443759464828899,0.3265036285632962,0.2291204249538139,통상수용,0.4681766405187399,0.33156403416100494,0.2002593253202552,통상수용,0.435427969175922,0.3319467859955118,0.23262524482856622,0.44932685205918393,0.33000481623993766,0.22066833170087843
4,kac_ai_work_platform,kac_ai_work_platform:GW-006,견적반영,0.25,견적반영,견적반영,True,False,True,견적반영,0.328933555995443,0.4038923319105695,0.2671741120939875,견적반영,0.33247257293458393,0.4127292993103645,0.25479812775505156,견적반영,0.3207218599776648,0.40623328784779317,0.27304485217454194,0.3273759963025639,0.4076183063562424,0.26500569734119367
4,kac_ai_work_platform,kac_ai_work_platform:GW-007,통상수용,0.25,통상수용,통상수용,True,False,True,통상수용,0.44883252433783527,0.30993140441097594,0.24123607125118876,통상수용,0.5009731984286981,0.26257730116506955,0.23644950040623225,통상수용,0.4440366183807227,0.31358279134760053,0.24238059027167688,0.464614113715752,0.295363832307882,0.24002205397636597
4,kac_ai_work_platform,kac_ai_work_platform:GW-008,통상수용,0.25,통상수용,통상수용,True,False,True,통상수용,0.4522046147187704,0.29407917843785225,0.25371620684337737,통상수용,0.5111414911226815,0.2578399551324857,0.23101855374483282,통상수용,0.4517539252207567,0.29673018135623225,0.25151589342301106,0.47170001035406955,0.2828831049755234,0.2454168846704071
4,kac_ai_work_platform,kac_ai_work_platform:GW-009,통상수용,0.25,통상수용,통상수용,True,False,True,통상수용,0.43522812742112227,0.36758715940458564,0.19718471317429215,통상수용,0.47109816870749305,0.3591657535531443,0.16973607773936264,통상수용,0.43742953079914376,0.3690558991263044,0.1935145700745519,0.44791860897591973,0.36526960402801145,0.1868117869960689
4,kac_ai_work_platform,kac_ai_work_platform:GW-010,통상수용,0.25,통상수용,통상수용,True,False,True,통상수용,0.44429948896657073,0.3623167162077437,0.19338379482568568,통상수용,0.4542660551689738,0.3557866525299502,0.18994729230107602,통상수용,0.4363323016024401,0.3681591055403712,0.19550859285718872,0.4449659485793282,0.3620874914260217,0.19294655999465013
4,kac_ai_work_platform,kac_ai_work_platform:GW-011,통상수용,0.25,통상수용,통상수용,True,False,True,통상수용,0.5835706980901304,0.3016643953876569,0.11476490652221263,통상수용,0.6722305267256983,0.23755579374577754,0.09021367952852423,통상수용,0.5759509996065134,0.30724728562087467,0.11680171477261188,0.6105840748074473,0.28215582491810304,0.10726010027444959
4,kac_ai_work_platform,kac_ai_work_platform:GW-012,통상수용,0.25,견적반영,견적반영,True,True,False,견적반영,0.3496794459307461,0.438035821173934,0.21228473289531988,견적반영,0.3376484360986679,0.4898039469563797,0.17254761694495238,견적반영,0.33938255531594613,0.4454265236172923,0.2151909210667615,0.3422368124484534,0.4577554305825353,0.20000775696901127
4,kac_ai_work_platform,kac_ai_work_platform:GW-013,통상수용,0.25,통상수용,통상수용,True,False,True,통상수용,0.4713980948280671,0.3392040062859457,0.18939789888598726,통상수용,0.5195794538167112,0.3073207858779208,0.173099760305368,통상수용,0.4697294956405578,0.343659075278659,0.18661142908078324,0.486902348095112,0.3300612891475085,0.18303636275737947
4,kac_ai_work_platform,kac_ai_work_platform:GW-014,견적반영,0.25,견적반영,견적반영,True,False,True,견적반영,0.2783660820037624,0.4687204994699758,0.25291341852626187,견적반영,0.29540798480928976,0.45401303793583464,0.2505789772548757,견적반영,0.2749938829547826,0.47175465025739843,0.2532514667878189,0.2829226499226116,0.4648293958877363,0.2522479541896521
4,kac_ai_work_platform,kac_ai_work_platform:GW-016,계약·질의검토,0.25,견적반영,견적반영,True,True,False,견적반영,0.3018621829906732,0.3577174326487125,0.3404203843606144,견적반영,0.2881551099491079,0.4033871845981939,0.3084577054526983,견적반영,0.3044494899307945,0.3548839683969614,0.34066654167224414,0.2981555942901919,0.3719961952146226,0.3298482104951856
4,kac_ai_work_platform,kac_ai_work_platform:GW-017,통상수용,0.25,통상수용,통상수용,True,False,True,통상수용,0.4065059337766741,0.3353175874325165,0.2581764787908094,통상수용,0.48377144854717197,0.29186743654800956,0.22436111490481855,통상수용,0.4024810385042538,0.3370088630290563,0.26051009846669,0.43091947360936667,0.32139796233652745,0.24768256405410596
4,kac_ai_work_platform,kac_ai_work_platform:GW-018,견적반영,0.25,견적반영,견적반영,True,False,True,견적반영,0.24296492242432124,0.47784181671086223,0.27919326086481655,견적반영,0.21374915972115044,0.51399540318658,0.27225543709226957,견적반영,0.23422091757148636,0.4853322141176466,0.28044686831086707,0.23031166657231936,0.4923898113383629,0.2772985220893177
4,kac_ai_work_platform,kac_ai_work_platform:GW-019,통상수용,0.25,통상수용,통상수용,True,False,True,통상수용,0.641807104267491,0.1866924123900716,0.1715004833424375,통상수용,0.7524793746714064,0.12505380677578232,0.12246681855281127,통상수용,0.6429747386420399,0.18669876169627844,0.17032649966168165,0.6790870725269791,0.1661483269540441,0.1547646005189768
4,kac_ai_work_platform,kac_ai_work_platform:GW-020,통상수용,0.25,통상수용,통상수용,True,False,True,통상수용,0.5305195601581908,0.3141873568296913,0.1552930830121179,통상수용,0.5589170180241775,0.3361234390758051,0.10495954290001745,통상수용,0.5466050489873552,0.30377791202175014,0.14961703899089476,0.5453472090565744,0.31802956930908216,0.13662322163434337
4,kac_ai_work_platform,kac_ai_work_platform:GW-021,통상수용,0.25,통상수용,통상수용,True,False,True,통상수용,0.47417945202149064,0.32087238278575875,0.2049481651927507,통상수용,0.5416301296909924,0.27329807458849176,0.18507179572051577,통상수용,0.49084303420955355,0.3088040110526515,0.20035295473779502,0.5022175386406789,0.30099148947563403,0.1967909718836872
4,kac_ai_work_platform,kac_ai_work_platform:INR-001,통상수용,0.25,통상수용,통상수용,True,False,True,통상수용,0.4777128460404969,0.18635162444220668,0.33593552951729644,통상수용,0.5042820491737312,0.18000438570212224,0.31571356512414656,통상수용,0.47709748857106987,0.1842322942175039,0.33867021721142626,0.4863641279284327,0.1835294347872776,0.33010643728428973
4,kac_ai_work_platform,kac_ai_work_platform:INR-002,계약·질의검토,0.25,계약·질의검토,계약·질의검토,True,False,True,계약·질의검토,0.30948330897589416,0.23262000034893857,0.45789669067516725,계약·질의검토,0.30280543738578086,0.2173258888809048,0.4798686737333144,계약·질의검토,0.31258679498753134,0.22804495782270617,0.45936824718976244,0.3082918471164022,0.22599694901751652,0.46571120386608134
4,kac_ai_work_platform,kac_ai_work_platform:PER-001,통상수용,0.25,통상수용,통상수용,True,False,True,통상수용,0.4139128228610936,0.2557973527932932,0.3302898243456132,통상수용,0.47047604819258254,0.2305615784584641,0.2989623733489534,통상수용,0.4196536195625009,0.2515566060433191,0.32878977439418006,0.43468083020539233,0.24597184576502543,0.31934732402958227
4,kac_ai_work_platform,kac_ai_work_platform:PER-002,통상수용,0.25,계약·질의검토,계약·질의검토,True,True,False,계약·질의검토,0.21028479288282914,0.1549527413163123,0.6347624658008586,계약·질의검토,0.22456732070409488,0.15767740356243068,0.6177552757334746,계약·질의검토,0.20684386544812777,0.15150175996166096,0.6416543745902112,0.21389865967835062,0.1547106349468013,0.6313907053748481
4,kac_ai_work_platform,kac_ai_work_platform:PMR-001,계약·질의검토,0.25,통상수용,통상수용,True,True,False,통상수용,0.5241245158270111,0.09485436099029022,0.38102112318269865,통상수용,0.5865672699025803,0.08327910286154643,0.3301536272358732,통상수용,0.5185773011397418,0.09633562090934934,0.38508707795090896,0.5430896956231112,0.09148969492039533,0.36542060945649363
4,kac_ai_work_platform,kac_ai_work_platform:PMR-002,통상수용,0.25,통상수용,통상수용,True,False,True,통상수용,0.6064552027557558,0.14021627238446,0.2533285248597842,통상수용,0.6331500114135263,0.11521038210842881,0.25163960647804484,통상수용,0.6108471461380316,0.13834671958815123,0.2508061342738171,0.6168174534357712,0.13125779136034668,0.2519247552038821
4,kac_ai_work_platform,kac_ai_work_platform:PMR-003,통상수용,0.25,통상수용,통상수용,True,False,True,통상수용,0.5254382630804876,0.17121905577012766,0.30334268114938473,통상수용,0.5717286620048175,0.1474149612233215,0.280856376771861,통상수용,0.528377367489701,0.16923902612989167,0.30238360638040734,0.5418480975250021,0.16262434770778028,0.29552755476721765
4,kac_ai_work_platform,kac_ai_work_platform:PMR-004,견적반영,0.25,통상수용,통상수용,True,True,False,통상수용,0.6363987015693217,0.19803289984148043,0.16556839858919792,통상수용,0.6733625636152845,0.17815269517831922,0.14848474120639626,통상수용,0.6406027559806283,0.19646995137438378,0.16292729264498793,0.6501213403884115,0.19088518213139447,0.15899347748019402
4,kac_ai_work_platform,kac_ai_work_platform:PMR-005,통상수용,0.25,통상수용,통상수용,True,False,True,통상수용,0.4853732862384276,0.1689835853750741,0.34564312838649824,통상수용,0.5233929841846842,0.1442674591277727,0.33233955668754306,통상수용,0.48775016763722095,0.16821682770991137,0.3440330046528676,0.49883881268677754,0.16048929073758605,0.34067189657563635
4,kac_ai_work_platform,kac_ai_work_platform:PMR-006,통상수용,0.25,통상수용,통상수용,True,False,True,통상수용,0.5079312309006487,0.15383652301977044,0.3382322460795808,통상수용,0.5361003328105882,0.12778178795722334,0.33611787923218844,통상수용,0.5088738254455618,0.15178868546442104,0.3393374890900172,0.5176351297189329,0.14446899881380493,0.33789587146726213
4,kac_ai_work_platform,kac_ai_work_platform:PMR-008,계약·질의검토,0.25,통상수용,계약·질의검토,False,False,True,계약·질의검토,0.4265184986975594,0.14341142051846295,0.4300700807839776,통상수용,0.46078039943522087,0.12096208088475877,0.41825751968002045,계약·질의검토,0.41998883493144207,0.14437075804594474,0.4356404070226132,0.4357625776880741,0.13624808648305547,0.42798933582887044
4,kac_ai_work_platform,kac_ai_work_platform:PMR-009,통상수용,0.25,통상수용,통상수용,True,False,True,통상수용,0.48475638096028906,0.1657295658458375,0.3495140531938735,통상수용,0.5784538763791452,0.12779492534384482,0.29375119827700996,통상수용,0.48723915847387844,0.16304446086891136,0.3497163806572103,0.5168164719377709,0.1521896506861979,0.33099387737603125
4,kac_ai_work_platform,kac_ai_work_platform:PMR-010,통상수용,0.25,통상수용,통상수용,True,False,True,통상수용,0.5149041653917797,0.2520527056551157,0.23304312895310453,통상수용,0.5939226839977984,0.21355607569201815,0.19252124031018353,통상수용,0.5124297526227882,0.251958693064868,0.2356115543123438,0.5404188673374555,0.239189158137334,0.22039197452521062
4,kac_ai_work_platform,kac_ai_work_platform:PMR-011,통상수용,0.25,계약·질의검토,계약·질의검토,True,True,False,계약·질의검토,0.27503338331828714,0.12066561013575969,0.6043010065459533,계약·질의검토,0.2294150313901132,0.09836414558586795,0.6722208230240188,계약·질의검토,0.27119581110669805,0.11717989030640125,0.6116242985869007,0.2585480752716995,0.11206988200934297,0.6293820427189576
4,kac_ai_work_platform,kac_ai_work_platform:PSR-001,계약·질의검토,0.25,계약·질의검토,계약·질의검토,True,False,True,계약·질의검토,0.34842984074787486,0.17063375814603585,0.48093640110608943,계약·질의검토,0.30980719416722696,0.16466959864924002,0.5255232071835331,계약·질의검토,0.34343914358130034,0.17309348974541885,0.48346736667328083,0.3338920594988008,0.1694656155135649,0.49664232498763444
4,kac_ai_work_platform,kac_ai_work_platform:PSR-002,통상수용,0.25,통상수용,통상수용,True,False,True,통상수용,0.6040431999134686,0.2030362770058661,0.19292052308066526,통상수용,0.6689074485651934,0.17190945236304503,0.15918309907176162,통상수용,0.6067887279973557,0.20240207011796116,0.1908092018846832,0.6265797921586725,0.1924492664956241,0.18097094134570335
4,kac_ai_work_platform,kac_ai_work_platform:PSR-003,계약·질의검토,0.25,계약·질의검토,계약·질의검토,True,False,True,계약·질의검토,0.4285745171742364,0.13162039473429205,0.43980508809147145,계약·질의검토,0.4245330935451594,0.12464162483863749,0.45082528161620317,계약·질의검토,0.43068721384003467,0.1307510975975011,0.43856168856246436,0.4279316081864768,0.12900437239014353,0.44306401942337964
4,kac_ai_work_platform,kac_ai_work_platform:PSR-004,견적반영,0.25,통상수용,통상수용,True,True,False,통상수용,0.5558526780605229,0.2473238532059041,0.19682346873357306,통상수용,0.5632788359808631,0.2525806176867721,0.1841405463323647,통상수용,0.5590042260364582,0.2440711965381263,0.1969245774254155,0.559378580025948,0.24799188914360082,0.1926295308304511
4,kac_ai_work_platform,kac_ai_work_platform:PSR-005,견적반영,0.25,계약·질의검토,계약·질의검토,True,True,False,계약·질의검토,0.23787241007414345,0.3321176809210589,0.4300099090047975,계약·질의검토,0.2636936015625182,0.348527265323836,0.38777913311364565,계약·질의검토,0.24225256754566085,0.33012235706744214,0.4276250753868971,0.24793952639410746,0.3369224344374457,0.41513803916844677
4,kac_ai_work_platform,kac_ai_work_platform:PSR-006,통상수용,0.25,통상수용,통상수용,True,False,True,통상수용,0.4983579249038742,0.3340977044004631,0.16754437069566272,통상수용,0.5300715567617628,0.3489122607058863,0.12101618253235089,통상수용,0.5011342279905366,0.3335867332106056,0.16527903879885772,0.5098545698853912,0.3388655661056517,0.1512798640089571
4,kac_ai_work_platform,kac_ai_work_platform:PSR-007,통상수용,0.25,통상수용,계약·질의검토,False,False,True,계약·질의검토,0.3862669387692166,0.2127327471793352,0.40100031405144815,통상수용,0.4359901253401114,0.2021628200238117,0.3618470546360768,계약·질의검토,0.38274063838491934,0.2135369366413478,0.40372242497373284,0.4016659008314158,0.20947750128149822,0.38885659788708593
4,kac_ai_work_platform,kac_ai_work_platform:QUR-001,통상수용,0.25,통상수용,통상수용,True,False,True,통상수용,0.5076526078872654,0.09762485049341982,0.39472254161931475,통상수용,0.5282189248744799,0.08358811532450278,0.38819295980101737,통상수용,0.5037019016718962,0.09727283906664051,0.3990252592614632,0.5131911448112138,0.09282860162818769,0.39398025356059846
4,kac_ai_work_platform,kac_ai_work_platform:QUR-002,통상수용,0.25,계약·질의검토,계약·질의검토,True,True,False,계약·질의검토,0.38672576429486416,0.13995651773821483,0.473317717966921,계약·질의검토,0.4158949776978791,0.10514545414161214,0.4789595681605088,계약·질의검토,0.3885175315771897,0.1379682371556013,0.473514231267209,0.39704609118997763,0.1276900696784761,0.47526383913154624
4,kac_ai_work_platform,kac_ai_work_platform:QUR-003,견적반영,0.25,계약·질의검토,계약·질의검토,True,True,False,계약·질의검토,0.24862572758352153,0.20572203815594697,0.5456522342605316,계약·질의검토,0.27365255464218474,0.2053321070557206,0.5210153383020947,계약·질의검토,0.23900261196128975,0.20925235413240914,0.551745033906301,0.25376029806233197,0.20676883311469227,0.5394708688229758
4,kac_ai_work_platform,kac_ai_work_platform:QUR-004,통상수용,0.25,통상수용,통상수용,True,False,True,통상수용,0.7037331130791692,0.11337041241702071,0.1828964745038101,통상수용,0.7992132345289411,0.08093567340313117,0.11985109206792773,통상수용,0.7118655705723397,0.10908905195329688,0.17904537747436344,0.7382706393934834,0.10113171259114957,0.1605976480153671
4,kac_ai_work_platform,kac_ai_work_platform:SER-001,통상수용,0.25,통상수용,통상수용,True,False,True,통상수용,0.528010537695924,0.1834051581120055,0.28858430419207054,통상수용,0.5689462949119717,0.1511769638090832,0.2798767412789451,통상수용,0.514176564633839,0.18639654168338396,0.29942689368277703,0.5370444657472448,0.1736595545348242,0.28929597971793086
4,kac_ai_work_platform,kac_ai_work_platform:SER-002,계약·질의검토,0.25,통상수용,통상수용,True,True,False,통상수용,0.5399031068244018,0.14498756757509412,0.31510932560050403,통상수용,0.5583239178115027,0.1289610757992524,0.312715006389245,통상수용,0.5273193243851844,0.14798795625206676,0.3246927193627489,0.5418487830070297,0.14064553320880444,0.31750568378416594
4,kac_ai_work_platform,kac_ai_work_platform:SER-004,통상수용,0.25,통상수용,통상수용,True,False,True,통상수용,0.43231886731056457,0.2606328068118436,0.3070483258775918,통상수용,0.47321898649442,0.23037470142783634,0.29640631207774365,통상수용,0.4268176019681138,0.26340801796407537,0.3097743800678107,0.4441184852576994,0.25147184206791845,0.30440967267438207
4,kac_ai_work_platform,kac_ai_work_platform:SER-005,계약·질의검토,0.25,견적반영,견적반영,True,True,False,견적반영,0.2097063740174728,0.5387706925947087,0.2515229333878185,견적반영,0.17006077912727538,0.5973630854530702,0.2325761354196544,견적반영,0.21062656225373663,0.5360659151487527,0.2533075225975106,0.19679790513282827,0.5573998977321771,0.2458021971349945
4,kac_ai_work_platform,kac_ai_work_platform:TER-001,계약·질의검토,0.25,통상수용,계약·질의검토,False,False,True,계약·질의검토,0.42353526399883784,0.14302177834495186,0.43344295765621027,통상수용,0.45689473779541995,0.13342716723317732,0.4096780949714027,계약·질의검토,0.41603567756623816,0.14369745859921582,0.44026686383454594,0.43215522645349863,0.14004880139244832,0.42779597215405296
4,kac_ai_work_platform,kac_ai_work_platform:TER-002,계약·질의검토,0.25,계약·질의검토,계약·질의검토,True,False,True,계약·질의검토,0.2628940839279832,0.133451780083618,0.6036541359883987,계약·질의검토,0.19505489605743664,0.09131248676415153,0.7136326171784118,계약·질의검토,0.260700923510984,0.1322158229727724,0.6070832535162436,0.23954996783213459,0.11899336327351397,0.6414566688943514
5,kangwon_land_genai,kangwon_land_genai:COR-001,계약·질의검토,1.0,계약·질의검토,계약·질의검토,True,False,True,계약·질의검토,0.2815433619261967,0.1280993477745329,0.5903572902992704,계약·질의검토,0.26625293747586776,0.10662597674129437,0.6271210857828379,계약·질의검토,0.18767116842510884,0.15069241614303677,0.6616364154318544,0.24515582260905777,0.12847258021962135,0.626371597171321
5,kangwon_land_genai,kangwon_land_genai:COR-002,통상수용,1.0,통상수용,통상수용,True,False,True,통상수용,0.5555163005947434,0.18990837017465184,0.25457532923060483,통상수용,0.6462803922774076,0.14363660643671883,0.21008300128587362,통상수용,0.5785606699298179,0.17103038390317704,0.250408946167005,0.593452454267323,0.1681917868381826,0.23835575889449445
5,kangwon_land_genai,kangwon_land_genai:COR-003,통상수용,1.0,계약·질의검토,계약·질의검토,True,True,False,계약·질의검토,0.370898181624503,0.12970386889582408,0.49939794947967303,계약·질의검토,0.43718646745205647,0.10866128953746003,0.45415224301048346,계약·질의검토,0.4085724587072884,0.115633065241865,0.47579447605084657,0.4055523692612826,0.11799940789171637,0.476448222847001
5,kangwon_land_genai,kangwon_land_genai:COR-004,통상수용,1.0,통상수용,통상수용,True,False,True,통상수용,0.7539361294544003,0.09741692161655918,0.1486469489290405,통상수용,0.8460390370327173,0.06401921884197287,0.08994174412530992,통상수용,0.7691515733510136,0.07696147902417975,0.15388694762480656,0.7897089132793771,0.07946587316090394,0.130825213559719
5,kangwon_land_genai,kangwon_land_genai:DAR-001,통상수용,1.0,견적반영,견적반영,True,True,False,견적반영,0.24859554419969168,0.6187111550092981,0.13269330079101016,견적반영,0.20650288613914847,0.6830855645688871,0.11041154929196438,견적반영,0.373943170816372,0.525722006051007,0.1003348231326209,0.2763472003850707,0.609172908543064,0.11447989107186514
5,kangwon_land_genai,kangwon_land_genai:DAR-002,계약·질의검토,1.0,견적반영,견적반영,True,True,False,견적반영,0.1733219777530673,0.6621826920204957,0.16449533022643703,견적반영,0.13625425324902854,0.7461880326949093,0.11755771405606205,견적반영,0.13738772281643477,0.7222280865321795,0.14038419065138577,0.14898798460617688,0.7101996037491949,0.1408124116446283
5,kangwon_land_genai,kangwon_land_genai:DAR-003,견적반영,1.0,견적반영,견적반영,False,False,True,견적반영,0.36413277012972506,0.4742707211878032,0.16159650868247177,견적반영,0.39324885800435044,0.4735947976706595,0.13315634432499,통상수용,0.4593211843699988,0.4300082240427276,0.11067059158727359,0.4055676041680248,0.4592912476337301,0.13514114819824513
5,kangwon_land_genai,kangwon_land_genai:DAR-004,통상수용,1.0,통상수용,통상수용,True,False,True,통상수용,0.7136433672974294,0.186978831617574,0.09937780108499669,통상수용,0.7792477295816296,0.14459476795628376,0.07615750246208672,통상수용,0.6229400688922819,0.2505887679960704,0.12647116311164763,0.7052770552571136,0.19405412252330936,0.10066882221957701
5,kangwon_land_genai,kangwon_land_genai:ECR-001,계약·질의검토,1.0,계약·질의검토,계약·질의검토,True,False,True,계약·질의검토,0.09223260722648534,0.23567978772667106,0.6720876050468436,계약·질의검토,0.06419971932876432,0.18778037478000667,0.7480199058912291,계약·질의검토,0.047234361316286055,0.26593629999946894,0.686829338684245,0.06788889595717858,0.2297988208353822,0.7023122832074392
5,kangwon_land_genai,kangwon_land_genai:PER-001,계약·질의검토,1.0,계약·질의검토,계약·질의검토,True,False,True,계약·질의검토,0.16469522834192113,0.26448833663796134,0.5708164350201174,계약·질의검토,0.15460917814481717,0.2588056011846517,0.5865852206705311,계약·질의검토,0.17966365408879117,0.23728662840383355,0.5830497175073752,0.16632268685850982,0.25352685540881553,0.5801504577326746
5,kangwon_land_genai,kangwon_land_genai:PER-002,계약·질의검토,1.0,계약·질의검토,계약·질의검토,True,False,True,계약·질의검토,0.17312474233843902,0.20740967385274361,0.6194655838088172,계약·질의검토,0.14256702959239198,0.18253862838202853,0.6748943420255795,계약·질의검토,0.11444699194327393,0.18132486013223292,0.7042281479244931,0.14337958795803496,0.19042438745566836,0.6661960245862967
5,kangwon_land_genai,kangwon_land_genai:PER-003,계약·질의검토,1.0,계약·질의검토,계약·질의검토,True,False,True,계약·질의검토,0.210426141462979,0.1650422360378327,0.6245316224991884,계약·질의검토,0.15205919343353302,0.1389161903591427,0.7090246162073243,계약·질의검토,0.15973740271547718,0.10880324920741688,0.731459348077106,0.17407424587066309,0.13758722520146408,0.6883385289278728
5,kangwon_land_genai,kangwon_land_genai:PER-004,계약·질의검토,1.0,계약·질의검토,계약·질의검토,True,False,True,계약·질의검토,0.31926856028182227,0.2519725017354891,0.42875893798268877,계약·질의검토,0.3040846303133115,0.24346966196860287,0.4524457077180856,계약·질의검토,0.2900653376859949,0.25562210906477334,0.4543125532492316,0.3044728427603762,0.2503547575896217,0.44517239965000205
5,kangwon_land_genai,kangwon_land_genai:PMR-001,통상수용,1.0,통상수용,통상수용,True,False,True,통상수용,0.7992719899892647,0.08343625080280062,0.11729175920793462,통상수용,0.8679333810433877,0.050571832646463775,0.08149478631014861,통상수용,0.8457008897772951,0.06263663217699347,0.09166247804571143,0.8376354202699825,0.06554823854208595,0.09681634118793155
5,kangwon_land_genai,kangwon_land_genai:PMR-002,통상수용,1.0,통상수용,통상수용,True,False,True,통상수용,0.46405252640751143,0.2024575730678437,0.3334899005246449,통상수용,0.4992101387982517,0.17188389248444785,0.3289059687173004,통상수용,0.6460525254613572,0.11747380768697312,0.23647366685166962,0.5364383968890402,0.16393842441308823,0.29962317869787164
5,kangwon_land_genai,kangwon_land_genai:PMR-003,통상수용,1.0,통상수용,통상수용,True,False,True,통상수용,0.7010154646398782,0.1582472452268878,0.14073729013323397,통상수용,0.7734904797193208,0.11810233476810866,0.10840718551257045,통상수용,0.7440698621176325,0.1201153796987508,0.13581475818361677,0.7395252688256105,0.1321549865645824,0.12831974460980708
5,kangwon_land_genai,kangwon_land_genai:PMR-004,견적반영,1.0,통상수용,통상수용,False,False,True,통상수용,0.4288993371197647,0.41442070208524295,0.15667996079499238,견적반영,0.4399122566323906,0.45781770760739393,0.1022700357602156,통상수용,0.46146430804832206,0.39602098115745105,0.14251471079422678,0.4434253006001591,0.42275313028336264,0.13382156911647827
5,kangwon_land_genai,kangwon_land_genai:PMR-005,통상수용,1.0,통상수용,통상수용,True,False,True,통상수용,0.4775881247491888,0.19440904866543768,0.3280028265853735,통상수용,0.47424435719305846,0.19427676398308993,0.33147887882385163,통상수용,0.40628184275430457,0.24904236070223,0.34467579654346536,0.45270477489885064,0.21257605778358588,0.3347191673175635
5,kangwon_land_genai,kangwon_land_genai:PMR-006,통상수용,1.0,통상수용,통상수용,True,False,True,통상수용,0.6548340611911588,0.1639440548718943,0.18122188393694683,통상수용,0.7609165844445186,0.11512345956525638,0.12395995599022507,통상수용,0.7331393741297778,0.12206498149051044,0.14479564437971174,0.7162966732551518,0.13371083197588704,0.14999249476896123
5,kangwon_land_genai,kangwon_land_genai:PMR-007,견적반영,1.0,통상수용,계약·질의검토,False,True,False,통상수용,0.3952352638400441,0.24043618731618596,0.36432854884377,통상수용,0.4216087452965632,0.24563093504784003,0.33276031965559677,계약·질의검토,0.32813263177732327,0.27740924449347515,0.3944581237292016,0.3816588803046435,0.2544921222858337,0.36384899740952276
5,kangwon_land_genai,kangwon_land_genai:PSR-002,계약·질의검토,1.0,통상수용,통상수용,True,True,False,통상수용,0.4403137494039699,0.15719550566436585,0.4024907449316642,통상수용,0.4450258685245283,0.12299735721749368,0.431976774257978,통상수용,0.5116583729479847,0.15469569044237025,0.33364593660964514,0.46566599695882765,0.14496285110807658,0.3893711519330958
5,kangwon_land_genai,kangwon_land_genai:PSR-003,계약·질의검토,1.0,통상수용,통상수용,True,True,False,통상수용,0.46601347006883587,0.1486647739376535,0.38532175599351076,통상수용,0.4802224440979791,0.14055915407891217,0.3792184018231087,통상수용,0.5739665319968461,0.10962260784646106,0.31641086015669273,0.5067341487212204,0.1329488452876756,0.36031700599110406
5,kangwon_land_genai,kangwon_land_genai:PSR-004,계약·질의검토,1.0,계약·질의검토,계약·질의검토,False,False,True,계약·질의검토,0.2948582058965085,0.32753706406482097,0.37760473003867046,계약·질의검토,0.3004156067279898,0.3069991064589344,0.3925852868130758,통상수용,0.38805880609351073,0.29099151317462013,0.320949680731869,0.3277775395726697,0.3085092278994585,0.3637132325278718
5,kangwon_land_genai,kangwon_land_genai:QUR-001,통상수용,1.0,통상수용,통상수용,True,False,True,통상수용,0.7279720868915841,0.1053997494314815,0.1666281636769344,통상수용,0.7710112430404517,0.0809125028674494,0.14807625409209899,통상수용,0.8540615763230897,0.04866696761567742,0.09727145606123294,0.7843483020850419,0.07832640663820277,0.13732529127675544
5,kangwon_land_genai,kangwon_land_genai:QUR-002,통상수용,1.0,통상수용,통상수용,True,False,True,통상수용,0.7427840040491034,0.12838303619681832,0.12883295975407832,통상수용,0.8106421158014845,0.09298747200483341,0.09637041219368203,통상수용,0.8319490713065171,0.08361942449568814,0.08443150419779476,0.795125063719035,0.10166331089911329,0.1032116253818517
5,kangwon_land_genai,kangwon_land_genai:QUR-003,통상수용,1.0,통상수용,통상수용,True,False,True,통상수용,0.5434624354647546,0.2339504379552189,0.2225871265800265,통상수용,0.6631585646187029,0.16886015196129744,0.16798128341999968,통상수용,0.5858401696199784,0.19998437923978216,0.21417545114023948,0.597487056567812,0.20093165638543284,0.20158128704675524
5,kangwon_land_genai,kangwon_land_genai:QUR-004,계약·질의검토,1.0,통상수용,통상수용,True,True,False,통상수용,0.7280682688781893,0.11228544386268015,0.15964628725913055,통상수용,0.8030540537834412,0.08575000169261258,0.11119594452394616,통상수용,0.8446203929062736,0.0552847696054977,0.1000948374882288,0.7919142385226348,0.08444007172026348,0.12364568975710183
5,kangwon_land_genai,kangwon_land_genai:QUR-005,통상수용,1.0,통상수용,통상수용,True,False,True,통상수용,0.6322777399638186,0.18231360137478222,0.18540865866139905,통상수용,0.7148587184953783,0.13878228267811568,0.146358998826506,통상수용,0.7344676506649106,0.15189385777014822,0.1136384915649412,0.6938680363747025,0.1576632472743487,0.14846871635094874
5,kangwon_land_genai,kangwon_land_genai:QUR-006,통상수용,1.0,통상수용,통상수용,False,False,True,견적반영,0.3552845699886022,0.37240180346779567,0.2723136265436022,견적반영,0.35786973113411324,0.36362810148062497,0.27850216738526173,통상수용,0.48613308294918833,0.3130319495184098,0.20083496753240196,0.39976246135730126,0.3496872848222768,0.25055025382042195
5,kangwon_land_genai,kangwon_land_genai:SER-003,계약·질의검토,1.0,계약·질의검토,계약·질의검토,False,False,True,계약·질의검토,0.41788154116007586,0.1402514677115951,0.441866991128329,통상수용,0.43322717689841966,0.14144020219593287,0.4253326209056475,계약·질의검토,0.27690850275165607,0.17443701773768172,0.5486544795106622,0.3760057402700505,0.15204289588173656,0.47195136384821285
5,kangwon_land_genai,kangwon_land_genai:SER-004,통상수용,1.0,통상수용,계약·질의검토,False,False,True,통상수용,0.36572919326792025,0.28932794096300274,0.34494286576907696,통상수용,0.40609656427149454,0.29249384552667745,0.301409590201828,계약·질의검토,0.3203150445318706,0.2821280213201826,0.3975569341479467,0.36404693402376176,0.28798326926995427,0.34796979670628386
5,kangwon_land_genai,kangwon_land_genai:SFR-002,통상수용,1.0,견적반영,견적반영,True,True,False,견적반영,0.28310356913706375,0.5090574589183103,0.2078389719446259,견적반영,0.26268715378908325,0.5412820703675224,0.19603077584339423,견적반영,0.230124481161908,0.596797376140141,0.17307814269795097,0.25863840136268496,0.5490456351419911,0.19231596349532368
5,kangwon_land_genai,kangwon_land_genai:SFR-003,견적반영,1.0,견적반영,견적반영,True,False,True,견적반영,0.11557393317628603,0.5528898371280967,0.33153622969561725,견적반영,0.09288701821986431,0.5136684360729643,0.39344454570717136,견적반영,0.07548566341734123,0.6345031769015563,0.2900111596811024,0.0946488716044972,0.5670204833675391,0.3383306450279637
5,kangwon_land_genai,kangwon_land_genai:SFR-005,견적반영,1.0,견적반영,견적반영,True,False,True,견적반영,0.17498507512011321,0.4682514494028373,0.35676347547704945,견적반영,0.1395015499067352,0.5013677454162836,0.35913070467698127,견적반영,0.14337187233236004,0.449858066980087,0.40677006068755306,0.15261949911973616,0.4731590872664026,0.3742214136138613
5,kangwon_land_genai,kangwon_land_genai:SFR-006,통상수용,1.0,견적반영,견적반영,True,True,False,견적반영,0.2657014613522201,0.457978876045722,0.27631966260205787,견적반영,0.25654085150564415,0.4375927793008517,0.3058663691935042,견적반영,0.33723833634537553,0.43018935688044124,0.23257230677418317,0.28649354973441327,0.441920337409005,0.27158611285658174
5,kangwon_land_genai,kangwon_land_genai:SIR-001,견적반영,1.0,통상수용,통상수용,True,True,False,통상수용,0.4406309883414996,0.27816270620644684,0.28120630545205366,통상수용,0.4380970685308064,0.264654816492253,0.29724811497694076,통상수용,0.5013320075247646,0.280101138523945,0.2185668539512903,0.4600200214656902,0.27430622040754826,0.2656737581267616
5,kangwon_land_genai,kangwon_land_genai:SIR-002,계약·질의검토,1.0,통상수용,계약·질의검토,False,False,True,통상수용,0.34921138937834184,0.33804195454978375,0.31274665607187435,계약·질의검토,0.34356239498581576,0.3026706683285956,0.3537669366855886,통상수용,0.3936961873961578,0.36075687344527113,0.24554693915857104,0.3621566572534385,0.3338231654412169,0.3040201773053447
5,kangwon_land_genai,kangwon_land_genai:SIR-003,통상수용,1.0,통상수용,통상수용,True,False,True,통상수용,0.7331716046176037,0.12120001604679355,0.14562837933560277,통상수용,0.8327546612494936,0.07607580770463696,0.09116953104586945,통상수용,0.8125101856291113,0.08438594238487616,0.10310387198601254,0.7928121504987362,0.0938872553787689,0.11330059412249492
5,kangwon_land_genai,kangwon_land_genai:TER-002,통상수용,1.0,통상수용,통상수용,True,False,True,통상수용,0.4109082508759471,0.20909836641509072,0.37999338270896216,통상수용,0.43586017838239194,0.1793127840978755,0.38482703751973263,통상수용,0.4095159237775276,0.1879991437515767,0.4024849324708956,0.41876145101195555,0.19213676475484764,0.3891017842331968
5,kangwon_land_genai,kangwon_land_genai:TER-003,통상수용,1.0,계약·질의검토,계약·질의검토,True,True,False,계약·질의검토,0.35808583756824885,0.17970805701672282,0.46220610541502816,계약·질의검토,0.3791529657665637,0.19529062982814022,0.425556404405296,계약·질의검토,0.23303673351692408,0.18906284185783281,0.5779004246252432,0.3234251789505789,0.1880205095675653,0.48855431148185574
5,kangwon_land_genai,kangwon_land_genai:TER-004,통상수용,1.0,통상수용,통상수용,True,False,True,통상수용,0.4253408881378494,0.2227248197469342,0.3519342921152163,통상수용,0.47857995045628116,0.22667599698120075,0.294744052562518,통상수용,0.4293264411137667,0.19384270265770423,0.376830856228529,0.44441575990263243,0.21441450646194637,0.34116973363542114
6,kdhc_plant_integrated_mgmt,kdhc_plant_integrated_mgmt:CNR-001,통상수용,0.25,통상수용,통상수용,True,False,True,통상수용,0.7716681447080648,0.14032666597425894,0.08800518931767637,통상수용,0.845648362071927,0.09761298303029314,0.05673865489777997,통상수용,0.7794707709916182,0.13621760242840023,0.0843116265799815,0.7989290925905367,0.12471908381098411,0.07635182359847927
6,kdhc_plant_integrated_mgmt,kdhc_plant_integrated_mgmt:CNR-002,견적반영,0.25,통상수용,통상수용,True,True,False,통상수용,0.5140610221568914,0.32538297360881974,0.16055600423428892,통상수용,0.5397926293123737,0.31210033126765063,0.14810703941997572,통상수용,0.5058747481124929,0.3318404598000856,0.16228479208742158,0.5199094665272527,0.323107921558852,0.15698261191389543
6,kdhc_plant_integrated_mgmt,kdhc_plant_integrated_mgmt:CNR-003,견적반영,0.25,통상수용,통상수용,True,True,False,통상수용,0.4501004529644921,0.363708428363359,0.18619111867214896,통상수용,0.5004696192877237,0.33187503601998075,0.16765534469229554,통상수용,0.4410886995791903,0.37301488539980915,0.18589641502100068,0.46388625727713534,0.3561994499277163,0.1799142927951484
6,kdhc_plant_integrated_mgmt,kdhc_plant_integrated_mgmt:CNR-004,통상수용,0.25,견적반영,견적반영,False,False,True,통상수용,0.41575416548900046,0.4132943353627313,0.1709514991482682,견적반영,0.4107400571428881,0.4242943730370204,0.16496556982009158,견적반영,0.4109869233289859,0.417089376086413,0.17192370058460107,0.41249371532029144,0.4182260281620549,0.16928025651765363
6,kdhc_plant_integrated_mgmt,kdhc_plant_integrated_mgmt:CNR-005,통상수용,0.25,통상수용,통상수용,True,False,True,통상수용,0.5530707847103735,0.2584072581480527,0.1885219571415738,통상수용,0.6593417082408083,0.20530185002699022,0.13535644173220146,통상수용,0.5597141790158808,0.25489804985939085,0.18538777112472826,0.5907088906556875,0.23953571934481124,0.16975538999950116
6,kdhc_plant_integrated_mgmt,kdhc_plant_integrated_mgmt:COR-001,통상수용,0.25,통상수용,통상수용,True,False,True,통상수용,0.7338063962837854,0.12426547067392567,0.141928133042289,통상수용,0.8027269396721101,0.09579021048999267,0.10148284983789733,통상수용,0.7413234159585449,0.11969242011462772,0.13898416392682725,0.7592855839714802,0.11324936709284868,0.1274650489356712
6,kdhc_plant_integrated_mgmt,kdhc_plant_integrated_mgmt:COR-002,통상수용,0.25,통상수용,통상수용,True,False,True,통상수용,0.6960840581117561,0.13710312992892376,0.16681281195932013,통상수용,0.7787577219990712,0.0966231007055533,0.12461917729537543,통상수용,0.7013003643887521,0.13227486437437158,0.16642477123687632,0.7253807148331931,0.12200036500294954,0.15261892016385728
6,kdhc_plant_integrated_mgmt,kdhc_plant_integrated_mgmt:COR-003,통상수용,0.25,통상수용,통상수용,True,False,True,통상수용,0.7695290245458604,0.0858893928626367,0.1445815825915029,통상수용,0.8423407745120725,0.06269458616792459,0.09496463932000308,통상수용,0.7665581660573407,0.0856414863072984,0.14780034763536104,0.7928093217050911,0.07807515511261989,0.129115523182289
6,kdhc_plant_integrated_mgmt,kdhc_plant_integrated_mgmt:COR-004,통상수용,0.25,통상수용,통상수용,True,False,True,통상수용,0.6025740647323998,0.16493161869006048,0.23249431657753966,통상수용,0.6377820999612501,0.14669306036429575,0.2155248396744541,통상수용,0.6031182734515033,0.16365661171308893,0.23322511483540775,0.6144914793817178,0.15842709692248172,0.2270814236958005
6,kdhc_plant_integrated_mgmt,kdhc_plant_integrated_mgmt:COR-005,통상수용,0.25,통상수용,통상수용,True,False,True,통상수용,0.5974211838223608,0.27253281076460806,0.13004600541303118,통상수용,0.6739802023252941,0.23362222401056448,0.09239757366414136,통상수용,0.5908930798992934,0.27618583399429697,0.13292108610640968,0.6207648220156493,0.2607802895898232,0.1184548883945274
6,kdhc_plant_integrated_mgmt,kdhc_plant_integrated_mgmt:COR-006,계약·질의검토,0.25,계약·질의검토,계약·질의검토,True,False,True,계약·질의검토,0.39411935591590075,0.1569929215271818,0.4488877225569174,계약·질의검토,0.42290263675888035,0.13666459030747113,0.44043277293364846,계약·질의검토,0.40286806932808894,0.14991349356541303,0.4472184371064979,0.40663002066762327,0.147857001800022,0.4455129775323545
6,kdhc_plant_integrated_mgmt,kdhc_plant_integrated_mgmt:COR-007,계약·질의검토,0.25,계약·질의검토,계약·질의검토,True,False,True,계약·질의검토,0.2302619241209257,0.12244120197243025,0.6472968739066441,계약·질의검토,0.17818177760317813,0.0867008250637785,0.7351173973330434,계약·질의검토,0.22404335222388314,0.12165838751159896,0.6542982602645178,0.21082901798266232,0.11026680484926925,0.6789041771680684
6,kdhc_plant_integrated_mgmt,kdhc_plant_integrated_mgmt:DAR-001,통상수용,0.25,통상수용,통상수용,True,False,True,통상수용,0.7154471344747809,0.15604324475723902,0.12850962076798003,통상수용,0.8214522163970456,0.09447086180863959,0.0840769217943147,통상수용,0.7219082455284895,0.15353260386761272,0.12455915060389772,0.7529358654667719,0.13468223681116376,0.11238189772206415
6,kdhc_plant_integrated_mgmt,kdhc_plant_integrated_mgmt:DAR-002,통상수용,0.25,통상수용,통상수용,True,False,True,통상수용,0.7441774500899389,0.16498060490325778,0.09084194500680343,통상수용,0.7981940694425025,0.1320558581039938,0.06975007245350362,통상수용,0.7583148632451199,0.15549307233381837,0.08619206442106181,0.7668954609258537,0.15084317844702333,0.08226136062712296
6,kdhc_plant_integrated_mgmt,kdhc_plant_integrated_mgmt:DAR-003,통상수용,0.25,통상수용,통상수용,True,False,True,통상수용,0.6678003709358541,0.24908592809375696,0.08311370097038902,통상수용,0.7642940959427006,0.1814312394076389,0.05427466464966052,통상수용,0.6732717867292706,0.24584321238506487,0.08088500088566458,0.7017887512026085,0.22545345996215357,0.07275778883523804
6,kdhc_plant_integrated_mgmt,kdhc_plant_integrated_mgmt:DAR-004,통상수용,0.25,통상수용,통상수용,True,False,True,통상수용,0.5817428599731154,0.26397018135737643,0.15428695866950817,통상수용,0.6776211268102527,0.21233883491980343,0.1100400382699439,통상수용,0.5889337899018146,0.26131630568381087,0.14974990441437452,0.6160992588950608,0.24587510732033024,0.13802563378460886
6,kdhc_plant_integrated_mgmt,kdhc_plant_integrated_mgmt:DAR-005,통상수용,0.25,통상수용,통상수용,True,False,True,통상수용,0.7132163095838372,0.20263400049579922,0.08414968992036358,통상수용,0.786103600556725,0.15667465854908866,0.05722174089418622,통상수용,0.7245386754627973,0.19449650181472405,0.08096482272247872,0.7412861952011198,0.18460172028653732,0.07411208451234284
6,kdhc_plant_integrated_mgmt,kdhc_plant_integrated_mgmt:DAR-006,통상수용,0.25,통상수용,통상수용,True,False,True,통상수용,0.5534920708498002,0.22718336874173292,0.2193245604084669,통상수용,0.5805834519834552,0.20377434781285572,0.21564220020368915,통상수용,0.5614230292815887,0.22402523725484222,0.214551733463569,0.5651661840382814,0.21832765126981027,0.21650616469190834
6,kdhc_plant_integrated_mgmt,kdhc_plant_integrated_mgmt:DAR-007,견적반영,0.25,통상수용,통상수용,True,True,False,통상수용,0.4656902556744883,0.3757752640149333,0.15853448031057835,통상수용,0.5048953456932116,0.3910918531636305,0.10401280114315796,통상수용,0.4604313851250484,0.382310159497122,0.15725845537782973,0.4770056621642494,0.3830590922252286,0.139935245610522
6,kdhc_plant_integrated_mgmt,kdhc_plant_integrated_mgmt:DAR-008,통상수용,0.25,통상수용,통상수용,True,False,True,통상수용,0.7582496592215012,0.14382180359743718,0.09792853718106166,통상수용,0.8457172196921702,0.09065371302909947,0.06362906727873031,통상수용,0.7611945805477033,0.14287761621801848,0.09592780323427819,0.7883871531537916,0.1257843776148517,0.08582846923135672
6,kdhc_plant_integrated_mgmt,kdhc_plant_integrated_mgmt:DAR-009,통상수용,0.25,통상수용,통상수용,True,False,True,통상수용,0.5954041868263968,0.20548960232408425,0.19910621084951893,통상수용,0.6825335484800787,0.1577817743071768,0.15968467721274457,통상수용,0.6047793546992996,0.20191605635190216,0.1933045889487983,0.6275723633352585,0.18839581099438774,0.18403182567035392
6,kdhc_plant_integrated_mgmt,kdhc_plant_integrated_mgmt:DAR-010,통상수용,0.25,견적반영,견적반영,True,True,False,견적반영,0.3043053167091859,0.480302661795926,0.2153920214948881,견적반영,0.35044121302497955,0.4591404852892989,0.19041830168572157,견적반영,0.30356449810835745,0.48606388721479865,0.2103716146768439,0.31943700928084096,0.47516901143334117,0.20539397928581785
6,kdhc_plant_integrated_mgmt,kdhc_plant_integrated_mgmt:DAR-011,통상수용,0.25,통상수용,통상수용,True,False,True,통상수용,0.5865954937112156,0.22455403313757036,0.18885047315121417,통상수용,0.676286179826604,0.17639879963353616,0.14731502053985984,통상수용,0.5982035704683528,0.22026987028217004,0.1815265592494772,0.6203617480020575,0.20707423435109218,0.1725640176468504
6,kdhc_plant_integrated_mgmt,kdhc_plant_integrated_mgmt:DAR-012,통상수용,0.25,견적반영,견적반영,True,True,False,견적반영,0.3330812533721465,0.4744366132903057,0.19248213333754796,견적반영,0.3593644845039639,0.4628152629739833,0.17782025252205275,견적반영,0.32268804592939354,0.4877865196362873,0.18952543443431927,0.33837792793516797,0.47501279863352536,0.18660927343130665
6,kdhc_plant_integrated_mgmt,kdhc_plant_integrated_mgmt:DAR-013,통상수용,0.25,통상수용,통상수용,True,False,True,통상수용,0.6672256926436031,0.21263241085515733,0.12014189650123949,통상수용,0.7526919583275241,0.16149789257392727,0.08581014909854862,통상수용,0.6776411844356911,0.2069974181018285,0.1153613974624804,0.6991862784689394,0.19370924051030436,0.10710448102075616
6,kdhc_plant_integrated_mgmt,kdhc_plant_integrated_mgmt:ECR-001,통상수용,0.25,견적반영,견적반영,True,True,False,견적반영,0.3527838392098403,0.4169927321197484,0.23022342867041126,견적반영,0.36046086568653724,0.4042296898395992,0.23530944447386345,견적반영,0.35187068047343345,0.41745584961748783,0.2306734699090787,0.355038461789937,0.41289275719227847,0.23206878101778447
6,kdhc_plant_integrated_mgmt,kdhc_plant_integrated_mgmt:INR-001,계약·질의검토,0.25,견적반영,견적반영,True,True,False,견적반영,0.24251183684270253,0.4704396735954411,0.28704848956185636,견적반영,0.2332917956927646,0.46966205931485816,0.29704614499237714,견적반영,0.2382940641098295,0.4730218166115545,0.288684119278616,0.2380325655484322,0.4710411831739512,0.2909262512776165
6,kdhc_plant_integrated_mgmt,kdhc_plant_integrated_mgmt:INR-002,견적반영,0.25,통상수용,통상수용,True,True,False,통상수용,0.5560779065060993,0.24776097890577425,0.1961611145881264,통상수용,0.6358133981057817,0.2208738617056985,0.14331274018851978,통상수용,0.5543573826440233,0.25230878350590613,0.1933338338500705,0.5820828957519681,0.24031454137245964,0.17760256287557222
6,kdhc_plant_integrated_mgmt,kdhc_plant_integrated_mgmt:PER-001,계약·질의검토,0.25,계약·질의검토,계약·질의검토,True,False,True,계약·질의검토,0.2703632948842954,0.22357114484639265,0.506065560269312,계약·질의검토,0.33431318012505384,0.24183676762100598,0.4238500522539401,계약·질의검토,0.26648782004799043,0.226478696937518,0.5070334830144917,0.29038809835244656,0.23062886980163888,0.47898303184591456
6,kdhc_plant_integrated_mgmt,kdhc_plant_integrated_mgmt:PER-002,계약·질의검토,0.25,계약·질의검토,계약·질의검토,True,False,True,계약·질의검토,0.29877877472647424,0.15424434731986528,0.5469768779536606,계약·질의검토,0.3457408238767034,0.11454533409988273,0.5397138420234139,계약·질의검토,0.2993065453234866,0.1546224089802331,0.5460710456962803,0.3146087146422214,0.14113736346666036,0.5442539218911182
6,kdhc_plant_integrated_mgmt,kdhc_plant_integrated_mgmt:PER-003,계약·질의검토,0.25,계약·질의검토,계약·질의검토,True,False,True,계약·질의검토,0.21757959416851347,0.2658552729463454,0.5165651328851412,계약·질의검토,0.17715965804118153,0.2582114072577149,0.5646289347011035,계약·질의검토,0.2213216195168164,0.2575248954247041,0.5211534850584795,0.20535362390883713,0.26053052520958814,0.5341158508815748
6,kdhc_plant_integrated_mgmt,kdhc_plant_integrated_mgmt:PER-004,통상수용,0.25,통상수용,통상수용,True,False,True,통상수용,0.45897196042219346,0.3246975463003419,0.21633049327746467,통상수용,0.49838244520422453,0.3078113718944993,0.19380618290127608,통상수용,0.46326212451090476,0.3239239199771189,0.21281395551197635,0.4735388433791076,0.31881094605732,0.20765021056357236
6,kdhc_plant_integrated_mgmt,kdhc_plant_integrated_mgmt:PMR-001,통상수용,0.25,통상수용,통상수용,True,False,True,통상수용,0.5263903603233496,0.19243487499245082,0.28117476468419955,통상수용,0.5842194603712211,0.16547288052749917,0.2503076591012796,통상수용,0.5212740425640147,0.197179830787533,0.2815461266484523,0.5439612877528618,0.18502919543582766,0.27100951681131047
6,kdhc_plant_integrated_mgmt,kdhc_plant_integrated_mgmt:PMR-002,통상수용,0.25,통상수용,통상수용,True,False,True,통상수용,0.5946222662733713,0.15658965051617932,0.24878808321044935,통상수용,0.6312610250291917,0.15523692830226515,0.21350204666854314,통상수용,0.6137900134004353,0.14969542504185973,0.2365145615577051,0.6132244349009994,0.15384066795343473,0.23293489714556584
6,kdhc_plant_integrated_mgmt,kdhc_plant_integrated_mgmt:PMR-003,통상수용,0.25,통상수용,통상수용,True,False,True,통상수용,0.6821737404685575,0.1696676507137288,0.14815860881771364,통상수용,0.7571899591434518,0.13462187709033457,0.10818816376621355,통상수용,0.6875728596940408,0.16756804283122126,0.144859097474738,0.7089788531020167,0.15728585687842822,0.13373529001955506
6,kdhc_plant_integrated_mgmt,kdhc_plant_integrated_mgmt:PMR-004,통상수용,0.25,통상수용,통상수용,True,False,True,통상수용,0.5428217256397975,0.13705042312868268,0.3201278512315199,통상수용,0.6142762735923174,0.10197377272192355,0.2837499536857591,통상수용,0.5515923953289442,0.13336627860373923,0.3150413260673166,0.5695634648536864,0.1241301581514485,0.30630637699486524
6,kdhc_plant_integrated_mgmt,kdhc_plant_integrated_mgmt:PMR-005,통상수용,0.25,통상수용,통상수용,True,False,True,통상수용,0.5571968153363995,0.14800336476984763,0.2947998198937528,통상수용,0.6547714812192834,0.11972949441620591,0.22549902436451078,통상수용,0.5609777351305825,0.14420741919654687,0.29481484567287064,0.5909820105620884,0.13731342612753347,0.27170456331037807
6,kdhc_plant_integrated_mgmt,kdhc_plant_integrated_mgmt:PMR-006,통상수용,0.25,통상수용,통상수용,True,False,True,통상수용,0.5292436088568104,0.19818265199578194,0.27257373914740773,통상수용,0.6124431807074798,0.16617329164711947,0.22138352764540073,통상수용,0.5220991004597646,0.1975150928682202,0.2803858066720152,0.554595296674685,0.18729034550370718,0.2581143578216079
6,kdhc_plant_integrated_mgmt,kdhc_plant_integrated_mgmt:PMR-007,통상수용,0.25,견적반영,견적반영,True,True,False,견적반영,0.2782684875748132,0.4010491877967936,0.3206823246283931,견적반영,0.26407719210053426,0.46290341098935045,0.2730193969101153,견적반영,0.27227620833978194,0.4043931905832302,0.32333060107698797,0.27154062933837647,0.42278192978979146,0.3056774408718321
6,kdhc_plant_integrated_mgmt,kdhc_plant_integrated_mgmt:PMR-008,견적반영,0.25,통상수용,통상수용,True,True,False,통상수용,0.42418768315127914,0.40799870927880016,0.16781360756992078,통상수용,0.45140857521926797,0.4209011710712177,0.1276902537095143,통상수용,0.4304935104533336,0.4041442955621542,0.1653621939845122,0.43536325627462685,0.4110147253040573,0.15362201842131576
6,kdhc_plant_integrated_mgmt,kdhc_plant_integrated_mgmt:PMR-009,견적반영,0.25,계약·질의검토,계약·질의검토,True,True,False,계약·질의검토,0.2907505124780599,0.29145748872903426,0.41779199879290596,계약·질의검토,0.2772177045513473,0.3089591146493073,0.41382318079934544,계약·질의검토,0.29401898822621486,0.2881110315414338,0.41786998023235145,0.28732906841854067,0.2961758783065918,0.41649505327486763
6,kdhc_plant_integrated_mgmt,kdhc_plant_integrated_mgmt:PMR-010,견적반영,0.25,계약·질의검토,계약·질의검토,False,False,True,견적반영,0.24461974632596634,0.38042917647244906,0.3749510772015846,계약·질의검토,0.2029988729821302,0.37070067056570993,0.42630045645215986,계약·질의검토,0.2424527043560741,0.37806172868760013,0.37948556695632574,0.23002377455472356,0.3763971919085864,0.39357903353669005
6,kdhc_plant_integrated_mgmt,kdhc_plant_integrated_mgmt:PSR-001,통상수용,0.25,통상수용,통상수용,True,False,True,통상수용,0.55396180170807,0.30185664784863003,0.14418155044330003,통상수용,0.6299649222130408,0.26098904541126244,0.10904603237569682,통상수용,0.5602504932266358,0.2961460405896919,0.14360346618367228,0.5813924057159156,0.28633057794986144,0.13227701633422304
6,kdhc_plant_integrated_mgmt,kdhc_plant_integrated_mgmt:PSR-002,통상수용,0.25,통상수용,통상수용,True,False,True,통상수용,0.43490255773481007,0.26563633061256625,0.2994611116526237,통상수용,0.5156891775987625,0.24609947169649657,0.23821135070474087,통상수용,0.4424358469024971,0.26069480856266275,0.29686934453484004,0.46434252741202325,0.2574768702905752,0.27818060229740155
6,kdhc_plant_integrated_mgmt,kdhc_plant_integrated_mgmt:PSR-003,계약·질의검토,0.25,통상수용,계약·질의검토,False,False,True,계약·질의검토,0.4222486401001923,0.13098814401116635,0.4467632158886413,통상수용,0.4858983680954722,0.10184328211301653,0.4122583497915112,계약·질의검토,0.43377158734967713,0.12785297796925701,0.43837543468106577,0.4473061985151139,0.12022813469781331,0.43246566678707277
6,kdhc_plant_integrated_mgmt,kdhc_plant_integrated_mgmt:PSR-004,통상수용,0.25,통상수용,통상수용,True,False,True,통상수용,0.4533550024712678,0.15188524824451502,0.39475974928421714,통상수용,0.5167748622724352,0.12069785896502551,0.36252727876253926,통상수용,0.4583796569069815,0.1499264704921025,0.3916938726009159,0.47616984055022815,0.14083652590054768,0.3829936335492241
6,kdhc_plant_integrated_mgmt,kdhc_plant_integrated_mgmt:PSR-005,통상수용,0.25,계약·질의검토,계약·질의검토,True,True,False,계약·질의검토,0.32292546008646605,0.1638508865832996,0.5132236533302343,계약·질의검토,0.32896248412159973,0.1752340827821791,0.4958034330962211,계약·질의검토,0.3181853025443041,0.16350240379149836,0.5183122936641975,0.32335774891745667,0.16752912438565903,0.5091131266968844
6,kdhc_plant_integrated_mgmt,kdhc_plant_integrated_mgmt:PSR-006,통상수용,0.25,통상수용,통상수용,True,False,True,통상수용,0.6086585383400298,0.0964987271372992,0.29484273452267096,통상수용,0.740167319301049,0.06018371613098167,0.1996489645679694,통상수용,0.6111265627121775,0.09341267282829803,0.29546076445952446,0.6533174734510854,0.08336503869885964,0.263317487850055
6,kdhc_plant_integrated_mgmt,kdhc_plant_integrated_mgmt:PSR-007,통상수용,0.25,계약·질의검토,계약·질의검토,True,True,False,계약·질의검토,0.26320638548993763,0.12228016221900394,0.6145134522910585,계약·질의검토,0.206562303972275,0.08178075930348432,0.7116569367242407,계약·질의검토,0.2623833796253042,0.11884488261787056,0.6187717377568253,0.24405068969583896,0.10763526804678626,0.6483140422573749
6,kdhc_plant_integrated_mgmt,kdhc_plant_integrated_mgmt:PSR-008,통상수용,0.25,통상수용,통상수용,True,False,True,통상수용,0.6357934869193349,0.1552287008815745,0.20897781219909053,통상수용,0.7450451042669558,0.11571750371770262,0.1392373920153416,통상수용,0.6391969243731275,0.15147659973073557,0.2093264758961369,0.6733451718531395,0.14080760144333757,0.18584722670352302
6,kdhc_plant_integrated_mgmt,kdhc_plant_integrated_mgmt:PSR-009,견적반영,0.25,견적반영,견적반영,True,False,True,견적반영,0.3169536244548416,0.4157257517690663,0.267320623776092,견적반영,0.2980829125906101,0.4630973142796556,0.23881977312973432,견적반영,0.3204900158568757,0.4137457262899828,0.26576425785314156,0.31184218430077576,0.4308562641129016,0.2573015515863226
6,kdhc_plant_integrated_mgmt,kdhc_plant_integrated_mgmt:QUR-001,통상수용,0.25,통상수용,통상수용,True,False,True,통상수용,0.5440525720425574,0.11776027729055338,0.3381871506668892,통상수용,0.5363042457055734,0.10371430264313246,0.35998145165129414,통상수용,0.5502110880511748,0.11493735445155925,0.334851557497266,0.5435226352664352,0.11213731146174837,0.34434005327181644
6,kdhc_plant_integrated_mgmt,kdhc_plant_integrated_mgmt:QUR-002,통상수용,0.25,통상수용,통상수용,True,False,True,통상수용,0.6163719575699865,0.19112619151022364,0.1925018509197898,통상수용,0.6579267089326294,0.17473480722604257,0.16733848384132802,통상수용,0.6300248874526061,0.18622674728878036,0.1837483652586136,0.634774517985074,0.18402924867501555,0.1811962333399105
6,kdhc_plant_integrated_mgmt,kdhc_plant_integrated_mgmt:QUR-003,견적반영,0.25,통상수용,통상수용,True,True,False,통상수용,0.41822738603717124,0.3057891131302023,0.2759835008326264,통상수용,0.40930799082412594,0.3100444366127414,0.2806475725631328,통상수용,0.42297949150402375,0.3007939402304145,0.2762265682655617,0.416838289455107,0.30554249665778604,0.2776192138871069
6,kdhc_plant_integrated_mgmt,kdhc_plant_integrated_mgmt:QUR-004,통상수용,0.25,통상수용,통상수용,True,False,True,통상수용,0.5889114423635756,0.2017573390636913,0.20933121857273299,통상수용,0.652332447932569,0.186945228088853,0.160722323978578,통상수용,0.5996777401436757,0.19606581632017855,0.20425644353614575,0.6136405434799401,0.19492279449090763,0.19143666202915224
6,kdhc_plant_integrated_mgmt,kdhc_plant_integrated_mgmt:SER-001,통상수용,0.25,통상수용,통상수용,True,False,True,통상수용,0.6407737639084045,0.20597996326078116,0.15324627283081438,통상수용,0.7416192751461319,0.14861156891481592,0.10976915593905219,통상수용,0.6476249446219535,0.20046508638833013,0.15190996898971637,0.6766726612254966,0.18501887285464239,0.13830846591986098
6,kdhc_plant_integrated_mgmt,kdhc_plant_integrated_mgmt:SER-002,계약·질의검토,0.25,통상수용,통상수용,True,True,False,통상수용,0.5534099769865154,0.1611218476454973,0.2854681753679873,통상수용,0.627510472093224,0.12887450038821233,0.24361502751856368,통상수용,0.5532946972089546,0.15841414233577739,0.28829116045526804,0.5780717154295646,0.1494701634564957,0.2724581211139397
6,kdhc_plant_integrated_mgmt,kdhc_plant_integrated_mgmt:SER-003,통상수용,0.25,통상수용,통상수용,True,False,True,통상수용,0.5356197707606327,0.24001437348141683,0.22436585575795048,통상수용,0.5979169387552035,0.18993850457120617,0.2121445566735904,통상수용,0.527788360042543,0.24174507391299882,0.23046656604445817,0.5537750231861264,0.22389931732187396,0.22232565949199967
6,kdhc_plant_integrated_mgmt,kdhc_plant_integrated_mgmt:SER-004,계약·질의검토,0.25,통상수용,통상수용,True,True,False,통상수용,0.43553154138584677,0.22807837029799888,0.33639008831615447,통상수용,0.4594259512616822,0.22446544535864518,0.3161086033796728,통상수용,0.43691681189503023,0.22340282711954318,0.33968036098542664,0.4439581015141864,0.2253155475920624,0.3307263508937513
6,kdhc_plant_integrated_mgmt,kdhc_plant_integrated_mgmt:SER-005,통상수용,0.25,통상수용,통상수용,True,False,True,통상수용,0.5781985625354684,0.15100680172657985,0.2707946357379517,통상수용,0.6772737094460661,0.09867172854923399,0.22405456200469995,통상수용,0.5759970395644197,0.14976367487207046,0.27423928556350985,0.610489770515318,0.13314740171596143,0.2563628277687205
6,kdhc_plant_integrated_mgmt,kdhc_plant_integrated_mgmt:SER-006,통상수용,0.25,통상수용,통상수용,True,False,True,통상수용,0.5798228619548385,0.17929790528901995,0.24087923275614156,통상수용,0.6672820816333567,0.12706924321541488,0.20564867515122845,통상수용,0.5681035900035292,0.182404007864294,0.24949240213217672,0.6050695111972414,0.16292371878957626,0.23200677001318226
6,kdhc_plant_integrated_mgmt,kdhc_plant_integrated_mgmt:SER-007,통상수용,0.25,통상수용,통상수용,True,False,True,통상수용,0.5851711974766686,0.13529140045879637,0.27953740206453515,통상수용,0.6707295284995638,0.10188296423845508,0.22738750726198118,통상수용,0.5806388257640116,0.13523749631015164,0.2841236779258368,0.6121798505800814,0.12413728700246769,0.26368286241745104
6,kdhc_plant_integrated_mgmt,kdhc_plant_integrated_mgmt:SER-008,통상수용,0.25,통상수용,통상수용,True,False,True,통상수용,0.5681971883559389,0.18578016701974745,0.24602264462431364,통상수용,0.6551408322844707,0.14494137168773824,0.1999177960277909,통상수용,0.5594353858336591,0.1882349884825419,0.25232962568379896,0.5942578021580229,0.17298550906334254,0.2327566887786345
6,kdhc_plant_integrated_mgmt,kdhc_plant_integrated_mgmt:SER-009,통상수용,0.25,통상수용,통상수용,True,False,True,통상수용,0.6557076258320723,0.13109125308507324,0.21320112108285458,통상수용,0.7272365755079749,0.09700914611802264,0.17575427837400232,통상수용,0.6592253066307885,0.12859567508483152,0.21217901828438004,0.6807231693236119,0.11889869142930913,0.20037813924707895
6,kdhc_plant_integrated_mgmt,kdhc_plant_integrated_mgmt:SER-010,통상수용,0.25,통상수용,통상수용,True,False,True,통상수용,0.5046523374275768,0.32900547122195145,0.16634219135047185,통상수용,0.6031971590054669,0.27002349598916886,0.1267793450053642,통상수용,0.5008954103084723,0.33075184734900737,0.16835274234252046,0.5362483022471719,0.3099269381867092,0.15382475956611882
6,kdhc_plant_integrated_mgmt,kdhc_plant_integrated_mgmt:SER-011,견적반영,0.25,통상수용,통상수용,True,True,False,통상수용,0.40440451704662533,0.2283598210327504,0.3672356619206243,통상수용,0.43752636048219484,0.17955287428926917,0.38292076522853596,통상수용,0.39466678601423355,0.2302565584787332,0.37507665550703334,0.41219922118101787,0.2127230846002509,0.3750776942187312
6,kdhc_plant_integrated_mgmt,kdhc_plant_integrated_mgmt:SER-012,통상수용,0.25,통상수용,통상수용,True,False,True,통상수용,0.4860255693543519,0.2242333299459815,0.28974110069966647,통상수용,0.49186247339944106,0.20882701045996618,0.2993105161405928,통상수용,0.4780637711338299,0.226161255125184,0.295774973740986,0.48531727129587426,0.21974053184371056,0.2949421968604151
6,kdhc_plant_integrated_mgmt,kdhc_plant_integrated_mgmt:SER-013,통상수용,0.25,통상수용,통상수용,True,False,True,통상수용,0.623342898378797,0.1577653218465053,0.21889177977469776,통상수용,0.7318884119245548,0.11360713315177777,0.15450445492366738,통상수용,0.6378281269056143,0.15138265483125501,0.2107892182631306,0.664353145736322,0.14091836994317936,0.19472848432049858
6,kdhc_plant_integrated_mgmt,kdhc_plant_integrated_mgmt:SFR-001,통상수용,0.25,견적반영,견적반영,True,True,False,견적반영,0.3519832329267075,0.4229517822075733,0.22506498486571927,견적반영,0.37493582123708485,0.4211247282468993,0.20393945051601592,견적반영,0.3533149543648211,0.42131867143826734,0.22536637419691152,0.36007800284287117,0.4217983939642466,0.21812360319288224
6,kdhc_plant_integrated_mgmt,kdhc_plant_integrated_mgmt:SFR-002,견적반영,0.25,견적반영,견적반영,True,False,True,견적반영,0.22996442835479694,0.4432118739997089,0.32682369764549407,견적반영,0.20308049575221107,0.4733796807643956,0.3235398234833933,견적반영,0.22421279647558714,0.4442447779037593,0.3315424256206534,0.21908590686086504,0.45361211088928793,0.3273019822498469
6,kdhc_plant_integrated_mgmt,kdhc_plant_integrated_mgmt:SFR-003,통상수용,0.25,통상수용,계약·질의검토,False,False,True,계약·질의검토,0.3536661533891168,0.2917979802640201,0.3545358663468631,통상수용,0.4237217969288032,0.2504765966061902,0.32580160646500667,계약·질의검토,0.34913006458860835,0.2922939867044644,0.3585759487069272,0.3755060049688428,0.2781895211915582,0.34630447383959906
6,kdhc_plant_integrated_mgmt,kdhc_plant_integrated_mgmt:SFR-004,통상수용,0.25,통상수용,통상수용,True,False,True,통상수용,0.5257625536006973,0.2754356936705426,0.19880175272876008,통상수용,0.595484272034995,0.24309644370797187,0.1614192842570332,통상수용,0.5181201755421163,0.2820107641017103,0.1998690603561735,0.5464556670592696,0.2668476338267416,0.18669669911398892
6,kdhc_plant_integrated_mgmt,kdhc_plant_integrated_mgmt:SFR-005,통상수용,0.25,통상수용,통상수용,True,False,True,통상수용,0.5826535800622158,0.2845363471911208,0.13281007274666345,통상수용,0.7154658067586167,0.20529209643965599,0.07924209680172717,통상수용,0.5766875594757974,0.290103294428687,0.13320914609551557,0.6249356487655433,0.25997724601982125,0.11508710521463539
6,kdhc_plant_integrated_mgmt,kdhc_plant_integrated_mgmt:SFR-006,견적반영,0.25,통상수용,통상수용,True,True,False,통상수용,0.5348155655935397,0.2854258335535386,0.17975860085292167,통상수용,0.6555456561986129,0.2212964402843297,0.1231579035170574,통상수용,0.5187242258098822,0.297689299685865,0.18358647450425292,0.5696951492006783,0.26813719117457774,0.162167659624744
6,kdhc_plant_integrated_mgmt,kdhc_plant_integrated_mgmt:SFR-007,견적반영,0.25,통상수용,통상수용,True,True,False,통상수용,0.5212752504198086,0.3211964559370306,0.15752829364316082,통상수용,0.5780079919977561,0.3039958808934004,0.11799612710884341,통상수용,0.526246922409108,0.3180579216157462,0.1556951559751458,0.5418433882755576,0.31441675281539244,0.14373985890905003
6,kdhc_plant_integrated_mgmt,kdhc_plant_integrated_mgmt:SFR-008,견적반영,0.25,통상수용,통상수용,True,True,False,통상수용,0.4390602519994885,0.3253208555331568,0.23561889246735468,통상수용,0.48617721924119434,0.29197886474723866,0.221843916011567,통상수용,0.4279043800405114,0.33304041679004304,0.23905520316944562,0.45104728376039804,0.3167800456901462,0.23217267054945578
6,kdhc_plant_integrated_mgmt,kdhc_plant_integrated_mgmt:SFR-009,계약·질의검토,0.25,견적반영,견적반영,True,True,False,견적반영,0.36785114909851935,0.37732810846533527,0.25482074243614533,견적반영,0.37996044187186895,0.3890864713586571,0.23095308676947393,견적반영,0.3611980231320799,0.3844408493631402,0.25436112750477985,0.36966987136748936,0.38361847639571084,0.24671165223679972
6,kdhc_plant_integrated_mgmt,kdhc_plant_integrated_mgmt:SFR-010,견적반영,0.25,통상수용,통상수용,True,True,False,통상수용,0.4331806698270194,0.3652981413224858,0.20152118885049475,통상수용,0.4943921835100284,0.31912139620213703,0.18648642028783458,통상수용,0.4280324240435054,0.37045739474355777,0.20151018121293693,0.4518684257935177,0.3516256440893935,0.19650593011708875
6,kdhc_plant_integrated_mgmt,kdhc_plant_integrated_mgmt:SFR-011,계약·질의검토,0.25,계약·질의검토,계약·질의검토,True,False,True,계약·질의검토,0.3402647633995497,0.2835551727212874,0.37618006387916286,계약·질의검토,0.36756923976436273,0.23795700477431023,0.3944737554613272,계약·질의검토,0.33841049394602846,0.28577453740133135,0.37581496865264025,0.34874816570331363,0.2690955716323096,0.3821562626643768
6,kdhc_plant_integrated_mgmt,kdhc_plant_integrated_mgmt:SFR-012,견적반영,0.25,통상수용,통상수용,True,True,False,통상수용,0.46245093803808685,0.35867308313767216,0.17887597882424106,통상수용,0.5984428818871932,0.2721233888437662,0.12943372926904062,통상수용,0.45141260283383056,0.36815115001834575,0.18043624714782378,0.5041021409197035,0.33298254066659466,0.1629153184137018
6,kdhc_plant_integrated_mgmt,kdhc_plant_integrated_mgmt:SFR-013,계약·질의검토,0.25,견적반영,견적반영,True,True,False,견적반영,0.35016783159210774,0.37034878039909097,0.27948338800880135,견적반영,0.3649103118647345,0.40156571802295604,0.23352397011230952,견적반영,0.3387058304697679,0.3791242589416724,0.2821699105885598,0.3512613246422034,0.38367958578790645,0.2650590895698902
6,kdhc_plant_integrated_mgmt,kdhc_plant_integrated_mgmt:SFR-014,견적반영,0.25,통상수용,통상수용,True,True,False,통상수용,0.44927682627844645,0.36085946790300844,0.18986370581854517,통상수용,0.4992402520087921,0.3592186233530922,0.14154112463811566,통상수용,0.44883450596512897,0.3638637276631567,0.18730176637171436,0.4657838614174558,0.36131393963975245,0.1729021989427917
6,kdhc_plant_integrated_mgmt,kdhc_plant_integrated_mgmt:SFR-015,계약·질의검토,0.25,통상수용,통상수용,True,True,False,통상수용,0.45914135998180017,0.3477573370328958,0.19310130298530412,통상수용,0.5181214478259735,0.30860744992775824,0.17327110224626835,통상수용,0.45156090632791385,0.352851613509057,0.19558748016302904,0.4762745713785625,0.336405466823237,0.1873199617982005
6,kdhc_plant_integrated_mgmt,kdhc_plant_integrated_mgmt:SFR-016,견적반영,0.25,통상수용,통상수용,True,True,False,통상수용,0.46692825169246677,0.3388062874647355,0.19426546084279772,통상수용,0.47352814741966825,0.3833193153650971,0.14315253721523472,통상수용,0.466666681399921,0.3408126690876644,0.19252064951241463,0.469041026837352,0.3543127573058323,0.1766462158568157
6,kdhc_plant_integrated_mgmt,kdhc_plant_integrated_mgmt:SFR-017,통상수용,0.25,통상수용,통상수용,True,False,True,통상수용,0.5278342632955387,0.33626823465198946,0.13589750205247178,통상수용,0.5685434632865332,0.32741816460301676,0.10403837211045008,통상수용,0.529247533759857,0.3353411070461684,0.1354113591939745,0.5418750867806429,0.33300916876705816,0.12511574445229878
6,kdhc_plant_integrated_mgmt,kdhc_plant_integrated_mgmt:SFR-018,견적반영,0.25,통상수용,통상수용,True,True,False,통상수용,0.41774269040311746,0.3721055418424083,0.21015176775447428,통상수용,0.4467379371718296,0.381189635379166,0.17207242744900433,통상수용,0.4077415532280149,0.37749281846410315,0.21476562830788198,0.424074060267654,0.3769293318952258,0.19899660783712023
6,kdhc_plant_integrated_mgmt,kdhc_plant_integrated_mgmt:SFR-019,견적반영,0.25,통상수용,통상수용,True,True,False,통상수용,0.42959587477366135,0.32379875028795896,0.24660537493837964,통상수용,0.4817534647000199,0.3388088147187543,0.1794377205812258,통상수용,0.43979269996983966,0.317398871729348,0.24280842830081228,0.45038067981450697,0.32666881224535377,0.22295050794013926
6,kdhc_plant_integrated_mgmt,kdhc_plant_integrated_mgmt:SFR-020,통상수용,0.25,통상수용,통상수용,True,False,True,통상수용,0.6698558916267806,0.19280495943223014,0.1373391489409893,통상수용,0.7550566774843106,0.15211443612024597,0.09282888639544344,통상수용,0.6779330614044295,0.1875392793648111,0.13452765923075935,0.7009485435051735,0.17748622497242905,0.12156523152239736
6,kdhc_plant_integrated_mgmt,kdhc_plant_integrated_mgmt:SFR-021,통상수용,0.25,통상수용,통상수용,True,False,True,통상수용,0.49031128185666195,0.31517874496474857,0.19450997317858956,통상수용,0.5367379588492431,0.3340993843943814,0.12916265675637545,통상수용,0.49611061401235157,0.3121881478974765,0.19170123809017187,0.5077199515727523,0.3204887590855355,0.1717912893417123
6,kdhc_plant_integrated_mgmt,kdhc_plant_integrated_mgmt:SFR-022,통상수용,0.25,통상수용,통상수용,True,False,True,통상수용,0.43942711678839547,0.3158665647652595,0.24470631844634497,통상수용,0.4852068738457267,0.3003734627912813,0.21441966336299206,통상수용,0.4400574456173417,0.31777177047378313,0.24217078390887517,0.45489714541715465,0.31133726601010797,0.2337655885727374
6,kdhc_plant_integrated_mgmt,kdhc_plant_integrated_mgmt:SFR-023,통상수용,0.25,견적반영,견적반영,True,True,False,견적반영,0.3789058317096784,0.42175121335615046,0.19934295493417115,견적반영,0.4231822349595656,0.42992038612678946,0.1468973789136449,견적반영,0.37513151773195147,0.42373135716447635,0.20113712510357223,0.39240652813373184,0.4251343188824721,0.18245915298379609
6,kdhc_plant_integrated_mgmt,kdhc_plant_integrated_mgmt:SFR-024,통상수용,0.25,견적반영,견적반영,True,True,False,견적반영,0.38967291752113276,0.42521561419146986,0.18511146828739744,견적반영,0.4333244882303333,0.43436170736317004,0.13231380440649676,견적반영,0.3887680950639828,0.42678995480352727,0.18444195013248985,0.4039218336051496,0.42878909211938904,0.16728907427546136
6,kdhc_plant_integrated_mgmt,kdhc_plant_integrated_mgmt:SFR-025,통상수용,0.25,통상수용,통상수용,True,False,True,통상수용,0.4368890105135938,0.33885600363018403,0.22425498585622208,통상수용,0.5079046366510322,0.3261548158374921,0.16594054751147563,통상수용,0.42592840172341184,0.346604240988339,0.22746735728824904,0.4569073496293459,0.3372050201520051,0.20588763021864895
6,kdhc_plant_integrated_mgmt,kdhc_plant_integrated_mgmt:SFR-026,통상수용,0.25,통상수용,통상수용,True,False,True,통상수용,0.49976685239619617,0.31265155902002484,0.187581588583779,통상수용,0.6065992104956397,0.2567094998869096,0.13669128961745075,통상수용,0.509941447221529,0.30404847133982676,0.1860100814386443,0.5387691700377882,0.2911365100822538,0.17009431987995802
6,kdhc_plant_integrated_mgmt,kdhc_plant_integrated_mgmt:SFR-027,통상수용,0.25,견적반영,견적반영,False,False,True,견적반영,0.3940864042714347,0.4187516568847272,0.1871619388438381,통상수용,0.42772699198049824,0.40600483433219386,0.16626817368730792,견적반영,0.3930903984753071,0.42025830043344886,0.1866513010912441,0.4049679315757467,0.41500493055012333,0.18002713787413005
6,kdhc_plant_integrated_mgmt,kdhc_plant_integrated_mgmt:SFR-028,계약·질의검토,0.25,통상수용,통상수용,True,True,False,통상수용,0.5340048523553356,0.3262688241347628,0.13972632350990155,통상수용,0.6097119678917574,0.29806465793235604,0.09222337417588661,통상수용,0.5448041867626605,0.3199630153859532,0.1352327978513863,0.5628403356699178,0.31476549915102403,0.12239416517905816
6,kdhc_plant_integrated_mgmt,kdhc_plant_integrated_mgmt:SFR-029,통상수용,0.25,통상수용,통상수용,True,False,True,통상수용,0.5062751306643759,0.31640284543449604,0.177322023901128,통상수용,0.567413940582856,0.298354693039311,0.13423136637783306,통상수용,0.4959874831828242,0.32325652391562826,0.18075599290154754,0.523225518143352,0.3126713541298118,0.1641031277268362
6,kdhc_plant_integrated_mgmt,kdhc_plant_integrated_mgmt:SFR-030,통상수용,0.25,통상수용,통상수용,True,False,True,통상수용,0.44113909324648737,0.3689258824337687,0.18993502431974393,통상수용,0.44908764480127816,0.38484441014091153,0.16606794505781025,통상수용,0.4402436388425578,0.3703550702870918,0.1894012908703503,0.4434901256301078,0.37470845428725735,0.1818014200826348
6,kdhc_plant_integrated_mgmt,kdhc_plant_integrated_mgmt:SFR-031,통상수용,0.25,통상수용,통상수용,True,False,True,통상수용,0.5602899280862277,0.25035580240977867,0.18935426950399362,통상수용,0.6356311653591262,0.21169144350164912,0.1526773911392246,통상수용,0.5635950526881826,0.24913944137389862,0.18726550593791885,0.5865053820445122,0.2370622290951088,0.176432388860379
6,kdhc_plant_integrated_mgmt,kdhc_plant_integrated_mgmt:SFR-032,통상수용,0.25,통상수용,통상수용,True,False,True,통상수용,0.4637019354405501,0.31350190598760824,0.22279615857184154,통상수용,0.5087287587081868,0.300307307679967,0.1909639336118463,통상수용,0.4542272977794121,0.31922163709139895,0.22655106512918888,0.47555266397604967,0.3110102835863247,0.21343705243762556
6,kdhc_plant_integrated_mgmt,kdhc_plant_integrated_mgmt:SFR-033,통상수용,0.25,통상수용,통상수용,True,False,True,통상수용,0.5291423771195474,0.31084285117611943,0.1600147717043332,통상수용,0.6080683283163606,0.26207411844359413,0.12985755324004541,통상수용,0.5358317476971493,0.3083390105866378,0.15582924171621299,0.5576808177110191,0.29375199340211716,0.14856718888686388
6,kdhc_plant_integrated_mgmt,kdhc_plant_integrated_mgmt:SFR-034,견적반영,0.25,통상수용,통상수용,True,True,False,통상수용,0.507906346260773,0.3564376847503643,0.13565596898886276,통상수용,0.5546735098910976,0.3456366472396396,0.09968984286926282,통상수용,0.5048039962513464,0.35830320956604605,0.13689279418260755,0.5224612841344057,0.3534591805186833,0.12407953534691103
6,kdhc_plant_integrated_mgmt,kdhc_plant_integrated_mgmt:SFR-035,통상수용,0.25,통상수용,통상수용,True,False,True,통상수용,0.588422956901331,0.2682945395135819,0.1432825035850871,통상수용,0.6448865477860164,0.23753545451753813,0.11757799769644546,통상수용,0.601858868706414,0.2577844989723651,0.1403566323212208,0.6117227911312537,0.25453816433449505,0.13373904453425112
6,kdhc_plant_integrated_mgmt,kdhc_plant_integrated_mgmt:SFR-036,통상수용,0.25,통상수용,통상수용,True,False,True,통상수용,0.5548914596499914,0.23785930940033162,0.20724923094967695,통상수용,0.6403892918733756,0.17741917755224504,0.18219153057437945,통상수용,0.5659236660284406,0.23489861957075647,0.19917771440080295,0.5870681391839359,0.21672570217444434,0.1962061586416198
6,kdhc_plant_integrated_mgmt,kdhc_plant_integrated_mgmt:SFR-037,통상수용,0.25,통상수용,통상수용,True,False,True,통상수용,0.5079069252959802,0.2776183736270582,0.2144747010769614,통상수용,0.5415311663054433,0.27487276645158215,0.1835960672429745,통상수용,0.513084965005422,0.27520720189130093,0.21170783310327715,0.5208410188689485,0.2758994473233138,0.20325953380773767
6,kdhc_plant_integrated_mgmt,kdhc_plant_integrated_mgmt:SFR-038,통상수용,0.25,통상수용,통상수용,True,False,True,통상수용,0.48743832666593984,0.2930814919438204,0.21948018139023973,통상수용,0.5099940219371589,0.2878851839857843,0.20212079407705677,통상수용,0.4947620525363919,0.29024901080673415,0.21498893665687394,0.4973981337131635,0.2904052289121129,0.21219663737472347
6,kdhc_plant_integrated_mgmt,kdhc_plant_integrated_mgmt:SFR-039,통상수용,0.25,통상수용,통상수용,True,False,True,통상수용,0.5585231383808207,0.26189293759230897,0.17958392402687035,통상수용,0.6421624651274626,0.2066852059110481,0.15115232896148925,통상수용,0.5669082756979954,0.2585293735867389,0.1745623507152657,0.5891979597354262,0.24236917236336533,0.16843286790120846
6,kdhc_plant_integrated_mgmt,kdhc_plant_integrated_mgmt:SFR-040,통상수용,0.25,통상수용,통상수용,True,False,True,통상수용,0.6124940703845541,0.24015763258662542,0.1473482970288206,통상수용,0.6807715009802232,0.20949780809054688,0.10973069092922995,통상수용,0.623008128122405,0.2352539668156282,0.1417379050619668,0.6387578998290607,0.22830313583093353,0.13293896434000577
6,kdhc_plant_integrated_mgmt,kdhc_plant_integrated_mgmt:SFR-041,통상수용,0.25,통상수용,통상수용,True,False,True,통상수용,0.564627167426814,0.22400674388614594,0.21136608868704004,통상수용,0.6915500733733261,0.15201508246102674,0.1564348441656471,통상수용,0.5740301121992394,0.21826850916350232,0.20770137863725827,0.6100691176664598,0.19809677850355834,0.19183410382998178
6,kdhc_plant_integrated_mgmt,kdhc_plant_integrated_mgmt:SFR-042,통상수용,0.25,통상수용,통상수용,True,False,True,통상수용,0.6752670652288173,0.17192166326965302,0.1528112715015297,통상수용,0.7376530543213168,0.13461904597798308,0.1277278997007,통상수용,0.6887728838790924,0.16386505923742362,0.14736205688348405,0.7005643344764088,0.15680192282835323,0.1426337426952379
6,kdhc_plant_integrated_mgmt,kdhc_plant_integrated_mgmt:SFR-043,통상수용,0.25,통상수용,통상수용,True,False,True,통상수용,0.5656707151551426,0.24138278484551196,0.19294649999934552,통상수용,0.6690705348372226,0.1829757038182387,0.14795376134453864,통상수용,0.5810444739143554,0.23335912225871847,0.18559640382692605,0.6052619079689069,0.21923920364082305,0.17549888839027009
6,kdhc_plant_integrated_mgmt,kdhc_plant_integrated_mgmt:SFR-044,통상수용,0.25,통상수용,통상수용,True,False,True,통상수용,0.5285732071846463,0.32616464899008396,0.14526214382526978,통상수용,0.6151192746051057,0.28164199575266907,0.10323872964222514,통상수용,0.5275706491405442,0.32859811445355386,0.14383123640590195,0.5570877103100987,0.31213491973210233,0.13077736995779896
6,kdhc_plant_integrated_mgmt,kdhc_plant_integrated_mgmt:SFR-045,통상수용,0.25,통상수용,통상수용,True,False,True,통상수용,0.5819599190176084,0.25682464361660545,0.16121543736578622,통상수용,0.6731080698791523,0.19850735641965395,0.12838457370119377,통상수용,0.5912483013094928,0.25061316264431244,0.1581385360461948,0.6154387634020845,0.23531505422685728,0.14924618237105824
6,kdhc_plant_integrated_mgmt,kdhc_plant_integrated_mgmt:SFR-046,통상수용,0.25,통상수용,통상수용,True,False,True,통상수용,0.5239911887036399,0.23920443978324454,0.23680437151311554,통상수용,0.5811836777704145,0.18769415410772036,0.2311221681218652,통상수용,0.5376113770323502,0.23005327804376807,0.23233534492388178,0.5475954145021348,0.21898395731157763,0.2334206281862875
6,kdhc_plant_integrated_mgmt,kdhc_plant_integrated_mgmt:SFR-047,통상수용,0.25,통상수용,통상수용,True,False,True,통상수용,0.5158862732682474,0.34161306442154704,0.14250066231020564,통상수용,0.5813506745338134,0.3112980488750999,0.10735127659108679,통상수용,0.5298607429723957,0.33005353538832505,0.1400857216392792,0.542365896924819,0.3276548828949907,0.12997922018019056
6,kdhc_plant_integrated_mgmt,kdhc_plant_integrated_mgmt:SFR-048,계약·질의검토,0.25,통상수용,통상수용,True,True,False,통상수용,0.4909343528250106,0.30682765737243783,0.20223798980255148,통상수용,0.5286698928572726,0.30619195410162525,0.16513815304110221,통상수용,0.48706968939770506,0.31029420016841547,0.2026361104338795,0.5022246450266628,0.30777127054749287,0.1900040844258444
6,kdhc_plant_integrated_mgmt,kdhc_plant_integrated_mgmt:SFR-049,통상수용,0.25,통상수용,통상수용,True,False,True,통상수용,0.49092760440239086,0.3334091546354488,0.1756632409621604,통상수용,0.5632654427204781,0.3102405282802225,0.12649402899929946,통상수용,0.47994507845462103,0.3411579617062955,0.17889695983908335,0.5113793751924967,0.3282692148739889,0.1603514099335144
6,kdhc_plant_integrated_mgmt,kdhc_plant_integrated_mgmt:SFR-050,통상수용,0.25,통상수용,통상수용,True,False,True,통상수용,0.510620509163561,0.2486774720251147,0.24070201881132425,통상수용,0.6083304717675809,0.19533297168679928,0.1963365565456199,통상수용,0.5086340528610813,0.2506770805369826,0.240688866601936,0.5425283445974077,0.23156250808296552,0.22590914731962672
6,kdhc_plant_integrated_mgmt,kdhc_plant_integrated_mgmt:SFR-051,통상수용,0.25,통상수용,통상수용,True,False,True,통상수용,0.5699690815014472,0.2512916439814598,0.17873927451709296,통상수용,0.5980108420189586,0.23569532035179944,0.166293837629242,통상수용,0.5758914114012592,0.24828245973970373,0.17582612885903706,0.5812904449738884,0.245089808024321,0.17361974700179064
6,kdhc_plant_integrated_mgmt,kdhc_plant_integrated_mgmt:SFR-052,통상수용,0.25,통상수용,통상수용,True,False,True,통상수용,0.582634468612558,0.2924118540378258,0.12495367734961627,통상수용,0.6714009916688748,0.24108086064006515,0.08751814769105999,통상수용,0.5980466089918627,0.28188386458996467,0.12006952641817265,0.6173606897577651,0.2717921930892852,0.11084711715294963
6,kdhc_plant_integrated_mgmt,kdhc_plant_integrated_mgmt:SFR-053,통상수용,0.25,통상수용,통상수용,True,False,True,통상수용,0.6174309087925834,0.25191741040098925,0.13065168080642742,통상수용,0.6973728840658612,0.21777123253606293,0.084855883398076,통상수용,0.6231074670962631,0.2492377013825764,0.12765483152116044,0.6459704199849026,0.2396421147732095,0.11438746524188796
6,kdhc_plant_integrated_mgmt,kdhc_plant_integrated_mgmt:SFR-054,통상수용,0.25,통상수용,통상수용,True,False,True,통상수용,0.4311799430134317,0.3955358251542075,0.17328423183236094,통상수용,0.5159626109848983,0.345822283325675,0.1382151056894268,통상수용,0.426684380145852,0.3987094811839143,0.1746061386702337,0.457942311381394,0.3800225298879323,0.16203515873067378
6,kdhc_plant_integrated_mgmt,kdhc_plant_integrated_mgmt:SFR-055,통상수용,0.25,통상수용,통상수용,True,False,True,통상수용,0.47684888526173275,0.32729062215559024,0.19586049258267704,통상수용,0.5115598093001268,0.2982759894148498,0.19016420128502343,통상수용,0.46954114085217447,0.3327631104284745,0.19769574871935097,0.4859832784713447,0.31944324066630486,0.1945734808623505
6,kdhc_plant_integrated_mgmt,kdhc_plant_integrated_mgmt:SFR-056,통상수용,0.25,통상수용,통상수용,True,False,True,통상수용,0.45289063263830714,0.37152291527695197,0.1755864520847408,통상수용,0.5380970717812218,0.32932399948601976,0.13257892873275856,통상수용,0.44496010205012604,0.37742578902963064,0.17761410892024346,0.4786492688232184,0.3594242345975341,0.1619264965792476
6,kdhc_plant_integrated_mgmt,kdhc_plant_integrated_mgmt:SFR-057,통상수용,0.25,통상수용,통상수용,True,False,True,통상수용,0.4787735777407152,0.3865191894983792,0.1347072327609056,통상수용,0.5378998904203284,0.3276616946489608,0.1344384149307109,통상수용,0.48432698681828035,0.3811538658333536,0.13451914734836615,0.5003334849931079,0.36511158332689786,0.13455493167999422
6,kdhc_plant_integrated_mgmt,kdhc_plant_integrated_mgmt:SFR-058,통상수용,0.25,통상수용,통상수용,True,False,True,통상수용,0.46622578310363977,0.35214593408390993,0.18162828281245033,통상수용,0.4650000312938794,0.3423186994771315,0.19268126922898915,통상수용,0.4604386183190553,0.3555350129030048,0.18402636877793985,0.4638881442388582,0.3499998821546821,0.18611197360645979
6,kdhc_plant_integrated_mgmt,kdhc_plant_integrated_mgmt:SFR-059,통상수용,0.25,통상수용,통상수용,True,False,True,통상수용,0.6185151974566239,0.2487330193797409,0.13275178316363526,통상수용,0.7737392052583668,0.14085779489824068,0.08540299984339247,통상수용,0.6305150423802022,0.2408281481825387,0.12865680943725916,0.6742564816983977,0.21013965415350677,0.11560386414809563
6,kdhc_plant_integrated_mgmt,kdhc_plant_integrated_mgmt:SFR-060,통상수용,0.25,통상수용,통상수용,True,False,True,통상수용,0.40374965677970726,0.3763786539237704,0.21987168929652234,통상수용,0.5573218439839187,0.2721132341897353,0.17056492182634597,통상수용,0.3996876464965135,0.3815225433196593,0.21878981018382715,0.4535863824200465,0.34333814381105504,0.20307547376889848
6,kdhc_plant_integrated_mgmt,kdhc_plant_integrated_mgmt:SFR-061,통상수용,0.25,통상수용,통상수용,True,False,True,통상수용,0.6400337287356628,0.22030658717147447,0.1396596840928629,통상수용,0.7789691296503851,0.14181074714628952,0.07922012320332536,통상수용,0.6464051464262743,0.21750907644158923,0.1360857771321365,0.6884693349374408,0.19320880358645107,0.11832186147610824
6,kdhc_plant_integrated_mgmt,kdhc_plant_integrated_mgmt:SFR-062,통상수용,0.25,통상수용,통상수용,True,False,True,통상수용,0.5672620123912456,0.27210534999946634,0.16063263760928806,통상수용,0.7306875739704559,0.1468581345880827,0.12245429144146124,통상수용,0.5712303015937109,0.27015472455847744,0.15861497384781167,0.6230599626518041,0.22970606971534216,0.14723396763285365
6,kdhc_plant_integrated_mgmt,kdhc_plant_integrated_mgmt:SFR-063,통상수용,0.25,통상수용,통상수용,True,False,True,통상수용,0.41068713100475024,0.3140335304293308,0.275279338565919,통상수용,0.520052710824159,0.23081655541763324,0.24913073375820766,통상수용,0.4152392814661215,0.3151147577304911,0.26964596080338743,0.44865970776501024,0.28665494785915174,0.26468534437583807
6,kdhc_plant_integrated_mgmt,kdhc_plant_integrated_mgmt:SFR-064,통상수용,0.25,통상수용,통상수용,True,False,True,통상수용,0.5891326217083308,0.20492253350500889,0.2059448447866603,통상수용,0.7249877118557014,0.13870258882408731,0.13630969932021128,통상수용,0.587077152025194,0.2057060365083769,0.20721681146642912,0.6337324951964088,0.18311038627915768,0.1831571185244336
6,kdhc_plant_integrated_mgmt,kdhc_plant_integrated_mgmt:SFR-065,통상수용,0.25,통상수용,통상수용,True,False,True,통상수용,0.6341539714949171,0.1995315464924069,0.16631448201267593,통상수용,0.7012801045426548,0.16585451887199631,0.13286537658534892,통상수용,0.6411764783962214,0.1967990155828043,0.1620245060209744,0.6588701848112645,0.1873950269824025,0.1537347882063331
6,kdhc_plant_integrated_mgmt,kdhc_plant_integrated_mgmt:SFR-066,통상수용,0.25,통상수용,통상수용,True,False,True,통상수용,0.5000656865447718,0.3452550927797955,0.15467922067543272,통상수용,0.6007206657403918,0.277210958436407,0.12206837582320128,통상수용,0.5003114350779116,0.34634672494555235,0.153341839976536,0.5336992624543584,0.3229375920539183,0.14336314549172333
6,kdhc_plant_integrated_mgmt,kdhc_plant_integrated_mgmt:SFR-067,통상수용,0.25,통상수용,통상수용,True,False,True,통상수용,0.4182430739653426,0.40547811091599806,0.1762788151186594,통상수용,0.5108709944935304,0.3687609239732206,0.12036808153324897,통상수용,0.41231727853368344,0.4087710727552826,0.17891164871103393,0.44714378233085217,0.39433670254816705,0.15851951512098075
6,kdhc_plant_integrated_mgmt,kdhc_plant_integrated_mgmt:SFR-068,통상수용,0.25,통상수용,통상수용,True,False,True,통상수용,0.5028430067230018,0.27051147992476626,0.22664551335223201,통상수용,0.5266335845359388,0.2880607216296565,0.18530569383440468,통상수용,0.5049498443574626,0.2699883025724398,0.22506185307009766,0.511475478538801,0.27618683470895417,0.21233768675224476
6,kdhc_plant_integrated_mgmt,kdhc_plant_integrated_mgmt:SFR-069,통상수용,0.25,통상수용,통상수용,True,False,True,통상수용,0.6341672110261242,0.21949449441318522,0.14633829456069056,통상수용,0.7601924209852872,0.1442908378040963,0.09551674121061648,통상수용,0.6420741264575012,0.21524982408678675,0.1426760494557121,0.6788112528229707,0.19301171876802273,0.12817702840900638
6,kdhc_plant_integrated_mgmt,kdhc_plant_integrated_mgmt:SFR-070,견적반영,0.25,통상수용,통상수용,True,True,False,통상수용,0.47375491649740903,0.2980788836528574,0.22816619984973352,통상수용,0.5465826291774178,0.2421211192052067,0.21129625161737547,통상수용,0.4825584164554572,0.2912386459549006,0.2262029375896421,0.5009653207100947,0.2771462162709883,0.22188846301891704
6,kdhc_plant_integrated_mgmt,kdhc_plant_integrated_mgmt:SFR-071,통상수용,0.25,통상수용,통상수용,True,False,True,통상수용,0.6347213383715777,0.18808165268453297,0.17719700894388932,통상수용,0.7176202679185472,0.14410916441524477,0.13827056766620816,통상수용,0.6487930748349287,0.18179973741499705,0.16940718775007424,0.6670448937083512,0.17133018483825824,0.16162492145339058
6,kdhc_plant_integrated_mgmt,kdhc_plant_integrated_mgmt:SFR-072,통상수용,0.25,통상수용,통상수용,True,False,True,통상수용,0.5337762573991677,0.2556191952950999,0.21060454730573247,통상수용,0.5549314818036574,0.2826814161923306,0.1623871020040121,통상수용,0.5481853437404101,0.24674873762703817,0.2050659186325518,0.5456310276477451,0.26168311637148955,0.19268585598076546
6,kdhc_plant_integrated_mgmt,kdhc_plant_integrated_mgmt:TER-001,통상수용,0.25,통상수용,통상수용,True,False,True,통상수용,0.4055035599030879,0.23827149181474125,0.3562249482821709,통상수용,0.4321185907718943,0.2193982251010225,0.34848318412708323,통상수용,0.4137475232274771,0.23339503654533006,0.3528574402271928,0.417123224634153,0.23035491782036463,0.3525218575454823
6,kdhc_plant_integrated_mgmt,kdhc_plant_integrated_mgmt:TER-002,통상수용,0.25,계약·질의검토,계약·질의검토,True,True,False,계약·질의검토,0.3520962825342469,0.25267112717413004,0.39523259029162305,계약·질의검토,0.36601887588328486,0.2668685584572391,0.3671125656594761,계약·질의검토,0.3602699511269591,0.2481283615775048,0.39160168729553607,0.359461703181497,0.2558893490696247,0.3846489477488784
7,kexim_ai_platform,kexim_ai_platform:ASR-001,견적반영,1.0,견적반영,견적반영,True,False,True,견적반영,0.2195074648692458,0.5387672096052585,0.24172532552549572,견적반영,0.18654007234871373,0.5691098655951152,0.2443500620561709,견적반영,0.1895897913245084,0.5767109681833728,0.23369924049211882,0.19854577618082261,0.5615293477945822,0.23992487602459514
7,kexim_ai_platform,kexim_ai_platform:ASR-002,견적반영,1.0,견적반영,견적반영,True,False,True,견적반영,0.07745100535779721,0.6021151072383516,0.3204338874038512,견적반영,0.056804974774071676,0.6665978899314965,0.2765971352944318,견적반영,0.070846812632545,0.6251248484266478,0.30402833894080716,0.06836759758813797,0.6312792818654986,0.3003531205463634
7,kexim_ai_platform,kexim_ai_platform:ASR-003,견적반영,1.0,견적반영,견적반영,True,False,True,견적반영,0.13739874262405724,0.5644784848038783,0.29812277257206443,견적반영,0.11112181310580758,0.6103750682761477,0.2785031186180446,견적반영,0.11130515686456638,0.6161713730566949,0.27252347007873867,0.11994190419814373,0.5970083087122403,0.28304978708961587
7,kexim_ai_platform,kexim_ai_platform:ASR-004,계약·질의검토,1.0,계약·질의검토,계약·질의검토,False,False,True,계약·질의검토,0.26293260302926985,0.361454863988273,0.3756125329824571,계약·질의검토,0.24590843139653587,0.31370420469045474,0.4403873639130094,견적반영,0.2092452121889337,0.4281507074867099,0.3626040803243564,0.23936208220491315,0.3677699253884792,0.39286799240660764
7,kexim_ai_platform,kexim_ai_platform:ASR-005,견적반영,1.0,견적반영,견적반영,True,False,True,견적반영,0.2706471472805624,0.409611968244807,0.31974088447463067,견적반영,0.2562119328853186,0.4024091474675757,0.3413789196471056,견적반영,0.1816349634373979,0.4627716031132637,0.35559343344933825,0.236164681201093,0.4249309062752154,0.3389044125236915
7,kexim_ai_platform,kexim_ai_platform:ASR-006,계약·질의검토,1.0,계약·질의검토,계약·질의검토,True,False,True,계약·질의검토,0.12568332924752446,0.3763558983358034,0.4979607724166723,계약·질의검토,0.10277354102475797,0.37173266629696966,0.5254937926782725,계약·질의검토,0.08046433367815803,0.4055590046871711,0.5139766616346708,0.10297373465014681,0.3845491897733147,0.5124770755765385
7,kexim_ai_platform,kexim_ai_platform:ASR-007,견적반영,1.0,견적반영,견적반영,True,False,True,견적반영,0.1896153725857475,0.5203175850266163,0.29006704238763625,견적반영,0.16746011967442015,0.550157605875364,0.282382274450216,견적반영,0.11941124101663074,0.6071080898916197,0.2734806690917497,0.15882891109226613,0.5591944269312,0.281976661976534
7,kexim_ai_platform,kexim_ai_platform:ASR-008,견적반영,1.0,견적반영,견적반영,True,False,True,견적반영,0.23393797239312877,0.5700428594283942,0.19601916817847706,견적반영,0.21857654324952386,0.6205860361902646,0.16083742056021147,견적반영,0.21323494137175242,0.632297424883179,0.15446763374506856,0.22191648567146838,0.6076421068339459,0.1704414074945857
7,kexim_ai_platform,kexim_ai_platform:ASR-009,견적반영,1.0,견적반영,견적반영,True,False,True,견적반영,0.18386242649273865,0.5941484929021001,0.22198908060516126,견적반영,0.15678566092656215,0.6374708161801996,0.20574352289323825,견적반영,0.12508661603568683,0.6713433469527358,0.20357003701157728,0.15524490115166253,0.6343208853450119,0.21043421350332558
7,kexim_ai_platform,kexim_ai_platform:COR-001,통상수용,1.0,통상수용,통상수용,True,False,True,통상수용,0.6781583998652585,0.16058030236756723,0.1612612977671742,통상수용,0.7913331608753856,0.10088588363808015,0.1077809554865342,통상수용,0.8041202577625141,0.08362752122944858,0.11225222100803733,0.7578706061677195,0.115031235745032,0.12709815808724859
7,kexim_ai_platform,kexim_ai_platform:COR-002,통상수용,1.0,통상수용,통상수용,True,False,True,통상수용,0.6435512817482942,0.2088201140767766,0.14762860417492907,통상수용,0.7655598254839951,0.1455584168288214,0.08888175768718334,통상수용,0.6905392573473684,0.20506093658357252,0.10439980606905905,0.699883454859886,0.18647982249639017,0.11363672264372382
7,kexim_ai_platform,kexim_ai_platform:COR-003,계약·질의검토,1.0,통상수용,통상수용,True,True,False,통상수용,0.48975634278414304,0.21588797515470398,0.29435568206115287,통상수용,0.5489729186432172,0.17988824051111132,0.2711388408456714,통상수용,0.5871968916614598,0.1653720556695311,0.24743105266900906,0.54197538436294,0.1870494237784488,0.27097519185861113
7,kexim_ai_platform,kexim_ai_platform:COR-004,통상수용,1.0,통상수용,통상수용,True,False,True,통상수용,0.7196171380805781,0.15789425225584225,0.12248860966357956,통상수용,0.7868277201949122,0.11646315981039117,0.09670911999469649,통상수용,0.8368518384470119,0.09202890823260264,0.07111925332038552,0.7810988989075008,0.12212877343294536,0.09677232765955386
7,kexim_ai_platform,kexim_ai_platform:COR-005,통상수용,1.0,통상수용,통상수용,True,False,True,통상수용,0.7114987940143883,0.12923309282532922,0.15926811316028253,통상수용,0.7943293326827475,0.08724863221799345,0.11842203509925903,통상수용,0.7952644507657716,0.08344534655688333,0.12129020267734514,0.7670308591543025,0.099975690533402,0.13299345031229556
7,kexim_ai_platform,kexim_ai_platform:COR-006,견적반영,1.0,통상수용,통상수용,True,True,False,통상수용,0.540885945388714,0.34744509486106845,0.11166895975021758,통상수용,0.5796424803214573,0.3408839994530246,0.07947352022551812,통상수용,0.5568988541905958,0.33247828095672766,0.11062286485267649,0.559142426633589,0.34026912509027357,0.10058844827613739
7,kexim_ai_platform,kexim_ai_platform:COR-007,계약·질의검토,1.0,계약·질의검토,계약·질의검토,True,False,True,계약·질의검토,0.3283897904137879,0.1562630770854287,0.5153471325007833,계약·질의검토,0.3290176444233062,0.1320155916622057,0.5389667639144881,계약·질의검토,0.3465449709953199,0.13036088191877954,0.5230941470859005,0.33465080194413804,0.13954651688880465,0.5258026811670573
7,kexim_ai_platform,kexim_ai_platform:COR-008,통상수용,1.0,통상수용,통상수용,True,False,True,통상수용,0.7010387796508798,0.1034925562642266,0.1954686640848936,통상수용,0.7981463111224202,0.0693007523175021,0.13255293656007763,통상수용,0.7066746682789966,0.09066055634901922,0.2026647753719842,0.7352865863507656,0.08781795497691597,0.17689545867231848
7,kexim_ai_platform,kexim_ai_platform:DAR-002,견적반영,1.0,견적반영,견적반영,True,False,True,견적반영,0.15829901471741661,0.5998881008815631,0.2418128844010202,견적반영,0.14771264312705198,0.6437371584044612,0.20855019846848685,견적반영,0.08035104979170195,0.7069283448225495,0.2127206053857485,0.12878756921205683,0.650184534702858,0.2210278960850852
7,kexim_ai_platform,kexim_ai_platform:DAR-003,통상수용,1.0,견적반영,견적반영,True,True,False,견적반영,0.36172550564231604,0.4393222577818823,0.1989522365758017,견적반영,0.32705280375828083,0.526794050239471,0.14615314600224813,견적반영,0.3739267197632402,0.4811184875935098,0.14495479264325004,0.35423500972127897,0.4824115985382877,0.16335339174043328
7,kexim_ai_platform,kexim_ai_platform:DAR-004,견적반영,1.0,견적반영,견적반영,True,False,True,견적반영,0.1430958017188329,0.588663833502998,0.26824036477816904,견적반영,0.11110165880077295,0.6262165875238929,0.2626817536753341,견적반영,0.10848199776923773,0.6391102380730252,0.25240776415773714,0.12089315276294786,0.6179968863666386,0.26110996087041344
7,kexim_ai_platform,kexim_ai_platform:DAR-005,통상수용,1.0,통상수용,통상수용,False,False,True,통상수용,0.4302396736770037,0.4221522942608103,0.14760803206218584,통상수용,0.4907576624248979,0.4134899973487608,0.09575234022634128,견적반영,0.4202976251313208,0.44736858108310007,0.13233379378557922,0.4470983204110741,0.4276702908975571,0.12523138869136877
7,kexim_ai_platform,kexim_ai_platform:DAR-006,견적반영,1.0,견적반영,견적반영,True,False,True,견적반영,0.31568888752248386,0.5762560535187178,0.10805505895879834,견적반영,0.31719050892358813,0.5932938386303913,0.08951565244602047,견적반영,0.3081837891500186,0.6135572667032685,0.07825894414671287,0.31368772853203014,0.5943690529507926,0.09194321851717722
7,kexim_ai_platform,kexim_ai_platform:DAR-007,통상수용,1.0,통상수용,통상수용,True,False,True,통상수용,0.5073171802331864,0.3704950551051923,0.12218776466162122,통상수용,0.5545689075916062,0.3459292177309802,0.09950187467741356,통상수용,0.6296745803106858,0.2963321990070444,0.07399322068226981,0.5638535560451595,0.3375854906144056,0.09856095334043487
7,kexim_ai_platform,kexim_ai_platform:DAR-008,통상수용,1.0,통상수용,통상수용,True,False,True,통상수용,0.8087835420788718,0.12262351471722169,0.06859294320390648,통상수용,0.8912552401261722,0.07107757194541876,0.037667187928409,통상수용,0.7985067549986582,0.13121987068822222,0.0702733743131196,0.832848512401234,0.1083069857836209,0.05884450181514502
7,kexim_ai_platform,kexim_ai_platform:ECR-001,계약·질의검토,1.0,견적반영,견적반영,True,True,False,견적반영,0.23168598139226412,0.49847462671041953,0.2698393918973163,견적반영,0.1908110052737717,0.5455917602107383,0.26359723451549005,견적반영,0.18711412674566302,0.5722131161049085,0.24067275714942848,0.20320370447056627,0.538759834342022,0.2580364611874116
7,kexim_ai_platform,kexim_ai_platform:ECR-002,통상수용,1.0,통상수용,통상수용,False,False,True,견적반영,0.3670520307634236,0.36811322284520637,0.26483474639137,통상수용,0.38341433328846725,0.36601975589823715,0.2505659108132956,통상수용,0.38729421757419497,0.3871796989468863,0.22552608347891864,0.37925352720869526,0.37377089256344326,0.24697558022786145
7,kexim_ai_platform,kexim_ai_platform:ECR-004,계약·질의검토,1.0,통상수용,통상수용,True,True,False,통상수용,0.48287182471452755,0.3157394856651344,0.20138868962033799,통상수용,0.48032357816169285,0.3442714531984569,0.1754049686398502,통상수용,0.40982873812771675,0.3920246422515084,0.19814661962077484,0.45767471366797907,0.35067852703836655,0.19164675929365435
7,kexim_ai_platform,kexim_ai_platform:ECR-005,계약·질의검토,1.0,계약·질의검토,계약·질의검토,True,False,True,계약·질의검토,0.16546252374853865,0.1979838908696639,0.6365535853817974,계약·질의검토,0.12874745758979364,0.1660507620511034,0.705201780359103,계약·질의검토,0.15567464947084086,0.21246020224688197,0.6318651482822772,0.14996154360305772,0.19216495172254977,0.6578735046743925
7,kexim_ai_platform,kexim_ai_platform:ECR-006,통상수용,1.0,통상수용,통상수용,False,False,True,통상수용,0.46104831761864257,0.39095398130022513,0.14799770108113233,통상수용,0.5490754393073894,0.3329369641264765,0.11798759656613401,견적반영,0.4342429079929552,0.4441665403535803,0.12159055165346463,0.4814555549729957,0.38935249526009397,0.1291919497669103
7,kexim_ai_platform,kexim_ai_platform:ECR-007,계약·질의검토,1.0,통상수용,통상수용,True,True,False,통상수용,0.3950465899998889,0.3879530182084581,0.21700039179165298,통상수용,0.4227965528285752,0.3864701815519983,0.19073326561942652,통상수용,0.4656708495137034,0.376118251112627,0.15821089937366956,0.42783799744738915,0.38351381695769443,0.18864818559491633
7,kexim_ai_platform,kexim_ai_platform:ECR-008,견적반영,1.0,견적반영,계약·질의검토,False,False,True,견적반영,0.28434188454874587,0.3927409586730451,0.3229171567782089,계약·질의검토,0.24645530788703068,0.3693711751805325,0.3841735169324368,견적반영,0.23337083321056187,0.48600268587324214,0.28062648091619613,0.25472267521544617,0.4160382732422732,0.3292390515422806
7,kexim_ai_platform,kexim_ai_platform:ECR-009,통상수용,1.0,견적반영,견적반영,True,True,False,견적반영,0.24910043127163148,0.44424025917326965,0.306659309555099,견적반영,0.22930335612988156,0.4716278767247764,0.2990687671453421,견적반영,0.21328145553691258,0.5165429051650748,0.27017563929801264,0.23056174764614187,0.47747034702104035,0.2919679053328179
7,kexim_ai_platform,kexim_ai_platform:ECR-010,계약·질의검토,1.0,견적반영,견적반영,True,True,False,견적반영,0.28815638178848146,0.44234680342471056,0.269496814786808,견적반영,0.29598445695689996,0.4270898770032291,0.2769256660398709,견적반영,0.24186963828260347,0.5353597828766513,0.22277057884074514,0.275336825675995,0.46826548776819693,0.256397686555808
7,kexim_ai_platform,kexim_ai_platform:GOV-001,통상수용,1.0,통상수용,통상수용,True,False,True,통상수용,0.4196276821585794,0.29740634062861615,0.28296597721280453,통상수용,0.4230758478776532,0.27036369223295664,0.3065604598893902,통상수용,0.3974045223253041,0.3047286799652882,0.2978667977094077,0.4133693507871789,0.2908329042756203,0.2957977449372008
7,kexim_ai_platform,kexim_ai_platform:GOV-002,통상수용,1.0,통상수용,통상수용,True,False,True,통상수용,0.49102578794059076,0.20821529626609264,0.3007589157933166,통상수용,0.5261870283221385,0.19401759296385393,0.2797953787140076,통상수용,0.49986763291449654,0.21146282126817706,0.28866954581732623,0.5056934830590752,0.2045652368327079,0.2897412801082168
7,kexim_ai_platform,kexim_ai_platform:GOV-003,견적반영,1.0,견적반영,견적반영,True,False,True,견적반영,0.31788638477882325,0.3942249358919487,0.28788867932922796,견적반영,0.27857480283050007,0.4159541956854547,0.3054710014840452,견적반영,0.23979661893448811,0.4469976472760948,0.3132057337894171,0.27875260218127046,0.4190589262844994,0.30218847153423006
7,kexim_ai_platform,kexim_ai_platform:GOV-004,통상수용,1.0,통상수용,통상수용,True,False,True,통상수용,0.5148012923661419,0.3141630625962952,0.171035645037563,통상수용,0.5262787471215118,0.3022895957474301,0.1714316571310581,통상수용,0.5668289443026387,0.29577809266832283,0.13739296302903836,0.5359696612634308,0.30407691700401607,0.15995342173255314
7,kexim_ai_platform,kexim_ai_platform:GOV-005,통상수용,1.0,통상수용,통상수용,True,False,True,통상수용,0.6101733538478882,0.19713663065780102,0.19269001549431086,통상수용,0.6834996429766704,0.1550099818327148,0.1614903751906149,통상수용,0.61949654654215,0.21360140616870565,0.16690204728914423,0.6377231811222362,0.18858267288640715,0.17369414599135669
7,kexim_ai_platform,kexim_ai_platform:INF-001,통상수용,1.0,통상수용,통상수용,True,False,True,통상수용,0.6278390951268765,0.2142677153251446,0.1578931895479789,통상수용,0.6652222270476483,0.20212214802670175,0.13265562492564995,통상수용,0.6977476149332765,0.1832899067406444,0.118962478326079,0.6636029790359338,0.1998932566974969,0.13650376426656927
7,kexim_ai_platform,kexim_ai_platform:INF-002,통상수용,1.0,통상수용,통상수용,True,False,True,통상수용,0.4332760977152692,0.19137899539105968,0.3753449068936711,통상수용,0.49957449256663256,0.1453962004951953,0.3550293069381722,통상수용,0.49833257372097245,0.17126901697085833,0.33039840930816905,0.4770610546676248,0.16934807095237112,0.3535908743800041
7,kexim_ai_platform,kexim_ai_platform:INF-003,통상수용,1.0,통상수용,통상수용,True,False,True,통상수용,0.4133726156406395,0.32147359662876795,0.2651537877305925,통상수용,0.45467580057176704,0.2812617475240347,0.2640624519041983,통상수용,0.4526794952426892,0.2870077551672286,0.2603127495900822,0.44024263715169853,0.2965810331066771,0.26317632974162436
7,kexim_ai_platform,kexim_ai_platform:INF-004,통상수용,1.0,통상수용,통상수용,True,False,True,통상수용,0.4972455500993108,0.3591031141841528,0.1436513357165362,통상수용,0.5507838463205651,0.3300976787830766,0.11911847489635827,통상수용,0.6355897536081397,0.276307788252131,0.08810245813972928,0.5612063833426718,0.32183619373978684,0.11695742291754126
7,kexim_ai_platform,kexim_ai_platform:INR-001,견적반영,1.0,계약·질의검토,계약·질의검토,True,True,False,계약·질의검토,0.16108293566161125,0.3279809519677536,0.5109361123706352,계약·질의검토,0.14295776619453812,0.2820100828056892,0.5750321509997727,계약·질의검토,0.1306729598203069,0.33117438184891423,0.5381526583307789,0.1449045538921521,0.31372180554078566,0.5413736405670623
7,kexim_ai_platform,kexim_ai_platform:INR-002,견적반영,1.0,견적반영,견적반영,True,False,True,견적반영,0.23106441393999272,0.48185575322067803,0.28707983283932936,견적반영,0.21073854120938984,0.49091692194762626,0.2983445368429839,견적반영,0.21401914241201137,0.5222629763109885,0.26371788127700013,0.218607365853798,0.49834521715976426,0.2830474169864378
7,kexim_ai_platform,kexim_ai_platform:INR-003,견적반영,1.0,견적반영,견적반영,True,False,True,견적반영,0.2735736796266102,0.5203902947276297,0.20603602564576018,견적반영,0.2596689664204178,0.5479933618905398,0.19233767168904237,견적반영,0.23084431649592088,0.6112665416654283,0.15788914183865088,0.254695654180983,0.5598833994278659,0.18542094639115114
7,kexim_ai_platform,kexim_ai_platform:INR-004,견적반영,1.0,계약·질의검토,계약·질의검토,True,True,False,계약·질의검토,0.28661120814466895,0.2744735610601943,0.4389152307951366,계약·질의검토,0.23483046250248735,0.26563733602554385,0.49953220147196875,계약·질의검토,0.23384973412373572,0.3390221238144316,0.42712814206183264,0.2517638015902974,0.2930443403000566,0.45519185810964596
7,kexim_ai_platform,kexim_ai_platform:INR-005,계약·질의검토,1.0,계약·질의검토,계약·질의검토,True,False,True,계약·질의검토,0.13409022072837543,0.22009194540486435,0.6458178338667603,계약·질의검토,0.10963741984297967,0.1815877705540388,0.7087748096029816,계약·질의검토,0.12198238745984379,0.2503456087832576,0.6276720037568987,0.1219033426770663,0.2173417749140536,0.6607548824088801
7,kexim_ai_platform,kexim_ai_platform:INR-006,견적반영,1.0,계약·질의검토,계약·질의검토,True,True,False,계약·질의검토,0.2651767276828805,0.21907005979316813,0.5157532125239513,계약·질의검토,0.24548929210289194,0.20618778229748602,0.548322925599622,계약·질의검토,0.2271691562117738,0.21548326227048095,0.5573475815177452,0.24594505866584873,0.21358036812037837,0.5404745732137729
7,kexim_ai_platform,kexim_ai_platform:INR-007,계약·질의검토,1.0,계약·질의검토,계약·질의검토,True,False,True,계약·질의검토,0.18655002494125386,0.3087791413637704,0.5046708336949757,계약·질의검토,0.1737143872317189,0.2899163404326302,0.5363692723356509,계약·질의검토,0.1863685992534389,0.30052893300161865,0.5131024677449424,0.18221100380880392,0.2997414715993397,0.5180475245918563
7,kexim_ai_platform,kexim_ai_platform:INR-008,통상수용,1.0,통상수용,계약·질의검토,False,False,True,계약·질의검토,0.371181629166267,0.24820027757564966,0.3806180932580834,통상수용,0.435068752809078,0.20938805720580247,0.3555431899851196,통상수용,0.47250831443678615,0.1821233232884616,0.3453683622747523,0.4262528988040437,0.2132372193566379,0.3605098818393184
7,kexim_ai_platform,kexim_ai_platform:INR-009,계약·질의검토,1.0,계약·질의검토,계약·질의검토,True,False,True,계약·질의검토,0.337610779805156,0.2782354396240069,0.38415378057083716,계약·질의검토,0.35133087277512254,0.24818149932714528,0.40048762789773223,계약·질의검토,0.29562859190276985,0.27963280962383896,0.4247385984733912,0.3281900814943495,0.26868324952499706,0.40312666898065347
7,kexim_ai_platform,kexim_ai_platform:INR-010,계약·질의검토,1.0,계약·질의검토,계약·질의검토,True,False,True,계약·질의검토,0.07554753944095195,0.23249362396352163,0.6919588365955264,계약·질의검토,0.052591266252035015,0.21496769927088027,0.7324410344770846,계약·질의검토,0.057945779218218786,0.21763755751918357,0.7244166632625977,0.06202819497040191,0.22169962691786183,0.7162721781117364
7,kexim_ai_platform,kexim_ai_platform:INR-011,계약·질의검토,1.0,계약·질의검토,계약·질의검토,True,False,True,계약·질의검토,0.16979305750227447,0.11782581069071978,0.7123811318070058,계약·질의검토,0.15770050120657705,0.09817015958344807,0.7441293392099747,계약·질의검토,0.10923696126311382,0.09921647894267199,0.7915465597942142,0.14557683999065513,0.10507081640561328,0.7493523436037316
7,kexim_ai_platform,kexim_ai_platform:INR-012,견적반영,1.0,통상수용,통상수용,False,False,True,통상수용,0.3927444178465739,0.3605834028033383,0.24667217935008784,통상수용,0.39311664106048744,0.3800238673509912,0.22685949158852137,견적반영,0.3698857062714922,0.40749273689223897,0.2226215568362688,0.3852489217261845,0.3827000023488562,0.23205107592495933
7,kexim_ai_platform,kexim_ai_platform:INR-DTL-001,계약·질의검토,1.0,계약·질의검토,계약·질의검토,True,False,True,계약·질의검토,0.0703969460824447,0.2520904502622319,0.6775126036553233,계약·질의검토,0.0349832662049028,0.1482119268989057,0.8168048068961916,계약·질의검토,0.04225654441124808,0.2825614213554502,0.6751820342333017,0.04921225223286519,0.2276212661721959,0.7231664815949389
7,kexim_ai_platform,kexim_ai_platform:INR-DTL-002,계약·질의검토,1.0,견적반영,견적반영,True,True,False,견적반영,0.09621064428034581,0.5227303194578385,0.38105903626181575,견적반영,0.0612208908642206,0.564526813225502,0.3742522959102774,견적반영,0.05944242914600653,0.5868602702719722,0.35369730058202137,0.07229132143019099,0.5580391343184375,0.36966954425137155
7,kexim_ai_platform,kexim_ai_platform:INR-DTL-003,견적반영,1.0,견적반영,견적반영,True,False,True,견적반영,0.13781876199232213,0.5344226740809516,0.32775856392672637,견적반영,0.11264350142827832,0.5633152009086263,0.32404129766309536,견적반영,0.09107653925401941,0.5743550498349775,0.33456841091100303,0.11384626755820663,0.5573643082748517,0.32878942416694157
7,kexim_ai_platform,kexim_ai_platform:INR-DTL-004,견적반영,1.0,계약·질의검토,계약·질의검토,True,True,False,계약·질의검토,0.26558645760862953,0.3606110075200925,0.37380253487127807,계약·질의검토,0.27093473435811927,0.3489310601500118,0.380134205491869,계약·질의검토,0.19993150870826756,0.33790881638613,0.4621596749056025,0.2454842335583388,0.3491502946854115,0.4053654717562498
7,kexim_ai_platform,kexim_ai_platform:PER-001,계약·질의검토,1.0,계약·질의검토,계약·질의검토,True,False,True,계약·질의검토,0.32217109470496136,0.17050195830881423,0.5073269469862244,계약·질의검토,0.2989879867357333,0.12916898128531518,0.5718430319789516,계약·질의검토,0.31684620865114105,0.162957051446343,0.5201967399025159,0.3126684300306119,0.15420933034682413,0.533122239622564
7,kexim_ai_platform,kexim_ai_platform:PER-002,통상수용,1.0,견적반영,견적반영,True,True,False,견적반영,0.3367349433135737,0.4162201131237352,0.24704494356269113,견적반영,0.36867432735045585,0.4419512529458704,0.1893744197036736,견적반영,0.40318304341627137,0.4089171015350922,0.1878998550486365,0.3695307713601003,0.42236282253489926,0.20810640610500042
7,kexim_ai_platform,kexim_ai_platform:PER-003,계약·질의검토,1.0,계약·질의검토,계약·질의검토,True,False,True,계약·질의검토,0.11277554582400286,0.1408935255421844,0.7463309286338128,계약·질의검토,0.07905653951420095,0.11501772321202619,0.8059257372737729,계약·질의검토,0.11212218692007492,0.12085995986893823,0.7670178532109868,0.10131809075275959,0.12559040287438292,0.7730915063728575
7,kexim_ai_platform,kexim_ai_platform:PER-004,계약·질의검토,1.0,계약·질의검토,계약·질의검토,True,False,True,계약·질의검토,0.21752932379754283,0.15717701726464314,0.625293658937814,계약·질의검토,0.18828277311516325,0.1385201614615241,0.6731970654233127,계약·질의검토,0.17816153006412563,0.12294379725974525,0.6988946726761291,0.1946578756589439,0.13954699199530415,0.6657951323457519
7,kexim_ai_platform,kexim_ai_platform:PMR-001,통상수용,1.0,통상수용,통상수용,True,False,True,통상수용,0.6552845081287019,0.09121920505161953,0.2534962868196786,통상수용,0.7175793184741485,0.07728706732253617,0.20513361420331538,통상수용,0.6784186262467794,0.0874089670882032,0.23417240666501743,0.6837608176165433,0.08530507982078629,0.23093410256267047
7,kexim_ai_platform,kexim_ai_platform:PMR-002,통상수용,1.0,통상수용,통상수용,True,False,True,통상수용,0.5635572903365503,0.24827266085658137,0.18817004880686822,통상수용,0.6323317307807013,0.2359466384503411,0.1317216307689576,통상수용,0.5662314206384964,0.25137813478495963,0.18239044457654388,0.5873734805852494,0.245199144697294,0.16742737471745658
7,kexim_ai_platform,kexim_ai_platform:PMR-003,통상수용,1.0,통상수용,통상수용,True,False,True,통상수용,0.4008912030483889,0.3423775740678323,0.25673122288377875,통상수용,0.4247301932878188,0.33689413732182033,0.23837566939036087,통상수용,0.4370929432050419,0.3248997814457085,0.2380072753492495,0.42090477984708324,0.3347238309451204,0.24437138920779636
7,kexim_ai_platform,kexim_ai_platform:PMR-004,견적반영,1.0,견적반영,견적반영,True,False,True,견적반영,0.3591420912324182,0.4258220697232607,0.21503583904432114,견적반영,0.3430729676425891,0.4574605484747534,0.19946648388265736,견적반영,0.2898479085290823,0.48283878245435635,0.22731330901656133,0.3306876558013632,0.4553738002174568,0.21393854398117995
7,kexim_ai_platform,kexim_ai_platform:PMR-005,통상수용,1.0,통상수용,통상수용,True,False,True,통상수용,0.7028448354155242,0.13655196689984295,0.16060319768463288,통상수용,0.8031203758766197,0.09419233670363034,0.10268728741974999,통상수용,0.7300367449408875,0.10952536711011608,0.16043788794899633,0.7453339854110105,0.11342322357119645,0.14124279101779305
7,kexim_ai_platform,kexim_ai_platform:PMR-006,통상수용,1.0,통상수용,통상수용,True,False,True,통상수용,0.5930483428139512,0.20818546267791813,0.1987661945081306,통상수용,0.7027997776869278,0.15026014928151143,0.14694007303156065,통상수용,0.6969587465115836,0.13856316870872606,0.16447808477969028,0.6642689556708209,0.1656695935560519,0.17006145077312718
7,kexim_ai_platform,kexim_ai_platform:PMR-007,통상수용,1.0,통상수용,통상수용,True,False,True,통상수용,0.7461723338479276,0.10512641006467405,0.14870125608739834,통상수용,0.8084000694882334,0.08418043294459492,0.10741949756717176,통상수용,0.7944133204035903,0.074754920563858,0.13083175903255176,0.7829952412465837,0.088020587857709,0.12898417089570727
7,kexim_ai_platform,kexim_ai_platform:PMR-008,통상수용,1.0,통상수용,통상수용,True,False,True,통상수용,0.7545497517257924,0.14695738385233834,0.09849286442186936,통상수용,0.8228725814890675,0.10983746770789876,0.06728995080303372,통상수용,0.8591442633919764,0.08826561198307019,0.05259012462495338,0.8121888655356121,0.11502015451443576,0.07279097994995215
7,kexim_ai_platform,kexim_ai_platform:PMR-009,통상수용,1.0,통상수용,통상수용,True,False,True,통상수용,0.6252676580445344,0.23719864866431628,0.13753369329114928,통상수용,0.7260504566853392,0.18226688421836293,0.09168265909629787,통상수용,0.7386178024343721,0.1616346123037035,0.09974758526192429,0.6966453057214151,0.19370004839546087,0.1096546458831238
7,kexim_ai_platform,kexim_ai_platform:PMR-010,통상수용,1.0,통상수용,통상수용,True,False,True,통상수용,0.7361546047312941,0.08607978657199108,0.1777656086967149,통상수용,0.8136149910498284,0.05935074433568858,0.12703426461448308,통상수용,0.7781641008379105,0.07056804081884109,0.1512678583432484,0.7759778988730112,0.07199952390884025,0.1520225772181488
7,kexim_ai_platform,kexim_ai_platform:PMR-011,통상수용,1.0,통상수용,통상수용,True,False,True,통상수용,0.6129625121104803,0.2067952067434566,0.18024228114606303,통상수용,0.6477200109766512,0.18753664860592964,0.16474334041741917,통상수용,0.7498729142520938,0.12476543774133424,0.12536164800657193,0.6701851457797418,0.17303243103024016,0.15678242319001803
7,kexim_ai_platform,kexim_ai_platform:PMR-012,통상수용,1.0,통상수용,통상수용,True,False,True,통상수용,0.7183298701690158,0.1363890852473509,0.1452810445836332,통상수용,0.8272175853825544,0.08952804971915569,0.08325436489828981,통상수용,0.8371493061666417,0.08190141615606021,0.08094927767729808,0.7942322539060708,0.10260618370752228,0.10316156238640704
7,kexim_ai_platform,kexim_ai_platform:PMR-013,계약·질의검토,1.0,통상수용,통상수용,True,True,False,통상수용,0.5887445782510434,0.19843928720441603,0.21281613454454051,통상수용,0.6806752704899706,0.14559218425848128,0.17373254525154821,통상수용,0.7054671374432174,0.11812013614200953,0.17641272641477299,0.6582956620614104,0.15405053586830228,0.18765380207028726
7,kexim_ai_platform,kexim_ai_platform:PMR-014,통상수용,1.0,통상수용,통상수용,True,False,True,통상수용,0.6099887913693604,0.20642158097878,0.18358962765185965,통상수용,0.675226830400685,0.1817016965672695,0.1430714730320455,통상수용,0.7552582998462046,0.1221364844999632,0.12260521565383206,0.6801579738720833,0.17008658734867088,0.14975543877924577
7,kexim_ai_platform,kexim_ai_platform:PMR-015,통상수용,1.0,통상수용,통상수용,True,False,True,통상수용,0.6867716514659965,0.1423136729996388,0.1709146755343648,통상수용,0.7881839782304428,0.09349757545709074,0.11831844631246648,통상수용,0.8049011154084851,0.08134681190628955,0.11375207268522533,0.7599522483683082,0.10571935345433969,0.1343283981773522
7,kexim_ai_platform,kexim_ai_platform:PMR-016,통상수용,1.0,통상수용,통상수용,True,False,True,통상수용,0.7523485076220108,0.09010112402536627,0.15755036835262293,통상수용,0.8175792953996862,0.06316189765946559,0.11925880694084828,통상수용,0.841227192001939,0.061705687105952624,0.0970671208921084,0.8037183316745452,0.07165623626359482,0.12462543206185987
7,kexim_ai_platform,kexim_ai_platform:PMR-017,통상수용,1.0,통상수용,통상수용,True,False,True,통상수용,0.43783703727565365,0.20429210689259114,0.3578708558317554,통상수용,0.49075696418448156,0.1919814814703845,0.3172615543451339,통상수용,0.4775895284053772,0.1434889390413317,0.3789215325532911,0.4687278432885042,0.17992084246810247,0.35135131424339344
7,kexim_ai_platform,kexim_ai_platform:PMR-018,통상수용,1.0,통상수용,통상수용,True,False,True,통상수용,0.623940641220977,0.1474372769051531,0.22862208187386993,통상수용,0.7691604892828342,0.08789577738055702,0.14294373333660867,통상수용,0.6573615323492054,0.11864049731779479,0.22399797033299995,0.6834875542843388,0.11799118386783497,0.19852126184782617
7,kexim_ai_platform,kexim_ai_platform:PMR-019,통상수용,1.0,통상수용,통상수용,True,False,True,통상수용,0.664200528412891,0.19587539782068394,0.13992407376642504,통상수용,0.7725706595255712,0.13128838462876388,0.09614095584566489,통상수용,0.7219422989085323,0.14041258465844603,0.13764511643302169,0.7195711622823316,0.15585878903596462,0.12457004868170386
7,kexim_ai_platform,kexim_ai_platform:PMR-020,통상수용,1.0,통상수용,통상수용,True,False,True,통상수용,0.6834635049262922,0.14802638729190298,0.16851010778180484,통상수용,0.8080932672342628,0.09138907346441832,0.1005176593013188,통상수용,0.7401712257314418,0.11979542607396315,0.140033348194595,0.7439093326306656,0.11973696227676149,0.13635370509257289
7,kexim_ai_platform,kexim_ai_platform:PMR-021,견적반영,1.0,계약·질의검토,계약·질의검토,False,True,False,계약·질의검토,0.32784820949994303,0.29818150577897506,0.3739702847210818,통상수용,0.3642585434412116,0.2756362284689713,0.36010522808981704,계약·질의검토,0.3145356192355053,0.2963907432710892,0.3890736374934055,0.33554745739221997,0.2900694925063452,0.37438305010143474
7,kexim_ai_platform,kexim_ai_platform:PMR-022,통상수용,1.0,통상수용,통상수용,True,False,True,통상수용,0.49080887914810334,0.29144835130405633,0.21774276954784022,통상수용,0.5905683350655327,0.2623419712900825,0.1470896936443847,통상수용,0.5963775474374281,0.2113148996415554,0.1923075529210165,0.5592515872170214,0.25503507407856474,0.18571333870441384
7,kexim_ai_platform,kexim_ai_platform:PMR-023,통상수용,1.0,통상수용,통상수용,True,False,True,통상수용,0.5792778318908929,0.23133587039503914,0.189386297714068,통상수용,0.7059349643921097,0.1666954313005499,0.12736960430734043,통상수용,0.6423837022116083,0.1895111246981997,0.168105173090192,0.6425321661648703,0.19584747546459624,0.16162035837053348
7,kexim_ai_platform,kexim_ai_platform:PMR-024,통상수용,1.0,통상수용,통상수용,True,False,True,통상수용,0.7073317157852167,0.1728143321280039,0.1198539520867794,통상수용,0.8030982402875635,0.11741644953691414,0.07948531017552245,통상수용,0.8207266049503418,0.09783939684941848,0.08143399820023972,0.7770521870077074,0.12935672617144553,0.0935910868208472
7,kexim_ai_platform,kexim_ai_platform:PMR-027,통상수용,1.0,통상수용,통상수용,True,False,True,통상수용,0.721970887916822,0.15589870636153244,0.12213040572164559,통상수용,0.8009832990713592,0.11844066314970611,0.0805760377789346,통상수용,0.7656343287747488,0.13926160552388464,0.09510406570136651,0.7628628385876434,0.13786699167837438,0.09927016973398224
7,kexim_ai_platform,kexim_ai_platform:PMR-028,통상수용,1.0,통상수용,통상수용,True,False,True,통상수용,0.5222025039410667,0.30325249938661364,0.1745449966723197,통상수용,0.5230467428579413,0.3282278469286661,0.1487254102133927,통상수용,0.5206673766007076,0.30553697570095295,0.17379564769833938,0.5219722077999052,0.3123391073387442,0.1656886848613506
7,kexim_ai_platform,kexim_ai_platform:PMR-029,통상수용,1.0,통상수용,통상수용,True,False,True,통상수용,0.6939369838428683,0.13068847634087521,0.17537453981625656,통상수용,0.7488799447683143,0.09373098998440565,0.15738906524728008,통상수용,0.8330665910414178,0.06793600175893252,0.09899740719964963,0.7586278398842001,0.0974518226947378,0.14392033742106208
7,kexim_ai_platform,kexim_ai_platform:PMR-030,계약·질의검토,1.0,계약·질의검토,계약·질의검토,True,False,True,계약·질의검토,0.33420081193501056,0.13332848574987619,0.5324707023151133,계약·질의검토,0.3617065322309214,0.11925861852559283,0.5190348492434858,계약·질의검토,0.2929853553185527,0.11653821093905707,0.5904764337423903,0.32963089982816157,0.12304177173817538,0.547327328433663
7,kexim_ai_platform,kexim_ai_platform:PSR-001,계약·질의검토,1.0,통상수용,통상수용,True,True,False,통상수용,0.5481867630223811,0.14515416633923892,0.30665907063837994,통상수용,0.6331638788228536,0.10900724325975587,0.25782887791739045,통상수용,0.5018060085592161,0.17322868490652563,0.3249653065342583,0.5610522168014836,0.1424633648351735,0.2964844183633429
7,kexim_ai_platform,kexim_ai_platform:PSR-002,계약·질의검토,1.0,계약·질의검토,계약·질의검토,True,False,True,계약·질의검토,0.4085255631745384,0.16432585300433192,0.42714858382112963,계약·질의검토,0.40929504097728986,0.14587441227967884,0.4448305467430314,계약·질의검토,0.37887346336975575,0.17587984501762444,0.44524669161261987,0.3988980225071947,0.1620267034338784,0.439075274058927
7,kexim_ai_platform,kexim_ai_platform:PSR-003,통상수용,1.0,통상수용,통상수용,True,False,True,통상수용,0.5088457231897976,0.3142001946841106,0.17695408212609187,통상수용,0.5851739716940878,0.2528771489605917,0.16194887934532048,통상수용,0.5936869409745409,0.282107416890858,0.12420564213460107,0.5625688786194755,0.28306158684518673,0.1543695345353378
7,kexim_ai_platform,kexim_ai_platform:PSR-004,통상수용,1.0,통상수용,통상수용,True,False,True,통상수용,0.5836623217162402,0.20826174155385685,0.20807593672990296,통상수용,0.658660197339752,0.18509114786814632,0.15624865479210173,통상수용,0.5088344286914465,0.25281181872500746,0.23835375258354602,0.5837189825824796,0.21538823604900356,0.20089278136851693
7,kexim_ai_platform,kexim_ai_platform:PSR-005,계약·질의검토,1.0,통상수용,계약·질의검토,False,False,True,통상수용,0.4430806950284673,0.2256272695089238,0.3312920354626088,통상수용,0.48877521616487507,0.2254565125485528,0.2857682712865721,계약·질의검토,0.36824937466658686,0.258225788554974,0.37352483677843923,0.43336842861997643,0.23643652353748354,0.33019504784254
7,kexim_ai_platform,kexim_ai_platform:PSR-006,계약·질의검토,1.0,계약·질의검토,계약·질의검토,True,False,True,계약·질의검토,0.27249266397311833,0.167625978791127,0.5598813572357547,계약·질의검토,0.21905013073056678,0.1313694128500542,0.6495804564193791,계약·질의검토,0.21587025827677217,0.16390084927519763,0.6202288924480303,0.23580435099348576,0.15429874697212628,0.6098969020343881
7,kexim_ai_platform,kexim_ai_platform:QMR-001,통상수용,1.0,견적반영,견적반영,False,False,True,견적반영,0.32965162985574403,0.46647117183309444,0.20387719831116158,통상수용,0.41868377388111516,0.40641434035974505,0.17490188575913984,견적반영,0.28002635218169936,0.5048190802677177,0.21515456755058293,0.3427872519728529,0.45923486415351905,0.19797788387362814
7,kexim_ai_platform,kexim_ai_platform:QMR-002,통상수용,1.0,통상수용,통상수용,False,False,True,통상수용,0.38916337405144635,0.3609880891074212,0.24984853684113253,견적반영,0.35485541460767067,0.40479312868174644,0.24035145671058294,통상수용,0.4998355726718099,0.32240084893755394,0.17776357839063614,0.41461812044364227,0.3627273555755739,0.2226545239807839
7,kexim_ai_platform,kexim_ai_platform:QMR-004,통상수용,1.0,통상수용,통상수용,True,False,True,통상수용,0.6672219129250999,0.14239620827089824,0.19038187880400176,통상수용,0.7344252893634896,0.10728622851744266,0.15828848211906776,통상수용,0.7468620787416267,0.11556839076380446,0.13756953049456888,0.7161697603434054,0.12175027585071511,0.16207996380587947
7,kexim_ai_platform,kexim_ai_platform:QMR-005,통상수용,1.0,통상수용,통상수용,True,False,True,통상수용,0.5588168443506348,0.17636164907403795,0.26482150657532716,통상수용,0.6893024734063166,0.11926557736599519,0.1914319492276882,통상수용,0.6190611581340684,0.14500750561076522,0.23593133625516644,0.6223934919636732,0.1468782440169328,0.23072826401939395
7,kexim_ai_platform,kexim_ai_platform:QMR-006,통상수용,1.0,계약·질의검토,계약·질의검토,True,True,False,계약·질의검토,0.33475797697581455,0.29860238860321214,0.3666396344209734,계약·질의검토,0.3317484402601532,0.24893705602695082,0.41931450371289586,계약·질의검토,0.3134391460514526,0.2725925546650083,0.413968299283539,0.32664852109580683,0.2733773330983904,0.39997414580580276
7,kexim_ai_platform,kexim_ai_platform:QMR-007,통상수용,1.0,통상수용,통상수용,True,False,True,통상수용,0.6768838394692893,0.20031834426432849,0.12279781626638211,통상수용,0.7369104974382857,0.16672394631977253,0.09636555624194178,통상수용,0.7947805239719911,0.13270869187416237,0.0725107841538465,0.7361916202931886,0.1665836608194211,0.09722471888739014
7,kexim_ai_platform,kexim_ai_platform:QMR-008,통상수용,1.0,통상수용,통상수용,True,False,True,통상수용,0.6381913895454443,0.20360224445789377,0.15820636599666188,통상수용,0.7399386223293374,0.1430776313480942,0.11698374632256835,통상수용,0.7046142157274321,0.16628365856660313,0.12910212570596488,0.6942480758674047,0.1709878447908637,0.1347640793417317
7,kexim_ai_platform,kexim_ai_platform:QMR-009,통상수용,1.0,통상수용,통상수용,True,False,True,통상수용,0.6116141425615167,0.17746648933438833,0.21091936810409492,통상수용,0.7266202547547608,0.1360573498038628,0.1373223954413765,통상수용,0.6875273600427056,0.1305053912911299,0.1819672486661645,0.675253919119661,0.14800974347646034,0.17673633740387865
7,kexim_ai_platform,kexim_ai_platform:QMR-010,통상수용,1.0,통상수용,통상수용,True,False,True,통상수용,0.6348886637778131,0.17392627664904728,0.19118505957313964,통상수용,0.7280049280358659,0.12682715484245508,0.14516791712167898,통상수용,0.7343300506573484,0.11910087551920107,0.14656907382345047,0.6990745474903425,0.13995143567023446,0.16097401683942303
7,kexim_ai_platform,kexim_ai_platform:QMR-011,통상수용,1.0,통상수용,통상수용,True,False,True,통상수용,0.45160244370412006,0.26121242467605477,0.2871851316198252,통상수용,0.566815865587118,0.22379125481827067,0.20939287959461123,통상수용,0.4356432414750203,0.32427394306773666,0.24008281545724305,0.48468718358875273,0.2697592075206874,0.2455536088905598
7,kexim_ai_platform,kexim_ai_platform:QMR-012,통상수용,1.0,통상수용,통상수용,True,False,True,통상수용,0.6501509063372847,0.18732116699873388,0.16252792666398144,통상수용,0.7507529246047664,0.14340880242015008,0.10583827297508365,통상수용,0.7834250591334542,0.10182839439666906,0.11474654646987677,0.7281096300251685,0.14418612127185101,0.1277042487029806
7,kexim_ai_platform,kexim_ai_platform:SEC-001,통상수용,1.0,계약·질의검토,계약·질의검토,True,True,False,계약·질의검토,0.37827626033854517,0.14828671521376566,0.4734370244476893,계약·질의검토,0.392187670206719,0.13592361025031915,0.4718887195429619,계약·질의검토,0.32805212504708114,0.13599931162026638,0.5359485633326525,0.3661720185307818,0.14006987902811707,0.49375810244110124
7,kexim_ai_platform,kexim_ai_platform:SEC-002,통상수용,1.0,통상수용,통상수용,True,False,True,통상수용,0.6620661047790927,0.13855163172213106,0.19938226349877627,통상수용,0.796921109544779,0.08524201123932972,0.11783687921589117,통상수용,0.7391690003238625,0.10588381035085082,0.1549471893252868,0.7327187382159114,0.1098924844374372,0.15738877734665144
7,kexim_ai_platform,kexim_ai_platform:SEC-003,통상수용,1.0,통상수용,통상수용,True,False,True,통상수용,0.6419449761703961,0.15501417956690644,0.20304084426269736,통상수용,0.7240233504856135,0.10407444312331249,0.17190220639107406,통상수용,0.740994981061872,0.10194510613275776,0.1570599128053703,0.7023211025726273,0.12034457627432556,0.17733432115304723
7,kexim_ai_platform,kexim_ai_platform:SEC-004,통상수용,1.0,통상수용,통상수용,True,False,True,통상수용,0.3569735087594175,0.35119674968575953,0.29182974155482294,통상수용,0.4202533363893993,0.3094964607386534,0.27025020287194723,통상수용,0.39460494267278756,0.3071262548397192,0.2982688024874931,0.3906105959405348,0.3226064884213774,0.2867829156380877
7,kexim_ai_platform,kexim_ai_platform:SEC-007,통상수용,1.0,통상수용,통상수용,True,False,True,통상수용,0.4185704075216345,0.17026058273687913,0.4111690097414864,통상수용,0.4689038636807324,0.13487515685713536,0.39622097946213214,통상수용,0.45656966522134046,0.14388056563949086,0.39954976913916873,0.4480146454745691,0.1496721017445018,0.40231325278092905
7,kexim_ai_platform,kexim_ai_platform:SEC-008,견적반영,1.0,견적반영,견적반영,True,False,True,견적반영,0.2549893751715668,0.4206951517932697,0.32431547303516334,견적반영,0.23321590357580033,0.40445843176056556,0.3623256646636341,견적반영,0.19986304263918306,0.48430423982152165,0.31583271753929526,0.22935610712885005,0.43648594112511896,0.3341579517460309
7,kexim_ai_platform,kexim_ai_platform:SER-002,통상수용,1.0,견적반영,견적반영,True,True,False,견적반영,0.24808248644666636,0.4571477435363736,0.29476977001696003,견적반영,0.20709297311791036,0.47699668792557154,0.3159103389565181,견적반영,0.24505299121682989,0.473509304726375,0.2814377040567951,0.2334094835938022,0.46921791206277336,0.2973726043434244
7,kexim_ai_platform,kexim_ai_platform:SER-003,계약·질의검토,1.0,견적반영,견적반영,True,True,False,견적반영,0.23109404680344778,0.41931325807555564,0.3495926951209966,견적반영,0.2268622668388008,0.436839595614112,0.33629813754708715,견적반영,0.1575774109364769,0.4691343358258209,0.3732882532377022,0.2051779081929085,0.44176239650516286,0.35305969530192866
7,kexim_ai_platform,kexim_ai_platform:SER-004,계약·질의검토,1.0,계약·질의검토,계약·질의검토,True,False,True,계약·질의검토,0.11338562682401918,0.4251028318670969,0.46151154130888394,계약·질의검토,0.07622191943416551,0.4497184664630421,0.4740596141027924,계약·질의검토,0.09021910352087958,0.3942181626439613,0.5155627338351592,0.09327554992635474,0.42301315365803344,0.48371129641561184
7,kexim_ai_platform,kexim_ai_platform:SYS-001,견적반영,1.0,계약·질의검토,계약·질의검토,False,False,True,계약·질의검토,0.3091802674666127,0.33024699961702453,0.36057273291636277,계약·질의검토,0.24427107959617178,0.34437607509109786,0.4113528453127304,견적반영,0.2997769546366064,0.3582125438421339,0.34201050152125984,0.28440943389979695,0.3442785395167521,0.371312026583451
7,kexim_ai_platform,kexim_ai_platform:SYS-003,견적반영,1.0,통상수용,통상수용,True,True,False,통상수용,0.37862771452282185,0.30082698653222006,0.32054529894495803,통상수용,0.3503981524841894,0.3057180851941986,0.3438837623216121,통상수용,0.3963307399963553,0.3120817623335511,0.2915874976700935,0.3751188690011222,0.3062089446866566,0.3186721863122212
7,kexim_ai_platform,kexim_ai_platform:TER-001,통상수용,1.0,통상수용,통상수용,True,False,True,통상수용,0.47068041624844376,0.2311455283144249,0.29817405543713144,통상수용,0.49506070043846995,0.23865059996981763,0.2662886995917125,통상수용,0.45000884544641606,0.24047229787757893,0.309518856676005,0.4719166540444433,0.2367561420539405,0.2913272039016163
7,kexim_ai_platform,kexim_ai_platform:TER-002,통상수용,1.0,통상수용,통상수용,True,False,True,통상수용,0.5669127564711565,0.16796813227520443,0.26511911125363913,통상수용,0.6933263332423558,0.13728921959038898,0.16938444716725526,통상수용,0.5887736651681162,0.16601432308787095,0.24521201174401283,0.6163375849605428,0.15709055831782145,0.22657185672163574
7,kexim_ai_platform,kexim_ai_platform:TER-003,통상수용,1.0,통상수용,통상수용,True,False,True,통상수용,0.48480350373192793,0.24223519957960396,0.2729612966884681,통상수용,0.527930084472754,0.24681819726177895,0.22525171826546703,통상수용,0.5027225072894571,0.2639484620855141,0.23332903062502885,0.5051520318313797,0.25100061964229897,0.2438473485263213
7,kexim_ai_platform,kexim_ai_platform:TER-004,통상수용,1.0,통상수용,통상수용,True,False,True,통상수용,0.4660857741191587,0.20991136587402875,0.32400286000681244,통상수용,0.4633068963793778,0.17268789615094216,0.3640052074696802,통상수용,0.5350725103212869,0.20946358007971377,0.2554639095989994,0.48815506027327443,0.19735428070156158,0.314490659025164
7,kexim_ai_platform,kexim_ai_platform:TER-005,통상수용,1.0,계약·질의검토,계약·질의검토,True,True,False,계약·질의검토,0.28410902351484635,0.2367376397138438,0.4791533367713097,계약·질의검토,0.2787594141276463,0.19807019353026115,0.5231703923420925,계약·질의검토,0.27574336093217305,0.25438732101586725,0.4698693180519597,0.2795372661915552,0.22973171808665738,0.4907310157217873
7,kexim_ai_platform,kexim_ai_platform:TER-006,계약·질의검토,1.0,계약·질의검토,계약·질의검토,True,False,True,계약·질의검토,0.21005487159660013,0.12160193678511863,0.6683431916182812,계약·질의검토,0.1750093817035834,0.0919416105271621,0.7330490077692545,계약·질의검토,0.23070198475659429,0.13743185508618458,0.6318661601572213,0.20525541268559264,0.11699180079948844,0.677752786514919
7,kexim_ai_platform,kexim_ai_platform:TER-007,통상수용,1.0,통상수용,통상수용,True,False,True,통상수용,0.5551763285193023,0.16318023685314811,0.28164343462754965,통상수용,0.6495022025531942,0.13796283575017296,0.21253496169663286,통상수용,0.6784517016273567,0.12344861695442892,0.1980996814182143,0.6277100775666177,0.14153056318591667,0.2307593592474656
8,knoc_genai_platform,knoc_genai_platform:ASR-001,견적반영,0.0,견적반영,견적반영,True,False,True,견적반영,0.15461997185496054,0.6614653838028292,0.18391464434221028,견적반영,0.11238501912805002,0.7456715995884463,0.14194338128350362,견적반영,0.15461997185496154,0.6614653838028275,0.183914644342211,0.14054165427932405,0.6895341223980344,0.1699242233226416
8,knoc_genai_platform,knoc_genai_platform:ASR-002,견적반영,0.0,견적반영,견적반영,True,False,True,견적반영,0.058183973402206955,0.7420409631252545,0.1997750634725386,견적반영,0.03853160877928622,0.8238135117664619,0.13765487945425178,견적반영,0.058183973402207316,0.7420409631252535,0.19977506347253907,0.05163318519456683,0.76929847933899,0.17906833546644316
8,knoc_genai_platform,knoc_genai_platform:ASR-003,견적반영,0.0,견적반영,견적반영,True,False,True,견적반영,0.10183702486617942,0.665348746443277,0.23281422869054352,견적반영,0.0700344423994605,0.7560779044409582,0.17388765315958143,견적반영,0.10183702486617988,0.6653487464432746,0.23281422869054555,0.09123616404393993,0.6955917991091699,0.21317203684689015
8,knoc_genai_platform,knoc_genai_platform:ASR-004,계약·질의검토,0.0,계약·질의검토,계약·질의검토,True,False,True,계약·질의검토,0.17551382850386787,0.24504086215542883,0.5794453093407033,계약·질의검토,0.12791853715067567,0.1588641393816769,0.7132173234676474,계약·질의검토,0.1755138285038673,0.2450408621554272,0.5794453093407056,0.15964873138613697,0.21631528789751098,0.6240359807163521
8,knoc_genai_platform,knoc_genai_platform:ASR-005,견적반영,0.0,견적반영,견적반영,True,False,True,견적반영,0.15591794967986677,0.5842369506525515,0.25984509966758157,견적반영,0.11911995007787717,0.6654683140452309,0.21541173587689197,견적반영,0.15591794967986788,0.5842369506525482,0.259845099667584,0.1436519498125373,0.6113140717834435,0.2450339784040192
8,knoc_genai_platform,knoc_genai_platform:ASR-006,계약·질의검토,0.0,계약·질의검토,계약·질의검토,True,False,True,계약·질의검토,0.116630232317898,0.3320083512842133,0.5513614163978886,계약·질의검토,0.09939610820548819,0.2691418300493395,0.6314620617451724,계약·질의검토,0.11663023231789782,0.3320083512842134,0.5513614163978888,0.11088552428042801,0.3110528442059221,0.57806163151365
8,knoc_genai_platform,knoc_genai_platform:ASR-007,견적반영,0.0,견적반영,견적반영,True,False,True,견적반영,0.1465342259184242,0.6071650927869877,0.24630068129458801,견적반영,0.10341741485128604,0.7002818543555878,0.1963007307931262,견적반영,0.14653422591842466,0.6071650927869859,0.24630068129458924,0.13216195556271162,0.6382040133098538,0.2296340311274345
8,knoc_genai_platform,knoc_genai_platform:ASR-008,견적반영,0.0,견적반영,견적반영,True,False,True,견적반영,0.12435330836089006,0.7259488477375463,0.14969784390156354,견적반영,0.0917918797411431,0.8089112249399185,0.09929689531893834,견적반영,0.12435330836089087,0.725948847737545,0.1496978439015642,0.11349949882097467,0.7536029734716699,0.13289752770735538
8,knoc_genai_platform,knoc_genai_platform:ASR-009,견적반영,0.0,견적반영,견적반영,True,False,True,견적반영,0.09726595823282867,0.7580796297430544,0.14465441202411677,견적반영,0.0619495972198269,0.8340615524026452,0.10398885037752789,견적반영,0.09726595823282945,0.7580796297430525,0.144654412024118,0.08549383789516168,0.7834069372962507,0.13109922480858757
8,knoc_genai_platform,knoc_genai_platform:COR-001,통상수용,0.0,통상수용,통상수용,True,False,True,통상수용,0.5243621823875423,0.28344370820641696,0.1921941094060408,통상수용,0.6084588892076784,0.24086890107627862,0.15067220971604303,통상수용,0.5243621823875425,0.2834437082064167,0.19219410940604084,0.5523944179942544,0.2692521058297041,0.17835347617604155
8,knoc_genai_platform,knoc_genai_platform:COR-002,통상수용,0.0,통상수용,통상수용,True,False,True,통상수용,0.6469703617822635,0.19328259239027776,0.1597470458274587,통상수용,0.7692366599640859,0.1313623488468913,0.09940099118902292,통상수용,0.6469703617822643,0.19328259239027715,0.15974704582745855,0.687725794509538,0.17264251120914872,0.1396316942813134
8,knoc_genai_platform,knoc_genai_platform:COR-003,계약·질의검토,0.0,계약·질의검토,계약·질의검토,True,False,True,계약·질의검토,0.28735852957779195,0.18258987590518685,0.5300515945170212,계약·질의검토,0.2465866409487136,0.14372275735436082,0.6096906016969257,계약·질의검토,0.28735852957779134,0.182589875905187,0.5300515945170218,0.27376790003476564,0.16963416972157822,0.5565979302436562
8,knoc_genai_platform,knoc_genai_platform:COR-004,통상수용,0.0,통상수용,통상수용,True,False,True,통상수용,0.714802557552362,0.12228144448791098,0.16291599795972703,통상수용,0.8029257569443959,0.0808647433883117,0.11620949966729238,통상수용,0.7148025575523607,0.12228144448791192,0.16291599795972744,0.7441769573497062,0.10847587745471154,0.1473471651955823
8,knoc_genai_platform,knoc_genai_platform:COR-005,견적반영,0.0,견적반영,견적반영,True,False,True,견적반영,0.3785110770054852,0.5121202075734912,0.10936871542102357,견적반영,0.34003707714657294,0.5862127355989207,0.07375018725450634,견적반영,0.37851107700548137,0.5121202075734959,0.10936871542102287,0.36568641038584654,0.5368177169153026,0.09749587269885092
8,knoc_genai_platform,knoc_genai_platform:COR-006,계약·질의검토,0.0,계약·질의검토,계약·질의검토,True,False,True,계약·질의검토,0.1735171122374382,0.09746089234025605,0.7290219954223057,계약·질의검토,0.12552119256005478,0.0652672558351263,0.809211551604819,계약·질의검토,0.17351711223743738,0.0974608923402568,0.7290219954223058,0.1575184723449768,0.08672968017187971,0.7557518474831436
8,knoc_genai_platform,knoc_genai_platform:COR-007,통상수용,0.0,통상수용,통상수용,True,False,True,통상수용,0.7115131553876689,0.10172185763200407,0.18676498698032698,통상수용,0.8108116456394583,0.06785184939104318,0.1213365049694986,통상수용,0.7115131553876671,0.10172185763200513,0.18676498698032773,0.7446126521382648,0.09043185488501747,0.16495549297671777
8,knoc_genai_platform,knoc_genai_platform:COR-008,계약·질의검토,0.0,통상수용,통상수용,True,True,False,통상수용,0.44653438726815425,0.16014275728106564,0.39332285545078,통상수용,0.45758128124315983,0.11683986512061725,0.42557885363622283,통상수용,0.4465343872681525,0.16014275728106678,0.39332285545078066,0.45021668525982217,0.14570845989424988,0.4040748548459278
8,knoc_genai_platform,knoc_genai_platform:DAR-001,견적반영,0.0,계약·질의검토,계약·질의검토,True,True,False,계약·질의검토,0.3365227045202197,0.2674499554142514,0.39602734006552887,계약·질의검토,0.37792514568163704,0.23500606464522536,0.3870687896731377,계약·질의검토,0.33652270452021943,0.2674499554142513,0.3960273400655293,0.3503235182406921,0.2566353251579094,0.39304115660139854
8,knoc_genai_platform,knoc_genai_platform:DAR-002,견적반영,0.0,계약·질의검토,계약·질의검토,True,True,False,계약·질의검토,0.21483381921754657,0.35164993353855084,0.4335162472439027,계약·질의검토,0.1753769686777116,0.32934052383257933,0.4952825074897092,계약·질의검토,0.21483381921754555,0.3516499335385513,0.4335162472439032,0.20168153570426792,0.3442134636365605,0.45410500065917164
8,knoc_genai_platform,knoc_genai_platform:DAR-003,계약·질의검토,0.0,견적반영,견적반영,True,True,False,견적반영,0.27903554116236157,0.4119380787855977,0.3090263800520408,견적반영,0.271412179122354,0.3842129128922769,0.34437490798536907,견적반영,0.2790355411623606,0.41193807878559785,0.3090263800520415,0.2764944204823587,0.4026963568211575,0.32080922269648376
8,knoc_genai_platform,knoc_genai_platform:DAR-004,통상수용,0.0,통상수용,통상수용,True,False,True,통상수용,0.5766455967288933,0.24075254969148266,0.1826018535796242,통상수용,0.6191710395048518,0.21051652206156357,0.17031243843358468,통상수용,0.5766455967288935,0.24075254969148277,0.1826018535796238,0.5908207443208795,0.23067387381484297,0.17850538186427756
8,knoc_genai_platform,knoc_genai_platform:DAR-005,견적반영,0.0,통상수용,통상수용,True,True,False,통상수용,0.4619040207205971,0.37709631657813175,0.1609996627012711,통상수용,0.47100976615813533,0.3851903612749406,0.14379987256692406,통상수용,0.461904020720599,0.3770963165781308,0.1609996627012702,0.4649392691997772,0.3797943314770677,0.1552663993231551
8,knoc_genai_platform,knoc_genai_platform:DAR-006,통상수용,0.0,통상수용,통상수용,True,False,True,통상수용,0.5390185999462082,0.24848422691789782,0.21249717313589403,통상수용,0.5375425863652119,0.25043667830938765,0.2120207353254004,통상수용,0.5390185999462098,0.2484842269178976,0.21249717313589264,0.5385265954192099,0.24913504404839437,0.21233836053239571
8,knoc_genai_platform,knoc_genai_platform:DAR-007,견적반영,0.0,통상수용,통상수용,True,True,False,통상수용,0.47520577641040945,0.23064897057471237,0.29414525301487815,통상수용,0.49420082105997676,0.2115028963734486,0.29429628256657464,통상수용,0.47520577641040984,0.23064897057471304,0.2941452530148771,0.48153745796026537,0.224266945840958,0.2941955961987766
8,knoc_genai_platform,knoc_genai_platform:DPR-001,통상수용,0.0,통상수용,통상수용,True,False,True,통상수용,0.387617409750262,0.3677953089846663,0.2445872812650717,통상수용,0.4088082143743402,0.38086784397372553,0.21032394165193435,통상수용,0.3876174097502629,0.36779530898466556,0.24458728126507168,0.3946810112916217,0.3721528206476858,0.23316616806069257
8,knoc_genai_platform,knoc_genai_platform:DPR-002,견적반영,0.0,견적반영,견적반영,True,False,True,견적반영,0.21482372358838575,0.6317441132386119,0.15343216317300234,견적반영,0.1780510193365982,0.6934503243771918,0.12849865628621004,견적반영,0.21482372358838642,0.6317441132386109,0.15343216317300265,0.20256615550445678,0.6523128502848049,0.14512099421073835
8,knoc_genai_platform,knoc_genai_platform:DPR-003,계약·질의검토,0.0,견적반영,견적반영,True,True,False,견적반영,0.1780849468237947,0.5258863003316921,0.29602875284451313,견적반영,0.1544647044073644,0.5983920962760284,0.24714319931660728,견적반영,0.17808494682379505,0.5258863003316913,0.29602875284451363,0.1702115326849847,0.5500548989798039,0.27973356833521135
8,knoc_genai_platform,knoc_genai_platform:DPR-004,견적반영,0.0,견적반영,견적반영,True,False,True,견적반영,0.2646498191330131,0.6127402432598654,0.12260993760712144,견적반영,0.2749035703587835,0.6397315090295941,0.08536492061162249,견적반영,0.26464981913301394,0.6127402432598645,0.12260993760712156,0.2680677362082702,0.6217373318497746,0.11019493194195516
8,knoc_genai_platform,knoc_genai_platform:DPR-005,견적반영,0.0,견적반영,견적반영,True,False,True,견적반영,0.2322125243621458,0.498150289647551,0.26963718599030334,견적반영,0.23993505455424075,0.5191820325628556,0.24088291288290367,견적반영,0.23221252436214732,0.49815028964754826,0.26963718599030434,0.2347867010928446,0.5051608706193182,0.26005242828783715
8,knoc_genai_platform,knoc_genai_platform:DPR-006,견적반영,0.0,견적반영,견적반영,True,False,True,견적반영,0.13151546799829017,0.7056638565375754,0.1628206754641346,견적반영,0.10309339272135294,0.7661961357975339,0.1307104714811132,견적반영,0.13151546799829095,0.7056638565375746,0.16282067546413462,0.12204144290597801,0.7258412829575613,0.1521172741364608
8,knoc_genai_platform,knoc_genai_platform:DPR-007,견적반영,0.0,견적반영,견적반영,True,False,True,견적반영,0.11786011272670659,0.6931155314888052,0.18902435578448826,견적반영,0.08420083373064485,0.773528232819298,0.1422709334500571,견적반영,0.11786011272670685,0.6931155314888048,0.18902435578448845,0.10664035306135278,0.7199197652656361,0.17343988167301125
8,knoc_genai_platform,knoc_genai_platform:DPR-008,견적반영,0.0,통상수용,통상수용,True,True,False,통상수용,0.4793478661262841,0.4095979904218574,0.11105414345185853,통상수용,0.5948978127588673,0.33751717233299244,0.06758501490814023,통상수용,0.4793478661262857,0.40959799042185624,0.11105414345185816,0.5178645150038125,0.38557105105890205,0.09656443393728564
8,knoc_genai_platform,knoc_genai_platform:FUR-001,통상수용,0.0,견적반영,견적반영,True,True,False,견적반영,0.3040215277857135,0.4262039476549353,0.2697745245593512,견적반영,0.29222158018286415,0.42627977196944616,0.28149864784768963,견적반영,0.30402152778571334,0.4262039476549348,0.26977452455935186,0.30008821191809704,0.4262292224264388,0.2736825656554642
8,knoc_genai_platform,knoc_genai_platform:FUR-002,통상수용,0.0,견적반영,견적반영,True,True,False,견적반영,0.3315249827450738,0.4520103054967911,0.2164647117581351,견적반영,0.313703158305206,0.45972886039370825,0.22656798130108574,견적반영,0.3315249827450735,0.45201030549679183,0.21646471175813467,0.3255843745984511,0.4545831571290971,0.21983246827245184
8,knoc_genai_platform,knoc_genai_platform:FUR-003,견적반영,0.0,견적반영,견적반영,True,False,True,견적반영,0.2620996370386508,0.5325688862819656,0.2053314766793835,견적반영,0.22635939937041955,0.5808076511847099,0.1928329494448706,견적반영,0.2620996370386506,0.5325688862819655,0.2053314766793839,0.25018622448257366,0.5486484745828804,0.201165300934546
8,knoc_genai_platform,knoc_genai_platform:FUR-004,계약·질의검토,0.0,견적반영,견적반영,True,True,False,견적반영,0.19342995406375071,0.5176704097351228,0.28889963620112646,견적반영,0.147589385362192,0.5360213758091218,0.31638923882868614,견적반영,0.19342995406375033,0.5176704097351223,0.2888996362011273,0.17814976449656436,0.5237873984264556,0.29806283707698
8,knoc_genai_platform,knoc_genai_platform:FUR-005,통상수용,0.0,견적반영,견적반영,True,True,False,견적반영,0.3346046958223367,0.48845869410426684,0.17693661007339637,견적반영,0.3512502945227707,0.5074108734257954,0.14133883205143388,견적반영,0.3346046958223365,0.4884586941042675,0.176936610073396,0.3401532287224813,0.4947760872114432,0.16507068406607542
8,knoc_genai_platform,knoc_genai_platform:FUR-006,견적반영,0.0,견적반영,견적반영,True,False,True,견적반영,0.2256682579081514,0.5709074465304211,0.20342429556142755,견적반영,0.20263390908755086,0.6096968068642717,0.18766928404817745,견적반영,0.22566825790815015,0.570907446530422,0.20342429556142785,0.21799014163461747,0.5838372333083717,0.19817262505701094
8,knoc_genai_platform,knoc_genai_platform:FUR-007,견적반영,0.0,견적반영,견적반영,True,False,True,견적반영,0.14066012271113507,0.6995813027531028,0.15975857453576212,견적반영,0.11274581768615743,0.7586569764795505,0.12859720583429204,견적반영,0.1406601227111365,0.6995813027531002,0.15975857453576325,0.13135535436947632,0.7192731939952512,0.14937145163527246
8,knoc_genai_platform,knoc_genai_platform:GOV-001,통상수용,0.0,통상수용,통상수용,True,False,True,통상수용,0.42396164163043654,0.28683205339744094,0.28920630497212263,통상수용,0.4915209134641337,0.22692818352184385,0.2815509030140224,통상수용,0.4239616416304368,0.28683205339744017,0.289206304972123,0.44648139890833566,0.2668640967722417,0.2866545043194227
8,knoc_genai_platform,knoc_genai_platform:GOV-002,통상수용,0.0,통상수용,통상수용,True,False,True,통상수용,0.4107729265403977,0.19581645750932866,0.39341061595027366,통상수용,0.452202568200867,0.17020694319282628,0.3775904886063066,통상수용,0.410772926540397,0.19581645750932897,0.3934106159502741,0.42458280709388724,0.18727995273716128,0.3881372401689515
8,knoc_genai_platform,knoc_genai_platform:GOV-003,계약·질의검토,0.0,견적반영,견적반영,True,True,False,견적반영,0.24394755122794112,0.5905311940300924,0.16552125474196655,견적반영,0.19101069669212997,0.684672495171463,0.12431680813640691,견적반영,0.2439475512279412,0.5905311940300927,0.1655212547419661,0.22630193304933743,0.6219116277438826,0.15178643920677984
8,knoc_genai_platform,knoc_genai_platform:GOV-004,통상수용,0.0,통상수용,통상수용,True,False,True,통상수용,0.5104737942690504,0.32896967702443647,0.1605565287065131,통상수용,0.5843067952023167,0.28543621405289094,0.13025699074479238,통상수용,0.5104737942690514,0.3289696770244357,0.160556528706513,0.5350847945801395,0.31445852270058766,0.15045668271927284
8,knoc_genai_platform,knoc_genai_platform:GOV-005,통상수용,0.0,통상수용,통상수용,True,False,True,통상수용,0.3748549034263453,0.35550355492347896,0.2696415416501757,통상수용,0.4040420513445355,0.3132326279824639,0.28272532067300066,통상수용,0.37485490342634553,0.3555035549234794,0.269641541650175,0.3845839527324088,0.3414132459431407,0.27400280132445043
8,knoc_genai_platform,knoc_genai_platform:INF-001,통상수용,0.0,통상수용,통상수용,True,False,True,통상수용,0.660567590899127,0.1867827309845368,0.15264967811633612,통상수용,0.734662178388105,0.1517171275414782,0.11362069407041671,통상수용,0.6605675908991291,0.1867827309845351,0.15264967811633584,0.6852657867287869,0.17509419650351668,0.13964001676769622
8,knoc_genai_platform,knoc_genai_platform:INF-002,통상수용,0.0,통상수용,통상수용,True,False,True,통상수용,0.5401257508377141,0.1456545768342912,0.31421967232799475,통상수용,0.6487581038363944,0.0996613220869418,0.2515805740766638,통상수용,0.5401257508377166,0.1456545768342901,0.31421967232799336,0.5763365351706083,0.1303234919185077,0.29333997291088393
8,knoc_genai_platform,knoc_genai_platform:INF-003,통상수용,0.0,통상수용,통상수용,True,False,True,통상수용,0.4811936458649069,0.2828091395847767,0.23599721455031622,통상수용,0.574034507381767,0.2211543989614546,0.20481109365677846,통상수용,0.4811936458649082,0.28280913958477594,0.23599721455031586,0.5121405997038607,0.2622575593770024,0.22560184091913685
8,knoc_genai_platform,knoc_genai_platform:INF-004,통상수용,0.0,통상수용,통상수용,True,False,True,통상수용,0.5548763674871597,0.3049303130022904,0.14019331951054984,통상수용,0.6592310917096733,0.22857239180230507,0.11219651648802159,통상수용,0.5548763674871614,0.30493031300228923,0.14019331951054934,0.5896612755613315,0.2794776726022949,0.13086105183637362
8,knoc_genai_platform,knoc_genai_platform:INR-001,계약·질의검토,0.0,견적반영,견적반영,True,True,False,견적반영,0.08878315566317382,0.6466708017572295,0.26454604257959685,견적반영,0.06395598149339092,0.7378717775023942,0.19817224100421477,견적반영,0.0887831556631741,0.6466708017572264,0.26454604257959946,0.08050743093991294,0.6770711270056166,0.24242144205447036
8,knoc_genai_platform,knoc_genai_platform:INR-002,견적반영,0.0,견적반영,견적반영,True,False,True,견적반영,0.1440563794839147,0.6796314857721336,0.1763121347439516,견적반영,0.09772918565254128,0.7784635520102084,0.1238072623372504,견적반영,0.14405637948391586,0.6796314857721315,0.17631213474395255,0.12861398154012396,0.7125755078514912,0.15881051060838483
8,knoc_genai_platform,knoc_genai_platform:INR-003,견적반영,0.0,견적반영,견적반영,True,False,True,견적반영,0.14529187561547527,0.7107053458654221,0.14400277851910256,견적반영,0.10763011167933757,0.7927194327157348,0.0996504556049277,견적반영,0.1452918756154756,0.7107053458654206,0.14400277851910387,0.1327379543034295,0.7380433748155258,0.12921867088104472
8,knoc_genai_platform,knoc_genai_platform:INR-004,견적반영,0.0,견적반영,견적반영,True,False,True,견적반영,0.19001849743222443,0.5403244084418545,0.26965709412592126,견적반영,0.12952232561602345,0.6582483971577294,0.21222927722624713,견적반영,0.19001849743222443,0.5403244084418534,0.26965709412592226,0.16985310682682409,0.579632404680479,0.25051448849269686
8,knoc_genai_platform,knoc_genai_platform:INR-005,계약·질의검토,0.0,계약·질의검토,계약·질의검토,True,False,True,계약·질의검토,0.08853472004898855,0.14874196707774473,0.7627233128732668,계약·질의검토,0.06506174472009531,0.1028283527036618,0.8321099025762427,계약·질의검토,0.0885347200489875,0.14874196707774523,0.7627233128732673,0.08071039493935711,0.13343742895305058,0.7858521761075923
8,knoc_genai_platform,knoc_genai_platform:INR-006,통상수용,0.0,계약·질의검토,계약·질의검토,False,True,False,계약·질의검토,0.2024524107932999,0.3666945744404151,0.430853014766285,견적반영,0.16512096165816526,0.4695072386520562,0.36537179968977856,계약·질의검토,0.20245241079329754,0.3666945744404164,0.43085301476628596,0.1900085944149209,0.4009654625109626,0.4090259430741165
8,knoc_genai_platform,knoc_genai_platform:INR-007,계약·질의검토,0.0,계약·질의검토,계약·질의검토,True,False,True,계약·질의검토,0.12568483057731533,0.1808057676747921,0.6935094017478926,계약·질의검토,0.09172346024716699,0.12806547454473033,0.7802110652081028,계약·질의검토,0.1256848305773149,0.1808057676747941,0.6935094017478911,0.11436437380059906,0.16322566996477217,0.7224099562346288
8,knoc_genai_platform,knoc_genai_platform:INR-008,통상수용,0.0,통상수용,통상수용,True,False,True,통상수용,0.4551055039150584,0.18024514469776762,0.36464935138717397,통상수용,0.5894445040392333,0.131994288041701,0.27856120791906563,통상수용,0.45510550391505744,0.18024514469776873,0.36464935138717386,0.49988517062311644,0.16416152581241247,0.3359533035644711
8,knoc_genai_platform,knoc_genai_platform:INR-009,계약·질의검토,0.0,계약·질의검토,계약·질의검토,True,False,True,계약·질의검토,0.1678038438913388,0.16047379690682054,0.6717223592018408,계약·질의검토,0.13034891311578464,0.1226579329568542,0.7469931539273612,계약·질의검토,0.16780384389133812,0.16047379690682195,0.6717223592018399,0.15531886696615385,0.1478685089234989,0.6968126241103473
8,knoc_genai_platform,knoc_genai_platform:INR-010,계약·질의검토,0.0,계약·질의검토,계약·질의검토,True,False,True,계약·질의검토,0.05220670025342904,0.12906531403225024,0.8187279857143206,계약·질의검토,0.03612410723302898,0.09563336437983705,0.868242528387134,계약·질의검토,0.052206700253428974,0.12906531403225133,0.8187279857143196,0.046845835913295664,0.11792133081477955,0.8352328332719248
8,knoc_genai_platform,knoc_genai_platform:INR-011,계약·질의검토,0.0,계약·질의검토,계약·질의검토,True,False,True,계약·질의검토,0.1221166539879354,0.09206049403785249,0.7858228519742123,계약·질의검토,0.0918439814239158,0.06330062050281149,0.8448553980732727,계약·질의검토,0.12211665398793511,0.0920604940378539,0.785822851974211,0.11202576313326211,0.08247386952617262,0.8055003673405654
8,knoc_genai_platform,knoc_genai_platform:INR-DTL-001,계약·질의검토,0.0,계약·질의검토,계약·질의검토,True,False,True,계약·질의검토,0.0834271274324231,0.13876799899555778,0.7778048735720191,계약·질의검토,0.05083424077874347,0.08161031069708287,0.8675554485241737,계약·질의검토,0.08342712743242323,0.1387679989955587,0.7778048735720181,0.0725628318811966,0.11971543622939979,0.8077217318894037
8,knoc_genai_platform,knoc_genai_platform:INR-DTL-002,견적반영,0.0,견적반영,견적반영,True,False,True,견적반영,0.21975104479165616,0.4724735043180885,0.30777545089025543,견적반영,0.1850831109632072,0.5154846171774351,0.29943227185935767,견적반영,0.2197510447916557,0.4724735043180876,0.3077754508902567,0.2081950668488397,0.4868105419378704,0.3049943912132899
8,knoc_genai_platform,knoc_genai_platform:INR-DTL-003,계약·질의검토,0.0,견적반영,견적반영,True,True,False,견적반영,0.0874993201125173,0.5665171510867302,0.34598352880075256,견적반영,0.059881619291476576,0.661621869526226,0.2784965111822974,견적반영,0.08749932011251721,0.5665171510867276,0.34598352880075517,0.07829341983883703,0.5982187238998947,0.32348785626126836
8,knoc_genai_platform,knoc_genai_platform:INR-DTL-004,견적반영,0.0,계약·질의검토,계약·질의검토,True,True,False,계약·질의검토,0.26130820388027304,0.2879523977533758,0.45073939836635124,계약·질의검토,0.25592439364120767,0.22991002167546032,0.514165584683332,계약·질의검토,0.2613082038802721,0.28795239775337567,0.4507393983663523,0.2595136004672509,0.2686049390607373,0.47188146047201185
8,knoc_genai_platform,knoc_genai_platform:PER-001,계약·질의검토,0.0,계약·질의검토,계약·질의검토,True,False,True,계약·질의검토,0.22108825234519267,0.1192156159356218,0.6596961317191856,계약·질의검토,0.1610602190698057,0.07717385859505305,0.7617659223351412,계약·질의검토,0.2210882523451936,0.11921561593562285,0.6596961317191835,0.201078907920064,0.10520169682209923,0.6937193952578368
8,knoc_genai_platform,knoc_genai_platform:PER-002,통상수용,0.0,통상수용,통상수용,True,False,True,통상수용,0.35373682640336496,0.32785307907894645,0.31841009451768865,통상수용,0.44218622724488904,0.2810324863975627,0.27678128635754834,통상수용,0.3537368264033664,0.32785307907894584,0.3184100945176878,0.3832199600172068,0.3122462148518183,0.3045338251309749
8,knoc_genai_platform,knoc_genai_platform:PER-003,계약·질의검토,0.0,계약·질의검토,계약·질의검토,True,False,True,계약·질의검토,0.10059552535928125,0.10561967674169194,0.7937847978990268,계약·질의검토,0.07151912870130488,0.07152235441401199,0.8569585168846832,계약·질의검토,0.10059552535928062,0.105619676741691,0.7937847978990284,0.09090339313995559,0.09425390263246497,0.8148427042275795
8,knoc_genai_platform,knoc_genai_platform:PER-004,계약·질의검토,0.0,계약·질의검토,계약·질의검토,True,False,True,계약·질의검토,0.1742751466150431,0.11178777511237965,0.7139370782725774,계약·질의검토,0.1261546585036748,0.08338880749219817,0.790456534004127,계약·질의검토,0.17427514661504281,0.1117877751123793,0.7139370782725779,0.15823498391125357,0.10232145257231905,0.7394435635164274
8,knoc_genai_platform,knoc_genai_platform:PMR-001,통상수용,0.0,통상수용,통상수용,True,False,True,통상수용,0.7079639561417578,0.08027787319710401,0.21175817066113814,통상수용,0.7877123121892197,0.06339971166003167,0.1488879761507487,통상수용,0.7079639561417573,0.08027787319710457,0.21175817066113808,0.7345467414909116,0.0746518193514134,0.19080143915767497
8,knoc_genai_platform,knoc_genai_platform:PMR-002,견적반영,0.0,통상수용,통상수용,True,True,False,통상수용,0.49796108090105434,0.2962420806466416,0.20579683845230395,통상수용,0.5612460241040617,0.28863090568492983,0.1501230702110086,통상수용,0.497961080901053,0.29624208064664426,0.2057968384523026,0.519056061968723,0.2937050223260719,0.18723891570520504
8,knoc_genai_platform,knoc_genai_platform:PMR-003,통상수용,0.0,통상수용,통상수용,True,False,True,통상수용,0.7312745862054497,0.12124354522526917,0.14748186856928114,통상수용,0.820921189211721,0.07759177648135777,0.10148703430692112,통상수용,0.7312745862054486,0.1212435452252701,0.1474818685692812,0.7611567872075398,0.10669295564396568,0.1321502571484945
8,knoc_genai_platform,knoc_genai_platform:PMR-004,통상수용,0.0,통상수용,통상수용,True,False,True,통상수용,0.7281874509060056,0.12678054035155517,0.1450320087424393,통상수용,0.798875368179773,0.09402493508779959,0.10709969673242742,통상수용,0.7281874509060061,0.12678054035155517,0.1450320087424387,0.7517500899972616,0.11586200526363664,0.1323879047391018
8,knoc_genai_platform,knoc_genai_platform:PMR-005,통상수용,0.0,통상수용,통상수용,True,False,True,통상수용,0.7908503819216472,0.07336995902804587,0.13577965905030687,통상수용,0.8637036583962108,0.047406704854399274,0.08888963674938999,통상수용,0.7908503819216487,0.0733699590280459,0.13577965905030534,0.8151348074131689,0.06471554097016369,0.1201496516166674
8,knoc_genai_platform,knoc_genai_platform:PMR-006,통상수용,0.0,통상수용,통상수용,True,False,True,통상수용,0.6844746950345222,0.17913677133212055,0.1363885336333573,통상수용,0.7442589356088729,0.1400066152064545,0.1157344491846727,통상수용,0.684474695034523,0.17913677133212058,0.13638853363335648,0.7044027752259727,0.16609338595689854,0.12950383881712882
8,knoc_genai_platform,knoc_genai_platform:PMR-007,통상수용,0.0,통상수용,통상수용,True,False,True,통상수용,0.762498161304278,0.11166908428140448,0.1258327544143174,통상수용,0.8550193191270338,0.07215447737121695,0.07282620350174927,통상수용,0.7624981613042793,0.1116690842814042,0.12583275441431654,0.793338547245197,0.0984975486446752,0.10816390411012773
8,knoc_genai_platform,knoc_genai_platform:PMR-008,계약·질의검토,0.0,통상수용,통상수용,True,True,False,통상수용,0.653979100358972,0.10546448740910089,0.2405564122319272,통상수용,0.70644507092705,0.08588731259320943,0.20766761647974052,통상수용,0.6539791003589733,0.1054644874091013,0.2405564122319253,0.6714677572149984,0.09893876247047055,0.229593480314531
8,knoc_genai_platform,knoc_genai_platform:PMR-009,통상수용,0.0,통상수용,통상수용,True,False,True,통상수용,0.5032377197571286,0.13643550309431973,0.36032677714855166,통상수용,0.5501761587580923,0.10854199686353627,0.3412818443783715,통상수용,0.5032377197571267,0.13643550309432095,0.3603267771485523,0.5188838660907825,0.12713766768405899,0.35397846622515844
8,knoc_genai_platform,knoc_genai_platform:PMR-010,통상수용,0.0,통상수용,통상수용,True,False,True,통상수용,0.7579402736448553,0.08672331384366719,0.15533641251147753,통상수용,0.8254511152859527,0.06101512640252163,0.11353375831152562,통상수용,0.7579402736448553,0.08672331384366758,0.15533641251147717,0.780443887525221,0.07815391802995213,0.14140219444482677
8,knoc_genai_platform,knoc_genai_platform:PMR-011,통상수용,0.0,통상수용,통상수용,True,False,True,통상수용,0.553026988907968,0.1759558729682608,0.27101713812377126,통상수용,0.6528767700917311,0.14314949953341422,0.20397373037485478,통상수용,0.5530269889079661,0.1759558729682612,0.27101713812377265,0.586310249302555,0.16502041515664542,0.24866933554079954
8,knoc_genai_platform,knoc_genai_platform:PMR-012,통상수용,0.0,통상수용,통상수용,True,False,True,통상수용,0.7837154145540195,0.08518914640408386,0.13109543904189666,통상수용,0.8910531337504937,0.04069136320782007,0.06825550304168625,통상수용,0.7837154145540174,0.08518914640408505,0.1310954390418977,0.8194946542861768,0.07035655200532966,0.11014879370849352
8,knoc_genai_platform,knoc_genai_platform:PMR-013,견적반영,0.0,견적반영,견적반영,True,False,True,견적반영,0.3318470083983128,0.3403581092577713,0.3277948823439159,견적반영,0.3583476823941396,0.3732953056138641,0.26835701199199635,견적반영,0.3318470083983102,0.3403581092577725,0.3277948823439174,0.34068056639692085,0.35133717470980264,0.3079822588932766
8,knoc_genai_platform,knoc_genai_platform:PMR-014,통상수용,0.0,통상수용,통상수용,True,False,True,통상수용,0.7408370216341176,0.13420632711173222,0.12495665125415033,통상수용,0.8338696519446193,0.08800999925285681,0.07812034880252398,통상수용,0.7408370216341166,0.13420632711173305,0.12495665125415029,0.7718478984042845,0.11880755115877402,0.10934455043694154
8,knoc_genai_platform,knoc_genai_platform:PMR-015,계약·질의검토,0.0,계약·질의검토,계약·질의검토,True,False,True,계약·질의검토,0.16882960933027413,0.08266640841786176,0.7485039822518641,계약·질의검토,0.1331671444066563,0.059888913486123144,0.8069439421072206,계약·질의검토,0.1688296093302733,0.0826664084178626,0.7485039822518641,0.15694212102240127,0.0750739101072825,0.7679839688703164
8,knoc_genai_platform,knoc_genai_platform:PSR-001,계약·질의검토,0.0,계약·질의검토,계약·질의검토,True,False,True,계약·질의검토,0.32612599787110974,0.13858195270178908,0.5352920494271013,계약·질의검토,0.288418853555547,0.09695446067076798,0.6146266857736851,계약·질의검토,0.3261259978711096,0.1385819527017894,0.535292049427101,0.3135569497659221,0.12470612202478215,0.5617369282092958
8,knoc_genai_platform,knoc_genai_platform:PSR-002,계약·질의검토,0.0,계약·질의검토,계약·질의검토,True,False,True,계약·질의검토,0.20693530214371444,0.12290333070409885,0.6701613671521867,계약·질의검토,0.148445194850038,0.08297238965409005,0.7685824154958719,계약·질의검토,0.20693530214371372,0.1229033307040996,0.6701613671521867,0.1874385997124887,0.10959301702076284,0.7029683832667484
8,knoc_genai_platform,knoc_genai_platform:PSR-003,통상수용,0.0,통상수용,통상수용,True,False,True,통상수용,0.6489155843981612,0.2221986981427777,0.12888571745906113,통상수용,0.753837358461584,0.1538134243382024,0.0923492172002136,통상수용,0.6489155843981617,0.22219869814277765,0.12888571745906074,0.683889509085969,0.19940360687458591,0.11670688403944517
8,knoc_genai_platform,knoc_genai_platform:PSR-004,통상수용,0.0,통상수용,통상수용,True,False,True,통상수용,0.6402444119035755,0.185566984356962,0.17418860373946246,통상수용,0.7229284263227232,0.1531447628877784,0.12392681078949844,통상수용,0.6402444119035747,0.18556698435696278,0.17418860373946252,0.6678057500432911,0.17475957720056776,0.15743467275614112
8,knoc_genai_platform,knoc_genai_platform:PSR-005,계약·질의검토,0.0,계약·질의검토,계약·질의검토,True,False,True,계약·질의검토,0.2766253224877425,0.1597564391395043,0.563618238372753,계약·질의검토,0.22653654910879162,0.13335892278538936,0.6401045281058191,계약·질의검토,0.2766253224877441,0.15975643913950602,0.5636182383727498,0.2599290646947594,0.15095726702146653,0.589113668283774
8,knoc_genai_platform,knoc_genai_platform:PSR-006,계약·질의검토,0.0,계약·질의검토,계약·질의검토,True,False,True,계약·질의검토,0.1830442568089399,0.11405835072737872,0.7028973924636814,계약·질의검토,0.12581688668739857,0.0737890517940359,0.8003940615185656,계약·질의검토,0.18304425680893954,0.11405835072738013,0.7028973924636802,0.163968466768426,0.10063525108293159,0.7353962821486424
8,knoc_genai_platform,knoc_genai_platform:QMR-001,계약·질의검토,0.0,계약·질의검토,계약·질의검토,True,False,True,계약·질의검토,0.19223679675544722,0.3351762196251562,0.47258698361939655,계약·질의검토,0.22321907101026586,0.32157765632244706,0.4552032726672871,계약·질의검토,0.1922367967554474,0.3351762196251564,0.4725869836193963,0.20256422150705347,0.3306433651909199,0.46679241330202664
8,knoc_genai_platform,knoc_genai_platform:QMR-002,통상수용,0.0,통상수용,통상수용,True,False,True,통상수용,0.4999503168491862,0.2768745558946563,0.22317512725615746,통상수용,0.5684584937226724,0.23552421626542164,0.196017290011906,통상수용,0.49995031684918745,0.276874555894656,0.22317512725615654,0.5227863758070154,0.263091109351578,0.21412251484140665
8,knoc_genai_platform,knoc_genai_platform:QMR-003,통상수용,0.0,통상수용,통상수용,True,False,True,통상수용,0.5456557592097873,0.2801992348017194,0.17414500598849333,통상수용,0.6826580138995825,0.19876038917295216,0.11858159692746531,통상수용,0.5456557592097881,0.2801992348017188,0.17414500598849308,0.5913231774397193,0.2530529529254634,0.15562386963481725
8,knoc_genai_platform,knoc_genai_platform:QMR-004,통상수용,0.0,통상수용,통상수용,True,False,True,통상수용,0.7344037912146738,0.11200202407837546,0.15359418470695077,통상수용,0.8109714836654442,0.0764887562848697,0.1125397600496861,통상수용,0.7344037912146746,0.11200202407837558,0.15359418470694974,0.7599263553649309,0.10016426814720691,0.1399093764878622
8,knoc_genai_platform,knoc_genai_platform:QMR-005,통상수용,0.0,통상수용,통상수용,True,False,True,통상수용,0.6417576028219836,0.15158532514257983,0.2066570720354367,통상수용,0.7500917862538813,0.10188952792800551,0.14801868581811317,통상수용,0.641757602821986,0.1515853251425796,0.2066570720354344,0.6778689972992836,0.13502005940438833,0.18711094329632807
8,knoc_genai_platform,knoc_genai_platform:QMR-006,통상수용,0.0,통상수용,통상수용,True,False,True,통상수용,0.4776160893189273,0.23022333223110406,0.2921605784499686,통상수용,0.589103244148591,0.16582673902183556,0.24507001682957333,통상수용,0.47761608931892924,0.23022333223110392,0.29216057844996685,0.5147784742621492,0.20875780116134787,0.2764637245765029
8,knoc_genai_platform,knoc_genai_platform:QMR-007,통상수용,0.0,통상수용,통상수용,True,False,True,통상수용,0.7063062697045095,0.1737831341778161,0.11991059611767443,통상수용,0.7861174090827084,0.1289996516004085,0.08488293931688297,통상수용,0.7063062697045098,0.17378313417781582,0.11991059611767436,0.732909982830576,0.15885530665201347,0.10823471051741058
8,knoc_genai_platform,knoc_genai_platform:QMR-008,통상수용,0.0,통상수용,통상수용,True,False,True,통상수용,0.6479802895796769,0.18576071827736942,0.16625899214295362,통상수용,0.7565417174573382,0.12692425253515996,0.11653403000750191,통상수용,0.6479802895796796,0.1857607182773677,0.16625899214295273,0.6841674322055648,0.1661485630299657,0.1496840047644694
8,knoc_genai_platform,knoc_genai_platform:QMR-009,통상수용,0.0,통상수용,통상수용,True,False,True,통상수용,0.67232030308101,0.1538065553073752,0.1738731416116148,통상수용,0.7861025346820906,0.10801669697114319,0.10588076834676627,통상수용,0.6723203030810124,0.1538065553073738,0.17387314161161382,0.7102477136147044,0.13854326919529739,0.1512090171899983
8,knoc_genai_platform,knoc_genai_platform:QMR-010,통상수용,0.0,통상수용,통상수용,True,False,True,통상수용,0.6591850032117126,0.1661504764604115,0.174664520327876,통상수용,0.7535768906122634,0.11893160218496504,0.12749150720277164,통상수용,0.6591850032117124,0.1661504764604118,0.17466452032787583,0.6906489656785627,0.15041085170192944,0.15894018261950782
8,knoc_genai_platform,knoc_genai_platform:QMR-011,통상수용,0.0,통상수용,통상수용,True,False,True,통상수용,0.5143891870426539,0.21294093406898087,0.27266987888836525,통상수용,0.6645858200853021,0.16056726908277547,0.17484691083192236,통상수용,0.5143891870426571,0.21294093406898054,0.27266987888836225,0.5644547313902043,0.19548304574024564,0.24006222286954995
8,knoc_genai_platform,knoc_genai_platform:QMR-012,통상수용,0.0,통상수용,통상수용,True,False,True,통상수용,0.6819485424358875,0.17188656125645482,0.14616489630765767,통상수용,0.7765801887904791,0.13145503198887923,0.09196477922064165,통상수용,0.6819485424358874,0.17188656125645513,0.14616489630765747,0.7134924245540847,0.15840938483392972,0.1280981906119856
8,knoc_genai_platform,knoc_genai_platform:QMR-013,견적반영,0.0,통상수용,통상수용,True,True,False,통상수용,0.45264222010567673,0.373694589598122,0.17366319029620125,통상수용,0.5486073182394242,0.31648777493784735,0.13490490682272835,통상수용,0.45264222010567795,0.37369458959812185,0.1736631902962002,0.4846305861502596,0.3546256513780304,0.16074376247170993
8,knoc_genai_platform,knoc_genai_platform:SEC-001,통상수용,0.0,통상수용,계약·질의검토,False,False,True,계약·질의검토,0.4149413486672627,0.13980283608292746,0.44525581524980995,통상수용,0.4947294923020647,0.11738635435083378,0.3878841533471014,계약·질의검토,0.4149413486672603,0.13980283608292807,0.4452558152498116,0.4415373965455292,0.1323306755055631,0.4261319279489077
8,knoc_genai_platform,knoc_genai_platform:SEC-002,통상수용,0.0,통상수용,통상수용,True,False,True,통상수용,0.7052302571311326,0.1249700711387624,0.16979967173010488,통상수용,0.8257864526356244,0.07571177917291715,0.09850176819145841,통상수용,0.7052302571311303,0.12497007113876378,0.16979967173010593,0.7454156556326291,0.10855064048348112,0.14603370388388973
8,knoc_genai_platform,knoc_genai_platform:SEC-003,통상수용,0.0,통상수용,통상수용,True,False,True,통상수용,0.6699553718038418,0.14106499784410884,0.18897963035204943,통상수용,0.7585536383186797,0.0902802837487678,0.1511660779325525,통상수용,0.6699553718038409,0.14106499784410995,0.18897963035204907,0.6994881273087875,0.12413675981232886,0.17637511287888366
8,knoc_genai_platform,knoc_genai_platform:SEC-004,통상수용,0.0,통상수용,통상수용,True,False,True,통상수용,0.42885112254487406,0.3249052137355779,0.24624366371954795,통상수용,0.5547796345337629,0.25335578828878186,0.19186457717745525,통상수용,0.4288511225448729,0.3249052137355786,0.24624366371954845,0.47082729320783656,0.30105540525331276,0.22811730153885054
8,knoc_genai_platform,knoc_genai_platform:SEC-005,통상수용,0.0,통상수용,통상수용,True,False,True,통상수용,0.5216848023078312,0.23793156619311268,0.24038363149905614,통상수용,0.620690470399295,0.17331207586169672,0.20599745373900827,통상수용,0.5216848023078303,0.23793156619311243,0.24038363149905723,0.5546866916716522,0.21639173608264062,0.2289215722457072
8,knoc_genai_platform,knoc_genai_platform:SEC-006,계약·질의검토,0.0,계약·질의검토,계약·질의검토,True,False,True,계약·질의검토,0.1645082312867651,0.2567622269478359,0.578729541765399,계약·질의검토,0.12076003696380343,0.1925658208814192,0.6866741421547774,계약·질의검토,0.16450823128676562,0.2567622269478368,0.5787295417653976,0.14992549984577805,0.23536342492569728,0.6147110752285246
8,knoc_genai_platform,knoc_genai_platform:SEC-007,통상수용,0.0,통상수용,통상수용,True,False,True,통상수용,0.48356951308823476,0.16399366899031684,0.35243681792144843,통상수용,0.6020474210835358,0.1208105014570858,0.2771420774593784,통상수용,0.483569513088232,0.16399366899031761,0.3524368179214504,0.5230621490866675,0.1495992798125734,0.32733857110075903
8,knoc_genai_platform,knoc_genai_platform:SEC-008,견적반영,0.0,견적반영,견적반영,True,False,True,견적반영,0.19854875185187998,0.5996294410253885,0.20182180712273146,견적반영,0.14563626605831675,0.6888470058592222,0.1655167280824611,견적반영,0.19854875185188064,0.5996294410253865,0.20182180712273282,0.1809112565873591,0.6293686293033325,0.18972011410930845
8,knoc_genai_platform,knoc_genai_platform:SER-001,견적반영,0.0,견적반영,견적반영,True,False,True,견적반영,0.14737570753270687,0.5204200977506931,0.3322041947166002,견적반영,0.13026811406508979,0.604381454490922,0.26535043144398823,견적반영,0.1473757075327055,0.520420097750691,0.33220419471660334,0.14167317637683405,0.548407216664102,0.3099196069590639
8,knoc_genai_platform,knoc_genai_platform:SER-002,통상수용,0.0,견적반영,견적반영,True,True,False,견적반영,0.3074283950816668,0.4384430695282216,0.25412853539011154,견적반영,0.3553793649231155,0.4411134005669014,0.20350723450998323,견적반영,0.3074283950816673,0.4384430695282202,0.2541285353901126,0.3234120516954832,0.43933317987444775,0.23725476843006912
8,knoc_genai_platform,knoc_genai_platform:SER-003,계약·질의검토,0.0,계약·질의검토,계약·질의검토,True,False,True,계약·질의검토,0.28795931357654914,0.2909737988080575,0.4210668876153934,계약·질의검토,0.26777524437456784,0.27018594351830344,0.4620388121071289,계약·질의검토,0.28795931357654847,0.29097379880805724,0.4210668876153942,0.28123129050922185,0.2840445137114727,0.4347241957793055
8,knoc_genai_platform,knoc_genai_platform:SER-004,계약·질의검토,0.0,계약·질의검토,계약·질의검토,True,False,True,계약·질의검토,0.09994628957262963,0.2641754486164459,0.6358782618109244,계약·질의검토,0.06557306333005501,0.21000658373671857,0.7244203529332265,계약·질의검토,0.09994628957262945,0.26417544861644315,0.6358782618109274,0.08848854749177137,0.24611916032320255,0.6653922921850262
8,knoc_genai_platform,knoc_genai_platform:SYS-001,견적반영,0.0,견적반영,견적반영,True,False,True,견적반영,0.21248799697177892,0.5397396579557014,0.2477723450725197,견적반영,0.14297767000296635,0.6619198844711556,0.195102445525878,견적반영,0.21248799697177928,0.5397396579557019,0.24777234507251883,0.18931788798217486,0.5804664001275196,0.2302157118903055
8,knoc_genai_platform,knoc_genai_platform:SYS-002,견적반영,0.0,견적반영,견적반영,True,False,True,견적반영,0.21614791185242463,0.42241912120909686,0.36143296693847854,견적반영,0.15251152070014096,0.482955379114437,0.36453310018542207,견적반영,0.21614791185242566,0.42241912120909697,0.36143296693847743,0.19493578146833043,0.4425978738442103,0.36246634468745936
8,knoc_genai_platform,knoc_genai_platform:SYS-003,견적반영,0.0,견적반영,견적반영,True,False,True,견적반영,0.1948408808406524,0.62549562929432,0.17966348986502767,견적반영,0.15223444284221888,0.7175990210819825,0.13016653607579867,견적반영,0.1948408808406515,0.625495629294322,0.1796634898650265,0.1806387348411743,0.6561967598902081,0.16316450526861762
8,knoc_genai_platform,knoc_genai_platform:SYS-004,견적반영,0.0,견적반영,견적반영,True,False,True,견적반영,0.2364018199003823,0.45327801821253294,0.3103201618870848,견적반영,0.19096988446319557,0.49596548128772594,0.31306463424907854,견적반영,0.2364018199003824,0.45327801821253294,0.3103201618870846,0.22125784142132007,0.4675071725709306,0.3112349860077493
8,knoc_genai_platform,knoc_genai_platform:TER-001,통상수용,0.0,통상수용,통상수용,True,False,True,통상수용,0.5646243407499866,0.19687591973037447,0.23849973951963893,통상수용,0.6491302171039459,0.17137659037794836,0.17949319251810575,통상수용,0.5646243407499886,0.19687591973037444,0.2384997395196369,0.5927929662013071,0.18837614327956576,0.21883089051912719
8,knoc_genai_platform,knoc_genai_platform:TER-002,통상수용,0.0,통상수용,통상수용,True,False,True,통상수용,0.6608018005960163,0.13756453692266082,0.20163366248132286,통상수용,0.7823404559505563,0.10111314409851152,0.11654639995093222,통상수용,0.6608018005960176,0.13756453692266027,0.20163366248132208,0.7013146857141969,0.1254140726479442,0.17327124163785904
8,knoc_genai_platform,knoc_genai_platform:TER-003,통상수용,0.0,통상수용,통상수용,True,False,True,통상수용,0.6082998274458163,0.18568459235546605,0.2060155801987176,통상수용,0.7049289305692655,0.14973961197486885,0.14533145745586554,통상수용,0.6082998274458177,0.18568459235546575,0.20601558019871657,0.6405095284869665,0.17370293222860023,0.18578753928443326
8,knoc_genai_platform,knoc_genai_platform:TER-004,통상수용,0.0,통상수용,통상수용,True,False,True,통상수용,0.5858673857635407,0.1467896330097416,0.2673429812267178,통상수용,0.651651446010887,0.10642378124037,0.24192477274874294,통상수용,0.585867385763542,0.14678963300974204,0.2673429812267159,0.6077954058459899,0.13333434908661787,0.25887024506739226
8,knoc_genai_platform,knoc_genai_platform:TER-005,통상수용,0.0,통상수용,통상수용,True,False,True,통상수용,0.43092810961189876,0.2103061536954842,0.3587657366926171,통상수용,0.5336075583044124,0.16250021559245353,0.30389222610313404,통상수용,0.43092810961190214,0.21030615369548408,0.3587657366926137,0.46515459250940444,0.19437084099447396,0.3404745664961217
8,knoc_genai_platform,knoc_genai_platform:TER-006,통상수용,0.0,계약·질의검토,계약·질의검토,True,True,False,계약·질의검토,0.21617578737942394,0.11169995025184863,0.6721242623687275,계약·질의검토,0.1818557932030382,0.09037223040116531,0.7277719763957966,계약·질의검토,0.21617578737942422,0.11169995025184894,0.6721242623687268,0.20473578932062877,0.10459071030162097,0.6906735003777503
8,knoc_genai_platform,knoc_genai_platform:TER-007,통상수용,0.0,통상수용,통상수용,True,False,True,통상수용,0.6327891158040978,0.12734160719257956,0.23986927700332264,통상수용,0.7357657091049108,0.0988736783266575,0.1653606125684317,통상수용,0.6327891158040982,0.12734160719258006,0.2398692770033217,0.667114646904369,0.11785229757060571,0.21503305552502536
9,koen_ai_infrastructure,koen_ai_infrastructure:CON-001,통상수용,1.0,통상수용,통상수용,True,False,True,통상수용,0.4561961591584852,0.3023968751230946,0.24140696571842024,통상수용,0.4746082443279691,0.313485608078038,0.21190614759399298,통상수용,0.5273986183609839,0.2703094568730992,0.20229192476591695,0.4860676739491461,0.29539731335807723,0.21853501269277673
9,koen_ai_infrastructure,koen_ai_infrastructure:CON-002,통상수용,1.0,통상수용,통상수용,True,False,True,통상수용,0.39654226469738807,0.33006551928052363,0.27339221602208835,통상수용,0.42057186596242346,0.3153025601595328,0.26412557387804375,통상수용,0.4643191362859297,0.29641864822762043,0.23926221548644994,0.42714442231524713,0.31392890922255895,0.25892666846219403
9,koen_ai_infrastructure,koen_ai_infrastructure:CON-004,통상수용,1.0,통상수용,통상수용,True,False,True,통상수용,0.5638463844982756,0.29894149795664404,0.13721211754508025,통상수용,0.6320270050998309,0.2751528854269948,0.09282010947317426,통상수용,0.7193037117669328,0.1861612347308173,0.09453505350224994,0.6383923671216797,0.2534185393714854,0.10818909350683481
9,koen_ai_infrastructure,koen_ai_infrastructure:COR-001,통상수용,1.0,통상수용,통상수용,True,False,True,통상수용,0.6642121825080292,0.18646568668645147,0.14932213080551934,통상수용,0.7598842150546066,0.1317410318699625,0.10837475307543096,통상수용,0.718320147815887,0.15340142376754862,0.12827842841656434,0.7141388484595076,0.15720271410798753,0.12865843743250488
9,koen_ai_infrastructure,koen_ai_infrastructure:COR-002,통상수용,1.0,통상수용,통상수용,True,False,True,통상수용,0.7586655490370807,0.10537481007704826,0.13595964088587104,통상수용,0.8359772571792898,0.0720336702278806,0.09198907259282967,통상수용,0.7899194028055182,0.06834160864548676,0.14173898854899505,0.7948540696739629,0.0819166963168052,0.12322923400923191
9,koen_ai_infrastructure,koen_ai_infrastructure:COR-004,통상수용,1.0,통상수용,통상수용,True,False,True,통상수용,0.7646251425463542,0.1378545526950864,0.09752030475855944,통상수용,0.8409109205555803,0.09038152484716029,0.06870755459725948,통상수용,0.8182367625083555,0.10954347958911319,0.07221975790253118,0.80792427520343,0.11259318571045329,0.0794825390861167
9,koen_ai_infrastructure,koen_ai_infrastructure:COR-005,통상수용,1.0,통상수용,통상수용,True,False,True,통상수용,0.6398361459448867,0.1911212493868278,0.16904260466828544,통상수용,0.7534758418855777,0.1411514166877055,0.10537274142671671,통상수용,0.8110698418438134,0.10058431913016472,0.08834583902602203,0.7347939432247591,0.14428566173489935,0.1209203950403414
9,koen_ai_infrastructure,koen_ai_infrastructure:COR-006,통상수용,1.0,통상수용,통상수용,True,False,True,통상수용,0.7331943843836968,0.10066346349788215,0.16614215211842098,통상수용,0.8151455754384733,0.07342570045070179,0.1114287241108249,통상수용,0.8417471312632718,0.04909671100192622,0.10915615773480196,0.7966956970284805,0.07439529165017005,0.12890901132134927
9,koen_ai_infrastructure,koen_ai_infrastructure:DAT-002,통상수용,1.0,통상수용,통상수용,False,False,True,견적반영,0.41029360979985513,0.494824051750687,0.09488233844945775,통상수용,0.479016495499592,0.445576044660556,0.07540745983985196,통상수용,0.5050569094082632,0.42877309011285547,0.06617000047888133,0.4647890049025702,0.45639106217469944,0.07881993292273035
9,koen_ai_infrastructure,koen_ai_infrastructure:DAT-003,통상수용,1.0,통상수용,통상수용,True,False,True,통상수용,0.6868859753532379,0.24478639947941433,0.06832762516734775,통상수용,0.7236111566206752,0.2265489399510237,0.04983990342830111,통상수용,0.7896841677524836,0.1573291569200062,0.052986675327510155,0.7333937665754656,0.20955483211681472,0.057051401307719664
9,koen_ai_infrastructure,koen_ai_infrastructure:DAT-004,통상수용,1.0,통상수용,통상수용,True,False,True,통상수용,0.6125940851421399,0.32764216665195883,0.05976374820590131,통상수용,0.6449571952612912,0.30382495684011873,0.051217847898590074,통상수용,0.7625009621907286,0.20282789239261373,0.03467114541665772,0.6733507475313866,0.27809833862823047,0.048550913840383035
9,koen_ai_infrastructure,koen_ai_infrastructure:DAT-005,통상수용,1.0,통상수용,통상수용,True,False,True,통상수용,0.7088010203171028,0.21287122421111943,0.07832775547177777,통상수용,0.7447134813323609,0.19507792638254987,0.06020859228508927,통상수용,0.8390390122211019,0.11985077131812565,0.04111021646077246,0.7641845046235218,0.17593330730393164,0.0598821880725465
9,koen_ai_infrastructure,koen_ai_infrastructure:DAT-006,통상수용,1.0,통상수용,통상수용,True,False,True,통상수용,0.6596451351048508,0.23954852145503183,0.10080634344011749,통상수용,0.7281348618517934,0.19647837380420566,0.07538676434400086,통상수용,0.7977590549796097,0.13996047394539346,0.06228047107499692,0.7285130173120846,0.19199578973487696,0.07949119295303843
9,koen_ai_infrastructure,koen_ai_infrastructure:FUN-001,견적반영,1.0,통상수용,통상수용,True,True,False,통상수용,0.4100012417597754,0.3609909500724258,0.2290078081677987,통상수용,0.4363789393685626,0.36541225988678505,0.19820880074465244,통상수용,0.41071997118429937,0.3698038942698984,0.21947613454580217,0.4190333841042125,0.3654023680763698,0.21556424781941777
9,koen_ai_infrastructure,koen_ai_infrastructure:FUN-002,견적반영,1.0,견적반영,견적반영,True,False,True,견적반영,0.2992703912610584,0.3957322100106481,0.30499739872829346,견적반영,0.2947736103062478,0.40256079100442677,0.3026655986893254,견적반영,0.3010202637736577,0.4242365768351172,0.27474315939122507,0.29835475511365467,0.4075098592833973,0.294135385602948
9,koen_ai_infrastructure,koen_ai_infrastructure:FUN-003,통상수용,1.0,견적반영,견적반영,True,True,False,견적반영,0.32602584330020773,0.4739226814432727,0.20005147525651948,견적반영,0.28458204407216375,0.5357927780185113,0.179625177909325,견적반영,0.3323766205124916,0.48925266902306247,0.17837071046444591,0.3143281692949544,0.4996560428282822,0.18601578787676346
9,koen_ai_infrastructure,koen_ai_infrastructure:FUN-004,견적반영,1.0,통상수용,통상수용,True,True,False,통상수용,0.4175777523592938,0.3436815206445666,0.23874072699613957,통상수용,0.42722807687284,0.31390541227374075,0.2588665108534192,통상수용,0.47822173442362187,0.29380476749104967,0.22797349808532838,0.44100918788525184,0.31713056680311896,0.24186024531162906
9,koen_ai_infrastructure,koen_ai_infrastructure:FUN-005,통상수용,1.0,통상수용,통상수용,True,False,True,통상수용,0.5197131997606694,0.33627359634470694,0.1440132038946237,통상수용,0.5088951446907432,0.37056540724112047,0.12053944806813648,통상수용,0.6390176097081669,0.25524157190622465,0.10574081838560855,0.5558753180531931,0.32069352516401733,0.12343115678278958
9,koen_ai_infrastructure,koen_ai_infrastructure:FUN-007,통상수용,1.0,견적반영,견적반영,True,True,False,견적반영,0.2943997216578313,0.619167051107716,0.08643322723445271,견적반영,0.25469686562109406,0.6760198373711679,0.06928329700773796,견적반영,0.31037039521139526,0.6275557014484884,0.062073903340116324,0.28648899416344015,0.6409141966424574,0.07259680919410233
9,koen_ai_infrastructure,koen_ai_infrastructure:FUN-008,견적반영,1.0,견적반영,견적반영,True,False,True,견적반영,0.3810224529933595,0.5041506882829985,0.11482685872364205,견적반영,0.3724784282088716,0.5314322270527836,0.09608934473834477,견적반영,0.4374633760714915,0.48532401889345117,0.07721260503505738,0.39698808575790756,0.5069689780764111,0.0960429361656814
9,koen_ai_infrastructure,koen_ai_infrastructure:FUN-009,통상수용,1.0,통상수용,통상수용,True,False,True,통상수용,0.6295998563410362,0.3338573503315377,0.03654279332742605,통상수용,0.6571782405809766,0.31613973604862644,0.02668202337039689,통상수용,0.7223706120521523,0.25396384167965624,0.023665546268191468,0.6697162363247218,0.3013203093532734,0.0289634543220048
9,koen_ai_infrastructure,koen_ai_infrastructure:FUN-010,통상수용,1.0,통상수용,통상수용,True,False,True,통상수용,0.5044206961099921,0.39118302727470067,0.10439627661530723,통상수용,0.507174113460426,0.40776412862585965,0.08506175791371438,통상수용,0.5569719157414283,0.3563028324692271,0.08672525178934462,0.5228555751039488,0.3850833294565958,0.0920610954394554
9,koen_ai_infrastructure,koen_ai_infrastructure:FUN-011,통상수용,1.0,통상수용,통상수용,False,False,True,견적반영,0.4313864050939393,0.43404427878640434,0.13456931611965633,통상수용,0.4457858429128191,0.44348649823814,0.11072765884904102,통상수용,0.48157019662304634,0.4185293861544569,0.09990041722249668,0.45291414820993486,0.4320200543930004,0.11506579739706468
9,koen_ai_infrastructure,koen_ai_infrastructure:FUN-014,통상수용,1.0,견적반영,견적반영,True,True,False,견적반영,0.29695487353725636,0.446380901589992,0.25666422487275176,견적반영,0.2939662586228569,0.472319342714747,0.23371439866239604,견적반영,0.347465982514925,0.38874240627131706,0.26379161121375794,0.31279570489167946,0.4358142168586854,0.2513900782496353
9,koen_ai_infrastructure,koen_ai_infrastructure:FUN-015,통상수용,1.0,통상수용,통상수용,False,False,True,통상수용,0.46830785251363977,0.4257045068388831,0.10598764064747707,견적반영,0.4489417489414828,0.4567912790915387,0.09426697196697843,통상수용,0.5656856830630111,0.34582800566869437,0.0884863112682945,0.4943117615060446,0.4094412638663721,0.09624697462758332
9,koen_ai_infrastructure,koen_ai_infrastructure:FUN-016,통상수용,1.0,통상수용,통상수용,True,False,True,통상수용,0.44391656671842133,0.35359094827760756,0.20249248500397102,통상수용,0.4454091107184481,0.3661656301793326,0.18842525910221924,통상수용,0.5569690379667331,0.28423953175022765,0.15879143028303921,0.48209823846786753,0.3346653700690559,0.1832363914630765
9,koen_ai_infrastructure,koen_ai_infrastructure:FUN-017,통상수용,1.0,통상수용,통상수용,True,False,True,통상수용,0.6078334369129529,0.3057346013222098,0.08643196176483736,통상수용,0.6421873627511737,0.29637850889531053,0.06143412835351572,통상수용,0.7060135327590126,0.2263460989320664,0.06764036830892103,0.6520114441410464,0.2761530697165289,0.0718354861424247
9,koen_ai_infrastructure,koen_ai_infrastructure:FUN-018,통상수용,1.0,통상수용,통상수용,True,False,True,통상수용,0.46945867492026505,0.32819200404066956,0.2023493210390654,통상수용,0.5290643440455579,0.2854981326029075,0.18543752335153457,통상수용,0.5329590167265189,0.2968093901794047,0.1702315930940764,0.5104940118974474,0.3034998422743273,0.18600614582822547
9,koen_ai_infrastructure,koen_ai_infrastructure:FUN-019,통상수용,1.0,견적반영,견적반영,False,False,True,견적반영,0.32304205948511583,0.4768789556849406,0.2000789848299436,견적반영,0.3914270085588943,0.44239614349690976,0.16617684794419593,통상수용,0.4354630935358817,0.39093851606003627,0.17359839040408198,0.3833107205266306,0.43673787174729556,0.17995140772607385
9,koen_ai_infrastructure,koen_ai_infrastructure:FUN-020,통상수용,1.0,견적반영,견적반영,False,False,True,견적반영,0.33653112700090937,0.4307470133491211,0.23272185964996958,통상수용,0.41933840419866414,0.378657579271552,0.20200401652978392,견적반영,0.3550907360231154,0.4336454045266758,0.2112638594502087,0.3703200890742297,0.41434999904911635,0.21532991187665407
9,koen_ai_infrastructure,koen_ai_infrastructure:FUN-021,견적반영,1.0,견적반영,견적반영,True,False,True,견적반영,0.19163920788803224,0.5081417256357043,0.3002190664762634,견적반영,0.16749908365110078,0.5186066276971562,0.3138942886517431,견적반영,0.21093183727881787,0.49845799372435534,0.29061016899682673,0.19002337627265029,0.5084021156857386,0.30157450804161107
9,koen_ai_infrastructure,koen_ai_infrastructure:FUN-022,통상수용,1.0,견적반영,견적반영,True,True,False,견적반영,0.2670458648444161,0.5036141357795064,0.22933999937607738,견적반영,0.2699269868132065,0.49771421813567024,0.23235879505112325,견적반영,0.26592807526940415,0.4938098377078853,0.2402620870227105,0.26763364230900893,0.4983793972076873,0.23398696048330372
9,koen_ai_infrastructure,koen_ai_infrastructure:INT-001,통상수용,1.0,통상수용,통상수용,True,False,True,통상수용,0.45660095054719174,0.29000756853386733,0.25339148091894087,통상수용,0.49241187544338133,0.2562229887690391,0.25136513578757946,통상수용,0.5118641381245228,0.27796732677192343,0.21016853510355368,0.4869589880383653,0.2747326280249433,0.23830838393669132
9,koen_ai_infrastructure,koen_ai_infrastructure:INT-002,통상수용,1.0,통상수용,통상수용,False,False,True,견적반영,0.3755014037832566,0.3935737001891884,0.230924896027555,견적반영,0.39135347647444435,0.3939783345446404,0.2146681889809152,통상수용,0.44611268270379106,0.3629400162047263,0.19094730109148278,0.404322520987164,0.38349735031285165,0.21218012869998434
9,koen_ai_infrastructure,koen_ai_infrastructure:INT-003,통상수용,1.0,통상수용,통상수용,False,False,True,견적반영,0.3895011101573325,0.41210402948295827,0.19839486035970927,통상수용,0.40753801433213244,0.40394616548852497,0.18851582017934257,통상수용,0.4376134883489638,0.3890576363199803,0.1733288753310559,0.4115508709461429,0.4017026104304879,0.18674651862336925
9,koen_ai_infrastructure,koen_ai_infrastructure:PER-001,통상수용,1.0,계약·질의검토,계약·질의검토,False,True,False,계약·질의검토,0.25869019515968983,0.354859859659973,0.38644994518033715,견적반영,0.28476806295793644,0.36462631699698755,0.35060562004507606,계약·질의검토,0.2770618590014076,0.33144622102771726,0.391491919970875,0.27350670570634467,0.35031079922822594,0.3761824950654294
9,koen_ai_infrastructure,koen_ai_infrastructure:PER-002,견적반영,1.0,계약·질의검토,계약·질의검토,True,True,False,계약·질의검토,0.18693637113322034,0.22066626984800533,0.5923973590187743,계약·질의검토,0.1443806537299365,0.1833231965827799,0.6722961496872836,계약·질의검토,0.17951520344655397,0.2620133222654811,0.5584714742879648,0.1702774094365703,0.22200092956542208,0.6077216609980076
9,koen_ai_infrastructure,koen_ai_infrastructure:PER-003,견적반영,1.0,견적반영,견적반영,True,False,True,견적반영,0.3277579889133843,0.47286102042244865,0.19938099066416692,견적반영,0.3190576639654224,0.5190810986251971,0.16186123740938058,견적반영,0.3303796628401311,0.5080433444791072,0.16157699268076167,0.3257317719063126,0.4999951545089177,0.17427307358476973
9,koen_ai_infrastructure,koen_ai_infrastructure:PER-004,견적반영,1.0,견적반영,계약·질의검토,False,False,True,계약·질의검토,0.15606318721875093,0.40230166252335936,0.4416351502578898,견적반영,0.12432172034971485,0.44051137058460765,0.43516690906567745,견적반영,0.16475853245834407,0.4426263519460254,0.3926151155956305,0.1483811466756033,0.4284797950179975,0.42313905830639925
9,koen_ai_infrastructure,koen_ai_infrastructure:PMR-001,통상수용,1.0,통상수용,통상수용,True,False,True,통상수용,0.53415815623139,0.2245933604900506,0.24124848327855938,통상수용,0.6231124396198797,0.19156581581083015,0.18532174456929015,통상수용,0.7223607688214757,0.1273788211901733,0.15026040998835102,0.6265437882242485,0.181179332497018,0.19227687927873352
9,koen_ai_infrastructure,koen_ai_infrastructure:PMR-002,통상수용,1.0,통상수용,통상수용,True,False,True,통상수용,0.7172474758750903,0.11709697041757558,0.16565555370733412,통상수용,0.8036601748436801,0.08349625192849856,0.11284357322782142,통상수용,0.8758149837715015,0.04685246874677339,0.07733254748172516,0.7989075448300906,0.08248189703094917,0.11861055813896022
9,koen_ai_infrastructure,koen_ai_infrastructure:PMR-003,통상수용,1.0,통상수용,통상수용,True,False,True,통상수용,0.5339220415976438,0.1693194819393095,0.29675847646304676,통상수용,0.5990101821428819,0.15514088160497153,0.24584893625214654,통상수용,0.6675337532653652,0.11394487097137732,0.21852137576325745,0.6001553256686303,0.14613507817188612,0.2537095961594836
9,koen_ai_infrastructure,koen_ai_infrastructure:PMR-005,통상수용,1.0,통상수용,통상수용,True,False,True,통상수용,0.5889941381955714,0.22624719664479923,0.18475866515962933,통상수용,0.6699127329061126,0.17997001710859695,0.1501172499852904,통상수용,0.7145647335100783,0.14898380598819694,0.13645146050172471,0.6578238682039208,0.18506700658053102,0.15710912521554818
9,koen_ai_infrastructure,koen_ai_infrastructure:PMR-006,통상수용,1.0,통상수용,통상수용,True,False,True,통상수용,0.7272728256648748,0.10464196981102221,0.16808520452410303,통상수용,0.8184127588471817,0.08218670021227477,0.0994005409405436,통상수용,0.8264839877311694,0.0600212145747659,0.11349479769406473,0.7907231907477419,0.08228329486602096,0.12699351438623713
9,koen_ai_infrastructure,koen_ai_infrastructure:PMR-009,통상수용,1.0,통상수용,통상수용,True,False,True,통상수용,0.6291432794149138,0.1835435324087883,0.18731318817629794,통상수용,0.7046624626041966,0.1533059436451429,0.1420315937506605,통상수용,0.6758108778333076,0.12030448684925159,0.20388463531744078,0.6698722066174727,0.15238465430106093,0.1777431390814664
9,koen_ai_infrastructure,koen_ai_infrastructure:PMR-010,통상수용,1.0,통상수용,통상수용,True,False,True,통상수용,0.5725716065490973,0.12124577593619805,0.30618261751470455,통상수용,0.6581759588468077,0.08827003710721691,0.25355400404597545,통상수용,0.6778582526174813,0.07428287768346399,0.2478588696990546,0.6362019393377955,0.09459956357562632,0.2691984970865782
9,koen_ai_infrastructure,koen_ai_infrastructure:PMR-011,통상수용,1.0,통상수용,통상수용,True,False,True,통상수용,0.7511492227777846,0.10962690186711883,0.1392238753550966,통상수용,0.8274808901260431,0.07953642642260891,0.09298268345134807,통상수용,0.8292011145911147,0.064939430364596,0.10585945504428934,0.8026104091649807,0.08470091955144125,0.112688671283578
9,koen_ai_infrastructure,koen_ai_infrastructure:PMR-012,통상수용,1.0,통상수용,통상수용,True,False,True,통상수용,0.6858944382213975,0.1503170668427549,0.16378849493584774,통상수용,0.7854230152887378,0.10402710066959897,0.11054988404166326,통상수용,0.7207952321046417,0.13744261872545885,0.14176214916989932,0.7307042285382589,0.13059559541260424,0.1387001760491368
9,koen_ai_infrastructure,koen_ai_infrastructure:PMR-013,통상수용,1.0,통상수용,통상수용,True,False,True,통상수용,0.6667753397299974,0.09762667121087269,0.23559798905913004,통상수용,0.7161329011259108,0.07497155359945686,0.20889554527463236,통상수용,0.690111445411837,0.07818059078482485,0.23170796380333816,0.6910065620892484,0.08359293853171813,0.2254004993790335
9,koen_ai_infrastructure,koen_ai_infrastructure:PMR-014,통상수용,1.0,통상수용,통상수용,True,False,True,통상수용,0.6830732670275151,0.16271814803093304,0.15420858494155187,통상수용,0.7305080950752131,0.13198042106287838,0.1375114838619085,통상수용,0.8044687996450615,0.09532849155673834,0.10020270879820024,0.7393500539159299,0.13000902021684993,0.1306409258672202
9,koen_ai_infrastructure,koen_ai_infrastructure:PMR-015,통상수용,1.0,통상수용,통상수용,True,False,True,통상수용,0.5132240763147833,0.14382896103152185,0.34294696265369484,통상수용,0.5061992982638083,0.1466346904395453,0.3471660112966465,통상수용,0.5761082883086317,0.137182225062659,0.28670948662870926,0.5318438876290744,0.14254862551124203,0.3256074868596835
9,koen_ai_infrastructure,koen_ai_infrastructure:PMR-016,계약·질의검토,1.0,계약·질의검토,계약·질의검토,True,False,True,계약·질의검토,0.3346487055067122,0.12477518446031415,0.5405761100329736,계약·질의검토,0.35845208639214127,0.10277424008436294,0.5387736735234959,계약·질의검토,0.341722758738081,0.11131737226533384,0.5469598689965852,0.34494118354564485,0.1129555989366703,0.5421032175176849
9,koen_ai_infrastructure,koen_ai_infrastructure:PMR-017,계약·질의검토,1.0,통상수용,계약·질의검토,False,False,True,계약·질의검토,0.40714828245886486,0.1507423067018763,0.4421094108392588,통상수용,0.4877279298723469,0.11413854952175517,0.39813352060589796,통상수용,0.45702707243633406,0.10746995147103007,0.435502976092636,0.4506344282558486,0.1241169358982205,0.42524863584593087
9,koen_ai_infrastructure,koen_ai_infrastructure:PMR-018,통상수용,1.0,통상수용,통상수용,True,False,True,통상수용,0.6606104937775626,0.15257850724143154,0.18681099898100578,통상수용,0.7562614231737759,0.10646400216930639,0.13727457465691764,통상수용,0.704057011804512,0.11311056157270868,0.18283242662277938,0.7069763095852833,0.12405102366114888,0.1689726667535676
9,koen_ai_infrastructure,koen_ai_infrastructure:PMR-019,통상수용,1.0,통상수용,통상수용,True,False,True,통상수용,0.5511063030049133,0.10332114843580605,0.34557254855928077,통상수용,0.6744872621188939,0.07184237842724313,0.253670359453863,통상수용,0.5509218295871341,0.08528383266751449,0.36379433774535136,0.5921717982369804,0.08681578651018788,0.32101241525283175
9,koen_ai_infrastructure,koen_ai_infrastructure:PMR-020,통상수용,1.0,통상수용,통상수용,True,False,True,통상수용,0.5303465333486865,0.17147509873384,0.29817836791747343,통상수용,0.6142024513485911,0.14737638705395198,0.2384211615974569,통상수용,0.6445769357458502,0.10793121948839327,0.24749184476575653,0.5963753068143759,0.1422609017587284,0.26136379142689564
9,koen_ai_infrastructure,koen_ai_infrastructure:PMR-021,통상수용,1.0,통상수용,통상수용,True,False,True,통상수용,0.4260996651296132,0.40599907209516506,0.16790126277522174,통상수용,0.4645147578879634,0.39885010470596066,0.13663513740607583,통상수용,0.5181902361724616,0.3234152687296524,0.15839449509788597,0.4696015530633461,0.3760881485102594,0.15431029842639452
9,koen_ai_infrastructure,koen_ai_infrastructure:PMR-022,견적반영,1.0,통상수용,통상수용,True,True,False,통상수용,0.3964708761968999,0.3371041677536699,0.2664249560494301,통상수용,0.42891537590418943,0.32656171291151387,0.24452291118429675,통상수용,0.38890068191472027,0.3342650916836308,0.276834226401649,0.4047623113386032,0.33264365744960483,0.262594031211792
9,koen_ai_infrastructure,koen_ai_infrastructure:PMR-07,통상수용,1.0,통상수용,통상수용,True,False,True,통상수용,0.6357098732148355,0.1373994156396655,0.22689071114549897,통상수용,0.6840735082138872,0.11333124074140394,0.20259525104470885,통상수용,0.6469736794299549,0.14134695541282288,0.21167936515722227,0.6555856869528925,0.1306925372646308,0.21372177578247673
9,koen_ai_infrastructure,koen_ai_infrastructure:PMR-08,통상수용,1.0,통상수용,통상수용,True,False,True,통상수용,0.713977000166916,0.11935522900875827,0.1666677708243257,통상수용,0.8024151359903672,0.07725507158497501,0.12032979242465767,통상수용,0.805249316727494,0.07772663065610473,0.11702405261640132,0.7738804842949257,0.091445643749946,0.13467387195512823
9,koen_ai_infrastructure,koen_ai_infrastructure:PSR-001,통상수용,1.0,통상수용,통상수용,True,False,True,통상수용,0.6222808986623298,0.21961202685583123,0.15810707448183892,통상수용,0.7145122944461462,0.16946947869599105,0.11601822685786281,통상수용,0.7282639643487712,0.15375012097678675,0.11798591467444207,0.6883523858190824,0.18094387550953636,0.13070373867138127
9,koen_ai_infrastructure,koen_ai_infrastructure:PSR-002,통상수용,1.0,통상수용,통상수용,True,False,True,통상수용,0.4445958299422687,0.23094754741605522,0.32445662264167613,통상수용,0.4734977212618424,0.20149449812188255,0.3250077806162751,통상수용,0.48719358566386034,0.18858180555045878,0.3242246087856809,0.46842904562265714,0.20700795036279884,0.324563004014544
9,koen_ai_infrastructure,koen_ai_infrastructure:PSR-003,통상수용,1.0,통상수용,통상수용,True,False,True,통상수용,0.6136150129266383,0.12230659387161559,0.26407839320174603,통상수용,0.6937864069647701,0.07905802125273532,0.22715557178249454,통상수용,0.7353834676020536,0.0916293976111396,0.17298713478680686,0.680928295831154,0.09766467091183018,0.2214070332570158
9,koen_ai_infrastructure,koen_ai_infrastructure:PSR-004,계약·질의검토,1.0,계약·질의검토,계약·질의검토,True,False,True,계약·질의검토,0.3494435308326043,0.20348978261733347,0.4470666865500621,계약·질의검토,0.3626536599344603,0.18205292628003258,0.45529341378550703,계약·질의검토,0.40348064188035615,0.1590768204327649,0.43744253768687896,0.3718592775491403,0.18153984311004367,0.44660087934081605
9,koen_ai_infrastructure,koen_ai_infrastructure:PSR-005,통상수용,1.0,통상수용,통상수용,True,False,True,통상수용,0.6284344030113809,0.1852451280149658,0.18632046897365329,통상수용,0.6783580264441037,0.15401306349331403,0.16762891006258218,통상수용,0.6407105321873021,0.1814898190044577,0.1777996488082402,0.6491676538809289,0.17358267017091253,0.17724967594815855
9,koen_ai_infrastructure,koen_ai_infrastructure:PSR-006,통상수용,1.0,통상수용,통상수용,True,False,True,통상수용,0.5686840329476848,0.27122484351887777,0.1600911235334374,통상수용,0.6543896223682255,0.21997192255821038,0.12563845507356403,통상수용,0.5617046288439878,0.2431042346147051,0.19519113654130715,0.594926094719966,0.24476700023059775,0.1603069050494362
9,koen_ai_infrastructure,koen_ai_infrastructure:PSR-008,통상수용,1.0,계약·질의검토,계약·질의검토,True,True,False,계약·질의검토,0.3652874601304215,0.15454684241764755,0.480165697451931,계약·질의검토,0.4002775813387762,0.13440981888450648,0.46531259977671724,계약·질의검토,0.38948334629138415,0.13674894404039545,0.47376770966822046,0.38501612925352724,0.14190186844751648,0.4730820022989562
9,koen_ai_infrastructure,koen_ai_infrastructure:PSR-009,통상수용,1.0,통상수용,통상수용,True,False,True,통상수용,0.6120996404011739,0.19980674482474767,0.18809361477407846,통상수용,0.6582694082487853,0.1697086665556827,0.172021925195532,통상수용,0.7540767051491817,0.13317583039835987,0.11274746445245831,0.6748152512663803,0.16756374725959675,0.15762100147402291
9,koen_ai_infrastructure,koen_ai_infrastructure:PSR-010,통상수용,1.0,계약·질의검토,계약·질의검토,True,True,False,계약·질의검토,0.25295340878448414,0.1634903484473803,0.5835562427681356,계약·질의검토,0.26471988421321824,0.1678321408631676,0.5674479749236142,계약·질의검토,0.19706807786986671,0.1436691138511165,0.6592628082790168,0.238247123622523,0.15833053438722147,0.6034223419902556
9,koen_ai_infrastructure,koen_ai_infrastructure:PSR-07,견적반영,1.0,계약·질의검토,계약·질의검토,True,True,False,계약·질의검토,0.23561237168683938,0.17634613993425524,0.5880414883789052,계약·질의검토,0.18333777901175438,0.1436854102291284,0.6729768107591172,계약·질의검토,0.1621140207316513,0.2141120352594947,0.623773944008854,0.193688057143415,0.1780478618076261,0.6282640810489588
9,koen_ai_infrastructure,koen_ai_infrastructure:QUR-001,통상수용,1.0,통상수용,통상수용,True,False,True,통상수용,0.7398769021975906,0.12918685020781362,0.13093624759459585,통상수용,0.8403838735610628,0.0866972729289303,0.07291885351000693,통상수용,0.7841651024234871,0.09432028509487556,0.12151461248163724,0.7881419593940469,0.10340146941053983,0.10845657119541334
9,koen_ai_infrastructure,koen_ai_infrastructure:QUR-002,통상수용,1.0,통상수용,통상수용,True,False,True,통상수용,0.600603064237087,0.18182261632693286,0.21757431943598024,통상수용,0.7179977520783962,0.11740749405162193,0.16459475386998196,통상수용,0.6380372751253544,0.16934786526476836,0.1926148596098774,0.6522126971469459,0.1561926585477744,0.19159464430527984
9,koen_ai_infrastructure,koen_ai_infrastructure:QUR-003,통상수용,1.0,통상수용,통상수용,True,False,True,통상수용,0.7507497443728709,0.12501821293650556,0.12423204269062364,통상수용,0.8269589361280756,0.08904693121296348,0.08399413265896104,통상수용,0.8136904400962414,0.09061282791633675,0.09569673198742187,0.7971330401990627,0.10155932402193525,0.10130763577900219
9,koen_ai_infrastructure,koen_ai_infrastructure:QUR-004,통상수용,1.0,통상수용,통상수용,True,False,True,통상수용,0.5734593797733365,0.20087292972242135,0.2256676905042422,통상수용,0.5928201848802903,0.17577462099356875,0.23140519412614094,통상수용,0.7518683760276664,0.11331340815650508,0.13481821581582845,0.6393826468937643,0.16332031962416507,0.19729703348207053
9,koen_ai_infrastructure,koen_ai_infrastructure:QUR-005,통상수용,1.0,통상수용,통상수용,True,False,True,통상수용,0.6633407310475181,0.1657693181818795,0.17088995077060237,통상수용,0.7442272940405658,0.12465750342315418,0.13111520253628003,통상수용,0.7241829040261357,0.12960932043414913,0.14620777553971515,0.7105836430380732,0.14001204734639427,0.1494043096155325
9,koen_ai_infrastructure,koen_ai_infrastructure:QUR-006,통상수용,1.0,통상수용,통상수용,True,False,True,통상수용,0.7294996846551498,0.1391164458936701,0.13138386945118022,통상수용,0.8192733666592331,0.09320294103525618,0.08752369230551077,통상수용,0.7832799259593685,0.10432897900846001,0.11239109503217154,0.7773509924245837,0.11221612197912877,0.1104328855962875
9,koen_ai_infrastructure,koen_ai_infrastructure:QUR-008,통상수용,1.0,통상수용,통상수용,True,False,True,통상수용,0.5410669131421467,0.18402856356014516,0.2749045232977081,통상수용,0.6687873852785974,0.1266504273218949,0.2045621873995077,통상수용,0.5414788623557173,0.16687203369494125,0.2916491039493415,0.5837777202588205,0.1591836748589938,0.2570386048821858
9,koen_ai_infrastructure,koen_ai_infrastructure:QUR-009,통상수용,1.0,통상수용,통상수용,True,False,True,통상수용,0.7557995101855319,0.16832678207649923,0.07587370773796881,통상수용,0.7926955302588915,0.13723660490446715,0.07006786483664129,통상수용,0.8517579077822804,0.10803800697062352,0.04020408524709605,0.800084316075568,0.13786713131719663,0.06204855260723539
9,koen_ai_infrastructure,koen_ai_infrastructure:QUR-010,통상수용,1.0,통상수용,통상수용,True,False,True,통상수용,0.7002602369432845,0.18126411371505033,0.1184756493416651,통상수용,0.7465805116857434,0.15002746760996033,0.10339202070429632,통상수용,0.8369688349128622,0.09877454506662851,0.06425662002050932,0.76126986118063,0.14335537546387975,0.09537476335549024
9,koen_ai_infrastructure,koen_ai_infrastructure:QUR-011,통상수용,1.0,통상수용,통상수용,True,False,True,통상수용,0.8042098915474678,0.1363631083150137,0.059427000137518615,통상수용,0.8329443806024281,0.13064699678435931,0.0364086226132126,통상수용,0.8943551608875179,0.07398272995565612,0.03166210915682597,0.8438364776791379,0.11366427835167638,0.042499243969185724
9,koen_ai_infrastructure,koen_ai_infrastructure:QUR-012,통상수용,1.0,통상수용,통상수용,True,False,True,통상수용,0.49704963831371435,0.3541859646572078,0.14876439702907795,통상수용,0.5410869749761236,0.3368400594835338,0.12207296554034262,통상수용,0.6694529542886318,0.22736522290369976,0.10318182280766852,0.5691965225261566,0.3061304156814804,0.12467306179236304
9,koen_ai_infrastructure,koen_ai_infrastructure:SER-001,통상수용,1.0,통상수용,통상수용,True,False,True,통상수용,0.46304203028964586,0.1780352504249127,0.3589227192854415,통상수용,0.5228029993679751,0.1542935548186566,0.3229034458133682,통상수용,0.46813223137864207,0.1457157235018514,0.3861520451195065,0.4846590870120877,0.15934817624847356,0.3559927367394387
9,koen_ai_infrastructure,koen_ai_infrastructure:SER-002,통상수용,1.0,통상수용,통상수용,True,False,True,통상수용,0.4671707811642208,0.33098675601385286,0.2018424628219264,통상수용,0.5391209813763336,0.2907412290426863,0.1701377895809801,통상수용,0.5554920755748909,0.2761066100234811,0.16840131440162798,0.5205946127051484,0.29927819836000674,0.1801271889348448
9,koen_ai_infrastructure,koen_ai_infrastructure:SER-003,통상수용,1.0,통상수용,계약·질의검토,False,False,True,계약·질의검토,0.40457666592386815,0.15479079264498333,0.4406325414311486,통상수용,0.4894334545484946,0.13000541106923796,0.38056113438226735,통상수용,0.5033975302602592,0.10465026615303169,0.391952203586709,0.4658025502442073,0.129815489955751,0.4043819598000417
9,koen_ai_infrastructure,koen_ai_infrastructure:SER-005,통상수용,1.0,통상수용,통상수용,True,False,True,통상수용,0.492920204073342,0.17951022784309384,0.327569568083564,통상수용,0.5241208580314014,0.15884485924659864,0.317034282722,통상수용,0.6516556272581551,0.10081303838841518,0.2475313343534297,0.5562322297876329,0.14638937515936923,0.2973783950529979
9,koen_ai_infrastructure,koen_ai_infrastructure:SER-008,통상수용,1.0,통상수용,통상수용,True,False,True,통상수용,0.6914529861372194,0.1660745277035784,0.14247248615920222,통상수용,0.75737014027258,0.13916833083510657,0.1034615288923136,통상수용,0.7975404910564804,0.1058356959443846,0.096623812999135,0.74878787248876,0.13702618482768983,0.11418594268355027
9,koen_ai_infrastructure,koen_ai_infrastructure:SER-009,통상수용,1.0,통상수용,통상수용,True,False,True,통상수용,0.5394824245949889,0.2031336548014721,0.25738392060353904,통상수용,0.5457641101179508,0.17672804483497198,0.27750784504707726,통상수용,0.5721251763882602,0.1795954784621078,0.24827934514963199,0.5524572370337333,0.18648572603285063,0.2610570369334161
9,koen_ai_infrastructure,koen_ai_infrastructure:SER-06,통상수용,1.0,통상수용,통상수용,True,False,True,통상수용,0.6822450071833219,0.1676305928792055,0.1501243999374727,통상수용,0.7593580158674841,0.12843813763184306,0.11220384650067289,통상수용,0.7782638682651085,0.11786399694995482,0.10387213478493651,0.7399556304386382,0.13797757582033446,0.12206679374102736
9,koen_ai_infrastructure,koen_ai_infrastructure:TST-002,계약·질의검토,1.0,계약·질의검토,계약·질의검토,True,False,True,계약·질의검토,0.2523627634530035,0.2974513128271888,0.4501859237198077,계약·질의검토,0.23217875541219443,0.2920401759913475,0.47578106859645797,계약·질의검토,0.27394279348943534,0.26827287656359217,0.4577843299469724,0.25282810411821105,0.28592145512737616,0.4612504407544127
9,koen_ai_infrastructure,koen_ai_infrastructure:TST-003,통상수용,1.0,통상수용,통상수용,True,False,True,통상수용,0.6104115822829468,0.21692661126610413,0.17266180645094908,통상수용,0.6148993135960928,0.22030428232300675,0.16479640408090038,통상수용,0.6832508176466274,0.17387382987483588,0.14287535247853675,0.636187237841889,0.20370157448798223,0.16011118767012875
10,korail_genai_isp_ismp,korail_genai_isp_ismp:COR-001,통상수용,1.0,계약·질의검토,계약·질의검토,True,True,False,계약·질의검토,0.37634862810516406,0.13296499954904786,0.49068637234578816,계약·질의검토,0.3018551242057821,0.10114198656473071,0.5970028892294871,계약·질의검토,0.3658610440056351,0.11526507674986959,0.5188738792444954,0.34802159877219374,0.11645735428788272,0.5355210469399235
10,korail_genai_isp_ismp,korail_genai_isp_ismp:COR-002,계약·질의검토,1.0,통상수용,통상수용,True,True,False,통상수용,0.48243553023294083,0.1582772864552927,0.35928718331176634,통상수용,0.5542073531817968,0.1374650254640924,0.3083276213541109,통상수용,0.5558606816898314,0.13126078789818915,0.3128785304119795,0.530834521701523,0.14233436660585808,0.32683111169261886
10,korail_genai_isp_ismp,korail_genai_isp_ismp:COR-003,계약·질의검토,1.0,계약·질의검토,계약·질의검토,True,False,True,계약·질의검토,0.2558655652402641,0.13795141184959409,0.6061830229101417,계약·질의검토,0.20714926153007543,0.10511654177693973,0.6877341966929849,계약·질의검토,0.2091119763389869,0.11082357935636347,0.6800644443046496,0.22404226770310884,0.11796384432763245,0.6579938879692587
10,korail_genai_isp_ismp,korail_genai_isp_ismp:CSR-002,통상수용,1.0,통상수용,통상수용,True,False,True,통상수용,0.410233154314103,0.27461126712742234,0.31515557855847465,통상수용,0.4092965726567872,0.25769586801403327,0.3330075593291796,통상수용,0.41611870805477935,0.3054005811836766,0.2784807107615441,0.41188281167522317,0.2792359054417108,0.3088812828830661
10,korail_genai_isp_ismp,korail_genai_isp_ismp:CSR-004,통상수용,1.0,통상수용,통상수용,True,False,True,통상수용,0.3998585436506654,0.33193027487385585,0.2682111814754788,통상수용,0.43022862711372767,0.30939127179172815,0.2603801010945441,통상수용,0.4686200443200812,0.3350723041254517,0.19630765155446717,0.4329024050281581,0.32546461693034523,0.24163297804149672
10,korail_genai_isp_ismp,korail_genai_isp_ismp:CSR-005,통상수용,1.0,통상수용,통상수용,True,False,True,통상수용,0.483079526746468,0.20497092610982767,0.31194954714370443,통상수용,0.5196589235264899,0.1762666390240678,0.3040744374494423,통상수용,0.5608328694968342,0.18340478434012022,0.2557623461630455,0.521190439923264,0.18821411649133857,0.2905954435853974
10,korail_genai_isp_ismp,korail_genai_isp_ismp:CSR-006,통상수용,1.0,통상수용,통상수용,True,False,True,통상수용,0.45144478684327105,0.2336401989831078,0.31491501417362117,통상수용,0.4393174085004924,0.22181891213856356,0.3388636793609441,통상수용,0.4057901757913112,0.2847848474006331,0.3094249768080557,0.4321841237116915,0.24674798617410146,0.321067890114207
10,korail_genai_isp_ismp,korail_genai_isp_ismp:CSR-007,견적반영,1.0,통상수용,통상수용,True,True,False,통상수용,0.4184206955364619,0.3287733215572405,0.2528059829062976,통상수용,0.48141197833951455,0.2807314914046388,0.23785653025584666,통상수용,0.3819902418013606,0.35572552662243895,0.26228423157620057,0.427274305225779,0.3217434465281061,0.250982248246115
10,korail_genai_isp_ismp,korail_genai_isp_ismp:CSR-008,견적반영,1.0,계약·질의검토,계약·질의검토,True,True,False,계약·질의검토,0.2707209872302976,0.3418679384318352,0.3874110743378673,계약·질의검토,0.2277562951571598,0.3531222880964579,0.41912141674638226,계약·질의검토,0.17407796567840278,0.3941379102080774,0.43178412411351985,0.22418508268862003,0.36304271224545687,0.4127722050659231
10,korail_genai_isp_ismp,korail_genai_isp_ismp:CSR-010,통상수용,1.0,통상수용,통상수용,True,False,True,통상수용,0.5370618577193785,0.23996616005030103,0.2229719822303204,통상수용,0.5659275750614671,0.2324267623444295,0.20164566259410346,통상수용,0.574392083693834,0.22508063794329866,0.20052727836286735,0.5591271721582265,0.23249118677934308,0.2083816410624304
10,korail_genai_isp_ismp,korail_genai_isp_ismp:CSR-012,견적반영,1.0,계약·질의검토,계약·질의검토,False,True,False,계약·질의검토,0.3690778588544944,0.23239157915301356,0.39853056199249215,통상수용,0.42403939238633276,0.1718172658668769,0.4041433417467903,계약·질의검토,0.3407078139489324,0.2403421519445968,0.4189500341064708,0.3779416883965865,0.21485033232149575,0.4072079792819177
10,korail_genai_isp_ismp,korail_genai_isp_ismp:CSR-013,통상수용,1.0,통상수용,통상수용,True,False,True,통상수용,0.5231012380293716,0.24787276478048248,0.22902599719014602,통상수용,0.6037244820564988,0.19332193570726344,0.20295358223623783,통상수용,0.4452991707573024,0.29188410476399224,0.26281672447870535,0.5240416302810575,0.24435960175057936,0.2315987679683631
10,korail_genai_isp_ismp,korail_genai_isp_ismp:DAR-001,통상수용,1.0,통상수용,통상수용,True,False,True,통상수용,0.620485773251856,0.2815625163243691,0.09795171042377468,통상수용,0.7001792017079278,0.238939963157628,0.0608808351344442,통상수용,0.739247636215398,0.19048329085818033,0.0702690729264217,0.6866375370583939,0.23699525678005914,0.07636720616154687
10,korail_genai_isp_ismp,korail_genai_isp_ismp:DAR-002,통상수용,1.0,통상수용,통상수용,True,False,True,통상수용,0.6212966275463883,0.27153169767554114,0.10717167477807074,통상수용,0.7117938671270869,0.21542152533708514,0.07278460753582787,통상수용,0.7869515689726635,0.1572568796382472,0.05579155138908937,0.7066806878820463,0.2147367008836245,0.07858261123432932
10,korail_genai_isp_ismp,korail_genai_isp_ismp:DAR-003,통상수용,1.0,통상수용,통상수용,True,False,True,통상수용,0.6376674460482359,0.2630525028340464,0.09928005111771776,통상수용,0.724993114227193,0.20990309596544346,0.06510378980736348,통상수용,0.7001120382827993,0.21904999076708637,0.08083797095011437,0.687590866186076,0.2306685298555254,0.08174060395839854
10,korail_genai_isp_ismp,korail_genai_isp_ismp:DAR-004,통상수용,1.0,통상수용,통상수용,True,False,True,통상수용,0.544428699805001,0.2904105525439093,0.16516074765108982,통상수용,0.6418782470836117,0.24001700459359437,0.11810474832279393,통상수용,0.6069531976778311,0.2587786969851639,0.1342681053370049,0.597753381522148,0.26306875137422253,0.13917786710362953
10,korail_genai_isp_ismp,korail_genai_isp_ismp:DAR-005,통상수용,1.0,통상수용,통상수용,True,False,True,통상수용,0.6350121903716595,0.26837378675309403,0.09661402287524662,통상수용,0.6789897473667775,0.2505693029960855,0.07044094963713707,통상수용,0.7448007435475236,0.2008226768445206,0.054376579607955784,0.6862675604286536,0.23992192219790007,0.07381051737344649
10,korail_genai_isp_ismp,korail_genai_isp_ismp:DAR-007,통상수용,1.0,견적반영,견적반영,True,True,False,견적반영,0.17681644993816928,0.6279040993474219,0.19527945071440891,견적반영,0.1277022323103888,0.738805673683164,0.1334920940064473,견적반영,0.15807663975330766,0.6530232427487725,0.18890011749791982,0.15419844066728858,0.6732443385931196,0.172557220739592
10,korail_genai_isp_ismp,korail_genai_isp_ismp:DAR-008,통상수용,1.0,통상수용,통상수용,True,False,True,통상수용,0.7241993088785222,0.16607792491021203,0.10972276621126575,통상수용,0.8074687514552604,0.12233556573383633,0.07019568281090319,통상수용,0.8355567005436818,0.11022197161290959,0.054221327843408516,0.7890749202924882,0.13287848741898597,0.07804659228852583
10,korail_genai_isp_ismp,korail_genai_isp_ismp:DAR-009,통상수용,1.0,통상수용,통상수용,True,False,True,통상수용,0.6015803528707037,0.26101586277572714,0.13740378435356926,통상수용,0.6908901454372423,0.20339306650816444,0.10571678805459327,통상수용,0.7141426903014582,0.18836670067405675,0.09749060902448506,0.6688710628698012,0.21759187665264945,0.11353706047754919
10,korail_genai_isp_ismp,korail_genai_isp_ismp:PMR-001,통상수용,1.0,통상수용,통상수용,True,False,True,통상수용,0.4402167459159575,0.27262226673831497,0.2871609873457275,통상수용,0.48364781319301786,0.2348410585973181,0.2815111282096641,통상수용,0.5565336002798995,0.2113483472945088,0.2321180524255917,0.49346605312962494,0.23960389087671397,0.2669300559936611
10,korail_genai_isp_ismp,korail_genai_isp_ismp:PMR-002,견적반영,1.0,통상수용,통상수용,True,True,False,통상수용,0.5063012991501171,0.35521048525135235,0.13848821559853053,통상수용,0.5645539079704144,0.3386299810418155,0.09681611098777006,통상수용,0.5207107339960503,0.35510343671185346,0.12418582929209622,0.5305219803721939,0.34964796766834044,0.1198300519594656
10,korail_genai_isp_ismp,korail_genai_isp_ismp:PMR-003,통상수용,1.0,통상수용,통상수용,True,False,True,통상수용,0.5596848469278898,0.2809291373175766,0.1593860157545337,통상수용,0.6361811317739761,0.25116466623312067,0.11265420199290328,통상수용,0.6391266929642442,0.21604848426327647,0.14482482277247938,0.6116642238887033,0.2493807626046579,0.13895501350663877
10,korail_genai_isp_ismp,korail_genai_isp_ismp:PMR-004,통상수용,1.0,통상수용,통상수용,True,False,True,통상수용,0.5421199712731888,0.19763137083408014,0.26024865789273105,통상수용,0.6017527673992349,0.19023801469455198,0.20800921790621313,통상수용,0.6220116618558603,0.1502086464031762,0.2277796917409635,0.588628133509428,0.17935934397726946,0.23201252251330254
10,korail_genai_isp_ismp,korail_genai_isp_ismp:PMR-006,통상수용,1.0,통상수용,통상수용,True,False,True,통상수용,0.6177879143313284,0.2117764341957277,0.17043565147294398,통상수용,0.6914938918181034,0.17348245920074284,0.13502364898115385,통상수용,0.7038358703693004,0.15546688463881603,0.14069724499188352,0.671039225506244,0.18024192601176217,0.1487188484819938
10,korail_genai_isp_ismp,korail_genai_isp_ismp:PMR-007,통상수용,1.0,통상수용,통상수용,True,False,True,통상수용,0.4997398920885127,0.12802957595111053,0.37223053196037675,통상수용,0.5589459616340352,0.10460538671626765,0.3364486516496971,통상수용,0.5266323597568818,0.08989386030124696,0.3834737799418712,0.5284394044931432,0.10750960765620839,0.3640509878506484
10,korail_genai_isp_ismp,korail_genai_isp_ismp:PMR-008,통상수용,1.0,통상수용,통상수용,True,False,True,통상수용,0.7003135861274205,0.10978758089356823,0.18989883297901128,통상수용,0.7881407408122292,0.0847030430374308,0.12715621615033995,통상수용,0.7157499410447957,0.08418334144146675,0.20006671751373745,0.7347347559948151,0.09289132179082193,0.1723739222143629
10,korail_genai_isp_ismp,korail_genai_isp_ismp:PMR-009,통상수용,1.0,통상수용,통상수용,True,False,True,통상수용,0.6831052451969188,0.15776336678745645,0.15913138801562465,통상수용,0.7714619172795549,0.1094988616543847,0.11903922106606038,통상수용,0.7903296501402798,0.11373577924997426,0.09593457060974606,0.7482989375389179,0.1269993358972718,0.12470172656381036
10,korail_genai_isp_ismp,korail_genai_isp_ismp:PMR-011,통상수용,1.0,통상수용,통상수용,True,False,True,통상수용,0.6701569608068463,0.09018115629808603,0.23966188289506765,통상수용,0.7390078201351316,0.0672026346204369,0.19378954524443168,통상수용,0.6173506058983669,0.09690790138385945,0.2857414927177736,0.6755051289467815,0.08476389743412745,0.239730973619091
10,korail_genai_isp_ismp,korail_genai_isp_ismp:PSR-002,견적반영,1.0,계약·질의검토,계약·질의검토,True,True,False,계약·질의검토,0.3882969038842144,0.16304270031918916,0.44866039579659645,계약·질의검토,0.4116385676502075,0.13120451764710597,0.4571569147026865,계약·질의검토,0.40238400123791573,0.16880871536312578,0.4288072833989584,0.4007731575907792,0.15435197777647366,0.4448748646327471
10,korail_genai_isp_ismp,korail_genai_isp_ismp:QUR-001,통상수용,1.0,통상수용,통상수용,True,False,True,통상수용,0.5354451967849913,0.16295519152969928,0.30159961168530947,통상수용,0.5315617004426724,0.1640610020608418,0.30437729749648584,통상수용,0.715774832994927,0.07370336597476525,0.21052180103030782,0.5942605767408635,0.13357318652176878,0.2721662367373677
10,korail_genai_isp_ismp,korail_genai_isp_ismp:QUR-002,통상수용,1.0,통상수용,통상수용,True,False,True,통상수용,0.7916336591163973,0.07817972395998478,0.13018661692361796,통상수용,0.8173966538005646,0.057270799394530954,0.12533254680490444,통상수용,0.8807606582428735,0.040734432474049426,0.078504909283077,0.8299303237199451,0.05872831860952172,0.11134135767053314
10,korail_genai_isp_ismp,korail_genai_isp_ismp:QUR-003,통상수용,1.0,통상수용,통상수용,True,False,True,통상수용,0.6646022966155036,0.1405801210236953,0.19481758236080116,통상수용,0.6652467622009046,0.11577049077128215,0.21898274702781315,통상수용,0.7460323562581351,0.08840527388754399,0.16556236985432077,0.6919604716915145,0.11491862856084047,0.19312089974764501
10,korail_genai_isp_ismp,korail_genai_isp_ismp:SAR-001,계약·질의검토,1.0,통상수용,계약·질의검토,False,False,True,계약·질의검토,0.4287966050787202,0.1332330346894984,0.4379703602317813,계약·질의검토,0.4358429254035743,0.09556299294748474,0.4685940816489409,통상수용,0.5134087927635819,0.0897922375052037,0.3967989697312144,0.4593494410819588,0.10619608838072896,0.4344544705373122
10,korail_genai_isp_ismp,korail_genai_isp_ismp:SAR-002,통상수용,1.0,통상수용,통상수용,True,False,True,통상수용,0.5126812242241784,0.2696573277484063,0.21766144802741538,통상수용,0.5308795846737422,0.2572340589906516,0.21188635633560626,통상수용,0.6049265410303043,0.20091500166920198,0.19415845730049372,0.5494957833094083,0.24260212946941995,0.2079020872211718
10,korail_genai_isp_ismp,korail_genai_isp_ismp:SER-003,계약·질의검토,1.0,통상수용,통상수용,False,True,False,통상수용,0.4071061413828357,0.34993734671262317,0.2429565119045412,견적반영,0.39581319100681667,0.4149389128294994,0.18924789616368395,통상수용,0.4389447396824383,0.33002685535808146,0.2310284049594802,0.41395469069069685,0.36496770496673464,0.22107760434256843
10,korail_genai_isp_ismp,korail_genai_isp_ismp:SER-004,통상수용,1.0,통상수용,통상수용,True,False,True,통상수용,0.6246492982212788,0.1751620191851085,0.20018868259361267,통상수용,0.7386275329721276,0.1186986164162219,0.14267385061165055,통상수용,0.6850071326291449,0.13829207525050405,0.17670079212035103,0.6827613212741838,0.14405090361727813,0.17318777510853808
11,mfds_drug_ai_review,mfds_drug_ai_review:COR-001,계약·질의검토,0.0,견적반영,견적반영,True,True,False,견적반영,0.26445184264866034,0.3902863500455767,0.345261807305763,견적반영,0.22415016858490383,0.4283783208664807,0.34747151054861547,견적반영,0.2644518426486623,0.3902863500455778,0.34526180730575984,0.2510179512940755,0.4029836736525451,0.34599837505337944
11,mfds_drug_ai_review,mfds_drug_ai_review:COR-002,통상수용,0.0,통상수용,통상수용,True,False,True,통상수용,0.6609450145842627,0.19071059763734802,0.1483443877783893,통상수용,0.7344209672237552,0.15449975717709244,0.11107927559915251,통상수용,0.66094501458426,0.1907105976373504,0.1483443877783895,0.6854369987974259,0.17864031748393028,0.13592268371864377
11,mfds_drug_ai_review,mfds_drug_ai_review:COR-003,통상수용,0.0,통상수용,통상수용,True,False,True,통상수용,0.5323771488169047,0.1924214084828433,0.27520144270025204,통상수용,0.6208870347120736,0.16539697695024733,0.21371598833767913,통상수용,0.5323771488169037,0.1924214084828456,0.27520144270025065,0.5618804441152939,0.1834132646386454,0.25470629124606065
11,mfds_drug_ai_review,mfds_drug_ai_review:COR-004,통상수용,0.0,통상수용,통상수용,True,False,True,통상수용,0.6726355097031709,0.18018472811352043,0.14717976218330875,통상수용,0.7760750630249339,0.12605105132801678,0.09787388564704926,통상수용,0.672635509703168,0.1801847281135227,0.14717976218330933,0.7071153608104241,0.16214016918501997,0.13074447000455577
11,mfds_drug_ai_review,mfds_drug_ai_review:COR-005,통상수용,0.0,통상수용,통상수용,True,False,True,통상수용,0.6167500614153948,0.21167010167090416,0.17157983691370102,통상수용,0.7412442023734503,0.1458133628063391,0.11294243482021045,통상수용,0.6167500614153923,0.21167010167090647,0.1715798369137011,0.6582481084014126,0.18971785538271657,0.15203403621587086
11,mfds_drug_ai_review,mfds_drug_ai_review:COR-006,통상수용,0.0,통상수용,통상수용,True,False,True,통상수용,0.49705407281524144,0.2539912896202932,0.24895463756446523,통상수용,0.58279333282442,0.1987388080331882,0.2184678591423917,통상수용,0.49705407281524017,0.2539912896202956,0.24895463756446412,0.5256338261516339,0.23557379575792567,0.23879237809044032
11,mfds_drug_ai_review,mfds_drug_ai_review:COR-007,통상수용,0.0,통상수용,통상수용,True,False,True,통상수용,0.6846330694920794,0.13591237831948272,0.17945455218843787,통상수용,0.7810067145611606,0.09701668666849805,0.12197659877034142,통상수용,0.6846330694920774,0.13591237831948527,0.17945455218843742,0.716757617848439,0.12294714776915534,0.16029523438240556
11,mfds_drug_ai_review,mfds_drug_ai_review:COR-010,통상수용,0.0,통상수용,통상수용,True,False,True,통상수용,0.7353198495253881,0.11259339298748297,0.15208675748712885,통상수용,0.8303936359970535,0.07393862596781661,0.09566773803512982,통상수용,0.7353198495253852,0.11259339298748532,0.15208675748712944,0.7670111116826089,0.09970847064759497,0.13328041766979604
11,mfds_drug_ai_review,mfds_drug_ai_review:COR-011,통상수용,0.0,통상수용,통상수용,True,False,True,통상수용,0.42754222371992157,0.1511037719146252,0.42135400436545334,통상수용,0.4555918439178679,0.11827874002292779,0.42612941605920435,통상수용,0.42754222371992534,0.15110377191462798,0.42135400436544657,0.43689209711923827,0.14016209461739368,0.42294580826336814
11,mfds_drug_ai_review,mfds_drug_ai_review:COR-012,통상수용,0.0,통상수용,통상수용,True,False,True,통상수용,0.727634675238333,0.1428456291901398,0.12951969557152723,통상수용,0.8034537192221719,0.10265726380454719,0.09388901697328093,통상수용,0.7276346752383297,0.1428456291901426,0.12951969557152754,0.7529076898996115,0.12944950739494318,0.11764280270544523
11,mfds_drug_ai_review,mfds_drug_ai_review:COR-013,통상수용,0.0,통상수용,통상수용,True,False,True,통상수용,0.5788740192023166,0.19365271443637655,0.22747326636130688,통상수용,0.7010261872918018,0.13378431590122453,0.1651894968069737,통상수용,0.578874019202315,0.1936527144363792,0.22747326636130588,0.6195914085654778,0.17369658159132675,0.2067120098431955
11,mfds_drug_ai_review,mfds_drug_ai_review:COR-014,통상수용,0.0,통상수용,통상수용,True,False,True,통상수용,0.6835515155467321,0.1563183486426755,0.16013013581059246,통상수용,0.7781680680431926,0.10801528951933566,0.11381664243747168,통상수용,0.6835515155467289,0.15631834864267827,0.16013013581059285,0.7150903663788846,0.14021732893489647,0.144692304686219
11,mfds_drug_ai_review,mfds_drug_ai_review:DAR-001,견적반영,0.0,견적반영,견적반영,True,False,True,견적반영,0.30963690045541864,0.422710675830805,0.26765242371377634,견적반영,0.3432644482270624,0.40546975313481703,0.2512657986381205,견적반영,0.3096369004554207,0.42271067583080285,0.26765242371377634,0.32084608304596723,0.4169637015988083,0.2621902153552244
11,mfds_drug_ai_review,mfds_drug_ai_review:DAR-002,견적반영,0.0,견적반영,견적반영,True,False,True,견적반영,0.3813954777756033,0.4008097022151767,0.21779482000922007,견적반영,0.3852436457406892,0.41397826877224886,0.20077808548706194,견적반영,0.38139547777560545,0.40080970221517603,0.21779482000921835,0.38267820043063266,0.40519922440086714,0.2121225751685001
11,mfds_drug_ai_review,mfds_drug_ai_review:DAR-003,통상수용,0.0,통상수용,통상수용,True,False,True,통상수용,0.5639847213609843,0.2526504185624414,0.18336486007657435,통상수용,0.624834402261222,0.23624884057893067,0.13891675715984728,통상수용,0.5639847213609824,0.2526504185624432,0.1833648600765743,0.5842679483277297,0.24718322590127176,0.16854882577099864
11,mfds_drug_ai_review,mfds_drug_ai_review:DAR-004,통상수용,0.0,통상수용,통상수용,True,False,True,통상수용,0.5127969371093147,0.2659258252262838,0.22127723766440147,통상수용,0.6191026578541697,0.21905817601052607,0.16183916613530408,통상수용,0.5127969371093153,0.26592582522628483,0.22127723766439997,0.5482321773575999,0.2503032754876982,0.20146454715470186
11,mfds_drug_ai_review,mfds_drug_ai_review:DAR-005,견적반영,0.0,통상수용,통상수용,True,True,False,통상수용,0.48530554871072207,0.33332807269089404,0.18136637859838395,통상수용,0.5333391505887407,0.3017441225964842,0.1649167268147751,통상수용,0.4853055487107222,0.3333280726908944,0.1813663785983835,0.5013167493367283,0.3228000893260909,0.17588316133718085
11,mfds_drug_ai_review,mfds_drug_ai_review:DAR-006,견적반영,0.0,통상수용,통상수용,True,True,False,통상수용,0.3543389754091763,0.34678941735167085,0.29887160723915296,통상수용,0.38874288201625534,0.33347297712431556,0.2777841408594291,통상수용,0.3543389754091775,0.3467894173516714,0.298871607239151,0.36580694427820304,0.3423506039425526,0.2918424517792444
11,mfds_drug_ai_review,mfds_drug_ai_review:DAR-007,견적반영,0.0,계약·질의검토,계약·질의검토,True,True,False,계약·질의검토,0.3076528328345979,0.31205518863461745,0.3802919785307846,계약·질의검토,0.30635272659377843,0.2810090688143235,0.412638204591898,계약·질의검토,0.30765283283460043,0.3120551886346182,0.3802919785307815,0.30721946408765893,0.30170648202785305,0.39107405388448807
11,mfds_drug_ai_review,mfds_drug_ai_review:DAR-008,견적반영,0.0,계약·질의검토,계약·질의검토,True,True,False,계약·질의검토,0.30606467308798385,0.33544029517296287,0.3584950317390532,계약·질의검토,0.3253477280226255,0.3162001675276986,0.35845210444967585,계약·질의검토,0.3060646730879863,0.33544029517296337,0.3584950317390503,0.3124923580661985,0.32902691929120825,0.3584807226425932
11,mfds_drug_ai_review,mfds_drug_ai_review:DAR-009,견적반영,0.0,계약·질의검토,계약·질의검토,True,True,False,계약·질의검토,0.26692942304909456,0.33693405941037086,0.39613651754053464,계약·질의검토,0.25432218072878976,0.3474571705288371,0.3982206487423731,계약·질의검토,0.266929423049097,0.3369340594103719,0.3961365175405312,0.2627270089423271,0.34044176311652663,0.39683122794114634
11,mfds_drug_ai_review,mfds_drug_ai_review:DAR-010,견적반영,0.0,통상수용,통상수용,True,True,False,통상수용,0.4892807059922602,0.2659353181913534,0.24478397581638642,통상수용,0.5410288730841756,0.23005366300263808,0.22891746391318646,통상수용,0.4892807059922601,0.265935318191354,0.24478397581638578,0.5065300950228987,0.2539747664617818,0.23949513851531956
11,mfds_drug_ai_review,mfds_drug_ai_review:DAR-011,통상수용,0.0,견적반영,견적반영,True,True,False,견적반영,0.4135117955841769,0.4494176428946882,0.13707056152113492,견적반영,0.42670709160465425,0.4554937131849268,0.11779919521041897,견적반영,0.4135117955841775,0.44941764289468733,0.13707056152113525,0.41791022759100294,0.4514429996581008,0.1306467727508964
11,mfds_drug_ai_review,mfds_drug_ai_review:DAR-012,통상수용,0.0,계약·질의검토,계약·질의검토,True,True,False,계약·질의검토,0.32431896261996446,0.26727870918495,0.40840232819508565,계약·질의검토,0.292681754422477,0.27939088640336607,0.42792735917415703,계약·질의검토,0.324318962619967,0.26727870918495206,0.4084023281950809,0.31377322655413614,0.2713161015910894,0.41491067185477454
11,mfds_drug_ai_review,mfds_drug_ai_review:DAR-013,통상수용,0.0,통상수용,통상수용,True,False,True,통상수용,0.6673199374917823,0.23597023321785635,0.09670982929036144,통상수용,0.6630654017511275,0.2553814902498719,0.08155310799900065,통상수용,0.6673199374917804,0.2359702332178578,0.0967098292903618,0.6659017589115634,0.2424406522285287,0.09165758885990798
11,mfds_drug_ai_review,mfds_drug_ai_review:DAR-014,견적반영,0.0,견적반영,견적반영,True,False,True,견적반영,0.30180545500463035,0.4179604197887546,0.2802341252066151,견적반영,0.30056867360475453,0.4644707219034706,0.23496060449177492,견적반영,0.3018054550046339,0.4179604197887531,0.280234125206613,0.3013931945380062,0.4334638538269928,0.265142951635001
11,mfds_drug_ai_review,mfds_drug_ai_review:DAR-015,통상수용,0.0,통상수용,통상수용,False,False,True,통상수용,0.36582981528917546,0.34007050934312755,0.29409967536769693,견적반영,0.34853476194380345,0.38877812763444464,0.2626871104217519,통상수용,0.3658298152891775,0.3400705093431275,0.29409967536769505,0.36006479750738546,0.3563063821068999,0.28362882038571463
11,mfds_drug_ai_review,mfds_drug_ai_review:DAR-016,통상수용,0.0,통상수용,통상수용,True,False,True,통상수용,0.43263245296701663,0.409900774367623,0.15746677266536035,통상수용,0.4499116889125513,0.41417038176793075,0.13591792931951807,통상수용,0.43263245296701647,0.4099007743676232,0.1574667726653603,0.4383921982821948,0.41132397683439237,0.1502838248834129
11,mfds_drug_ai_review,mfds_drug_ai_review:DAR-017,통상수용,0.0,통상수용,통상수용,True,False,True,통상수용,0.7123662007314604,0.1637498763216246,0.12388392294691492,통상수용,0.7958344069522278,0.11705032776740938,0.08711526528036287,통상수용,0.7123662007314595,0.16374987632162546,0.12388392294691492,0.7401889361383827,0.1481833601368865,0.1116277037247309
11,mfds_drug_ai_review,mfds_drug_ai_review:DAR-018,통상수용,0.0,통상수용,통상수용,True,False,True,통상수용,0.7050369249999681,0.12570515739876476,0.1692579176012672,통상수용,0.7806099550889899,0.10025175780445306,0.11913828710655709,통상수용,0.7050369249999678,0.12570515739876587,0.16925791760126618,0.7302279350296419,0.11722069086732789,0.15255137410303016
11,mfds_drug_ai_review,mfds_drug_ai_review:DAR-020,통상수용,0.0,통상수용,통상수용,True,False,True,통상수용,0.5469556104078094,0.28017190708601036,0.1728724825061803,통상수용,0.6443347820037864,0.23546155547852446,0.12020366251768927,통상수용,0.5469556104078104,0.28017190708601003,0.17287248250617962,0.5794153342731353,0.2652684565501816,0.15531620917668307
11,mfds_drug_ai_review,mfds_drug_ai_review:DAR-021,통상수용,0.0,통상수용,통상수용,True,False,True,통상수용,0.5926685942233457,0.2324572385848853,0.17487416719176907,통상수용,0.6962088804988651,0.1818978443001991,0.12189327520093576,통상수용,0.5926685942233454,0.23245723858488546,0.17487416719176918,0.627182022981852,0.2156041071566566,0.15721386986149133
11,mfds_drug_ai_review,mfds_drug_ai_review:DAR-022,통상수용,0.0,통상수용,통상수용,True,False,True,통상수용,0.6883105718758777,0.22406089614615307,0.08762853197796922,통상수용,0.7600464777064836,0.18197469243521391,0.05797882985830258,통상수용,0.6883105718758765,0.22406089614615388,0.08762853197796966,0.7122225404860792,0.2100321615758403,0.07774529793808048
11,mfds_drug_ai_review,mfds_drug_ai_review:DAR-023,통상수용,0.0,통상수용,통상수용,True,False,True,통상수용,0.6123708618522781,0.1429133831554911,0.24471575499223083,통상수용,0.6633272598926534,0.13221810226446895,0.20445463784287773,통상수용,0.6123708618522795,0.14291338315549212,0.24471575499222836,0.6293563278657369,0.13934828952515071,0.2312953826091123
11,mfds_drug_ai_review,mfds_drug_ai_review:DAR-024,통상수용,0.0,통상수용,통상수용,True,False,True,통상수용,0.7120927335091434,0.14875527985511963,0.13915198663573689,통상수용,0.812901039888463,0.09926831119176042,0.08783064891977654,통상수용,0.712092733509143,0.1487552798551206,0.13915198663573627,0.7456955023022497,0.1322596236340002,0.1220448740637499
11,mfds_drug_ai_review,mfds_drug_ai_review:DAR-025,통상수용,0.0,통상수용,통상수용,True,False,True,통상수용,0.6626204131996566,0.2046882683531282,0.1326913184472152,통상수용,0.7647779121128349,0.1430856000082338,0.09213648787893125,통상수용,0.6626204131996568,0.20468826835312837,0.13269131844721477,0.6966729128373826,0.1841540455714968,0.11917304159112041
11,mfds_drug_ai_review,mfds_drug_ai_review:DAR-026,통상수용,0.0,통상수용,통상수용,True,False,True,통상수용,0.4739064235843318,0.3084312657659413,0.2176623106497268,통상수용,0.5127812252866139,0.28350907567248507,0.20370969904090105,통상수용,0.47390642358433205,0.3084312657659424,0.2176623106497256,0.4868646908184259,0.3001238690681229,0.21301144011345116
11,mfds_drug_ai_review,mfds_drug_ai_review:PER-001,통상수용,0.0,통상수용,통상수용,True,False,True,통상수용,0.45778661291873934,0.25062922694894735,0.29158416013231325,통상수용,0.558114827246665,0.20700786648048441,0.23487730627285058,통상수용,0.45778661291873973,0.2506292269489496,0.29158416013231075,0.49122935102804804,0.23608877345946047,0.27268187551249157
11,mfds_drug_ai_review,mfds_drug_ai_review:PER-002,계약·질의검토,0.0,계약·질의검토,계약·질의검토,True,False,True,계약·질의검토,0.24248683687654124,0.20382753524118444,0.5536856278822744,계약·질의검토,0.23577728303669815,0.1852467930438053,0.5789759239194965,계약·질의검토,0.24248683687654274,0.20382753524118832,0.553685627882269,0.24025031892992735,0.19763395450872603,0.5621157265613467
11,mfds_drug_ai_review,mfds_drug_ai_review:PER-003,계약·질의검토,0.0,통상수용,계약·질의검토,False,False,True,계약·질의검토,0.36905669070358815,0.25908369144831994,0.37185961784809185,통상수용,0.39039498575752907,0.22994295200182924,0.37966206224064175,계약·질의검토,0.3690566907035886,0.2590836914483225,0.371859617848089,0.3761694557215686,0.24937011163282388,0.3744604326456076
11,mfds_drug_ai_review,mfds_drug_ai_review:PER-004,계약·질의검토,0.0,통상수용,통상수용,True,True,False,통상수용,0.43078919057781084,0.28231016612018395,0.28690064330200515,통상수용,0.4738516375167306,0.25447896482686316,0.27166939765640624,통상수용,0.43078919057781034,0.28231016612018595,0.28690064330200377,0.4451433395574506,0.273033099022411,0.28182356142013837
11,mfds_drug_ai_review,mfds_drug_ai_review:PER-005,계약·질의검토,0.0,계약·질의검토,계약·질의검토,True,False,True,계약·질의검토,0.25082494518528425,0.14053238432470033,0.6086426704900154,계약·질의검토,0.20415238216989723,0.1108578956855035,0.6849897221445993,계약·질의검토,0.25082494518528536,0.14053238432470358,0.6086426704900111,0.23526742418015564,0.1306408881116358,0.6340916877082087
11,mfds_drug_ai_review,mfds_drug_ai_review:PER-006,계약·질의검토,0.0,계약·질의검토,계약·질의검토,True,False,True,계약·질의검토,0.3444542678312563,0.15788222583384479,0.497663506334899,계약·질의검토,0.33916539381068117,0.13147430722302028,0.5293602989662985,계약·질의검토,0.3444542678312564,0.1578822258338483,0.49766350633489537,0.34269130982439794,0.14907958629690446,0.5082291038786976
11,mfds_drug_ai_review,mfds_drug_ai_review:PER-007,계약·질의검토,0.0,계약·질의검토,계약·질의검토,True,False,True,계약·질의검토,0.25043309856610474,0.15608365682798567,0.5934832446059096,계약·질의검토,0.22147051868342005,0.10491599995796602,0.6736134813586139,계약·질의검토,0.2504330985661058,0.15608365682798897,0.5934832446059053,0.24077890527187687,0.1390277712046469,0.6201933235234763
11,mfds_drug_ai_review,mfds_drug_ai_review:PER-008,계약·질의검토,0.0,통상수용,통상수용,True,True,False,통상수용,0.40477465361230985,0.33918638457262973,0.25603896181506053,통상수용,0.4270367783054815,0.3217452113533397,0.2512180103411788,통상수용,0.40477465361230724,0.3391863845726332,0.25603896181505953,0.4121953618433662,0.3333726601662009,0.25443197799043293
11,mfds_drug_ai_review,mfds_drug_ai_review:PER-009,계약·질의검토,0.0,견적반영,견적반영,True,True,False,견적반영,0.3231043247349261,0.3440401360907617,0.33285553917431215,견적반영,0.32655643329886186,0.3506246612808061,0.322818905420332,견적반영,0.32310432473492456,0.34404013609076595,0.33285553917430954,0.32425502758957087,0.3462349778207779,0.3295099945896512
11,mfds_drug_ai_review,mfds_drug_ai_review:PER-010,계약·질의검토,0.0,통상수용,통상수용,True,True,False,통상수용,0.4087516868592156,0.2588207239666605,0.33242758917412385,통상수용,0.43959988536240474,0.21877114847289003,0.34162896616470534,통상수용,0.40875168685921337,0.25882072396666433,0.33242758917412224,0.41903441969361127,0.2454708654687383,0.3354947148376504
11,mfds_drug_ai_review,mfds_drug_ai_review:PMR-001,통상수용,0.0,통상수용,통상수용,True,False,True,통상수용,0.546306798319835,0.2654338166762675,0.18825938500389747,통상수용,0.6370239294785822,0.22263951030365872,0.14033656021775903,통상수용,0.5463067983198343,0.26543381667626853,0.18825938500389716,0.5765458420394172,0.25116904788539823,0.17228511007518454
11,mfds_drug_ai_review,mfds_drug_ai_review:PMR-002,통상수용,0.0,통상수용,통상수용,True,False,True,통상수용,0.6971317485521933,0.1675531644031742,0.13531508704463246,통상수용,0.7915267985298764,0.11886216642104187,0.08961103504908181,통상수용,0.6971317485521903,0.16755316440317616,0.13531508704463358,0.72859676521142,0.15132283174246408,0.12008040304611595
11,mfds_drug_ai_review,mfds_drug_ai_review:PMR-003,통상수용,0.0,통상수용,통상수용,True,False,True,통상수용,0.6829024648715617,0.15913523349390882,0.15796230163452948,통상수용,0.7535185737819585,0.12733555696228754,0.11914586925575382,통상수용,0.6829024648715597,0.15913523349391084,0.15796230163452943,0.7064411678416933,0.1485353413167024,0.14502349084160424
11,mfds_drug_ai_review,mfds_drug_ai_review:PMR-004,통상수용,0.0,통상수용,통상수용,True,False,True,통상수용,0.7030960442374852,0.12843605966036983,0.168467896102145,통상수용,0.7917336813731842,0.09201787107891754,0.11624844754789822,통상수용,0.7030960442374826,0.1284360596603718,0.16846789610214558,0.7326419232827174,0.11629666346655305,0.1510614132507296
11,mfds_drug_ai_review,mfds_drug_ai_review:PMR-005,통상수용,0.0,통상수용,통상수용,True,False,True,통상수용,0.7253093743399959,0.1536363086724007,0.1210543169876035,통상수용,0.7933898121945598,0.12129050687567114,0.08531968092976898,통상수용,0.7253093743399931,0.15363630867240324,0.1210543169876037,0.7480028536248495,0.14285437474015836,0.10914277163499207
11,mfds_drug_ai_review,mfds_drug_ai_review:PMR-006,통상수용,0.0,통상수용,통상수용,True,False,True,통상수용,0.5940456833928942,0.25105821168807757,0.15489610491902814,통상수용,0.6815545736952379,0.20870558917473178,0.10973983713003027,통상수용,0.5940456833928937,0.25105821168807835,0.15489610491902803,0.6232153134936752,0.2369406708502959,0.1398440156560288
11,mfds_drug_ai_review,mfds_drug_ai_review:PMR-007,통상수용,0.0,통상수용,통상수용,True,False,True,통상수용,0.7306000531949429,0.14345924157391168,0.12594070523114548,통상수용,0.8103445933606095,0.10924072668202554,0.08041467995736488,통상수용,0.7306000531949398,0.14345924157391435,0.1259407052311459,0.7571815665834974,0.13205306994328384,0.11076536347321875
11,mfds_drug_ai_review,mfds_drug_ai_review:PMR-008,통상수용,0.0,통상수용,통상수용,True,False,True,통상수용,0.8326518608547763,0.10035226748514536,0.06699587166007837,통상수용,0.8777453819243561,0.07601000653899373,0.04624461153665018,통상수용,0.8326518608547728,0.10035226748514779,0.06699587166007923,0.847683034544635,0.09223818050309562,0.06007878495226926
11,mfds_drug_ai_review,mfds_drug_ai_review:PMR-009,통상수용,0.0,통상수용,통상수용,True,False,True,통상수용,0.5771874704996649,0.16127738358168694,0.2615351459186482,통상수용,0.6106622360729501,0.13821150113664724,0.25112626279040257,통상수용,0.5771874704996639,0.16127738358168933,0.2615351459186467,0.5883457256907597,0.15358875610000786,0.25806551820923246
11,mfds_drug_ai_review,mfds_drug_ai_review:PMR-010,통상수용,0.0,통상수용,통상수용,True,False,True,통상수용,0.5673091366990782,0.24529739504440728,0.18739346825651454,통상수용,0.6281222949676794,0.20455420372845923,0.16732350130386137,통상수용,0.5673091366990743,0.2452973950444099,0.18739346825651568,0.5875801894552773,0.23171633127242544,0.1807034792722972
11,mfds_drug_ai_review,mfds_drug_ai_review:PMR-011,통상수용,0.0,통상수용,통상수용,True,False,True,통상수용,0.7909922221720651,0.10732083787344045,0.10168693995449443,통상수용,0.8613202876219753,0.07873806381635595,0.05994164856166875,통상수용,0.7909922221720618,0.10732083787344307,0.10168693995449508,0.8144349106553674,0.09779324652107983,0.08777184282355276
11,mfds_drug_ai_review,mfds_drug_ai_review:PMR-012,통상수용,0.0,통상수용,통상수용,True,False,True,통상수용,0.7074865464132094,0.12384519680177238,0.16866825678501834,통상수용,0.7897873262863438,0.08711593377311946,0.12309673994053665,통상수용,0.7074865464132067,0.12384519680177478,0.16866825678501857,0.7349201397042533,0.11160210912555553,0.1534777511701912
11,mfds_drug_ai_review,mfds_drug_ai_review:PMR-013,통상수용,0.0,통상수용,통상수용,True,False,True,통상수용,0.7463348450666294,0.1301648694051122,0.1235002855282584,통상수용,0.8327873749864985,0.08692133242738863,0.08029129258611302,통상수용,0.7463348450666265,0.13016486940511474,0.1235002855282586,0.7751523550399181,0.11575035707920518,0.10909728788087668
11,mfds_drug_ai_review,mfds_drug_ai_review:PMR-014,통상수용,0.0,통상수용,통상수용,True,False,True,통상수용,0.6937183024408474,0.17315131836982023,0.1331303791893324,통상수용,0.7797999236803751,0.12589371430730875,0.09430636201231615,통상수용,0.6937183024408438,0.173151318369823,0.13313037918933315,0.7224121761873553,0.15739878368231733,0.12018904013032723
11,mfds_drug_ai_review,mfds_drug_ai_review:PMR-015,통상수용,0.0,통상수용,통상수용,True,False,True,통상수용,0.6515127714548731,0.14866368550183162,0.19982354304329533,통상수용,0.7366356644787924,0.11483918060608325,0.1485251549151244,통상수용,0.6515127714548719,0.1486636855018335,0.19982354304329467,0.6798870691295124,0.13738885053658279,0.18272408033390478
11,mfds_drug_ai_review,mfds_drug_ai_review:PMR-016,통상수용,0.0,통상수용,통상수용,True,False,True,통상수용,0.7565162918389163,0.09777505151851879,0.1457086566425649,통상수용,0.8275333413276263,0.06929136140770438,0.10317529726466926,통상수용,0.7565162918389149,0.09777505151852078,0.14570865664256424,0.7801886416684858,0.08828048814824797,0.13153087018326615
11,mfds_drug_ai_review,mfds_drug_ai_review:PMR-017,통상수용,0.0,통상수용,통상수용,True,False,True,통상수용,0.721200900522703,0.12929035343318568,0.1495087460441113,통상수용,0.8049830868020632,0.08498376370694925,0.11003314949098762,통상수용,0.7212009005226998,0.1292903534331881,0.14950874604411205,0.7491282959491553,0.11452149019110769,0.136350213859737
11,mfds_drug_ai_review,mfds_drug_ai_review:PMR-018,계약·질의검토,0.0,계약·질의검토,계약·질의검토,False,False,True,계약·질의검토,0.3648436372399684,0.23697398311642154,0.3981823796436101,통상수용,0.389142959068376,0.22560786836907026,0.3852491725625537,계약·질의검토,0.36484363723996904,0.23697398311642448,0.39818237964360653,0.37294341118277113,0.23318527820063875,0.3938713106165901
11,mfds_drug_ai_review,mfds_drug_ai_review:PMR-019,통상수용,0.0,통상수용,통상수용,True,False,True,통상수용,0.4733411818337629,0.14113339618538673,0.38552542198085044,통상수용,0.5511208004543211,0.12990824352885935,0.3189709560168196,통상수용,0.4733411818337628,0.14113339618538998,0.38552542198084716,0.4992677213739489,0.13739167863321203,0.36334059999283913
11,mfds_drug_ai_review,mfds_drug_ai_review:PMR-020,통상수용,0.0,통상수용,통상수용,True,False,True,통상수용,0.7062004619230876,0.11829702382265621,0.17550251425425625,통상수용,0.8220327799753216,0.07029673982384368,0.10767048020083475,통상수용,0.7062004619230838,0.11829702382265886,0.17550251425425742,0.7448112346071644,0.10229692915638626,0.1528918362364495
11,mfds_drug_ai_review,mfds_drug_ai_review:PMR-021,통상수용,0.0,통상수용,통상수용,True,False,True,통상수용,0.652600238099772,0.16450963123627999,0.18289013066394802,통상수용,0.759414425878381,0.1148346347142686,0.1257509394073503,통상수용,0.6526002380997702,0.16450963123628207,0.18289013066394785,0.6882049673593077,0.1479512990622769,0.1638437335784154
11,mfds_drug_ai_review,mfds_drug_ai_review:PMR-022,통상수용,0.0,통상수용,통상수용,True,False,True,통상수용,0.6655262220771863,0.1476573520105366,0.18681642591227726,통상수용,0.7584374393898498,0.11458665430374083,0.12697590630640934,통상수용,0.6655262220771853,0.14765735201053837,0.18681642591227648,0.6964966278480738,0.13663378610827193,0.16686958604365434
11,mfds_drug_ai_review,mfds_drug_ai_review:PMR-023,통상수용,0.0,통상수용,통상수용,True,False,True,통상수용,0.5004505434504409,0.2583006260275181,0.24124883052204088,통상수용,0.5372189538547142,0.27561131309657777,0.18716973304870796,통상수용,0.50045054345044,0.258300626027521,0.24124883052203897,0.512706680251865,0.26407085505053896,0.2232224646975959
11,mfds_drug_ai_review,mfds_drug_ai_review:PMR-024,통상수용,0.0,통상수용,통상수용,True,False,True,통상수용,0.6289103518730857,0.1904064893349831,0.1806831587919312,통상수용,0.7256056251016875,0.14718214146565092,0.12721223343266164,통상수용,0.6289103518730829,0.19040648933498508,0.18068315879193209,0.6611421096159521,0.1759983733785397,0.1628595170055083
11,mfds_drug_ai_review,mfds_drug_ai_review:PMR-025,통상수용,0.0,통상수용,통상수용,True,False,True,통상수용,0.759533379649269,0.13396984875065626,0.10649677160007462,통상수용,0.8474653356676413,0.08618814049801915,0.06634652383433953,통상수용,0.7595333796492664,0.13396984875065862,0.10649677160007509,0.7888440316553922,0.11804261266644467,0.09311335567816308
11,mfds_drug_ai_review,mfds_drug_ai_review:PMR-026,통상수용,0.0,통상수용,통상수용,True,False,True,통상수용,0.5984345430610852,0.2521475149901193,0.1494179419487954,통상수용,0.632700342362042,0.24042112489682185,0.1268785327411362,통상수용,0.5984345430610829,0.25214751499012167,0.14941794194879546,0.6098564761614034,0.24823871829235425,0.14190480554624232
11,mfds_drug_ai_review,mfds_drug_ai_review:PSR-001,통상수용,0.0,통상수용,통상수용,True,False,True,통상수용,0.5027359630309844,0.18094272489793412,0.3163213120710815,통상수용,0.5647634943825254,0.1846959882478551,0.25054051736961946,통상수용,0.5027359630309826,0.180942724897937,0.31632131207108044,0.5234118068148308,0.18219381268124205,0.29439438050392713
11,mfds_drug_ai_review,mfds_drug_ai_review:PSR-002,통상수용,0.0,통상수용,통상수용,True,False,True,통상수용,0.6638881113246552,0.2290312831048476,0.10708060557049709,통상수용,0.7052724920569998,0.20867913179071645,0.08604837615228371,통상수용,0.6638881113246535,0.22903128310484902,0.10708060557049745,0.6776829049021028,0.22224723266680435,0.10006986243109277
11,mfds_drug_ai_review,mfds_drug_ai_review:PSR-003,통상수용,0.0,통상수용,계약·질의검토,False,False,True,계약·질의검토,0.4365651865316273,0.1144467432787781,0.4489880701895946,통상수용,0.49101035426382583,0.09193888809954515,0.417050757636629,계약·질의검토,0.43656518653162957,0.1144467432787807,0.44898807018958975,0.4547135757756942,0.10694412488570132,0.4383422993386044
11,mfds_drug_ai_review,mfds_drug_ai_review:PSR-004,통상수용,0.0,통상수용,통상수용,True,False,True,통상수용,0.6681179083809984,0.16497516270094728,0.16690692891805442,통상수용,0.7297792851146602,0.13431982729730046,0.1359008875880394,통상수용,0.6681179083809959,0.1649751627009499,0.16690692891805414,0.6886717006255515,0.15475671756639922,0.1565715818080493
11,mfds_drug_ai_review,mfds_drug_ai_review:PSR-005,통상수용,0.0,통상수용,통상수용,True,False,True,통상수용,0.5299750724474072,0.13438398364997128,0.3356409439026215,통상수용,0.5944223144607982,0.09263820243243044,0.31293948310677133,통상수용,0.5299750724474074,0.1343839836499735,0.33564094390261917,0.5514574864518709,0.12046872324412507,0.328073790304004
11,mfds_drug_ai_review,mfds_drug_ai_review:PSR-006,계약·질의검토,0.0,계약·질의검토,계약·질의검토,True,False,True,계약·질의검토,0.3348191749007128,0.26262119252979194,0.40255963256949534,계약·질의검토,0.32737771100926394,0.24948663880797686,0.42313565018275917,계약·질의검토,0.33481917490071567,0.2626211925297947,0.4025596325694895,0.33233868693689744,0.2582430079558545,0.409418305107248
11,mfds_drug_ai_review,mfds_drug_ai_review:PSR-007,통상수용,0.0,통상수용,통상수용,True,False,True,통상수용,0.5824016092407558,0.17809390626644317,0.23950448449280096,통상수용,0.612532161151079,0.17069166493700996,0.21677617391191106,통상수용,0.5824016092407537,0.17809390626644614,0.2395044844928001,0.5924451265441961,0.17562649248996642,0.23192838096583737
11,mfds_drug_ai_review,mfds_drug_ai_review:PSR-008,통상수용,0.0,통상수용,통상수용,True,False,True,통상수용,0.6614838791772983,0.15309322755675192,0.1854228932659497,통상수용,0.7074132003081876,0.12477526078962431,0.16781153890218808,통상수용,0.661483879177296,0.15309322755675467,0.18542289326594946,0.6767936528875939,0.14365390530104363,0.1795524418113624
11,mfds_drug_ai_review,mfds_drug_ai_review:PSR-009,견적반영,0.0,통상수용,통상수용,True,True,False,통상수용,0.6540909386413875,0.1749744591421433,0.1709346022164692,통상수용,0.7367767949252855,0.1348271541213679,0.12839605095334658,통상수용,0.6540909386413859,0.1749744591421452,0.1709346022164689,0.6816528907360196,0.1615920241352188,0.15675508512876155
11,mfds_drug_ai_review,mfds_drug_ai_review:PSR-010,계약·질의검토,0.0,통상수용,통상수용,True,True,False,통상수용,0.6082373909209098,0.20258992865156353,0.1891726804275266,통상수용,0.6607163179702665,0.1676186830786789,0.17166499895105458,통상수용,0.6082373909209075,0.202589928651566,0.18917268042752658,0.6257303666040279,0.19093284679393616,0.18333678660203592
11,mfds_drug_ai_review,mfds_drug_ai_review:PSR-011,계약·질의검토,0.0,계약·질의검토,계약·질의검토,True,False,True,계약·질의검토,0.39798798424086984,0.1569296768856817,0.44508233887344845,계약·질의검토,0.418549531508491,0.12027824211561086,0.46117222637589805,계약·질의검토,0.3979879842408721,0.1569296768856847,0.44508233887344323,0.4048418333300776,0.14471253196232578,0.45044563470759663
11,mfds_drug_ai_review,mfds_drug_ai_review:PSR-012,통상수용,0.0,통상수용,통상수용,True,False,True,통상수용,0.5034970881112154,0.20093873687893313,0.29556417500985155,통상수용,0.5027038899108142,0.19155392582242495,0.3057421842667608,통상수용,0.5034970881112147,0.20093873687893585,0.29556417500984944,0.5032326887110815,0.19781046652676462,0.29895684476215395
11,mfds_drug_ai_review,mfds_drug_ai_review:PSR-013,통상수용,0.0,통상수용,통상수용,True,False,True,통상수용,0.5073948856418723,0.2821679753712683,0.21043713898685942,통상수용,0.5536003662794888,0.2564628039218401,0.18993682979867102,통상수용,0.5073948856418705,0.2821679753712707,0.21043713898685884,0.5227967125210773,0.27359958488812636,0.2036037025907964
11,mfds_drug_ai_review,mfds_drug_ai_review:PSR-014,통상수용,0.0,견적반영,견적반영,True,True,False,견적반영,0.40618439889268065,0.47601322377691035,0.11780237733040913,견적반영,0.37288461736967626,0.5478482942889031,0.07926708834142054,견적반영,0.40618439889267954,0.47601322377691097,0.11780237733040962,0.3950844717183455,0.49995824728090815,0.10495728100074643
11,mfds_drug_ai_review,mfds_drug_ai_review:PSR-015,통상수용,0.0,통상수용,통상수용,True,False,True,통상수용,0.5032363736116401,0.24932108471862163,0.24744254166973825,통상수용,0.5233623531496373,0.24274748297568718,0.2338901638746754,통상수용,0.5032363736116401,0.24932108471862352,0.24744254166973637,0.5099450334576391,0.24712988413764414,0.24292508240471666
11,mfds_drug_ai_review,mfds_drug_ai_review:QUR-001,통상수용,0.0,통상수용,통상수용,True,False,True,통상수용,0.6794540568592627,0.17487635238441104,0.1456695907563261,통상수용,0.8028560866360538,0.10928638601449349,0.08785752734945276,통상수용,0.6794540568592572,0.17487635238441493,0.14566959075632788,0.7205880667848579,0.1530130302611065,0.12639890295403558
11,mfds_drug_ai_review,mfds_drug_ai_review:QUR-003,통상수용,0.0,통상수용,통상수용,True,False,True,통상수용,0.6678575683541476,0.19670049299110934,0.13544193865474308,통상수용,0.7517517767101581,0.15311799339728183,0.09513022989256001,통상수용,0.6678575683541431,0.19670049299111317,0.13544193865474372,0.6958223044728163,0.18217299312650145,0.12200470240068227
11,mfds_drug_ai_review,mfds_drug_ai_review:QUR-004,통상수용,0.0,통상수용,통상수용,True,False,True,통상수용,0.7148296922249158,0.1188068091433571,0.166363498631727,통상수용,0.7997873677271544,0.08181739747841296,0.1183952347944326,통상수용,0.7148296922249129,0.11880680914335945,0.1663634986317277,0.7431489173923277,0.10647700525504317,0.1503740773526291
11,mfds_drug_ai_review,mfds_drug_ai_review:QUR-005,통상수용,0.0,통상수용,통상수용,True,False,True,통상수용,0.6631828552299256,0.17948530244456046,0.15733184232551398,통상수용,0.7796720349522909,0.11721290985120122,0.10311505519650783,통상수용,0.6631828552299199,0.17948530244456504,0.15733184232551506,0.7020125818040454,0.15872783824677558,0.13925957994917895
11,mfds_drug_ai_review,mfds_drug_ai_review:SER-001,계약·질의검토,0.0,통상수용,통상수용,True,True,False,통상수용,0.42363842947184216,0.17124559876911657,0.40511597175904135,통상수용,0.49724883534664677,0.12601015669314364,0.3767410079602096,통상수용,0.423638429471844,0.17124559876911924,0.40511597175903674,0.448175231430111,0.1561671180771265,0.3956576504927625
11,mfds_drug_ai_review,mfds_drug_ai_review:SER-003,통상수용,0.0,통상수용,통상수용,True,False,True,통상수용,0.5005386600048367,0.15784117450646748,0.34162016548869584,통상수용,0.5061073758029828,0.1607884162150803,0.33310420798193685,통상수용,0.5005386600048366,0.1578411745064699,0.3416201654886935,0.5023948986042187,0.15882358840933922,0.33878151298644205
11,mfds_drug_ai_review,mfds_drug_ai_review:SER-004,통상수용,0.0,통상수용,통상수용,True,False,True,통상수용,0.5145044803920615,0.2634361073199951,0.22205941228794332,통상수용,0.6145862176825987,0.21542622859444874,0.16998755372295257,통상수용,0.5145044803920605,0.26343610731999756,0.22205941228794196,0.547865059488907,0.24743281441148046,0.2047021260996126
11,mfds_drug_ai_review,mfds_drug_ai_review:SER-005,통상수용,0.0,통상수용,통상수용,True,False,True,통상수용,0.5543950786821331,0.2855476260099896,0.1600572953078772,통상수용,0.6246469920729836,0.24411159020140336,0.13124141772561293,통상수용,0.5543950786821289,0.285547626009994,0.16005729530787705,0.5778123831457486,0.27173561407379565,0.15045200278045573
11,mfds_drug_ai_review,mfds_drug_ai_review:SER-006,통상수용,0.0,통상수용,통상수용,True,False,True,통상수용,0.5244157475262041,0.15550015830676683,0.32008409416702915,통상수용,0.5941144539553268,0.12734270054961933,0.27854284549505387,통상수용,0.524415747526203,0.15550015830676953,0.32008409416702743,0.5476486496692446,0.14611433905438523,0.30623701127637015
11,mfds_drug_ai_review,mfds_drug_ai_review:SER-007,통상수용,0.0,통상수용,통상수용,True,False,True,통상수용,0.6367105050983211,0.19724835804776975,0.16604113685390925,통상수용,0.7264444538223567,0.1473225929381116,0.1262329532395317,통상수용,0.6367105050983186,0.19724835804777224,0.1660411368539091,0.6666218213396654,0.1806064363445512,0.15277174231578336
11,mfds_drug_ai_review,mfds_drug_ai_review:SER-008,계약·질의검토,0.0,통상수용,통상수용,True,True,False,통상수용,0.4847075329893552,0.27152103746666534,0.2437714295439794,통상수용,0.5175399804371417,0.2818140769928406,0.20064594257001767,통상수용,0.4847075329893546,0.27152103746666767,0.2437714295439777,0.4956516821386172,0.2749520506420579,0.22939626721932493
11,mfds_drug_ai_review,mfds_drug_ai_review:SER-009,통상수용,0.0,통상수용,통상수용,True,False,True,통상수용,0.6583849711137506,0.17633981606605406,0.1652752128201954,통상수용,0.7461783820051727,0.12946145579619714,0.12436016219863011,통상수용,0.6583849711137483,0.17633981606605661,0.16527521282019508,0.6876494414108906,0.1607136959761026,0.15163686261300688
11,mfds_drug_ai_review,mfds_drug_ai_review:SER-010,통상수용,0.0,통상수용,통상수용,True,False,True,통상수용,0.5232561024508482,0.23703654390911133,0.23970735364004053,통상수용,0.5750784850962306,0.20479980616882285,0.22012170873494655,통상수용,0.523256102450848,0.23703654390911358,0.23970735364003842,0.540530229999309,0.22629096466234924,0.23317880533834182
11,mfds_drug_ai_review,mfds_drug_ai_review:SER-011,통상수용,0.0,통상수용,통상수용,True,False,True,통상수용,0.5747701820804286,0.2958448155997198,0.12938500231985156,통상수용,0.6875728521812523,0.21874825297386374,0.0936788948448839,통상수용,0.5747701820804269,0.2958448155997218,0.1293850023198513,0.612371072114036,0.27014596139110175,0.11748296649486227
11,mfds_drug_ai_review,mfds_drug_ai_review:SER-012,통상수용,0.0,통상수용,통상수용,True,False,True,통상수용,0.48637136916202817,0.20895938216666177,0.30466924867130996,통상수용,0.5348853979760734,0.17399382782337378,0.2911207742005529,통상수용,0.4863713691620286,0.20895938216666454,0.30466924867130674,0.5025427121000434,0.1973041973855667,0.3001530905143899
11,mfds_drug_ai_review,mfds_drug_ai_review:SER-014,통상수용,0.0,통상수용,통상수용,True,False,True,통상수용,0.5404904717289174,0.27501518922761686,0.18449433904346577,통상수용,0.617025899012994,0.21833132596122537,0.1646427750257805,통상수용,0.5404904717289154,0.2750151892276199,0.18449433904346477,0.5660022808236089,0.2561205681388207,0.17787715103757037
11,mfds_drug_ai_review,mfds_drug_ai_review:SER-015,통상수용,0.0,통상수용,통상수용,True,False,True,통상수용,0.534392647829471,0.23626493716723976,0.2293424150032893,통상수용,0.5691652463776669,0.2058733143157906,0.22496143930654253,통상수용,0.5343926478294694,0.2362649371672426,0.22934241500328806,0.5459835140122025,0.22613439621675765,0.22788208977103996
11,mfds_drug_ai_review,mfds_drug_ai_review:SER-016,통상수용,0.0,통상수용,통상수용,True,False,True,통상수용,0.5346932305433056,0.274050161351094,0.19125660810560033,통상수용,0.5725841942028946,0.2361970800319635,0.19121872576514182,통상수용,0.5346932305433044,0.27405016135109556,0.19125660810559997,0.5473235517631682,0.261432467578051,0.1912439806587807
11,mfds_drug_ai_review,mfds_drug_ai_review:SER-017,통상수용,0.0,통상수용,통상수용,True,False,True,통상수용,0.470320953151084,0.23924030009082314,0.29043874675809284,통상수용,0.5165735201280804,0.19750123854157417,0.28592524133034547,통상수용,0.47032095315108374,0.23924030009082559,0.2904387467580907,0.48573847547674937,0.2253272795744076,0.288934244948843
11,mfds_drug_ai_review,mfds_drug_ai_review:SER-018,통상수용,0.0,통상수용,통상수용,True,False,True,통상수용,0.5035348553827667,0.2112941238389604,0.285171020778273,통상수용,0.5591178307989512,0.19005621476454174,0.250825954436507,통상수용,0.5035348553827654,0.21129412383896304,0.2851710207782715,0.5220625138548277,0.20421482081415507,0.27372266533101713
11,mfds_drug_ai_review,mfds_drug_ai_review:SFR-003,견적반영,0.0,통상수용,통상수용,True,True,False,통상수용,0.39429572798191653,0.3256999418350471,0.2800043301830364,통상수용,0.41147904037063116,0.31714728912673645,0.2713736705026324,통상수용,0.3942957279819167,0.32569994183504875,0.2800043301830346,0.4000234987781548,0.32284905759894406,0.27712744362290115
11,mfds_drug_ai_review,mfds_drug_ai_review:SFR-004,통상수용,0.0,통상수용,통상수용,True,False,True,통상수용,0.5091966974179043,0.2621961517794305,0.22860715080266525,통상수용,0.5970561113878536,0.22477966597505816,0.17816422263708823,통상수용,0.5091966974179035,0.2621961517794327,0.22860715080266386,0.5384831687412205,0.24972398984464048,0.2117928414141391
11,mfds_drug_ai_review,mfds_drug_ai_review:SFR-005,통상수용,0.0,통상수용,통상수용,True,False,True,통상수용,0.5101997577911402,0.2912802487134908,0.198519993495369,통상수용,0.5451229560920998,0.2802335475760189,0.17464349633188134,통상수용,0.5101997577911388,0.29128024871349273,0.19851999349536845,0.5218408238914596,0.28759801500100085,0.1905611611075396
11,mfds_drug_ai_review,mfds_drug_ai_review:SFR-006,통상수용,0.0,통상수용,통상수용,True,False,True,통상수용,0.5097588724667823,0.2870844356215741,0.20315669191164357,통상수용,0.5769462783807936,0.26663810482141004,0.15641561679779628,통상수용,0.5097588724667819,0.28708443562157565,0.20315669191164257,0.5321546744381193,0.28026899202151995,0.18757633354036082
11,mfds_drug_ai_review,mfds_drug_ai_review:SFR-007,견적반영,0.0,견적반영,견적반영,True,False,True,견적반영,0.3366807709614489,0.34415083598813684,0.3191683930504142,견적반영,0.3383374974960574,0.3703486108831639,0.29131389162077864,견적반영,0.33668077096145005,0.3441508359881387,0.31916839305041117,0.33723301313965215,0.3528834276198132,0.3098835592405347
11,mfds_drug_ai_review,mfds_drug_ai_review:SFR-008,통상수용,0.0,견적반영,견적반영,True,True,False,견적반영,0.35919850416614385,0.5228631308605518,0.11793836497330433,견적반영,0.41756519210308796,0.49888017898428055,0.08355462891263159,견적반영,0.3591985041661439,0.5228631308605516,0.1179383649733045,0.3786540668117919,0.5148688135684613,0.1064771196197468
11,mfds_drug_ai_review,mfds_drug_ai_review:SFR-009,통상수용,0.0,통상수용,통상수용,True,False,True,통상수용,0.439552877594498,0.3626135660803576,0.19783355632514438,통상수용,0.4649876929516719,0.3200270774972569,0.21498522955107122,통상수용,0.4395528775944978,0.36261356608035805,0.19783355632514424,0.44803114938022254,0.34841806988599083,0.2035507807337866
11,mfds_drug_ai_review,mfds_drug_ai_review:SFR-010,통상수용,0.0,통상수용,통상수용,True,False,True,통상수용,0.541597371225027,0.35234808105043236,0.1060545477245406,통상수용,0.5632643358732831,0.35059294562527993,0.08614271850143702,통상수용,0.5415973712250242,0.35234808105043447,0.10605454772454134,0.5488196927744448,0.3517630359087156,0.09941727131683964
11,mfds_drug_ai_review,mfds_drug_ai_review:SFR-011,통상수용,0.0,통상수용,통상수용,True,False,True,통상수용,0.4667532160570862,0.3460358683865401,0.18721091555637362,통상수용,0.5129098170943522,0.3249967497533394,0.16209343315230842,통상수용,0.46675321605708503,0.3460358683865415,0.18721091555637348,0.4821387497361745,0.33902282884214036,0.17883842142168516
11,mfds_drug_ai_review,mfds_drug_ai_review:SFR-012,견적반영,0.0,통상수용,통상수용,True,True,False,통상수용,0.41395255446669715,0.3077805337548005,0.2782669117785023,통상수용,0.45036033194464675,0.29210435042041677,0.2575353176349365,통상수용,0.41395255446669654,0.307780533754803,0.27826691177850044,0.42608848029268015,0.30255513931000677,0.2713563803973131
11,mfds_drug_ai_review,mfds_drug_ai_review:SFR-013,통상수용,0.0,통상수용,통상수용,True,False,True,통상수용,0.4194004981465982,0.3823383135993333,0.19826118825406858,통상수용,0.4259527247071561,0.40044735237603074,0.17359992291681314,통상수용,0.4194004981465972,0.38233831359933435,0.1982611882540685,0.42158457366678387,0.3883746598582328,0.19004076647498339
11,mfds_drug_ai_review,mfds_drug_ai_review:SFR-014,견적반영,0.0,통상수용,통상수용,True,True,False,통상수용,0.47119387482793174,0.3362075697833363,0.19259855538873197,통상수용,0.49934682504954236,0.3360342699335755,0.164618905016882,통상수용,0.47119387482793046,0.33620756978333793,0.19259855538873163,0.4805781915684682,0.33614980316674997,0.18327200526478185
11,mfds_drug_ai_review,mfds_drug_ai_review:SFR-015,견적반영,0.0,견적반영,견적반영,True,False,True,견적반영,0.3739414904639852,0.42040159405076755,0.20565691548524725,견적반영,0.4013937940597825,0.41437374173570335,0.18423246420451433,견적반영,0.37394149046398495,0.42040159405076877,0.20565691548524626,0.38309225832925087,0.41839230994574655,0.1985154317250026
11,mfds_drug_ai_review,mfds_drug_ai_review:SFR-016,통상수용,0.0,견적반영,견적반영,False,False,True,통상수용,0.4050081039564853,0.38832767912792965,0.20666421691558506,견적반영,0.3680409104390941,0.46161356698431105,0.17034552257659488,통상수용,0.40500810395648423,0.38832767912793076,0.206664216915585,0.39268570611735454,0.41275630841339045,0.19455798546925498
11,mfds_drug_ai_review,mfds_drug_ai_review:SFR-017,견적반영,0.0,통상수용,통상수용,True,True,False,통상수용,0.4003297292641635,0.32501052259944924,0.2746597481363874,통상수용,0.4180105279587667,0.321486441987219,0.26050303005401426,통상수용,0.40032972926416294,0.32501052259945085,0.2746597481363863,0.40622332882903106,0.3238358290620397,0.26994084210892927
11,mfds_drug_ai_review,mfds_drug_ai_review:SFR-018,견적반영,0.0,견적반영,견적반영,False,False,True,통상수용,0.40674878886842947,0.388607391291977,0.20464381983959354,견적반영,0.3873916121479377,0.42623694972282633,0.1863714381292361,통상수용,0.40674878886842797,0.38860739129197824,0.2046438198395938,0.40029639662826505,0.4011505774355939,0.19855302593614113
11,mfds_drug_ai_review,mfds_drug_ai_review:SFR-019,견적반영,0.0,통상수용,통상수용,True,True,False,통상수용,0.44031125015311173,0.3660817541740548,0.1936069956728334,통상수용,0.4594058043232249,0.3708328347856328,0.16976136089114238,통상수용,0.44031125015311,0.3660817541740568,0.1936069956728331,0.4466761015431489,0.36766544771124815,0.18565845074560297
11,mfds_drug_ai_review,mfds_drug_ai_review:SFR-021,통상수용,0.0,통상수용,통상수용,True,False,True,통상수용,0.5261047870793032,0.3071717400323891,0.16672347288830774,통상수용,0.5604520115041153,0.28821682428053313,0.15133116421535164,통상수용,0.5261047870793006,0.3071717400323912,0.16672347288830816,0.5375538618875729,0.3008534347817711,0.16159270333065587
11,mfds_drug_ai_review,mfds_drug_ai_review:SFR-022,통상수용,0.0,통상수용,통상수용,True,False,True,통상수용,0.5453607669175579,0.27555637030726027,0.1790828627751819,통상수용,0.5814819484625602,0.27263309516561773,0.14588495637182214,통상수용,0.5453607669175555,0.2755563703072625,0.17908286277518198,0.5574011607658912,0.27458194526004687,0.16801689397406197
11,mfds_drug_ai_review,mfds_drug_ai_review:SFR-023,통상수용,0.0,통상수용,통상수용,True,False,True,통상수용,0.5283666253677733,0.30416973246772905,0.16746364216449766,통상수용,0.5668080365040362,0.2963069312229935,0.13688503227297028,통상수용,0.5283666253677708,0.3041697324677314,0.16746364216449786,0.5411804290798601,0.30154879871948465,0.15727077220065525
11,mfds_drug_ai_review,mfds_drug_ai_review:SFR-024,통상수용,0.0,통상수용,통상수용,True,False,True,통상수용,0.5595755857196109,0.3090063806364545,0.13141803364393453,통상수용,0.6251476139736369,0.27716336277718717,0.09768902324917585,통상수용,0.5595755857196089,0.30900638063645613,0.13141803364393506,0.5814329284709522,0.2983920413500326,0.12017503017901515
11,mfds_drug_ai_review,mfds_drug_ai_review:SFR-025,통상수용,0.0,통상수용,통상수용,True,False,True,통상수용,0.6515583445829176,0.2472288824618973,0.10121277295518515,통상수용,0.7180391340953103,0.21407206285260846,0.06788880305208132,통상수용,0.6515583445829146,0.24722888246189928,0.10121277295518606,0.6737186077537142,0.23617660925880168,0.09010478298748419
11,mfds_drug_ai_review,mfds_drug_ai_review:SFR-026,통상수용,0.0,통상수용,통상수용,True,False,True,통상수용,0.5411632625697784,0.30693319709526906,0.1519035403349526,통상수용,0.5801412514939372,0.29940370504232056,0.12045504346374226,통상수용,0.5411632625697765,0.30693319709527034,0.1519035403349531,0.5541559255444973,0.3044233664109533,0.14142070804454931
11,mfds_drug_ai_review,mfds_drug_ai_review:SFR-027,견적반영,0.0,계약·질의검토,계약·질의검토,True,True,False,계약·질의검토,0.2619522114010068,0.35219791196410427,0.3858498766348889,계약·질의검토,0.23633366879670833,0.33388140744432526,0.42978492375896643,계약·질의검토,0.26195221140100905,0.3521979119641053,0.3858498766348857,0.2534126971995747,0.3460924104575116,0.4004948923429137
11,mfds_drug_ai_review,mfds_drug_ai_review:SFR-028,견적반영,0.0,통상수용,통상수용,False,False,True,견적반영,0.3715878906444919,0.38810891519805907,0.2403031941574491,통상수용,0.41475393946094025,0.3732280607364359,0.2120179998026238,견적반영,0.37158789064449194,0.38810891519806007,0.24030319415744797,0.385976573583308,0.3831486303775184,0.23087479603917363
11,mfds_drug_ai_review,mfds_drug_ai_review:SFR-029,통상수용,0.0,견적반영,견적반영,True,True,False,견적반영,0.3599128021644899,0.3682961550277255,0.27179104280778477,견적반영,0.371693988250637,0.37312166761702975,0.25518434413233326,견적반영,0.3599128021644902,0.3682961550277264,0.27179104280778343,0.3638398641932057,0.36990465922416055,0.2662554765826338
11,mfds_drug_ai_review,mfds_drug_ai_review:SFR-030,통상수용,0.0,통상수용,통상수용,True,False,True,통상수용,0.3810065743200091,0.3311562415720571,0.28783718410793374,통상수용,0.39908780026932816,0.32022348147519003,0.2806887182554818,통상수용,0.3810065743200093,0.33115624157205836,0.2878371841079324,0.3870336496364488,0.3275119882064352,0.28545436215711595
11,mfds_drug_ai_review,mfds_drug_ai_review:SFR-031,통상수용,0.0,견적반영,견적반영,True,True,False,견적반영,0.3133937016524411,0.446518513388436,0.24008778495912275,견적반영,0.3216804012382386,0.46054642112336497,0.21777317763839638,견적반영,0.31339370165244124,0.44651851338843707,0.24008778495912153,0.316155934847707,0.45119448263341266,0.2326495825188802
11,mfds_drug_ai_review,mfds_drug_ai_review:SFR-032,통상수용,0.0,통상수용,통상수용,True,False,True,통상수용,0.39773226838070164,0.3394628244733404,0.26280490714595794,통상수용,0.4125420902953275,0.33181939213410194,0.25563851757057066,통상수용,0.39773226838070197,0.3394628244733416,0.2628049071459565,0.402668875685577,0.3369150136935946,0.26041611062082837
11,mfds_drug_ai_review,mfds_drug_ai_review:SFR-033,통상수용,0.0,통상수용,통상수용,True,False,True,통상수용,0.6325385377185605,0.20806950194078078,0.15939196034065872,통상수용,0.6968620670248433,0.17440758511307747,0.1287303478620792,통상수용,0.6325385377185584,0.20806950194078278,0.15939196034065883,0.6539797141539875,0.1968488629982137,0.1491714228477989
11,mfds_drug_ai_review,mfds_drug_ai_review:SFR-034,통상수용,0.0,견적반영,견적반영,False,False,True,통상수용,0.39052478651594247,0.386054454765696,0.22342075871836153,견적반영,0.3881936965005985,0.4085324845133199,0.20327381898608152,통상수용,0.3905247865159416,0.38605445476569755,0.2234207587183608,0.38974775651082755,0.39354713134823777,0.2167051121409346
11,mfds_drug_ai_review,mfds_drug_ai_review:SFR-035,통상수용,0.0,통상수용,통상수용,True,False,True,통상수용,0.5065305653618536,0.2760534394425613,0.21741599519558522,통상수용,0.5723401933614938,0.2443283840258943,0.18333142261261196,통상수용,0.506530565361852,0.2760534394425635,0.21741599519558452,0.5284671080283999,0.26547842097033975,0.20605447100126054
11,mfds_drug_ai_review,mfds_drug_ai_review:SFR-036,통상수용,0.0,통상수용,통상수용,True,False,True,통상수용,0.602535547660663,0.2692335178775105,0.12823093446182654,통상수용,0.6291089271105286,0.2683946221335805,0.10249645075589091,통상수용,0.6025355476606595,0.2692335178775134,0.12823093446182712,0.611393340810617,0.2689538859628681,0.11965277322651487
11,mfds_drug_ai_review,mfds_drug_ai_review:SFR-037,통상수용,0.0,통상수용,통상수용,True,False,True,통상수용,0.5338892291089956,0.3435389893512171,0.12257178153978728,통상수용,0.599002444589932,0.3122964762946654,0.08870107911540258,통상수용,0.5338892291089932,0.34353898935121946,0.1225717815397874,0.555593634269307,0.33312481833236735,0.11128154739832574
11,mfds_drug_ai_review,mfds_drug_ai_review:SFR-038,통상수용,0.0,통상수용,통상수용,True,False,True,통상수용,0.5672093378967766,0.304159057404595,0.12863160469862844,통상수용,0.6146796463922057,0.28824378253618516,0.09707657107160905,통상수용,0.5672093378967732,0.30415905740459787,0.12863160469862903,0.5830327740619184,0.29885396578179263,0.11811326015628883
11,mfds_drug_ai_review,mfds_drug_ai_review:SFR-039,통상수용,0.0,견적반영,견적반영,True,True,False,견적반영,0.3731308119930181,0.3931547076761806,0.2337144803308013,견적반영,0.3872352473923512,0.42083483880886585,0.19192991379878305,견적반영,0.37313081199301845,0.3931547076761813,0.23371448033080028,0.3778322904594626,0.40238141805374256,0.21978629148679488
11,mfds_drug_ai_review,mfds_drug_ai_review:SFR-040,통상수용,0.0,견적반영,견적반영,False,False,True,통상수용,0.42746417268641507,0.41292950633377457,0.15960632097981045,견적반영,0.3815172702836312,0.5009436028340242,0.1175391268823446,통상수용,0.4274641726864144,0.4129295063337753,0.15960632097981042,0.41214853855215355,0.44226753850052464,0.14558392294732184
11,mfds_drug_ai_review,mfds_drug_ai_review:SFR-041,통상수용,0.0,통상수용,통상수용,True,False,True,통상수용,0.6189505174309341,0.27582568421386394,0.10522379835520196,통상수용,0.6883333005131064,0.24450674136402054,0.06715995812287309,통상수용,0.6189505174309327,0.27582568421386494,0.10522379835520254,0.6420781117916577,0.2653860365972498,0.09253585161109253
11,mfds_drug_ai_review,mfds_drug_ai_review:SFR-042,통상수용,0.0,통상수용,통상수용,True,False,True,통상수용,0.6412314630192573,0.25882541007504595,0.09994312690569666,통상수용,0.679956136434141,0.24358409005364767,0.07645977351221131,통상수용,0.641231463019254,0.25882541007504845,0.09994312690569762,0.654139687490884,0.253744970067914,0.09211534244120186
11,mfds_drug_ai_review,mfds_drug_ai_review:SFR-043,통상수용,0.0,통상수용,통상수용,True,False,True,통상수용,0.4698641635042579,0.39042377678796664,0.13971205970777548,통상수용,0.5073852520286393,0.3607187707523134,0.13189597721904728,통상수용,0.46986416350425675,0.3904237767879672,0.13971205970777592,0.4823711930123847,0.3805221081094157,0.13710669887819957
11,mfds_drug_ai_review,mfds_drug_ai_review:SFR-044,통상수용,0.0,통상수용,통상수용,True,False,True,통상수용,0.6156307842057438,0.28092007652332424,0.10344913927093204,통상수용,0.6966751022605339,0.23514714678600485,0.06817775095346136,통상수용,0.6156307842057421,0.28092007652332524,0.10344913927093266,0.6426455568906732,0.26566243327755146,0.09169200983177535
11,mfds_drug_ai_review,mfds_drug_ai_review:SFR-045,계약·질의검토,0.0,견적반영,계약·질의검토,False,False,True,견적반영,0.18703592913857178,0.4290998509573896,0.38386421990403863,계약·질의검토,0.16260364452956907,0.4149786782551921,0.4224176772152388,견적반영,0.18703592913857373,0.42909985095739067,0.38386421990403546,0.17889183426890487,0.42439279338999075,0.3967153723411043
11,mfds_drug_ai_review,mfds_drug_ai_review:SFR-047,통상수용,0.0,통상수용,통상수용,True,False,True,통상수용,0.43457898076928686,0.3845769363121703,0.18084408291854281,통상수용,0.47092429689020043,0.3774604663217293,0.15161523678807032,통상수용,0.43457898076928597,0.38457693631217055,0.18084408291854337,0.44669408614292444,0.38220477964869004,0.1711011342083855
11,mfds_drug_ai_review,mfds_drug_ai_review:SFR-048,통상수용,0.0,통상수용,통상수용,True,False,True,통상수용,0.44521781162624396,0.3957651073484569,0.15901708102529916,통상수용,0.49370326651811486,0.37667729493217816,0.12961943854970692,통상수용,0.44521781162624396,0.39576510734845727,0.15901708102529888,0.46137962992353426,0.3894025032096975,0.14921786686676833
11,mfds_drug_ai_review,mfds_drug_ai_review:SFR-049,통상수용,0.0,견적반영,견적반영,True,True,False,견적반영,0.3499716312214102,0.46770716097738674,0.18232120780120317,견적반영,0.38273049372151247,0.473710425813909,0.14355908046457858,견적반영,0.3499716312214107,0.4677071609773861,0.18232120780120317,0.3608912520547778,0.4697082492562273,0.16940049868899498
11,mfds_drug_ai_review,mfds_drug_ai_review:SFR-050,통상수용,0.0,통상수용,통상수용,True,False,True,통상수용,0.457225052716387,0.37148532784675053,0.1712896194368623,통상수용,0.5396751398515132,0.3266274993304532,0.13369736081803363,통상수용,0.45722505271638664,0.37148532784675126,0.1712896194368621,0.48470841509476226,0.35653271834131833,0.15875886656391933
11,mfds_drug_ai_review,mfds_drug_ai_review:SFR-051,통상수용,0.0,견적반영,견적반영,False,False,True,견적반영,0.39773883598623594,0.4551189987898509,0.14714216522391305,통상수용,0.4607022886488734,0.4235583456730981,0.11573936567802842,견적반영,0.39773883598623583,0.4551189987898509,0.14714216522391316,0.41872665354044836,0.44459878108426665,0.13667456537528486
11,mfds_drug_ai_review,mfds_drug_ai_review:SFR-052,통상수용,0.0,통상수용,통상수용,False,False,True,견적반영,0.39795904984758756,0.4090532843618191,0.19298766579059337,통상수용,0.4506842011742113,0.3784513259271021,0.17086447289868656,견적반영,0.39795904984758823,0.4090532843618193,0.1929876657905926,0.4155341002897957,0.3988526315502468,0.1856132681599575
11,mfds_drug_ai_review,mfds_drug_ai_review:SFR-053,통상수용,0.0,견적반영,견적반영,True,True,False,견적반영,0.3723006942427996,0.48582575148156093,0.14187355427563944,견적반영,0.4320447877917138,0.45600605097052654,0.1119491612377597,견적반영,0.3723006942427999,0.48582575148156054,0.1418735542756396,0.3922153920924378,0.475885851311216,0.13189875659634623
11,mfds_drug_ai_review,mfds_drug_ai_review:SFR-054,계약·질의검토,0.0,견적반영,견적반영,True,True,False,견적반영,0.18494825410432558,0.44153311552493735,0.373518630370737,견적반영,0.17284243498951082,0.42580024286469814,0.40135732214579095,견적반영,0.1849482541043279,0.4415331155249383,0.37351863037073385,0.18091298106605477,0.43628882463819124,0.3827981942957539
11,mfds_drug_ai_review,mfds_drug_ai_review:SFR-055,통상수용,0.0,통상수용,통상수용,True,False,True,통상수용,0.5741624388863307,0.25598717466926274,0.16985038644440653,통상수용,0.6635389543216462,0.1974635601875834,0.13899748549077034,통상수용,0.5741624388863276,0.25598717466926535,0.16985038644440706,0.6039546106981014,0.2364793031753705,0.15956608612652798
11,mfds_drug_ai_review,mfds_drug_ai_review:SFR-056,계약·질의검토,0.0,계약·질의검토,계약·질의검토,True,False,True,계약·질의검토,0.13923537404534142,0.3783584583059795,0.482406167648679,계약·질의검토,0.10451769645178648,0.3721434330337658,0.5233388705144477,계약·질의검토,0.13923537404534345,0.3783584583059853,0.4824061676486713,0.12766281484749045,0.3762867832152435,0.496050401937266
11,mfds_drug_ai_review,mfds_drug_ai_review:SFR-057,견적반영,0.0,통상수용,통상수용,True,True,False,통상수용,0.43481925849867303,0.3265183670426109,0.23866237445871605,통상수용,0.4393351282134204,0.3261610032767124,0.2345038685098672,통상수용,0.4348192584986716,0.3265183670426142,0.2386623744587143,0.4363245484035883,0.32639924578731244,0.23727620580909917
11,mfds_drug_ai_review,mfds_drug_ai_review:SFR-058,통상수용,0.0,통상수용,통상수용,True,False,True,통상수용,0.5102195312149234,0.2098800440965192,0.27990042468855736,통상수용,0.5418036943340243,0.2002543831955997,0.25794192247037595,통상수용,0.5102195312149211,0.2098800440965223,0.2799004246885566,0.5207475855879563,0.2066714904628804,0.2725809239491633
11,mfds_drug_ai_review,mfds_drug_ai_review:SFR-059,통상수용,0.0,통상수용,통상수용,True,False,True,통상수용,0.5615783359191524,0.2753799639999539,0.1630417000808937,통상수용,0.6521098315584777,0.23369272339000616,0.11419744505151615,통상수용,0.5615783359191476,0.2753799639999583,0.1630417000808941,0.5917555011322593,0.2614842171299728,0.14676028173776798
11,mfds_drug_ai_review,mfds_drug_ai_review:SFR-060,통상수용,0.0,통상수용,통상수용,True,False,True,통상수용,0.6438009791978772,0.22225556950385597,0.13394345129826693,통상수용,0.6933894689265897,0.21146834980624635,0.09514218126716394,통상수용,0.643800979197873,0.22225556950385938,0.13394345129826749,0.6603304757741134,0.2186598296046539,0.12100969462123279
11,mfds_drug_ai_review,mfds_drug_ai_review:SFR-061,통상수용,0.0,통상수용,통상수용,True,False,True,통상수용,0.454925524209733,0.3427596349006466,0.20231484088962048,통상수용,0.5088915634085194,0.3315665909814936,0.1595418456099869,통상수용,0.45492552420973126,0.3427596349006484,0.20231484088962037,0.4729142039426612,0.33902862026092956,0.18805717579640926
11,mfds_drug_ai_review,mfds_drug_ai_review:SIR-001,통상수용,0.0,통상수용,통상수용,True,False,True,통상수용,0.6913188626300752,0.1607891379220223,0.14789199944790243,통상수용,0.7920138645719386,0.10315987192629918,0.10482626350176211,통상수용,0.6913188626300724,0.1607891379220251,0.14789199944790257,0.7248838632773621,0.14157938259011552,0.1335367541325224
11,mfds_drug_ai_review,mfds_drug_ai_review:SIR-002,통상수용,0.0,통상수용,통상수용,True,False,True,통상수용,0.4474230347137428,0.3004504140570176,0.2521265512292395,통상수용,0.4732638239075977,0.3031321382797243,0.22360403781267793,통상수용,0.4474230347137407,0.3004504140570214,0.2521265512292379,0.4560366311116937,0.30134432213125445,0.2426190467570518
11,mfds_drug_ai_review,mfds_drug_ai_review:SIR-003,통상수용,0.0,통상수용,통상수용,True,False,True,통상수용,0.5307812404854444,0.35122505057510445,0.11799370893945117,통상수용,0.5855513856806073,0.3345747396314692,0.07987387468792352,통상수용,0.5307812404854418,0.35122505057510706,0.11799370893945113,0.549037955550498,0.3456749469272269,0.10528709752227527
11,mfds_drug_ai_review,mfds_drug_ai_review:SIR-004,통상수용,0.0,통상수용,통상수용,True,False,True,통상수용,0.6065491542324716,0.17254631434190204,0.22090453142562635,통상수용,0.646876574357313,0.15395166524672338,0.19917176039596354,통상수용,0.6065491542324679,0.17254631434190554,0.2209045314256266,0.6199916276074174,0.16634809797684366,0.21366027441573884
11,mfds_drug_ai_review,mfds_drug_ai_review:SIR-005,통상수용,0.0,통상수용,통상수용,True,False,True,통상수용,0.5757179138871911,0.1635798773672564,0.2607022087455525,통상수용,0.6398238114360713,0.1417435589841145,0.2184326295798142,통상수용,0.5757179138871907,0.1635798773672588,0.2607022087455504,0.5970865464034844,0.15630110457287658,0.24661234902363904
11,mfds_drug_ai_review,mfds_drug_ai_review:SIR-006,계약·질의검토,0.0,통상수용,계약·질의검토,False,False,True,통상수용,0.4205036064039126,0.23319685818305966,0.34629953541302766,계약·질의검토,0.37759740963833194,0.21549910433044792,0.40690348603122006,통상수용,0.4205036064039118,0.23319685818306263,0.3462995354130256,0.40620154081538545,0.22729760689885672,0.3665008522857578
11,mfds_drug_ai_review,mfds_drug_ai_review:SIR-007,통상수용,0.0,통상수용,통상수용,True,False,True,통상수용,0.4186971801974242,0.26557737513042967,0.3157254446721462,통상수용,0.4390669147027567,0.24154229498309515,0.31939079031414813,통상수용,0.4186971801974247,0.2655773751304321,0.31572544467214314,0.4254870916992019,0.2575656817479856,0.3169472265528125
11,mfds_drug_ai_review,mfds_drug_ai_review:SIR-008,계약·질의검토,0.0,통상수용,통상수용,True,True,False,통상수용,0.4539206604166678,0.2665611910210323,0.27951814856229984,통상수용,0.45840593302342203,0.22986397713867757,0.3117300898379004,통상수용,0.45392066041666723,0.2665611910210345,0.27951814856229834,0.45541575128558565,0.2543287863935815,0.2902554623208329
11,mfds_drug_ai_review,mfds_drug_ai_review:SIR-009,통상수용,0.0,통상수용,통상수용,True,False,True,통상수용,0.5528368501821966,0.29258133281357124,0.15458181700423218,통상수용,0.6171969509236599,0.252949369905769,0.12985367917057106,통상수용,0.5528368501821972,0.2925813328135705,0.1545818170042324,0.5742902170960179,0.27937067851097025,0.14633910439301187
11,mfds_drug_ai_review,mfds_drug_ai_review:SIR-010,통상수용,0.0,통상수용,통상수용,True,False,True,통상수용,0.4345506649303679,0.17338689211083527,0.3920624429587969,통상수용,0.4539464441637086,0.14351732256975,0.4025362332665414,통상수용,0.4345506649303691,0.1733868921108374,0.39206244295879344,0.44101592467481526,0.16343036893047422,0.3955537063947106
11,mfds_drug_ai_review,mfds_drug_ai_review:TER-001,통상수용,0.0,통상수용,통상수용,True,False,True,통상수용,0.7581587935318971,0.1261538239860824,0.11568738248202043,통상수용,0.8379445734272674,0.08765002495180704,0.07440540162092572,통상수용,0.7581587935318921,0.126153823986086,0.1156873824820219,0.7847540534970188,0.11331922430799181,0.10192672219498937
11,mfds_drug_ai_review,mfds_drug_ai_review:TER-002,통상수용,0.0,통상수용,통상수용,True,False,True,통상수용,0.6054890827306456,0.1530803697776944,0.24143054749165996,통상수용,0.682414887994138,0.12884582646215087,0.18873928554371114,통상수용,0.6054890827306451,0.15308036977769637,0.2414305474916585,0.6311310178184762,0.14500218867251388,0.22386679350900987
11,mfds_drug_ai_review,mfds_drug_ai_review:TER-003,통상수용,0.0,통상수용,통상수용,True,False,True,통상수용,0.6465035776978212,0.1210966521564346,0.2323997701457442,통상수용,0.7129370251761157,0.0884754910498568,0.19858748377402752,통상수용,0.6465035776978212,0.12109665215643627,0.23239977014574256,0.668648060190586,0.1102229317875759,0.2211290080218381
11,mfds_drug_ai_review,mfds_drug_ai_review:TER-004,계약·질의검토,0.0,계약·질의검토,계약·질의검토,False,False,True,통상수용,0.43173749504490644,0.1450363689104206,0.423226136044673,계약·질의검토,0.4153629136652462,0.1212925247655833,0.4633445615691705,통상수용,0.43173749504490744,0.14503636891042324,0.4232261360446693,0.4262793012516866,0.1371217541954757,0.4365989445528376
11,mfds_drug_ai_review,mfds_drug_ai_review:TER-005,견적반영,0.0,통상수용,통상수용,True,True,False,통상수용,0.49149496307421386,0.24091739280977828,0.2675876441160079,통상수용,0.5657952726964364,0.21393708075968887,0.22026764654387476,통상수용,0.4914949630742141,0.24091739280978,0.26758764411600583,0.516261732948288,0.23192395545974906,0.2518143115919628
11,mfds_drug_ai_review,mfds_drug_ai_review:TER-006,계약·질의검토,0.0,계약·질의검토,계약·질의검토,True,False,True,계약·질의검토,0.3712225738102607,0.14426359566882258,0.4845138305209167,계약·질의검토,0.35142188012484216,0.12742859323435957,0.5211495266407983,계약·질의검토,0.3712225738102623,0.14426359566882588,0.4845138305209118,0.36462234258178844,0.13865192819066932,0.49672572922754227
12,supreme_court_sentencing,supreme_court_sentencing:COM-001,계약·질의검토,1.0,계약·질의검토,계약·질의검토,False,False,True,계약·질의검토,0.3892909224710612,0.17238994500685587,0.43831913252208293,계약·질의검토,0.42941753072214334,0.13540028142466223,0.43518218785319435,통상수용,0.430215536326454,0.16151493665636332,0.4082695270171828,0.4163079965065528,0.15643505436262714,0.42725694913082
12,supreme_court_sentencing,supreme_court_sentencing:COM-002,통상수용,1.0,통상수용,통상수용,True,False,True,통상수용,0.49290739880330153,0.2285478638360499,0.2785447373606487,통상수용,0.5246509002777657,0.19261621075434382,0.28273288896789045,통상수용,0.4968460587863249,0.19663637539110954,0.30651756582256556,0.504801452622464,0.20593348332716777,0.2892650640503682
12,supreme_court_sentencing,supreme_court_sentencing:COR-001,통상수용,1.0,통상수용,통상수용,True,False,True,통상수용,0.6058803254061269,0.13114684703010632,0.2629728275637668,통상수용,0.6782594294561151,0.08627018597849738,0.23547038456538757,통상수용,0.6588680359848075,0.09179176249521658,0.249340201519976,0.6476692636156831,0.10306959850127344,0.24926113788304347
12,supreme_court_sentencing,supreme_court_sentencing:COR-002,통상수용,1.0,통상수용,통상수용,True,False,True,통상수용,0.706072775321968,0.10569116101979087,0.18823606365824125,통상수용,0.7979586249520688,0.07211499756684546,0.12992637748108565,통상수용,0.7836168053705055,0.06251936445418266,0.15386383017531177,0.7625494018815141,0.080108507680273,0.1573420904382129
12,supreme_court_sentencing,supreme_court_sentencing:COR-003,통상수용,1.0,통상수용,통상수용,True,False,True,통상수용,0.6407615327736763,0.15800014768267742,0.20123831954364618,통상수용,0.7413178704825321,0.11830021271245145,0.1403819168050164,통상수용,0.6977354657815017,0.12881703889525986,0.1734474953232385,0.6932716230125701,0.13503913309679624,0.17168924389063367
12,supreme_court_sentencing,supreme_court_sentencing:COR-004,통상수용,1.0,통상수용,통상수용,True,False,True,통상수용,0.6384277064374214,0.21940331046526612,0.14216898309731243,통상수용,0.7540824630259392,0.14425163925977946,0.1016658977142814,통상수용,0.6696379883632683,0.23038707417334356,0.0999749374633881,0.687382719275543,0.1980140079661297,0.11460327275832731
12,supreme_court_sentencing,supreme_court_sentencing:COR-005,통상수용,1.0,계약·질의검토,계약·질의검토,True,True,False,계약·질의검토,0.40780603156209766,0.1316493018436528,0.46054466659424953,계약·질의검토,0.4259275779236771,0.1133863305493081,0.46068609152701473,계약·질의검토,0.4195019811933441,0.09871604460649214,0.48178197420016367,0.4177451968930396,0.11458389233315103,0.4676709107738093
12,supreme_court_sentencing,supreme_court_sentencing:COR-006,계약·질의검토,1.0,계약·질의검토,계약·질의검토,True,False,True,계약·질의검토,0.3319665507810846,0.15368185860640202,0.5143515906125133,계약·질의검토,0.3949773157512745,0.12896244179250352,0.4760602424562221,계약·질의검토,0.3100520896055796,0.10809531615286094,0.5818525942415594,0.3456653187126462,0.13024653885058882,0.5240881424367649
12,supreme_court_sentencing,supreme_court_sentencing:COR-007,계약·질의검토,1.0,계약·질의검토,계약·질의검토,True,False,True,계약·질의검토,0.34083810917837315,0.12427142900268084,0.5348904618189461,계약·질의검토,0.4005495772607956,0.10193362687269694,0.49751679586650766,계약·질의검토,0.3697133995605786,0.08140909139254252,0.5488775090468788,0.3703670286665825,0.10253804908930676,0.5270949222441108
12,supreme_court_sentencing,supreme_court_sentencing:COR-008,계약·질의검토,1.0,계약·질의검토,계약·질의검토,True,False,True,계약·질의검토,0.229238254804919,0.11718673927066545,0.6535750059244155,계약·질의검토,0.19087660245227922,0.0840878609299998,0.725035536617721,계약·질의검토,0.22127518798235807,0.10215415864929334,0.6765706533683487,0.21379668174651875,0.10114291961665285,0.6850603986368284
12,supreme_court_sentencing,supreme_court_sentencing:CSR-001,통상수용,1.0,통상수용,통상수용,True,False,True,통상수용,0.40122371299973864,0.3348958707248456,0.26388041627541564,통상수용,0.428389620785359,0.3450626110214755,0.22654776819316555,통상수용,0.43009027003832073,0.32458724135847516,0.24532248860320413,0.4199012012744728,0.33484857436826543,0.24525022435726176
12,supreme_court_sentencing,supreme_court_sentencing:CSR-002,통상수용,1.0,통상수용,통상수용,True,False,True,통상수용,0.5731324357539398,0.1933438109723212,0.23352375327373906,통상수용,0.6384372070672393,0.16377185808682732,0.1977909348459334,통상수용,0.6748806375951908,0.14193094230474912,0.18318842010006023,0.62881676013879,0.16634887045463254,0.20483436940657754
12,supreme_court_sentencing,supreme_court_sentencing:DAR-001,통상수용,1.0,통상수용,통상수용,True,False,True,통상수용,0.6950077098702191,0.1623253355615049,0.14266695456827608,통상수용,0.7788824486696361,0.11754943609091001,0.10356811523945386,통상수용,0.7918144037304667,0.10103843134443538,0.10714716492509775,0.7552348540901073,0.12697106766561675,0.1177940782442759
12,supreme_court_sentencing,supreme_court_sentencing:DAR-002,통상수용,1.0,통상수용,통상수용,True,False,True,통상수용,0.6726348459357054,0.23101195155058987,0.09635320251370463,통상수용,0.7789141515647646,0.16298284470147054,0.058103003733764785,통상수용,0.7603970924050629,0.18217380181541562,0.057429105779521414,0.7373153633018443,0.19205619935582532,0.07062843734233028
12,supreme_court_sentencing,supreme_court_sentencing:DAR-003,통상수용,1.0,통상수용,통상수용,True,False,True,통상수용,0.6306724467508835,0.28301722657745626,0.08631032667166025,통상수용,0.7613819233279192,0.1886436862335423,0.049974390438538484,통상수용,0.6480843321917706,0.283382270393692,0.0685333974145373,0.680046234090191,0.2516810610682302,0.06827270484157867
12,supreme_court_sentencing,supreme_court_sentencing:DAR-004,통상수용,1.0,통상수용,통상수용,True,False,True,통상수용,0.6484626680659343,0.18900395691778132,0.16253337501628445,통상수용,0.7115982382947166,0.1564806060699669,0.13192115563531664,통상수용,0.7770989901883961,0.11296167483156344,0.10993933498004048,0.7123866321830157,0.15281541260643722,0.1347979552105472
12,supreme_court_sentencing,supreme_court_sentencing:DAR-005,통상수용,1.0,견적반영,견적반영,True,True,False,견적반영,0.16482803312374184,0.7010897182114789,0.13408224866477927,견적반영,0.1631269631077536,0.7016466448489493,0.135226392043297,견적반영,0.14415543240514866,0.7382718680848477,0.11757269951000383,0.15737014287888137,0.7136694103817587,0.12896044673936002
12,supreme_court_sentencing,supreme_court_sentencing:DAR-006,통상수용,1.0,견적반영,견적반영,False,False,True,통상수용,0.37321998953989455,0.36043834497607236,0.26634166548403304,견적반영,0.36680541129492,0.382618229913956,0.250576358791124,견적반영,0.3746110002698443,0.37527835095346296,0.2501106487766928,0.3715454670348863,0.3727783086144971,0.2556762243506166
12,supreme_court_sentencing,supreme_court_sentencing:DAR-007,통상수용,1.0,통상수용,통상수용,True,False,True,통상수용,0.6843302680724295,0.19912357177864481,0.11654616014892577,통상수용,0.7101486962383039,0.18102194348871195,0.10882936027298419,통상수용,0.7355955340964362,0.17591388007853057,0.08849058582503318,0.7100248328023898,0.18535313178196244,0.1046220354156477
12,supreme_court_sentencing,supreme_court_sentencing:DAR-008,견적반영,1.0,견적반영,견적반영,True,False,True,견적반영,0.3530308454376019,0.4813454207476157,0.16562373381478226,견적반영,0.3550049641800059,0.5252359534237537,0.1197590823962405,견적반영,0.312371954752505,0.5305930343972728,0.1570350108502221,0.3401359214567043,0.5123914695228807,0.14747260902041495
12,supreme_court_sentencing,supreme_court_sentencing:DAR-009,통상수용,1.0,통상수용,통상수용,True,False,True,통상수용,0.44496555873418336,0.36075711943200833,0.19427732183380833,통상수용,0.4614711305991458,0.3527411875901716,0.18578768181068261,통상수용,0.4208573946323111,0.38187523600961487,0.19726736935807393,0.44243136132188005,0.3651245143439316,0.19244412433418825
12,supreme_court_sentencing,supreme_court_sentencing:DAR-010,통상수용,1.0,통상수용,통상수용,True,False,True,통상수용,0.7280122593498327,0.17447699024288535,0.0975107504072819,통상수용,0.8251160070653176,0.11722967217131272,0.05765432076336969,통상수용,0.7493200726995868,0.16837646690915212,0.08230346039126103,0.7674827797049124,0.1533610431077834,0.07915617718730421
12,supreme_court_sentencing,supreme_court_sentencing:DAR-011,통상수용,1.0,통상수용,통상수용,False,False,True,통상수용,0.41386188558181436,0.4032531815368448,0.18288493288134092,견적반영,0.35734307352314315,0.49596696570735727,0.14668996076949956,통상수용,0.5258070267573126,0.3605141375327062,0.11367883570998123,0.43233732862075663,0.4199114282589694,0.1477512431202739
12,supreme_court_sentencing,supreme_court_sentencing:DAR-012,견적반영,1.0,견적반영,견적반영,True,False,True,견적반영,0.3703380817917439,0.4588461202542165,0.1708157979540397,견적반영,0.34036425738953363,0.5266749995767476,0.1329607430337187,견적반영,0.3965916620249486,0.4560590589292535,0.14734927904579784,0.36909800040207535,0.48052672625340587,0.15037527334451875
12,supreme_court_sentencing,supreme_court_sentencing:DAR-013,견적반영,1.0,통상수용,통상수용,True,True,False,통상수용,0.44870249389958805,0.28418771712603913,0.2671097889743729,통상수용,0.4597924180591294,0.2968338727472062,0.24337370919366444,통상수용,0.5076424532808095,0.2781443257928389,0.21421322092635162,0.4720457884131757,0.2863886385553614,0.24156557303146298
12,supreme_court_sentencing,supreme_court_sentencing:DAR-014,통상수용,1.0,통상수용,통상수용,True,False,True,통상수용,0.6391946738813047,0.14583730671856235,0.214968019400133,통상수용,0.6838697236859824,0.11810711806483039,0.1980231582491872,통상수용,0.7108881573806854,0.10154517143981229,0.1875666711795023,0.6779841849826576,0.12182986540773501,0.20018594960960748
12,supreme_court_sentencing,supreme_court_sentencing:DAR-015,통상수용,1.0,견적반영,견적반영,True,True,False,견적반영,0.37094276148807276,0.5117516269119113,0.11730561160001594,견적반영,0.3444256955917843,0.558008036681766,0.09756626772644969,견적반영,0.4047873641125354,0.4862637121312424,0.10894892375622214,0.3733852737307975,0.5186744585749733,0.10794026769422926
12,supreme_court_sentencing,supreme_court_sentencing:ECR-001,계약·질의검토,1.0,계약·질의검토,계약·질의검토,True,False,True,계약·질의검토,0.0469363840699926,0.13075238902650033,0.8223112269035071,계약·질의검토,0.024917827150661653,0.09248075842780398,0.8826014144215343,계약·질의검토,0.036402485039700436,0.13859305168900574,0.8250044632712938,0.036085565420118225,0.12060873304777002,0.8433057015321118
12,supreme_court_sentencing,supreme_court_sentencing:ECR-002,통상수용,1.0,계약·질의검토,계약·질의검토,True,True,False,계약·질의검토,0.2203654218751541,0.13894235450782524,0.6406922236170205,계약·질의검토,0.21293826862351095,0.12017071125656403,0.6668910201199251,계약·질의검토,0.22911672494994345,0.11271093516083866,0.6581723398892178,0.22080680514953613,0.12394133364174265,0.655251861208721
12,supreme_court_sentencing,supreme_court_sentencing:ECR-003,통상수용,1.0,통상수용,통상수용,True,False,True,통상수용,0.38542929423448596,0.3503210796020421,0.2642496261634719,통상수용,0.4410238069354493,0.32280173252371047,0.2361744605408402,통상수용,0.44779280892144,0.30213405189156206,0.2500731391869979,0.4247486366971251,0.3250856213391049,0.25016574196377
12,supreme_court_sentencing,supreme_court_sentencing:ECR-004,견적반영,1.0,통상수용,통상수용,True,True,False,통상수용,0.4534090466249113,0.27245144590429043,0.27413950747079824,통상수용,0.5174714422026268,0.2554623450332176,0.22706621276415567,통상수용,0.3739870778090489,0.3180287297944154,0.30798419239653585,0.4482891888788623,0.28198084024397446,0.26972997087716327
12,supreme_court_sentencing,supreme_court_sentencing:ECR-005,견적반영,1.0,견적반영,견적반영,True,False,True,견적반영,0.32559672030123304,0.3687530959844495,0.3056501837143175,견적반영,0.33781445841625934,0.37858621807717013,0.2835993235065706,견적반영,0.2660897350906897,0.4201887106665925,0.3137215542427177,0.30983363793606067,0.38917600824273735,0.30099035382120193
12,supreme_court_sentencing,supreme_court_sentencing:ECR-006,견적반영,1.0,견적반영,견적반영,True,False,True,견적반영,0.2929856221883542,0.40756209304283786,0.29945228476880786,견적반영,0.2774127091744572,0.45535520999323936,0.2672320808323034,견적반영,0.2185745801473366,0.4555584015418277,0.3258670183108358,0.26299097050338266,0.43949190152596834,0.297517127970649
12,supreme_court_sentencing,supreme_court_sentencing:ECR-007,계약·질의검토,1.0,견적반영,견적반영,True,True,False,견적반영,0.057961877635127876,0.611110568175405,0.3309275541894672,견적반영,0.03085436393515665,0.6729190625227721,0.29622657354207127,견적반영,0.04791157559115907,0.6355455866219172,0.31654283778692377,0.04557593905381454,0.6398584057733648,0.3145656551728207
12,supreme_court_sentencing,supreme_court_sentencing:ECR-008,계약·질의검토,1.0,견적반영,견적반영,True,True,False,견적반영,0.03458119661088283,0.606228991421601,0.3591898119675161,견적반영,0.017857705636142585,0.6951358587278779,0.2870064356359795,견적반영,0.04753647760753645,0.5368375964864435,0.4156259259060202,0.03332512661818729,0.6127341488786407,0.353940724503172
12,supreme_court_sentencing,supreme_court_sentencing:ECR-009,견적반영,1.0,견적반영,견적반영,True,False,True,견적반영,0.09064658376467317,0.4929566957981907,0.4163967204371362,견적반영,0.06248547000057864,0.5219196732120848,0.41559485678733654,견적반영,0.07070493774487471,0.48659823890217735,0.44269682335294797,0.07461233050337551,0.5004915359708176,0.42489613352580696
12,supreme_court_sentencing,supreme_court_sentencing:INR-001,통상수용,1.0,통상수용,통상수용,True,False,True,통상수용,0.6657877708927806,0.12562152314663316,0.20859070596058613,통상수용,0.7385369224372494,0.08173144576225451,0.17973163180049598,통상수용,0.7000189313953554,0.09192205304169555,0.20805901556294906,0.7014478749084619,0.0997583406501944,0.19879378444134374
12,supreme_court_sentencing,supreme_court_sentencing:INR-002,견적반영,1.0,견적반영,견적반영,True,False,True,견적반영,0.2909826305410953,0.3926516694528419,0.31636570000606284,견적반영,0.34383191020929865,0.34566525325139125,0.3105028365393101,견적반영,0.271827072276774,0.36740837207164756,0.36076455565157833,0.302213871009056,0.3685750982586269,0.3292110307323171
12,supreme_court_sentencing,supreme_court_sentencing:INR-003,통상수용,1.0,통상수용,통상수용,True,False,True,통상수용,0.595963885758238,0.20526623917959072,0.19876987506217128,통상수용,0.7206909634166376,0.14638136031425922,0.13292767626910312,통상수용,0.6719093100856516,0.16110107727229034,0.16698961264205814,0.6628547197535091,0.17091622558871342,0.16622905465777751
12,supreme_court_sentencing,supreme_court_sentencing:INR-004,통상수용,1.0,통상수용,통상수용,True,False,True,통상수용,0.5452152190386729,0.22703898892817695,0.22774579203315018,통상수용,0.6565634080301996,0.18283520848830648,0.16060138348149386,통상수용,0.7061100819715276,0.1548835815932377,0.13900633643523477,0.6359629030134667,0.18825259300324038,0.17578450398329293
12,supreme_court_sentencing,supreme_court_sentencing:INR-005,통상수용,1.0,통상수용,통상수용,True,False,True,통상수용,0.6032494591915262,0.2172544133499104,0.17949612745856341,통상수용,0.6691230829467356,0.18453224867247825,0.14634466838078622,통상수용,0.6977270563173467,0.17498183542369694,0.12729110825895637,0.6566998661518695,0.19225616581536187,0.15104396803276868
12,supreme_court_sentencing,supreme_court_sentencing:INR-006,통상수용,1.0,통상수용,통상수용,True,False,True,통상수용,0.46472789273344006,0.2183550135197629,0.3169170937467971,통상수용,0.5118859988741872,0.1777429115648231,0.3103710895609897,통상수용,0.5230476599142942,0.22470999286358273,0.252242347222123,0.4998871838406405,0.20693597264938957,0.2931768435099699
12,supreme_court_sentencing,supreme_court_sentencing:INR-007,통상수용,1.0,통상수용,통상수용,True,False,True,통상수용,0.5494054990944882,0.19905471613502598,0.2515397847704858,통상수용,0.584011817914671,0.15382313724534674,0.26216504483998226,통상수용,0.631467502293802,0.1306046621564652,0.23792783554973282,0.5882949397676538,0.1611608385122793,0.25054422172006696
12,supreme_court_sentencing,supreme_court_sentencing:INR-008,통상수용,1.0,계약·질의검토,계약·질의검토,True,True,False,계약·질의검토,0.37654831232019625,0.14636828604662644,0.4770834016331773,계약·질의검토,0.36322016413432,0.12431095727312926,0.5124688785925507,계약·질의검토,0.4035500493683072,0.11539661474516902,0.4810533358865239,0.38110617527427443,0.12869195268830824,0.4902018720374173
12,supreme_court_sentencing,supreme_court_sentencing:PER-001,통상수용,1.0,계약·질의검토,계약·질의검토,True,True,False,계약·질의검토,0.37729573540654315,0.23850609579371254,0.3841981687997443,계약·질의검토,0.34822216896154484,0.18721881966281234,0.4645590113756428,계약·질의검토,0.3605378375492231,0.251104265794841,0.3883578966559359,0.3620185806391037,0.22560972708378865,0.4123716922771076
12,supreme_court_sentencing,supreme_court_sentencing:PER-002,통상수용,1.0,통상수용,통상수용,True,False,True,통상수용,0.4231468319666841,0.3211588298513238,0.2556943381819921,통상수용,0.5212679513116156,0.2944542804678436,0.1842777682205407,통상수용,0.4755040859405776,0.2939233811311518,0.23057253292827062,0.4733062897396258,0.30317883048343974,0.2235148797769345
12,supreme_court_sentencing,supreme_court_sentencing:PER-003,계약·질의검토,1.0,계약·질의검토,계약·질의검토,True,False,True,계약·질의검토,0.25471474435461977,0.30659186273100086,0.4386933929143794,계약·질의검토,0.26922750859241573,0.3156850217936743,0.4150874696139099,계약·질의검토,0.2033798133215679,0.3106265624546583,0.48599362422377373,0.2424406887562011,0.31096781565977777,0.44659149558402106
12,supreme_court_sentencing,supreme_court_sentencing:PER-004,견적반영,1.0,계약·질의검토,계약·질의검토,True,True,False,계약·질의검토,0.2971492447388511,0.26885154711124265,0.4339992081499063,계약·질의검토,0.34137316233895953,0.24812885191592143,0.4104979857451191,계약·질의검토,0.27787991680248353,0.2702171249993213,0.451902958198195,0.30546744129343134,0.2623991746754952,0.4321333840310735
12,supreme_court_sentencing,supreme_court_sentencing:PMR-001,통상수용,1.0,통상수용,통상수용,True,False,True,통상수용,0.6149913389624686,0.17819310033578298,0.20681556070174847,통상수용,0.6332315253678702,0.18245829069613023,0.18431018393599957,통상수용,0.5643518808052418,0.20147440667961553,0.2341737125151426,0.6041915817118602,0.18737526590384293,0.2084331523842969
12,supreme_court_sentencing,supreme_court_sentencing:PMR-002,통상수용,1.0,통상수용,통상수용,True,False,True,통상수용,0.5535553150061296,0.17865373353373942,0.26779095146013093,통상수용,0.6295313755632763,0.15176647069829796,0.21870215373842566,통상수용,0.5862373967707888,0.176109917256936,0.23765268597227526,0.5897746957800649,0.16884337382965778,0.2413819303902773
12,supreme_court_sentencing,supreme_court_sentencing:PMR-003,계약·질의검토,1.0,계약·질의검토,계약·질의검토,True,False,True,계약·질의검토,0.3267974443172876,0.09306704281425317,0.5801355128684592,계약·질의검토,0.3186182949145419,0.08228002359600897,0.5991016814894491,계약·질의검토,0.35563377114714323,0.06897672431833064,0.5753895045345261,0.33368317012632426,0.08144126357619759,0.5848755662974782
12,supreme_court_sentencing,supreme_court_sentencing:PMR-004,통상수용,1.0,통상수용,통상수용,True,False,True,통상수용,0.471721134075136,0.1360335481749976,0.3922453177498664,통상수용,0.5148943199649103,0.11138812578327661,0.37371755425181297,통상수용,0.565687431239827,0.09690465462036027,0.33740791413981264,0.5174342950932911,0.11477544285954483,0.367790262047164
12,supreme_court_sentencing,supreme_court_sentencing:PMR-005,통상수용,1.0,통상수용,통상수용,True,False,True,통상수용,0.4378951639464279,0.3908106446320065,0.1712941914215656,통상수용,0.447704777818948,0.4190722379047888,0.1332229842762631,통상수용,0.4537371090196966,0.3792240831730109,0.16703880780729255,0.4464456835950242,0.39636898856993535,0.15718532783504044
12,supreme_court_sentencing,supreme_court_sentencing:PMR-006,계약·질의검토,1.0,통상수용,통상수용,True,True,False,통상수용,0.470132011217012,0.24698752385091854,0.28288046493206936,통상수용,0.4816531120997209,0.24506597921272313,0.27328090868755583,통상수용,0.5343678182086394,0.2355248818160924,0.23010729997526824,0.4953843138417908,0.2425261282932447,0.26208955786496446
12,supreme_court_sentencing,supreme_court_sentencing:PMR-007,계약·질의검토,1.0,통상수용,통상수용,True,True,False,통상수용,0.5293652771415958,0.08792615355382111,0.38270856930458313,통상수용,0.6084372837653834,0.0626014382913774,0.32896127794323915,통상수용,0.5050293822679534,0.09306653150726771,0.401904086224779,0.5476106477249775,0.08119804111748874,0.37119131115753373
12,supreme_court_sentencing,supreme_court_sentencing:PMR-008,통상수용,1.0,통상수용,통상수용,True,False,True,통상수용,0.5963172536801693,0.27868869233429855,0.12499405398553218,통상수용,0.6639130055582259,0.24093184678845883,0.09515514765331523,통상수용,0.6882338407441112,0.21758146623741728,0.09418469301847153,0.649488033327502,0.2457340017867249,0.10477796488577297
12,supreme_court_sentencing,supreme_court_sentencing:PMR-009,통상수용,1.0,계약·질의검토,계약·질의검토,True,True,False,계약·질의검토,0.3380456480364764,0.21082341213992548,0.45113093982359803,계약·질의검토,0.3462202045053549,0.2245163632451968,0.42926343224944835,계약·질의검토,0.3697155370632424,0.19925999497159003,0.4310244679651676,0.35132712986835785,0.21153325678557078,0.43713961334607127
12,supreme_court_sentencing,supreme_court_sentencing:PMR-010,통상수용,1.0,통상수용,통상수용,True,False,True,통상수용,0.6246998806683016,0.15068151248090433,0.22461860685079407,통상수용,0.6839674230934681,0.12003049225678188,0.1960020846497501,통상수용,0.6268208650470797,0.13851860558991963,0.2346605293630008,0.6451627229362832,0.13641020344253527,0.21842707362118166
12,supreme_court_sentencing,supreme_court_sentencing:PMR-011,통상수용,1.0,통상수용,통상수용,True,False,True,통상수용,0.6709372945333525,0.17270479313679987,0.1563579123298477,통상수용,0.7448909376394408,0.1232533287004372,0.13185573366012207,통상수용,0.7731207062101985,0.11289962447757423,0.11397966931222736,0.7296496461276639,0.13628591543827043,0.1340644384340657
12,supreme_court_sentencing,supreme_court_sentencing:PMR-012,통상수용,1.0,통상수용,통상수용,True,False,True,통상수용,0.6019986884173197,0.16008039882016742,0.23792091276251284,통상수용,0.630802729680415,0.13102653211863552,0.23817073820094956,통상수용,0.5876176830695876,0.16598590791372358,0.24639640901668886,0.6068063670557741,0.15236427961750884,0.2408293533267171
12,supreme_court_sentencing,supreme_court_sentencing:PMR-013,통상수용,1.0,통상수용,통상수용,True,False,True,통상수용,0.5239287227074658,0.10380978959619222,0.37226148769634204,통상수용,0.639604730132269,0.0741827761213745,0.28621249374635654,통상수용,0.5362110083514934,0.08150843693103306,0.3822805547174736,0.5665814870637428,0.08650033421619992,0.3469181787200573
12,supreme_court_sentencing,supreme_court_sentencing:PMR-014,통상수용,1.0,통상수용,통상수용,True,False,True,통상수용,0.47036139786443926,0.19723867800488232,0.33239992413067854,통상수용,0.5106256668747312,0.19525842448784703,0.2941159086374217,통상수용,0.5268623992113408,0.1878751331412538,0.28526246764740537,0.5026164879835038,0.19345741187799437,0.30392610013850185
12,supreme_court_sentencing,supreme_court_sentencing:PSR-001,통상수용,1.0,통상수용,통상수용,True,False,True,통상수용,0.4103537318747375,0.2712393217938211,0.3184069463314414,통상수용,0.43066719602430337,0.2516082435038602,0.3177245604718365,통상수용,0.43057214645632036,0.26647764244941563,0.302950211094264,0.42386435811845374,0.2631084025823656,0.31302723929918064
12,supreme_court_sentencing,supreme_court_sentencing:PSR-002,통상수용,1.0,통상수용,통상수용,True,False,True,통상수용,0.5339340762395088,0.19501339657814237,0.27105252718234885,통상수용,0.5508849578745242,0.16875122403452447,0.2803638180909513,통상수용,0.5320492883970369,0.2099805428424294,0.2579701687605337,0.5389561075036899,0.19124838781836542,0.2697955046779446
12,supreme_court_sentencing,supreme_court_sentencing:PSR-003,통상수용,1.0,통상수용,통상수용,True,False,True,통상수용,0.6205796220607581,0.06019443704553508,0.31922594089370687,통상수용,0.6510353519350104,0.04649099917246128,0.30247364889252837,통상수용,0.5721883422486316,0.06676195666235907,0.3610497010890094,0.6146011054148001,0.05781579762678515,0.32758309695841487
12,supreme_court_sentencing,supreme_court_sentencing:PSR-004,통상수용,1.0,통상수용,통상수용,True,False,True,통상수용,0.586370290593176,0.20028868160974267,0.21334102779708125,통상수용,0.6726897239327964,0.15002920475369477,0.17728107131350881,통상수용,0.6221049350278709,0.19908317877030712,0.17881188620182192,0.6270549831846144,0.18313368837791485,0.18981132843747064
12,supreme_court_sentencing,supreme_court_sentencing:PSR-005,견적반영,1.0,견적반영,견적반영,True,False,True,견적반영,0.3453211608528858,0.3987742665536831,0.2559045725934311,견적반영,0.32852051850620667,0.46536464047683573,0.20611484101695757,견적반영,0.32463043109516515,0.3846039994602293,0.29076556944460563,0.33282403681808587,0.416247635496916,0.2509283276849981
12,supreme_court_sentencing,supreme_court_sentencing:PSR-006,통상수용,1.0,통상수용,통상수용,True,False,True,통상수용,0.5460149309502493,0.27307333747191953,0.18091173157783114,통상수용,0.621211364280699,0.2399946464311434,0.1387939892881576,통상수용,0.5885227592892305,0.2422490344073232,0.1692282063034463,0.5852496848400596,0.2517723394367954,0.16297797572314499
12,supreme_court_sentencing,supreme_court_sentencing:PSR-007,통상수용,1.0,계약·질의검토,계약·질의검토,True,True,False,계약·질의검토,0.36885501109986446,0.13347904749566017,0.49766594140447534,계약·질의검토,0.40739166052094034,0.11639532776498882,0.47621301171407077,계약·질의검토,0.3750774953231094,0.1088471070926932,0.5160753975841974,0.383774722314638,0.11957382745111406,0.49665145023424784
12,supreme_court_sentencing,supreme_court_sentencing:PSR-008,통상수용,1.0,계약·질의검토,계약·질의검토,True,True,False,계약·질의검토,0.3400726680560749,0.1510868974486002,0.5088404344953249,계약·질의검토,0.33621931990558174,0.14651570851449264,0.5172649715799256,계약·질의검토,0.34278213338476016,0.13299739010680672,0.5242204765084331,0.33969137378213893,0.14353333202329985,0.5167752941945613
12,supreme_court_sentencing,supreme_court_sentencing:PSR-009,견적반영,1.0,견적반영,견적반영,True,False,True,견적반영,0.2328571009683518,0.4086674591893807,0.35847543984226754,견적반영,0.20709672386484992,0.4390553352635639,0.3538479408715862,견적반영,0.1562768385256635,0.46814184580080176,0.3755813156735347,0.19874355445295508,0.4386215467512488,0.3626348987957962
12,supreme_court_sentencing,supreme_court_sentencing:PSR-010,계약·질의검토,1.0,계약·질의검토,계약·질의검토,True,False,True,계약·질의검토,0.3318672342500894,0.14339816781521822,0.5247345979346923,계약·질의검토,0.38982835085622636,0.11713364313020183,0.4930380060135719,계약·질의검토,0.3452704309347836,0.1219564311048598,0.5327731379603566,0.3556553386803665,0.12749608068342663,0.516848580636207
12,supreme_court_sentencing,supreme_court_sentencing:PSR-011,통상수용,1.0,통상수용,통상수용,True,False,True,통상수용,0.49117240699134906,0.24297055306178994,0.26585703994686094,통상수용,0.5058910443961118,0.21713102834124137,0.2769779272626469,통상수용,0.5626714720129952,0.2080621484432013,0.22926637954380363,0.5199116411334853,0.22272124328207754,0.2573671155844372
12,supreme_court_sentencing,supreme_court_sentencing:PSR-012,통상수용,1.0,통상수용,통상수용,True,False,True,통상수용,0.5955902610960528,0.23162528853081266,0.17278445037313458,통상수용,0.700127111279613,0.18361840996201215,0.11625447875837491,통상수용,0.6950902423631976,0.17530578496976293,0.12960397266703952,0.6636025382462879,0.19684982782086258,0.13954763393284966
12,supreme_court_sentencing,supreme_court_sentencing:PSR-013,견적반영,1.0,통상수용,통상수용,True,True,False,통상수용,0.4017182600660165,0.3047139743534494,0.2935677655805342,통상수용,0.4377648844725555,0.2930285707286623,0.26920654479878225,통상수용,0.4140386151906739,0.26937790164288583,0.31658348316644025,0.41784058657641526,0.2890401489083325,0.2931192645152522
12,supreme_court_sentencing,supreme_court_sentencing:PSR-014,통상수용,1.0,통상수용,통상수용,True,False,True,통상수용,0.4439790031549231,0.25273760090806696,0.30328339593700987,통상수용,0.5123702143149034,0.21705837329766295,0.2705714123874337,통상수용,0.47729441340640816,0.2479362028556437,0.27476938373794807,0.4778812102920782,0.23924405902045787,0.2828747306874639
12,supreme_court_sentencing,supreme_court_sentencing:PSR-015,견적반영,1.0,계약·질의검토,계약·질의검토,True,True,False,계약·질의검토,0.3341717132050888,0.23631492152500608,0.42951336526990525,계약·질의검토,0.30638869035275523,0.2427447748890787,0.4508665347581661,계약·질의검토,0.3786792563097726,0.2165442443268829,0.40477649936334437,0.3397465532892056,0.2318679802469892,0.4283854664638052
12,supreme_court_sentencing,supreme_court_sentencing:QUR-001,통상수용,1.0,통상수용,통상수용,True,False,True,통상수용,0.659562381754652,0.13319777456485415,0.20723984368049392,통상수용,0.7345988324114692,0.09807656141034035,0.1673246061781904,통상수용,0.7414163654484935,0.10016045556542857,0.15842317898607797,0.7118591932048716,0.11047826384687436,0.1776625429482541
12,supreme_court_sentencing,supreme_court_sentencing:QUR-002,통상수용,1.0,통상수용,통상수용,True,False,True,통상수용,0.6768395130257143,0.13816765222652552,0.18499283474776015,통상수용,0.7643784341530678,0.09981652061204023,0.13580504523489198,통상수용,0.7245026241468631,0.10491453289391184,0.17058284295922502,0.7219068571085483,0.11429956857749253,0.16379357431395905
12,supreme_court_sentencing,supreme_court_sentencing:QUR-003,견적반영,1.0,통상수용,통상수용,True,True,False,통상수용,0.4397170730840479,0.33413241914484537,0.22615050777110673,통상수용,0.42543972019086973,0.38364399567142227,0.19091628413770798,통상수용,0.5215931166428862,0.29044016982887483,0.18796671352823896,0.46224996997260126,0.3360721948817142,0.20167783514568458
12,supreme_court_sentencing,supreme_court_sentencing:QUR-004,통상수용,1.0,통상수용,통상수용,True,False,True,통상수용,0.5281348639985762,0.16145215534798876,0.31041298065343503,통상수용,0.5929280113150042,0.1419061504118924,0.26516583827310347,통상수용,0.5331776465849077,0.1599025368043084,0.30691981661078394,0.551413507299496,0.15442028085472984,0.29416621184577413
12,supreme_court_sentencing,supreme_court_sentencing:QUR-005,통상수용,1.0,통상수용,통상수용,True,False,True,통상수용,0.5657020056731421,0.18045824391519344,0.25383975041166446,통상수용,0.6054853336196068,0.15563280934336374,0.23888185703702938,통상수용,0.7088349110269871,0.10833137082335506,0.18283371814965785,0.6266740834399119,0.1481408080273041,0.22518510853278392
12,supreme_court_sentencing,supreme_court_sentencing:QUR-006,통상수용,1.0,통상수용,통상수용,True,False,True,통상수용,0.741532535801689,0.09206140982597003,0.16640605437234102,통상수용,0.8075767625673311,0.07057265342879179,0.12185058400387701,통상수용,0.8077667441376871,0.06434692723319452,0.12788632862911845,0.7856253475022358,0.07566033016265211,0.13871432233511216
12,supreme_court_sentencing,supreme_court_sentencing:QUR-007,계약·질의검토,1.0,통상수용,통상수용,True,True,False,통상수용,0.5696672678281435,0.1779316723675226,0.2524010598043339,통상수용,0.6534107654003741,0.13449220446562896,0.2120970301339969,통상수용,0.5461934175063936,0.1831428552510573,0.27066372724254906,0.5897571502449704,0.1651889106947363,0.24505393906029327
12,supreme_court_sentencing,supreme_court_sentencing:QUR-008,통상수용,1.0,통상수용,통상수용,True,False,True,통상수용,0.4507855969069297,0.2647255173440581,0.28448888574901215,통상수용,0.5515652760506058,0.19284841452575216,0.255586309423642,통상수용,0.5299623930579139,0.24432385546920937,0.22571375147287676,0.5107710886718165,0.2339659291130065,0.25526298221517696
12,supreme_court_sentencing,supreme_court_sentencing:QUR-009,통상수용,1.0,통상수용,통상수용,True,False,True,통상수용,0.6923521999945252,0.08862129018396755,0.2190265098215072,통상수용,0.7411642568650095,0.05681339027532241,0.20202235285966808,통상수용,0.7638911600478002,0.05937776850713524,0.17673107144506453,0.7324692056357783,0.06827081632214174,0.19925997804207993
12,supreme_court_sentencing,supreme_court_sentencing:SER-001,계약·질의검토,1.0,계약·질의검토,계약·질의검토,False,False,True,통상수용,0.42611899993403124,0.14977422156738754,0.4241067784985813,통상수용,0.47117037245542126,0.1269254737703432,0.4019041537742356,계약·질의검토,0.384634804103471,0.14454002397367868,0.4708251719228502,0.4273080588309745,0.14041323977046982,0.4322787013985557
12,supreme_court_sentencing,supreme_court_sentencing:SER-002,견적반영,1.0,계약·질의검토,계약·질의검토,True,True,False,계약·질의검토,0.3170573936670616,0.24916297386531594,0.4337796324676225,계약·질의검토,0.27978527460129415,0.27850063468038994,0.4417140907183159,계약·질의검토,0.23350426814409658,0.2873941722001224,0.479101559655781,0.2767823121374841,0.2716859269152761,0.4515317609472398
12,supreme_court_sentencing,supreme_court_sentencing:SER-003,통상수용,1.0,통상수용,통상수용,True,False,True,통상수용,0.6179188545849881,0.15777294393917982,0.22430820147583214,통상수용,0.7246586915967514,0.11572299405111929,0.15961831435212917,통상수용,0.6043054765854863,0.14966338127938758,0.24603114213512622,0.6489610075890753,0.14105310642322888,0.20998588598769585
12,supreme_court_sentencing,supreme_court_sentencing:SER-004,통상수용,1.0,통상수용,통상수용,True,False,True,통상수용,0.5421155928621106,0.1831398726508916,0.27474453448699787,통상수용,0.6131176792833352,0.1538190389445975,0.23306328177206728,통상수용,0.4771179890215935,0.20520528770676152,0.3176767232716449,0.5441170870556797,0.18072139976741686,0.27516151317690335
12,supreme_court_sentencing,supreme_court_sentencing:SER-005,통상수용,1.0,계약·질의검토,계약·질의검토,True,True,False,계약·질의검토,0.42995977987032524,0.13797304492751586,0.4320671752021588,계약·질의검토,0.4072542832361185,0.11073866982074473,0.4820070469431368,계약·질의검토,0.43701239846082246,0.09996162847954787,0.46302597305962967,0.4247421538557554,0.11622444774260282,0.4590333984016417
12,supreme_court_sentencing,supreme_court_sentencing:SER-006,계약·질의검토,1.0,통상수용,통상수용,True,True,False,통상수용,0.5020853910524753,0.16097083694829734,0.3369437719992274,통상수용,0.5201491630780805,0.13023342856844675,0.34961740835347277,통상수용,0.5445136583906452,0.13988948012428626,0.3155968614850684,0.5222494041737337,0.14369791521367678,0.33405268061258947
12,supreme_court_sentencing,supreme_court_sentencing:SER-007,통상수용,1.0,계약·질의검토,계약·질의검토,True,True,False,계약·질의검토,0.2573283270067725,0.34964899191626503,0.39302268107696253,계약·질의검토,0.2201676014221565,0.3791838049595858,0.40064859361825766,계약·질의검토,0.27231475590780724,0.34863461767541226,0.37905062641678056,0.2499368947789121,0.35915580485042103,0.3909073003706669
12,supreme_court_sentencing,supreme_court_sentencing:SER-008,통상수용,1.0,통상수용,통상수용,False,False,True,통상수용,0.37332655365158524,0.3018769505078593,0.32479649584055553,견적반영,0.3461449105155125,0.3504423622066192,0.3034127272778683,통상수용,0.4011700213955619,0.3020951505246493,0.29673482807978885,0.3735471618542199,0.31813815441304255,0.3083146837327375
12,supreme_court_sentencing,supreme_court_sentencing:SER-009,견적반영,1.0,통상수용,통상수용,True,True,False,통상수용,0.39553509056384845,0.3279785156870084,0.27648639374914324,통상수용,0.43011096237169383,0.32603437954930303,0.2438546580790031,통상수용,0.4398190969290284,0.3022815137320784,0.2578993893388933,0.4218217166215235,0.31876480298946325,0.2594134803890132
12,supreme_court_sentencing,supreme_court_sentencing:SER-010,통상수용,1.0,통상수용,통상수용,True,False,True,통상수용,0.5303698923791528,0.17176821622284577,0.2978618913980015,통상수용,0.5997387480225871,0.1272682087369043,0.27299304324050855,통상수용,0.5015172043446942,0.18812817041867508,0.3103546252366308,0.5438752815821447,0.16238819845947505,0.2937365199583803
12,supreme_court_sentencing,supreme_court_sentencing:SER-011,통상수용,1.0,통상수용,통상수용,False,False,True,통상수용,0.41008783619301065,0.3716058690695222,0.21830629473746718,통상수용,0.4073214851613922,0.3949340441642923,0.19774447067431544,견적반영,0.4017215193317089,0.4104856959460557,0.18779278472223543,0.4063769468953706,0.3923418697266234,0.20128118337800602
12,supreme_court_sentencing,supreme_court_sentencing:SER-012,통상수용,1.0,통상수용,통상수용,True,False,True,통상수용,0.3911143871520984,0.321143871961738,0.2877417408861636,통상수용,0.46222209416780874,0.28974119535248355,0.24803671047970763,통상수용,0.4164977707027467,0.312044601907061,0.27145762739019236,0.42327808400755124,0.30764322307376085,0.26907869291868786
12,supreme_court_sentencing,supreme_court_sentencing:SER-013,통상수용,1.0,통상수용,통상수용,True,False,True,통상수용,0.6867742145368742,0.17298184839840866,0.14024393706471708,통상수용,0.7824500718633414,0.11769889741639962,0.09985103072025915,통상수용,0.8174133823533212,0.09364147880783387,0.08894513883884489,0.7622125562511789,0.12810740820754737,0.1096800355412737
12,supreme_court_sentencing,supreme_court_sentencing:SER-014,통상수용,1.0,통상수용,통상수용,True,False,True,통상수용,0.6184418751528864,0.19764808866151093,0.18391003618560273,통상수용,0.6389839582756514,0.18535437511394665,0.17566166661040195,통상수용,0.5969884179170472,0.19244161046990094,0.21056997161305185,0.6181380837818616,0.1918146914151195,0.19004722480301886
12,supreme_court_sentencing,supreme_court_sentencing:SER-015,통상수용,1.0,통상수용,통상수용,True,False,True,통상수용,0.5566749165107139,0.254911061705573,0.18841402178371316,통상수용,0.6562141874499997,0.19912041316015763,0.14466539938984274,통상수용,0.6109566727173257,0.23675434534821851,0.15228898193445578,0.607948592226013,0.23026194007131637,0.16178946770267058
12,supreme_court_sentencing,supreme_court_sentencing:SFR-LDA-001,견적반영,1.0,견적반영,견적반영,True,False,True,견적반영,0.3665903673327244,0.3833923056357444,0.2500173270315312,견적반영,0.36401361587022585,0.3895895917289511,0.24639679240082293,견적반영,0.3691394768010433,0.379467658796447,0.25139286440250963,0.36658115333466457,0.38414985205371416,0.24926899461162125
12,supreme_court_sentencing,supreme_court_sentencing:SFR-LDA-002,계약·질의검토,1.0,견적반영,견적반영,False,True,False,통상수용,0.39256155495786754,0.37703237632301884,0.23040606871911368,견적반영,0.33594554417022177,0.44372231268484397,0.22033214314493435,통상수용,0.3871925592032105,0.37483566660543993,0.23797177419134968,0.3718998861104333,0.3985301185377676,0.22956999535179926
12,supreme_court_sentencing,supreme_court_sentencing:SFR-LDA-003,통상수용,1.0,통상수용,통상수용,True,False,True,통상수용,0.6088138442926009,0.2516567293525158,0.13952942635488338,통상수용,0.6546928244975992,0.22099512156749623,0.12431205393490453,통상수용,0.7021508175725797,0.1957937874350946,0.10205539499232567,0.6552191621209266,0.22281521278503555,0.12196562509403787
12,supreme_court_sentencing,supreme_court_sentencing:SFR-LDA-004,계약·질의검토,1.0,통상수용,통상수용,True,True,False,통상수용,0.47596404538088954,0.22498142884388492,0.29905452577522557,통상수용,0.5560728369832375,0.18873435020635201,0.25519281281041045,통상수용,0.5517770506280043,0.19042267229034757,0.25780027708164804,0.5279379776640437,0.20137948378019485,0.27068253855576135
12,supreme_court_sentencing,supreme_court_sentencing:SFR-LDA-005,계약·질의검토,1.0,통상수용,통상수용,True,True,False,통상수용,0.4013734328792222,0.24496596346912988,0.3536606036516479,통상수용,0.4038207738470674,0.23878062766068983,0.3573985984922428,통상수용,0.4420063579921516,0.2073653977591177,0.3506282442487306,0.41573352157281374,0.23037066296297914,0.3538958154642071
12,supreme_court_sentencing,supreme_court_sentencing:SFR-LDA-006,통상수용,1.0,통상수용,통상수용,True,False,True,통상수용,0.6617321423358159,0.2283159805781195,0.10995187708606446,통상수용,0.7281850871152953,0.19527301431666486,0.07654189856803979,통상수용,0.7077283256145005,0.2005749386698925,0.09169673571560695,0.6992151850218705,0.20805464452155897,0.0927301704565704
12,supreme_court_sentencing,supreme_court_sentencing:SFR-LDA-007,통상수용,1.0,견적반영,견적반영,True,True,False,견적반영,0.3272024865659388,0.5006509129310251,0.17214660050303604,견적반영,0.3058273185243671,0.5607424347429992,0.1334302467326337,견적반영,0.4114760938775155,0.42454135755837374,0.16398254856411074,0.34816863298927386,0.4953115684107994,0.15651979859992682
12,supreme_court_sentencing,supreme_court_sentencing:SFR-NSS-001,통상수용,1.0,견적반영,견적반영,False,False,True,통상수용,0.3620809503482357,0.35755254312728996,0.28036650652447437,통상수용,0.3791331239732095,0.34210276016095137,0.2787641158658392,견적반영,0.355485470662877,0.40558235327818215,0.23893217605894088,0.36556651499477405,0.3684125521888078,0.2660209328164182
12,supreme_court_sentencing,supreme_court_sentencing:SFR-NSS-002,견적반영,1.0,계약·질의검토,계약·질의검토,True,True,False,계약·질의검토,0.2522126488353004,0.3274960517162228,0.4202912994484767,계약·질의검토,0.22983867745720923,0.35060285966274785,0.41955846288004295,계약·질의검토,0.21420893533412422,0.3911759672813926,0.39461509738448325,0.23208675387554464,0.3564249595534544,0.411488286571001
12,supreme_court_sentencing,supreme_court_sentencing:SFR-NSS-003,통상수용,1.0,통상수용,통상수용,True,False,True,통상수용,0.6557446980743087,0.15605583244281215,0.18819946948287913,통상수용,0.7717673133918934,0.10007338670265416,0.1281592999054523,통상수용,0.7733495684991677,0.10480859729634864,0.12184183420448358,0.7336205266551232,0.120312605480605,0.14606686786427167
12,supreme_court_sentencing,supreme_court_sentencing:SFR-NSS-004,견적반영,1.0,계약·질의검토,계약·질의검토,True,True,False,계약·질의검토,0.3086215535308809,0.3228754740253267,0.3685029724437924,계약·질의검토,0.2760684230140188,0.3037143167518317,0.4202172602341495,계약·질의검토,0.22216432579030723,0.3355145148436086,0.4423211593660841,0.2689514341117356,0.32070143520692235,0.410347130681342
12,supreme_court_sentencing,supreme_court_sentencing:SFR-NSS-005,통상수용,1.0,통상수용,통상수용,True,False,True,통상수용,0.42556572140952625,0.2847723856430216,0.28966189294745226,통상수용,0.45095744093824064,0.2656086399083793,0.2834339191533801,통상수용,0.42726739714600626,0.24864447326824565,0.32408812958574806,0.4345968531645911,0.2663418329398822,0.2990613138955268
12,supreme_court_sentencing,supreme_court_sentencing:SFR-NSS-006,계약·질의검토,1.0,계약·질의검토,계약·질의검토,True,False,True,계약·질의검토,0.24858539235708554,0.2294404151227768,0.5219741925201377,계약·질의검토,0.20299060043317563,0.2292152174941985,0.567794182072626,계약·질의검토,0.2051185830668198,0.2552227389979183,0.5396586779352619,0.21889819195236035,0.2379594572049645,0.5431423508426753
12,supreme_court_sentencing,supreme_court_sentencing:SFR-NSS-007,통상수용,1.0,통상수용,통상수용,True,False,True,통상수용,0.6251035499352349,0.19089167427051526,0.18400477579424998,통상수용,0.703642881045765,0.1627203835305453,0.13363673542368962,통상수용,0.7612006278273021,0.10970196290237569,0.1290974092703222,0.6966490196027674,0.1544380069011454,0.14891297349608726
12,supreme_court_sentencing,supreme_court_sentencing:SFR-SCF-001,계약·질의검토,1.0,통상수용,통상수용,True,True,False,통상수용,0.42274523289099125,0.3387763364180305,0.23847843069097818,통상수용,0.4282874252328586,0.3574031296506679,0.2143094451164735,통상수용,0.40775176880464503,0.37669269158712815,0.21555553960822693,0.41959480897616497,0.35762405255194213,0.22278113847189288
12,supreme_court_sentencing,supreme_court_sentencing:SFR-SCF-002,통상수용,1.0,통상수용,통상수용,True,False,True,통상수용,0.584955674980162,0.27781039782745887,0.1372339271923792,통상수용,0.6805549374624181,0.21915898002461892,0.10028608251296287,통상수용,0.5887678378519076,0.2845309848959033,0.1267011772521891,0.6180928167648293,0.26050012091599367,0.12140706231917704
12,supreme_court_sentencing,supreme_court_sentencing:SFR-SCF-003,통상수용,1.0,견적반영,견적반영,True,True,False,견적반영,0.3620405128690267,0.4556594121068169,0.1823000750241564,견적반영,0.3910335297561464,0.43059592872251784,0.17837054152133575,견적반영,0.41233717993594954,0.42020440618990934,0.16745841387414115,0.3884704075203742,0.435486582339748,0.17604301013987778
12,supreme_court_sentencing,supreme_court_sentencing:SFR-SCF-004,통상수용,1.0,통상수용,통상수용,True,False,True,통상수용,0.5852793628822915,0.23791616951144107,0.1768044676062674,통상수용,0.6793652907663551,0.1864345009629764,0.13420020827066845,통상수용,0.6936390118633017,0.18330156627824273,0.12305942185845566,0.6527612218373161,0.20255074558422007,0.14468803257846383
12,supreme_court_sentencing,supreme_court_sentencing:SFR-SCF-005,견적반영,1.0,통상수용,통상수용,True,True,False,통상수용,0.4588022674928586,0.3677439930472671,0.17345373945987433,통상수용,0.5252422673205965,0.3264490174408461,0.14830871523855738,통상수용,0.5435504092184855,0.33924267993573054,0.11720691084578387,0.5091983146773136,0.3444785634746146,0.14632312184807186
12,supreme_court_sentencing,supreme_court_sentencing:SFR-SCF-006,견적반영,1.0,견적반영,견적반영,True,False,True,견적반영,0.36644704868220423,0.5053288615997952,0.12822408971800056,견적반영,0.3949372462532096,0.4982146224200937,0.10684813132669677,견적반영,0.417550686182747,0.47440874840591374,0.10804056541133934,0.39297832703938695,0.49265074414193427,0.11437092881867889
12,supreme_court_sentencing,supreme_court_sentencing:SFR-SGS-001,계약·질의검토,1.0,계약·질의검토,계약·질의검토,True,False,True,계약·질의검토,0.2989758616332648,0.33755401421470327,0.36347012415203195,계약·질의검토,0.27651905122744624,0.3359871215079136,0.38749382726464027,계약·질의검토,0.2685381930219841,0.36137542166521036,0.3700863853128055,0.281344368627565,0.3449721857959424,0.3736834455764926
12,supreme_court_sentencing,supreme_court_sentencing:SFR-SGS-002,통상수용,1.0,통상수용,통상수용,True,False,True,통상수용,0.4134779011558397,0.36159929558770176,0.2249228032564585,통상수용,0.45198824645066094,0.36707099375200064,0.18094075979733848,통상수용,0.46067980210113524,0.3296959926868823,0.20962420521198244,0.44204864990254533,0.3527887606755282,0.20516258942192647
12,supreme_court_sentencing,supreme_court_sentencing:SFR-SGS-003,견적반영,1.0,통상수용,통상수용,True,True,False,통상수용,0.42195406944262676,0.32093109920066315,0.2571148313567101,통상수용,0.476648547205484,0.298187295658183,0.22516415713633298,통상수용,0.40808969110651616,0.3408071918240436,0.2511031170694403,0.4355641025848756,0.31997519556096327,0.24446070185416113
12,supreme_court_sentencing,supreme_court_sentencing:SFR-SGS-004,견적반영,1.0,통상수용,통상수용,True,True,False,통상수용,0.39582673993762807,0.32903680980108635,0.2751364502612855,통상수용,0.4249830521280866,0.3271843456827419,0.2478326021891714,통상수용,0.40461242880260073,0.32134642599002666,0.2740411452073725,0.4084740736227718,0.32585586049128495,0.26567006588594316
12,supreme_court_sentencing,supreme_court_sentencing:SFR-SGS-005,통상수용,1.0,통상수용,통상수용,True,False,True,통상수용,0.43229268216737576,0.21549544057283782,0.35221187725978637,통상수용,0.4293619450778298,0.19948072907436895,0.37115732584780126,통상수용,0.563444725121595,0.13713376849030467,0.2994215063881002,0.4750331174556002,0.18403664604583714,0.34093023649856263
12,supreme_court_sentencing,supreme_court_sentencing:SFR-SIE-001,견적반영,1.0,견적반영,견적반영,True,False,True,견적반영,0.2149909122320872,0.46654201506725823,0.3184670727006546,견적반영,0.2101984549302061,0.44024997083244843,0.34955157423734545,견적반영,0.16901774121284782,0.5076031964590891,0.323379062328063,0.19806903612504703,0.4714650607862653,0.3304659030886877
12,supreme_court_sentencing,supreme_court_sentencing:SFR-SIE-002,견적반영,1.0,계약·질의검토,계약·질의검토,False,True,False,통상수용,0.38502834673505215,0.24237379785033056,0.37259785541461726,계약·질의검토,0.37260088688553816,0.19963414258321271,0.4277649705312491,계약·질의검토,0.3558403445197215,0.2738157851452393,0.37034387033503924,0.37115652604677063,0.23860790852626088,0.3902355654269685
12,supreme_court_sentencing,supreme_court_sentencing:SFR-SIE-003,견적반영,1.0,통상수용,통상수용,True,True,False,통상수용,0.36254070235706637,0.3306290814727627,0.306830216170171,통상수용,0.3564861942423143,0.32991908689150967,0.31359471886617596,통상수용,0.3643603287207823,0.32966259377320833,0.3059770775060094,0.36112907510672104,0.3300702540458269,0.30880067084745205
12,supreme_court_sentencing,supreme_court_sentencing:SFR-SIE-004,통상수용,1.0,통상수용,통상수용,True,False,True,통상수용,0.41994995609859787,0.2927705255627673,0.28727951833863485,통상수용,0.47594148295593885,0.26843821846971,0.2556202985743512,통상수용,0.5600206687407027,0.23989129380460003,0.20008803745469725,0.4853040359317465,0.26703334594569245,0.2476626181225611
12,supreme_court_sentencing,supreme_court_sentencing:SFR-SIM-001,계약·질의검토,1.0,견적반영,견적반영,True,True,False,견적반영,0.21497625658017297,0.5180134230639827,0.26701032035584427,견적반영,0.19795416851616326,0.5400390055069898,0.26200682597684705,견적반영,0.18542779135139822,0.5289860604253982,0.28558614822320355,0.1994527388159115,0.5290128296654569,0.27153443151863166
12,supreme_court_sentencing,supreme_court_sentencing:SFR-SIM-002,견적반영,1.0,통상수용,통상수용,True,True,False,통상수용,0.42600993588884273,0.23735963622684578,0.3366304278843114,통상수용,0.4508499736899256,0.21646429566117123,0.33268573064890333,통상수용,0.3912196849216952,0.24808493776987306,0.36069537730843176,0.42269319816682116,0.2339696232192967,0.3433371786138822
12,supreme_court_sentencing,supreme_court_sentencing:SFR-SIM-003,견적반영,1.0,견적반영,견적반영,True,False,True,견적반영,0.26536222304877666,0.38696246915395693,0.34767530779726646,견적반영,0.21902168975753608,0.40483366686715805,0.37614464337530584,견적반영,0.23761518490912498,0.38643087382613583,0.37595394126473924,0.24066636590514592,0.39274233661575025,0.36659129747910385
12,supreme_court_sentencing,supreme_court_sentencing:SFR-SIM-004,통상수용,1.0,통상수용,통상수용,True,False,True,통상수용,0.5712657566902715,0.23321683646433608,0.1955174068453925,통상수용,0.6009168362700125,0.21927173729281543,0.17981142643717207,통상수용,0.7243251331840753,0.15309549627935934,0.12257937053656529,0.6321692420481196,0.20186135667883695,0.1659694012730433
12,supreme_court_sentencing,supreme_court_sentencing:SFR-SIM-005,통상수용,1.0,통상수용,통상수용,True,False,True,통상수용,0.47562430342694956,0.22080272374315119,0.30357297282989937,통상수용,0.46097598741269286,0.20298499382418217,0.336039018763125,통상수용,0.4710672864442498,0.21863441847595555,0.31029829507979473,0.4692225257612974,0.21414071201442963,0.316636762224273
12,supreme_court_sentencing,supreme_court_sentencing:SFR-SIM-006,견적반영,1.0,통상수용,통상수용,True,True,False,통상수용,0.44548747512215353,0.35846551670925175,0.19604700816859458,통상수용,0.47465922656182286,0.34926583667466193,0.17607493676351516,통상수용,0.5646580672153544,0.28147207343818725,0.15386985934645836,0.49493492296644365,0.32973447560736696,0.17533060142618936
12,supreme_court_sentencing,supreme_court_sentencing:SFR-SIM-007,계약·질의검토,1.0,통상수용,통상수용,True,True,False,통상수용,0.3611445370531187,0.339517886384851,0.29933757656203036,통상수용,0.4123772265612929,0.3362878157642162,0.25133495767449093,통상수용,0.4685483924463254,0.27817488599854334,0.25327672155513126,0.414023385353579,0.31799352938253683,0.2679830852638842
12,supreme_court_sentencing,supreme_court_sentencing:SFR-SIM-008,통상수용,1.0,견적반영,견적반영,True,True,False,견적반영,0.31511870292834776,0.5058039427008982,0.17907735437075406,견적반영,0.34359633277690677,0.5112284929429457,0.14517517428014748,견적반영,0.31087791837369244,0.5170903125358279,0.1720317690904796,0.323197651359649,0.511374249393224,0.16542809924712706
12,supreme_court_sentencing,supreme_court_sentencing:SFR-SIM-009,계약·질의검토,1.0,통상수용,통상수용,True,True,False,통상수용,0.5059007387478606,0.20677381194792005,0.2873254493042194,통상수용,0.5291986646756702,0.22465441867021763,0.24614691665411212,통상수용,0.5235868421602513,0.19320183298339363,0.28321132485635503,0.5195620818612606,0.20821002120051044,0.27222789693822885
12,supreme_court_sentencing,supreme_court_sentencing:SFR-SIM-010,계약·질의검토,1.0,통상수용,통상수용,True,True,False,통상수용,0.4099678933841492,0.3805310460765052,0.2095010605393457,통상수용,0.45324978066754057,0.37590477144392176,0.17084544788853764,통상수용,0.4369220806039378,0.3472099178974462,0.215868001498616,0.4333799182185425,0.3678819118059577,0.19873816997549976
12,supreme_court_sentencing,supreme_court_sentencing:SFR-SIM-011,견적반영,1.0,통상수용,계약·질의검토,False,True,False,통상수용,0.4021776252443423,0.2536936418936642,0.34412873286199347,계약·질의검토,0.38554576877155866,0.21734547919331415,0.39710875203512724,통상수용,0.381739928556443,0.27470272935795204,0.3435573420856049,0.38982110752411464,0.2485806168149768,0.3615982756609086
12,supreme_court_sentencing,supreme_court_sentencing:SFR-SIM-012,통상수용,1.0,통상수용,통상수용,True,False,True,통상수용,0.6296439599059791,0.22590877326281222,0.14444726683120857,통상수용,0.7187860052196046,0.18065094439800145,0.1005630503823939,통상수용,0.7392855870606317,0.18420382453408835,0.07651058840527997,0.6959051840620719,0.196921180731634,0.10717363520629414
12,supreme_court_sentencing,supreme_court_sentencing:SFR-SIM-013,통상수용,1.0,통상수용,통상수용,True,False,True,통상수용,0.6550872646059545,0.22936922409138388,0.11554351130266176,통상수용,0.7314870319702982,0.18466948109868286,0.08384348693101891,통상수용,0.7806406270708978,0.15548381604434944,0.06387555688475277,0.7224049745490501,0.18984084041147206,0.08775418503947781
12,supreme_court_sentencing,supreme_court_sentencing:SFR-SIM-014,통상수용,1.0,통상수용,통상수용,True,False,True,통상수용,0.6825420612287145,0.15550705115623775,0.1619508876150477,통상수용,0.7747693352832916,0.11022052761373148,0.11501013710297692,통상수용,0.8132311006955106,0.0963379695527816,0.09043092975170774,0.7568474990691723,0.12068851610758362,0.12246398482324412
12,supreme_court_sentencing,supreme_court_sentencing:SFR-SIS-001,통상수용,1.0,통상수용,통상수용,True,False,True,통상수용,0.4755427375887333,0.2746031479220016,0.24985411448926512,통상수용,0.5263416678043958,0.24311022849719044,0.2305481036984137,통상수용,0.5158942708631755,0.27441969148559875,0.20968603765122576,0.5059262254187682,0.2640443559682636,0.2300294186129682
12,supreme_court_sentencing,supreme_court_sentencing:SFR-SIS-002,통상수용,1.0,통상수용,통상수용,True,False,True,통상수용,0.5737421000664978,0.2934676003774321,0.1327902995560701,통상수용,0.6074657690183002,0.29911060758424224,0.09342362339745755,통상수용,0.6172793534064238,0.2946473850863538,0.08807326150722236,0.5994957408304072,0.29574186434934274,0.10476239482025
12,supreme_court_sentencing,supreme_court_sentencing:SFR-SIS-003,통상수용,1.0,견적반영,견적반영,True,True,False,견적반영,0.3399463616242717,0.4544814310336943,0.20557220734203382,견적반영,0.3301558104127721,0.476618714198232,0.19322547538899604,견적반영,0.3701063378976363,0.4819595377310798,0.14793412437128392,0.3467361699782267,0.47101989432100205,0.18224393570077127
12,supreme_court_sentencing,supreme_court_sentencing:SFR-SIS-004,견적반영,1.0,통상수용,통상수용,True,True,False,통상수용,0.6223239802499776,0.2384736314268578,0.1392023883231646,통상수용,0.7555941821963654,0.15129488624028983,0.0931109315633447,통상수용,0.527479711309183,0.3077313555458528,0.16478893314496426,0.6351326245851753,0.23249995773766682,0.13236741767715784
12,supreme_court_sentencing,supreme_court_sentencing:TER-001,견적반영,1.0,계약·질의검토,계약·질의검토,False,True,False,통상수용,0.42600485126703724,0.16768723890845386,0.4063079098245089,통상수용,0.45553248884149783,0.1453634173367544,0.3991040938217478,계약·질의검토,0.3008111154905489,0.21313041766150986,0.48605846684794124,0.39411615186636134,0.17539369130223936,0.4304901568313993
12,supreme_court_sentencing,supreme_court_sentencing:TER-002,계약·질의검토,1.0,통상수용,통상수용,True,True,False,통상수용,0.4697668608118845,0.23094459130727843,0.2992885478808371,통상수용,0.5063557969621948,0.22264356816212688,0.27100063487567827,통상수용,0.4814764398637535,0.20614225155414082,0.31238130858210567,0.4858663658792776,0.2199101370078487,0.29422349711287366
12,supreme_court_sentencing,supreme_court_sentencing:TER-003,계약·질의검토,1.0,계약·질의검토,계약·질의검토,True,False,True,계약·질의검토,0.27501597948572154,0.20343633636856878,0.5215476841457096,계약·질의검토,0.24820950376858567,0.158173858152112,0.5936166380793023,계약·질의검토,0.21652422457988776,0.22564577993131524,0.557829995488797,0.24658323594473164,0.1957519914839987,0.5576647725712697
12,supreme_court_sentencing,supreme_court_sentencing:TER-004,계약·질의검토,1.0,계약·질의검토,계약·질의검토,True,False,True,계약·질의검토,0.20600023840203768,0.17598150329864579,0.6180182582993166,계약·질의검토,0.1718428240630737,0.16151563682506934,0.666641539111857,계약·질의검토,0.1583997545071503,0.1468415207300928,0.6947587247627569,0.17874760565742054,0.16144622028460265,0.6598061740579768
12,supreme_court_sentencing,supreme_court_sentencing:TER-005,계약·질의검토,1.0,계약·질의검토,계약·질의검토,True,False,True,계약·질의검토,0.2413752645002268,0.1332159903922081,0.6254087451075651,계약·질의검토,0.23131224541355794,0.10408688417584742,0.6646008704105947,계약·질의검토,0.28621758490051613,0.11637317754714412,0.5974092375523398,0.25296836493810027,0.11789201737173322,0.6291396176901665
12,supreme_court_sentencing,supreme_court_sentencing:TER-006,견적반영,1.0,통상수용,통상수용,True,True,False,통상수용,0.4035322740580281,0.29414999831980676,0.30231772762216513,통상수용,0.44256893483261095,0.24686413333119356,0.31056693183619555,통상수용,0.35999123160482055,0.3374892518140531,0.3025195165811263,0.4020308134984865,0.2928344611550178,0.30513472534649566
12,supreme_court_sentencing,supreme_court_sentencing:TER-007,계약·질의검토,1.0,계약·질의검토,계약·질의검토,True,False,True,계약·질의검토,0.2580352098402788,0.20900949646385106,0.5329552936958701,계약·질의검토,0.233450397905059,0.18632711948576364,0.5802224826091774,계약·질의검토,0.2322009334345966,0.20262540141227323,0.5651736651531302,0.24122884705997813,0.19932067245396265,0.5594504804860593
